0.000000000000000
10.000000000000000
10.000000000000000
10.000000000000000
10.000000000000000
10.000000000000000
10.000000000000000
10.000000000000000
10.000000000000000
10.000000000000000
10.000000000000000
10.000000000000000
10.000000000000000
10.000000000000000
10.000000000000000
10.000000000000000
10.000000000000000
10.000000000000000
10.000000000000000
10.000000000000000
10.000000000000000
10.000000000000000
10.000000000000000
10.000000000000000
10.000000000000000
10.000000000000000
10.000000000000000
10.000000000000000
10.000000000000000
10.000000000000000
10.000000000000000
10.000000000000000
10.000000000000000
10.000000000000000
10.000000000000000
10.000000000000000
10.000000000000000
10.000000000000000
10.000000000000000
10.000000000000000
10.000000000000000
10.000000000000000
10.000000000000000
10.000000000000000
10.000000000000000
10.000000000000000
10.000000000000000
10.000000000000000
10.000000000000000
10.000000000000000
10.000000000000000
10.000000000000000
10.000000000000000
10.000000000000000
10.000000000000000
10.000000000000000
10.000000000000000
10.000000000000000
10.000000000000000
10.000000000000000
10.000000000000000
10.000000000000000
10.000000000000000
10.000000000000000
10.000000000000000
10.000000000000000
10.000000000000000
10.000000000000000
10.000000000000000
10.000000000000000
10.000000000000000
10.000000000000000
10.000000000000000
10.000000000000000
10.000000000000000
10.000000000000000
10.000000000000000
10.000000000000000
10.000000000000000
10.000000000000000
10.000000000000000
10.000000000000000
10.000000000000000
10.000000000000000
10.000000000000000
10.000000000000000
10.000000000000000
10.000000000000000
10.000000000000000
10.000000000000000
10.000000000000000
10.000000000000000
10.000000000000000
10.000000000000000
10.000000000000000
10.000000000000000
10.000000000000000
10.000000000000000
10.000000000000000
10.000000000000000
10.000000000000000
10.000000000000000
10.000000000000000
10.000000000000000
10.000000000000000
10.000000000000000
10.000000000000000
10.000000000000000
10.000000000000000
10.000000000000000
10.000000000000000
10.000000000000000
10.000000000000000
10.000000000000000
10.000000000000000
10.000000000000000
10.000000000000000
10.000000000000000
10.000000000000000
10.000000000000000
10.000000000000000
10.000000000000000
10.000000000000000
10.000000000000000
10.000000000000000
10.000000000000000
10.000000000000000
10.000000000000000
10.000000000000000
10.000000000000000
10.000000000000000
10.000000000000000
10.000000000000000
10.000000000000000
10.000000000000000
10.000000000000000
10.000000000000000
10.000000000000000
10.000000000000000
10.000000000000000
10.000000000000000
10.000000000000000
10.000000000000000
10.000000000000000
10.000000000000000
10.000000000000000
10.000000000000000
10.000000000000000
10.000000000000000
10.000000000000000
10.000000000000000
10.000000000000000
10.000000000000000
10.000000000000000
10.000000000000000
10.000000000000000
10.000000000000000
10.000000000000000
10.000000000000000
10.000000000000000
10.000000000000000
10.000000000000000
10.000000000000000
10.000000000000000
10.000000000000000
10.000000000000000
10.000000000000000
10.000000000000000
10.000000000000000
10.000000000000000
10.000000000000000
10.000000000000000
10.000000000000000
10.000000000000000
10.000000000000000
10.000000000000000
10.000000000000000
10.000000000000000
10.000000000000000
10.000000000000000
10.000000000000000
10.000000000000000
10.000000000000000
10.000000000000000
10.000000000000000
10.000000000000000
10.000000000000000
10.000000000000000
10.000000000000000
10.000000000000000
10.000000000000000
10.000000000000000
10.000000000000000
10.000000000000000
10.000000000000000
10.000000000000000
10.000000000000000
10.000000000000000
10.000000000000000
10.000000000000000
10.000000000000000
10.000000000000000
10.000000000000000
10.000000000000000
10.000000000000000
10.000000000000000
10.000000000000000
10.000000000000000
10.000000000000000
10.000000000000000
10.000000000000000
10.000000000000000
10.000000000000000
10.000000000000000
10.000000000000000
10.000000000000000
10.000000000000000
10.000000000000000
10.000000000000000
10.000000000000000
10.000000000000000
10.000000000000000
10.000000000000000
10.000000000000000
10.000000000000000
10.000000000000000
10.000000000000000
10.000000000000000
10.000000000000000
10.000000000000000
10.000000000000000
10.000000000000000
10.000000000000000
10.000000000000000
10.000000000000000
10.000000000000000
10.000000000000000
10.000000000000000
10.000000000000000
10.000000000000000
10.000000000000000
10.000000000000000
10.000000000000000
10.000000000000000
10.000000000000000
10.000000000000000
10.000000000000000
10.000000000000000
10.000000000000000
10.000000000000000
10.000000000000000
10.000000000000000
10.000000000000000
10.000000000000000
10.000000000000000
10.000000000000000
10.000000000000000
10.000000000000000
10.000000000000000
10.000000000000000
10.000000000000000
10.000000000000000
10.000000000000000
10.000000000000000
10.000000000000000
10.000000000000000
10.000000000000000
10.000000000000000
10.000000000000000
10.000000000000000
10.000000000000000
10.000000000000000
10.000000000000000
10.000000000000000
10.000000000000000
10.000000000000000
10.000000000000000
10.000000000000000
10.000000000000000
10.000000000000000
10.000000000000000
10.000000000000000
10.000000000000000
10.000000000000000
10.000000000000000
10.000000000000000
10.000000000000000
10.000000000000000
10.000000000000000
10.000000000000000
10.000000000000000
10.000000000000000
10.000000000000000
10.000000000000000
10.000000000000000
10.000000000000000
10.000000000000000
10.000000000000000
10.000000000000000
10.000000000000000
10.000000000000000
10.000000000000000
10.000000000000000
10.000000000000000
10.000000000000000
10.000000000000000
10.000000000000000
10.000000000000000
10.000000000000000
10.000000000000000
10.000000000000000
10.000000000000000
10.000000000000000
10.000000000000000
10.000000000000000
10.000000000000000
10.000000000000000
10.000000000000000
10.000000000000000
10.000000000000000
10.000000000000000
10.000000000000000
10.000000000000000
10.000000000000000
10.000000000000000
10.000000000000000
10.000000000000000
10.000000000000000
10.000000000000000
10.000000000000000
10.000000000000000
10.000000000000000
10.000000000000000
10.000000000000000
10.000000000000000
10.000000000000000
10.000000000000000
10.000000000000000
10.000000000000000
10.000000000000000
10.000000000000000
10.000000000000000
10.000000000000000
10.000000000000000
10.000000000000000
10.000000000000000
10.000000000000000
10.000000000000000
10.000000000000000
10.000000000000000
10.000000000000000
10.000000000000000
10.000000000000000
10.000000000000000
10.000000000000000
10.000000000000000
10.000000000000000
10.000000000000000
10.000000000000000
10.000000000000000
10.000000000000000
10.000000000000000
10.000000000000000
10.000000000000000
10.000000000000000
10.000000000000000
10.000000000000000
10.000000000000000
10.000000000000000
10.000000000000000
10.000000000000000
10.000000000000000
10.000000000000000
10.000000000000000
10.000000000000000
10.000000000000000
10.000000000000000
10.000000000000000
10.000000000000000
10.000000000000000
10.000000000000000
10.000000000000000
10.000000000000000
10.000000000000000
10.000000000000000
10.000000000000000
10.000000000000000
10.000000000000000
10.000000000000000
10.000000000000000
10.000000000000000
10.000000000000000
10.000000000000000
10.000000000000000
10.000000000000000
10.000000000000000
10.000000000000000
10.000000000000000
10.000000000000000
10.000000000000000
10.000000000000000
10.000000000000000
10.000000000000000
10.000000000000000
10.000000000000000
10.000000000000000
10.000000000000000
10.000000000000000
10.000000000000000
10.000000000000000
10.000000000000000
10.000000000000000
10.000000000000000
10.000000000000000
10.000000000000000
10.000000000000000
10.000000000000000
10.000000000000000
10.000000000000000
10.000000000000000
10.000000000000000
10.000000000000000
10.000000000000000
10.000000000000000
10.000000000000000
10.000000000000000
10.000000000000000
10.000000000000000
10.000000000000000
10.000000000000000
10.000000000000000
10.000000000000000
10.000000000000000
10.000000000000000
10.000000000000000
10.000000000000000
10.000000000000000
10.000000000000000
10.000000000000000
10.000000000000000
10.000000000000000
10.000000000000000
10.000000000000000
10.000000000000000
10.000000000000000
10.000000000000000
10.000000000000000
10.000000000000000
10.000000000000000
10.000000000000000
10.000000000000000
10.000000000000000
10.000000000000000
10.000000000000000
10.000000000000000
10.000000000000000
10.000000000000000
10.000000000000000
10.000000000000000
10.000000000000000
10.000000000000000
10.000000000000000
10.000000000000000
10.000000000000000
10.000000000000000
10.000000000000000
10.000000000000000
10.000000000000000
10.000000000000000
10.000000000000000
10.000000000000000
10.000000000000000
10.000000000000000
10.000000000000000
10.000000000000000
10.000000000000000
10.000000000000000
10.000000000000000
10.000000000000000
10.000000000000000
10.000000000000000
10.000000000000000
10.000000000000000
10.000000000000000
10.000000000000000
10.000000000000000
10.000000000000000
10.000000000000000
10.000000000000000
10.000000000000000
10.000000000000000
10.000000000000000
10.000000000000000
10.000000000000000
10.000000000000000
10.000000000000000
10.000000000000000
10.000000000000000
10.000000000000000
10.000000000000000
10.000000000000000
10.000000000000000
10.000000000000000
10.000000000000000
10.000000000000000
10.000000000000000
10.000000000000000
10.000000000000000
10.000000000000000
10.000000000000000
10.000000000000000
10.000000000000000
10.000000000000000
10.000000000000000
10.000000000000000
10.000000000000000
10.000000000000000
10.000000000000000
10.000000000000000
10.000000000000000
10.000000000000000
10.000000000000000
10.000000000000000
10.000000000000000
10.000000000000000
10.000000000000000
10.000000000000000
10.000000000000000
10.000000000000000
10.000000000000000
10.000000000000000
10.000000000000000
10.000000000000000
10.000000000000000
10.000000000000000
10.000000000000000
10.000000000000000
10.000000000000000
10.000000000000000
10.000000000000000
10.000000000000000
10.000000000000000
10.000000000000000
10.000000000000000
10.000000000000000
10.000000000000000
10.000000000000000
10.000000000000000
10.000000000000000
10.000000000000000
10.000000000000000
10.000000000000000
10.000000000000000
10.000000000000000
10.000000000000000
10.000000000000000
10.000000000000000
10.000000000000000
10.000000000000000
10.000000000000000
10.000000000000000
10.000000000000000
10.000000000000000
10.000000000000000
10.000000000000000
10.000000000000000
10.000000000000000
10.000000000000000
10.000000000000000
10.000000000000000
10.000000000000000
10.000000000000000
10.000000000000000
10.000000000000000
10.000000000000000
10.000000000000000
10.000000000000000
10.000000000000000
10.000000000000000
10.000000000000000
10.000000000000000
10.000000000000000
10.000000000000000
10.000000000000000
10.000000000000000
10.000000000000000
10.000000000000000
10.000000000000000
10.000000000000000
10.000000000000000
10.000000000000000
10.000000000000000
10.000000000000000
10.000000000000000
10.000000000000000
10.000000000000000
10.000000000000000
10.000000000000000
10.000000000000000
10.000000000000000
10.000000000000000
10.000000000000000
10.000000000000000
10.000000000000000
10.000000000000000
10.000000000000000
10.000000000000000
10.000000000000000
10.000000000000000
10.000000000000000
10.000000000000000
10.000000000000000
10.000000000000000
10.000000000000000
10.000000000000000
10.000000000000000
10.000000000000000
10.000000000000000
10.000000000000000
10.000000000000000
10.000000000000000
10.000000000000000
10.000000000000000
10.000000000000000
10.000000000000000
10.000000000000000
10.000000000000000
10.000000000000000
10.000000000000000
10.000000000000000
10.000000000000000
10.000000000000000
10.000000000000000
10.000000000000000
10.000000000000000
10.000000000000000
10.000000000000000
10.000000000000000
10.000000000000000
10.000000000000000
10.000000000000000
10.000000000000000
10.000000000000000
10.000000000000000
10.000000000000000
10.000000000000000
10.000000000000000
10.000000000000000
10.000000000000000
10.000000000000000
10.000000000000000
10.000000000000000
10.000000000000000
10.000000000000000
10.000000000000000
10.000000000000000
10.000000000000000
10.000000000000000
10.000000000000000
10.000000000000000
10.000000000000000
10.000000000000000
10.000000000000000
10.000000000000000
10.000000000000000
10.000000000000000
10.000000000000000
10.000000000000000
10.000000000000000
10.000000000000000
10.000000000000000
10.000000000000000
10.000000000000000
10.000000000000000
10.000000000000000
10.000000000000000
10.000000000000000
10.000000000000000
10.000000000000000
10.000000000000000
10.000000000000000
10.000000000000000
10.000000000000000
10.000000000000000
10.000000000000000
10.000000000000000
10.000000000000000
10.000000000000000
10.000000000000000
10.000000000000000
10.000000000000000
10.000000000000000
10.000000000000000
10.000000000000000
10.000000000000000
10.000000000000000
10.000000000000000
10.000000000000000
10.000000000000000
10.000000000000000
10.000000000000000
10.000000000000000
10.000000000000000
10.000000000000000
10.000000000000000
10.000000000000000
10.000000000000000
10.000000000000000
10.000000000000000
10.000000000000000
10.000000000000000
10.000000000000000
10.000000000000000
10.000000000000000
10.000000000000000
10.000000000000000
10.000000000000000
10.000000000000000
10.000000000000000
10.000000000000000
10.000000000000000
10.000000000000000
10.000000000000000
10.000000000000000
10.000000000000000
10.000000000000000
10.000000000000000
10.000000000000000
10.000000000000000
10.000000000000000
10.000000000000000
10.000000000000000
10.000000000000000
10.000000000000000
10.000000000000000
10.000000000000000
10.000000000000000
10.000000000000000
10.000000000000000
10.000000000000000
10.000000000000000
10.000000000000000
10.000000000000000
10.000000000000000
10.000000000000000
10.000000000000000
10.000000000000000
10.000000000000000
10.000000000000000
10.000000000000000
10.000000000000000
10.000000000000000
10.000000000000000
10.000000000000000
10.000000000000000
10.000000000000000
10.000000000000000
10.000000000000000
10.000000000000000
10.000000000000000
10.000000000000000
10.000000000000000
10.000000000000000
10.000000000000000
10.000000000000000
10.000000000000000
10.000000000000000
10.000000000000000
10.000000000000000
10.000000000000000
10.000000000000000
10.000000000000000
10.000000000000000
10.000000000000000
10.000000000000000
10.000000000000000
10.000000000000000
10.000000000000000
10.000000000000000
10.000000000000000
10.000000000000000
10.000000000000000
10.000000000000000
10.000000000000000
10.000000000000000
10.000000000000000
10.000000000000000
10.000000000000000
10.000000000000000
10.000000000000000
10.000000000000000
10.000000000000000
10.000000000000000
10.000000000000000
10.000000000000000
10.000000000000000
10.000000000000000
10.000000000000000
10.000000000000000
10.000000000000000
10.000000000000000
10.000000000000000
10.000000000000000
10.000000000000000
10.000000000000000
10.000000000000000
10.000000000000000
10.000000000000000
10.000000000000000
10.000000000000000
10.000000000000000
10.000000000000000
10.000000000000000
10.000000000000000
10.000000000000000
10.000000000000000
10.000000000000000
10.000000000000000
10.000000000000000
10.000000000000000
10.000000000000000
10.000000000000000
10.000000000000000
10.000000000000000
10.000000000000000
10.000000000000000
10.000000000000000
10.000000000000000
10.000000000000000
10.000000000000000
10.000000000000000
10.000000000000000
10.000000000000000
10.000000000000000
10.000000000000000
10.000000000000000
10.000000000000000
10.000000000000000
10.000000000000000
10.000000000000000
10.000000000000000
10.000000000000000
10.000000000000000
10.000000000000000
10.000000000000000
10.000000000000000
10.000000000000000
10.000000000000000
10.000000000000000
10.000000000000000
10.000000000000000
10.000000000000000
10.000000000000000
10.000000000000000
10.000000000000000
10.000000000000000
10.000000000000000
10.000000000000000
10.000000000000000
10.000000000000000
10.000000000000000
10.000000000000000
10.000000000000000
10.000000000000000
10.000000000000000
10.000000000000000
10.000000000000000
10.000000000000000
10.000000000000000
10.000000000000000
10.000000000000000
10.000000000000000
10.000000000000000
10.000000000000000
10.000000000000000
10.000000000000000
10.000000000000000
10.000000000000000
10.000000000000000
10.000000000000000
10.000000000000000
10.000000000000000
10.000000000000000
10.000000000000000
10.000000000000000
10.000000000000000
10.000000000000000
10.000000000000000
10.000000000000000
10.000000000000000
10.000000000000000
10.000000000000000
10.000000000000000
10.000000000000000
10.000000000000000
10.000000000000000
10.000000000000000
10.000000000000000
10.000000000000000
10.000000000000000
10.000000000000000
10.366419349370965
10.525662868346428
10.653427076085674
10.750361277217555
10.801306816639039
10.768378974805618
10.765794323954305
10.874972319470050
11.047868987613700
11.024806268284854
11.007473877627211
11.013592132423753
11.100575889515296
11.229531363861534
11.280746553548260
11.248119347686536
11.270161071547221
11.449089992674097
11.501270068427571
11.511699537836234
11.581354320753430
11.623718151663500
11.654854047081463
11.663499928728566
11.656264478035631
11.617328851085359
11.710630181970286
11.799510158560686
11.793611994304470
10.691076319538482
12.309331201954359
12.287273398183959
12.203855625860903
12.184996130212342
12.081041552546345
11.936215578175451
12.001655098778640
12.196257898749854
12.232692611220749
12.147208456821712
12.063476644270747
12.074932827273065
12.163321162189586
12.285484166030342
12.248407565862426
12.233256505759764
12.310263788888864
12.449162506031158
12.479601479548482
12.518085369757962
12.520368634488801
12.532553657188489
12.553503312338599
12.543068504217775
12.466236266469545
12.520450518985712
12.594559902520857
12.630097642830352
12.607394438176360
10.867856596722243
13.209524910898585
12.998061890652487
12.839845980261490
12.803134204108918
12.669010035789043
12.640011642939507
12.814734156744263
12.961149637684301
13.034082759936954
12.964184388502957
12.874985694614271
12.907992831076847
12.966669090962954
12.988758243773134
12.968043042444815
12.949624410311955
13.009623251234027
13.084439898340277
13.107308086967448
13.111660493742928
13.136602537063672
13.118130545556960
13.090010645697252
13.016427445872493
13.055402764450832
13.122669576952729
13.164076361110132
13.200073000454740
13.232238570926043
10.944031482671194
13.562045040875439
13.315050654461484
13.168472180665271
13.078137439906026
13.023245967260074
13.082102817942760
13.364758319630305
13.543876394214585
13.661151544394752
13.614540241857338
13.607626327123352
13.672715100195006
13.760427095912890
13.690892556633855
13.561025357824208
13.474216055350283
13.510926240710205
13.501172970828804
13.450510615123365
13.489062403193557
13.439370585566810
13.423352815801186
13.390871788153362
13.430117843689647
13.466604406856561
13.550886063945743
13.579012320041931
13.622284167790605
13.675452150793053
11.236218232367010
13.770435497895352
13.451626282682573
13.177242095224294
13.125823496395320
13.189948046046192
13.417366656673584
13.685380190506557
14.026437113044306
14.217131909206834
14.289076820305954
14.209221558072546
14.198890110418116
14.211554613416064
14.236673401538411
14.102467510153087
13.925765336128892
13.714034705337127
13.651917678381441
13.624990409870637
13.610300412864760
13.483933449513202
13.447449106500821
13.511547233923151
13.644224784437167
13.757190793688455
13.899588152585340
13.947750999097115
14.006987893751331
14.048836046191871
11.795883907668623
13.874637924368992
13.496248542171724
12.936972408925573
12.922023482840578
13.229773647477948
13.635199253197046
14.003230298370369
14.161194951661576
14.824240767498161
15.011995058780940
14.792716998300122
14.665426264056560
14.494080525167739
14.467045353151912
14.407333557915011
14.168796113788719
13.763008867670388
13.562126220674994
13.647770705430789
13.610417472729992
13.425395358086940
13.434926436663725
13.607328662321455
13.751908011205167
13.948233113882338
14.003962769552469
13.965890325537487
14.165308953788617
14.342327811960601
12.110169758048341
13.747869963945805
13.244338175192199
13.061697019155583
13.107862381739942
13.544283328160150
14.062886924047591
14.129230125851954
14.249313529962697
15.061051925966471
15.436934496995383
15.105917049562315
14.927136930269171
14.837369816325253
14.728244133381946
14.547308294783910
14.273278832339390
13.797619466766438
13.567161380660945
13.598497648658128
13.460585150630116
13.380305735113938
13.532009505578829
13.708406676010624
13.852521620196395
14.059233229361286
14.045690343702704
14.008844896771949
14.231488239940452
14.326363570632765
12.264380218321056
13.809250619700990
13.504470548183518
13.463189861832682
13.700370052447193
14.123202987472119
14.313870181798960
14.227640891883379
14.457391321260623
15.087943881518644
15.317922447494631
15.230893156749193
15.149128226898460
15.059995880448430
14.939200669253818
14.657759495114323
14.315606400167615
13.958747710885758
13.888176970134710
13.690273224810884
13.493182194502737
13.414808242341241
13.584785814000522
13.818256119968478
14.062124413189631
14.070513824768973
14.064846736886313
14.123760276237252
14.264108584463166
14.241698126438749
12.628801483163265
14.320769334252905
14.255387350893127
14.070558640966652
14.245189707405771
14.499987510970588
14.487176134127719
14.528764630147609
14.686976366407798
14.949769847877088
15.093563774115797
15.081905548688876
15.070148867635753
15.016610850725353
14.888149687704470
14.726127126364487
14.472501398436371
14.289124862282675
14.138781001846709
13.935283804690350
13.814674776735986
13.838532039608200
13.938306147190190
13.906497001224635
13.994082007915624
14.002432896564214
14.096407979683077
14.278356966187804
14.296350921268592
14.265683089950617
13.476070300014497
14.954303364457569
14.859812912885507
14.691319712341384
14.684983898890088
14.777351431500289
14.834086953527535
14.763576685021278
14.836073949189320
14.925470877065607
14.965407183780574
14.863385243254388
14.743103599953612
14.731597140316337
14.724332558161906
14.706987866346319
14.579876243028266
14.441081287064716
14.406431633524118
14.388774463690162
14.315828387172502
14.362365597147541
14.305097238755057
14.204435374123605
14.066777228101875
14.035616933969134
14.045772093716968
14.072169084544127
14.198087406302710
14.295527795813129
14.328023203004845
15.278085358474119
15.209663611493701
14.962425771556649
14.948947603586481
15.123425839549192
15.167422682908057
15.042532465886991
14.991301451022053
15.057148175222173
14.856608929749717
14.616137145806746
14.410148039159443
14.401731817927313
14.472654492571875
14.571170560159972
14.588661722870519
14.545204810132720
14.617529366292892
14.749183083569024
14.863132197402946
14.787444186073534
14.630360810816562
14.516720854088440
14.296326418968768
14.042251156794199
13.893150660505373
13.904513003401490
14.025644642118303
14.252677197010993
14.849197163969098
15.630302526742177
15.254575127732561
15.051531938724690
15.122958797180829
15.351631135782185
15.362374633023148
15.223048034666672
15.155879901324070
15.076860364354076
14.909424432698930
14.569859639769877
14.276383847827633
14.103747664262094
14.252885155060312
14.441910410816245
14.571053434042756
14.709421809657725
14.897787140808608
15.178766241666766
15.288778684508397
15.220294959116334
14.918392627021959
14.730580686863133
14.553048293159145
14.346003205273544
14.130884745251452
13.947064081586948
13.938433336498699
14.193055041026597
14.780350292127874
15.584140417963660
15.140828733722838
15.063970525490653
15.459424973998857
15.649685135864463
15.647699993839328
15.278147270092489
15.086356390690673
15.140914915446654
15.090986563600470
14.668887346738515
14.288648870508668
14.143843246984947
14.161225925769898
14.453613990659854
14.542187114065007
14.571872569198124
14.864619996302030
15.432801497662496
15.613020881521443
15.395838357783127
15.152924801344472
15.008623351163143
14.847404141114920
14.591319756238189
14.349427006272508
14.085953425891246
14.082281894620616
14.308119857186586
14.250720495675649
15.363516686469136
15.292336181814619
15.369539748125046
15.637930898504889
15.967311688404212
15.726396195464384
15.254070363988660
15.040301475964412
15.379155754438832
15.277969250857330
14.929588766395728
14.543733849400118
14.420456729465549
14.398158745159428
14.564861271621281
14.477404905499162
14.414065258339132
14.769587437390790
15.338307323162898
15.551611979227248
15.448148972543047
15.323818994584665
15.268115122121124
15.076057203396662
14.849502214277171
14.560303805711936
14.321572169143479
14.447354366775681
14.424989413060215
13.477410845954074
15.417446130171523
15.763089104754465
15.860022793449440
16.087583396294804
16.150092098020892
15.729009030124034
15.300925923944956
15.235159779190138
15.451537722804167
15.482847870030223
15.116436931074002
14.987970929344561
14.892846666561086
14.725410300967653
14.622413724897212
14.558168652918551
14.425464191501105
14.657378476195911
14.894024536181082
15.068276306339650
15.175877391966537
15.310735231513551
15.388300968852866
15.236334622422556
15.057510665859864
14.804530998707877
14.764574893530373
14.740422864603781
14.578417184964630
13.015461610329059
15.977781677050768
16.351094655658763
16.545394380585886
16.465455101800377
16.275087340756077
15.915473137947428
15.589768272189238
15.479016889754805
15.533002047056462
15.734509304267849
15.509318848463344
15.344218795858534
15.228487153285393
15.034387482806444
14.824893769392299
14.705043865118173
14.580980808049748
14.522851034235382
14.491691635101180
14.549100126170167
14.756680686418264
15.014084167390555
15.148376510915396
15.262049758328493
15.178296307597723
15.217887349254131
15.074586730760831
15.088222971920613
14.888589356076437
13.311652474393934
16.491128967024284
16.994718590083671
16.951664303613679
16.753925171026772
16.578337806142894
16.292287127579623
15.813846084885014
15.648405710931444
15.743134130183579
15.969747245306131
15.896784449118734
15.634247093458454
15.461107747280785
15.324893896110751
15.049253804268824
14.840238340964595
14.689502226011419
14.454776088902545
14.406475735468886
14.366104589619090
14.356607081628372
14.641407884370411
14.911778446686126
15.159830922872040
15.278365711554919
15.390217148302558
15.380375634710798
15.327073510694063
15.214425458892929
14.261850150707575
16.944149711986540
17.342951646286849
17.127006287702741
16.853825309342408
16.658610457900245
16.345952466820737
16.057905650142594
15.903413143098684
15.918243133539589
16.129169275619002
16.066196433504313
15.795316948588141
15.598245130625850
15.496122309305374
15.249585096906213
15.008735222738826
14.798303746859300
14.658068787869722
14.548555355819321
14.511875569196810
14.470428610039336
14.467615655668334
14.540496640598880
14.996647659020045
15.317094114605579
15.483938245206636
15.681260069481379
15.729747817576740
15.680804760064216
15.369378484592744
17.302203543888577
17.441642647366198
17.033465512126181
16.811656511003253
16.621078024192617
16.536432781180324
16.296147175397326
16.164097248340589
16.228273417674416
16.342134580788557
16.083827744621548
15.789362854359954
15.682005703711102
15.692468726059046
15.488535040488959
15.260752773158838
14.965805796222220
14.861982415157856
14.891115001979429
14.945631747959631
14.725177102266450
14.541500209730286
14.589339583836729
14.760369054954294
15.161250401170452
15.491936803532784
15.755704724743334
16.045162239365055
16.139493136242756
16.148109492282160
17.478599489733980
17.380942223269422
16.994111854552184
16.916453062123779
16.766977972394624
16.650620195557714
16.343110224884484
16.236730552798186
16.445363557433275
16.454376224139963
16.070840560922690
15.794183798172899
15.786891505192648
15.811003698150488
15.780845025372336
15.517067427047609
15.173188135133056
15.134393712859490
15.312107602001683
15.267511847635777
15.136180166229257
14.952600751777180
14.851502208128275
14.813933193221345
15.106354322769594
15.292592284538175
15.484875390289774
15.972346117739631
16.468206126974888
16.463874355678136
17.541635547387710
17.458856309788047
17.201916330521723
17.015777731065967
16.905521218820788
16.685516019811725
16.383402215046566
16.337225319185478
16.568804441460117
16.479145011511246
16.164129010181778
15.914844100285283
15.925811895612096
16.056002940452444
16.007563378900059
15.696820875730136
15.432077739437686
15.527387053143432
15.613335766473867
15.561929078761693
15.467213092076006
15.320136629251904
15.282925019432714
15.150107363943434
15.038875288372259
15.038932314825207
15.346224634630063
15.865216726824624
16.270789793634087
16.389833659613025
17.657709417969002
17.608593754480623
17.368740605922692
17.150904767095213
17.043486550727113
16.807885520055201
16.510830577868941
16.378570523539395
16.492062875654273
16.519297066640945
16.344095148832409
16.133722000528341
16.113038315095338
16.090280454445892
16.118062986827013
15.940496750131878
15.767774064243090
15.749273772180484
15.738403792501627
15.790826908032695
15.736285719075687
15.637314308196210
15.559990203621405
15.354194057549535
15.162073683235269
15.094238955753061
15.306592502529504
15.635267571402235
15.914376607077267
16.272417275988591
17.692958661625543
17.688248501042207
17.465494708276193
17.334271866826899
17.086805489040856
16.958110437609065
16.524301272389980
16.325397584734773
16.467482227408691
16.629659068699826
16.490878662338503
16.347935821121915
16.262923065024037
16.193871300079895
16.173636286674629
16.157037496985595
16.020681506582537
15.892476931386659
15.850110734203120
15.890551066054730
15.935292547404904
15.807321830833727
15.731159695299137
15.550645724360251
15.337244697994063
15.209620161691729
15.304815775534699
15.490266611187593
15.753796417271666
16.170836701106143
17.726754412458376
17.782760993711939
17.535943934092529
17.329623214158950
17.210631265384638
16.993324514191450
16.587090671184736
16.348259725123494
16.519013134669034
16.739058083248786
16.711249158187272
16.456775139598626
16.343721059097746
16.241088972262457
16.223036581550776
16.321482687878355
16.235264412633605
16.035599736481203
15.981024352283166
15.938337344001289
15.926183336321849
15.929570176617752
15.826686656441563
15.808729315725406
15.635764758719398
15.499608732481335
15.443774634837194
15.536722689899049
15.637799450776535
16.263910362732947
17.778071798577116
17.792114771827073
17.534011252979109
17.291926986408463
17.233070868591604
16.936652444858584
16.644882870833857
16.504555156739492
16.699450759146032
17.006692527165132
16.883944497980909
16.577810254650597
16.358351311072163
16.295413251056154
16.297438274842193
16.372522735013444
16.280674263022888
16.118457370239987
16.036152957770319
15.954083271120632
15.905112589408613
15.842367212271629
15.958336913517904
15.835384346337605
15.885334496956787
15.758516360067311
15.645938682552568
15.469711573054070
15.696337689378803
16.275191030562251
17.838945143956973
17.737760801938695
17.508312699973096
17.292797531090322
17.266487112828063
17.019675203135169
16.818633501221942
16.628393593243644
16.867396637670144
17.119250588751722
16.967401214423568
16.586873274982850
16.382324690514384
16.324501030996419
16.341923056527637
16.301280381141101
16.230778327766320
16.155820270957779
16.125878925269046
16.076262748053225
15.906481033398867
15.809859463997183
15.920771598805354
16.037685977654256
16.118354707736948
16.030296490139346
15.757148662777537
15.832231610853448
15.815912165690854
16.479294991357971
17.690699670258429
17.638825680124839
17.380541520915372
17.306096837333573
17.269893983988528
17.126001287899342
16.816387830670337
16.779576470806845
17.035151182855987
17.147874547293778
16.911696138875428
16.618762325439846
16.421176382674002
16.398661150215840
16.338894890302463
16.215167116200220
16.021816368975372
16.080228929864766
16.197540762379589
16.102515000111712
15.874354231917211
15.851142899533375
15.986946092875632
16.188768962992807
16.207366577881018
16.165547010575505
15.897241031345125
15.964382091102586
16.013642336745605
16.463669974004716
17.765184613877199
17.709158610054743
17.561341774211790
17.469761788154553
17.367430205431543
17.140457069850648
16.873344798580497
16.926349486595193
17.060998485334981
17.097309003297632
17.013579270501722
16.735987134517096
16.513862085622744
16.368660040440524
16.196164730643925
16.030562384736672
15.889743795949537
15.988495957405467
16.096529403673468
16.078009206680768
16.006429287914202
15.951440082448858
16.104061163763678
16.252438892035801
16.350185756712889
16.219254058109190
16.194564748560712
16.250164695959576
16.156098876944974
16.507749634197936
17.917293246011397
17.919222742491542
17.752981152935789
17.612124460377633
17.491040534835410
17.260270303298825
17.067686728287878
17.013454114185969
17.151665724734773
17.172011796055706
16.974726541970043
16.785618283802656
16.521442490370923
16.342073467814132
16.152240770366134
15.971955803456403
15.897566808743104
15.885985247737956
15.938995364612433
16.160063790378640
16.256811735473576
16.182325108856666
16.250309954689868
16.397546314083804
16.362684917770807
16.498903242724449
16.484005514876273
16.342175039770169
16.304363954245545
16.616941222578195
18.042743130055406
18.159880713874514
18.006845087908829
17.760787499835672
17.566971326547854
17.470515677338490
17.251557028588273
17.036926626060673
17.108989376872096
17.205422262310094
17.037104275809618
16.819180419641338
16.554147804302463
16.290422767842745
16.154564670239495
15.971446513827090
15.928183154648053
15.918104690082778
15.912623672344456
16.215253706104349
16.366742283864689
16.453582850005834
16.474100721554581
16.411424360025940
16.581715791163855
16.536941776389206
16.677292305531527
16.716249202592294
16.460707588432200
17.759482842859448
20.314574132926854
19.970199399413950
19.771182721808977
19.395926212873849
18.961824962136554
18.404020282953635
18.270247491124856
18.450495924323704
18.437175394573856
18.064256752413190
17.802848620684617
17.728823445185153
17.926665819710252
18.110261487824769
18.146882108067214
18.133100477743127
18.392183127810217
18.655440403465683
18.655654489514330
18.733223705099533
18.866027049469039
18.808100915297338
18.793729169671327
18.566199245060162
18.459691040215233
18.514974312238660
18.687435860198569
18.685988767683746
18.631789774947972
16.739911961095476
20.717282457531461
20.322572721718156
19.768102542123891
19.370882330796292
19.036793576145389
18.743449735748598
18.646349766108909
18.781159134348801
18.857528763994939
18.751983795662454
18.652575437196013
18.624267718235402
18.761102841915662
18.869836709627883
18.966532790194162
18.973303747916280
19.034713677410728
19.095358230412291
19.271671733613129
19.351102074195598
19.329036746328708
19.203830909973316
19.066470451081848
18.990415167656646
18.945089772181241
19.002623234193017
19.070857270905069
19.160319971768011
19.226875728608192
16.711510949001433
20.843647555204843
20.151959250336532
19.575351577082401
19.298660817865230
19.040164672966846
18.849885142018518
18.917936866201362
19.161270889751552
19.419221659913280
19.557581943358628
19.561473562960373
19.553870945302634
19.626013036130377
19.819711931522964
19.858897437067750
19.612183106451205
19.471896952664608
19.532730719043911
19.423950012939230
19.510764585241063
19.497743268842974
19.332716127641671
19.250757040727148
19.356862995049809
19.474828001529303
19.510900845248052
19.509916832558027
19.591421823470640
19.661070063329792
16.773585396858515
21.016101719570713
19.804037294986450
18.954665183067661
18.848308581625744
18.908495409101445
18.948046076290947
19.072688118160642
19.291700877041333
20.086101053201119
20.584255057618712
20.481654024764353
20.163562646402333
20.123204972866912
20.369523425155283
20.434282963351265
20.227788766817348
19.587324906039509
19.373680150510154
19.616657432947882
19.641929870118226
19.373390213707587
19.236294759299678
19.290938350026035
19.513631316309915
19.618404393092444
19.751360651342438
19.762407960100649
20.066830853348907
20.232109753844568
17.100657862875629
20.244495282814601
19.174075823374107
18.343518386473086
18.738897290952664
18.814923102453179
19.112566538464446
18.927481614135541
19.174806268856887
21.067802118650466
21.584933606116788
21.088968984419516
20.731357941494181
20.723276892134347
20.750815892075401
20.772392654744760
20.433671547399271
19.572268890867111
19.267134711363777
19.595350209931073
19.571679719163360
19.099391515328445
19.124921947873617
19.352038330577006
19.680565243470660
19.936876688149113
19.717836808327036
19.653940515932693
20.160875539239505
20.471937713967868
16.905930780906392
19.365905516195653
18.526967443813369
18.443311636202498
18.607856559166638
19.105317358483401
19.285214203258942
18.856734108081461
19.665767850571605
21.612275942546042
22.038481999084382
21.450288617482805
21.188486373937533
21.239568984108722
21.209813821729206
21.002729425577314
20.242278960173707
19.583676752405545
19.469368482026354
19.395650696055128
19.043519320820288
18.880804106439030
19.096663191966687
19.337336876521281
19.812838409608545
19.876783785040505
19.677645739118628
19.841978385306394
20.217344393793795
20.265793061847969
16.707950173908202
19.359686712027852
18.646383098889718
18.514544860942731
19.046406948449260
19.624971235081382
19.403730529298365
19.278603696077148
20.543191251256026
21.491666994215400
21.894065774789002
21.749743864045037
21.622785977465149
21.487743689759206
21.242041441307599
20.786702269746016
20.248561144413195
19.907360933414378
19.760590731363198
19.322574250768120
18.954953427488128
19.053798462251510
19.127324203660731
19.440503012363774
19.728652894292409
19.574968320112358
19.657698945299163
19.966569641998035
20.144932721482377
20.090171282664208
17.337935852132816
19.786417098136866
19.308957482371305
19.194942329156284
19.204050533390706
19.575674061510451
19.834252023340433
20.136881540230224
20.748277987830825
21.233920741669898
21.627004376108207
21.656841307489547
21.670068126441123
21.421939801727333
21.124110961400316
20.869571659100203
20.443579024416728
20.164711141994143
19.822716933942946
19.576826162290828
19.439818413068263
19.380610253637457
19.514355793982002
19.450658343714654
19.497413913632247
19.608048488830491
19.801228701696616
19.918550998213707
19.939627554399657
20.088450675810584
18.666865858799621
20.612076366242299
20.191578947838206
19.787545979154494
19.729750674742860
20.107786114306503
20.280627289633337
20.514516967591060
20.689171567119558
21.123922725208097
21.434662454802229
21.324658612981910
21.145469028259690
21.182257652084758
20.998305494178119
20.926766006814976
20.612104268517882
20.313096819049321
20.246739564269401
20.140523108612246
20.049389808228909
19.965885659342462
19.916797398330313
19.751739228406176
19.765819552093792
19.527433311373105
19.653154416182783
19.609777712938993
19.898130588226120
20.004267141953996
20.376037840505393
21.382259687878708
20.657736034238830
20.001182608039997
20.075967532673108
20.495662127181493
20.692775739185699
20.743258235713043
20.805396199073098
20.997224578136603
21.300244740310809
20.927831326968008
20.449024036391400
20.399198925507935
20.730684886395338
20.827785316640202
20.668660546017811
20.446424825556857
20.514650559073281
20.690967537037928
20.839561777119798
20.695723910879842
20.421035468946528
20.001894355332833
19.824903311997240
19.769851249391248
19.402303911855572
19.266436018358522
19.378806448004543
19.950143840435064
21.954433260689505
21.877990056520265
20.656789548297031
20.086985940632744
20.346528050324835
20.796514651790311
21.111978216443493
20.839078678190070
20.517603622927179
21.085555491482786
21.152421378370150
20.613340001935285
19.910135166363016
19.804319862620414
20.173821570123255
20.769920491713734
20.663958721022784
20.380282653370077
20.505501583334265
21.348450626446461
21.463625967889062
21.293753052061888
20.757880295973102
20.549662820816646
20.266068343178755
19.819334918812256
19.440728830462181
18.851875805617521
18.945181617946101
19.650263788900659
21.835840089423101
21.707720674517226
20.436684428728615
20.286732656627404
20.942318566058638
21.552097752488883
21.509173797470432
20.673571492588092
20.138240741746770
21.105033456068060
21.117615527881270
20.346462592774259
19.839831690476920
19.658687965314659
20.070899071619138
20.474650586869689
20.558513019400547
20.050504553176815
20.495694573076701
21.555425213506439
21.823556003536027
21.601070744079685
21.157331696891195
21.018897105902351
20.761090152197237
20.231368231835209
19.510115442108720
18.830677059141632
19.128259818237730
19.532468371952653
20.766223105689058
21.038228589911458
20.454347077073507
20.702957599234011
21.410146675375415
21.887622771239727
21.491323858237713
20.330823925462177
20.417521903501228
21.041777757282738
20.979283311231107
20.315372934709529
20.115060865784894
20.083444286334942
20.161137589777837
20.426877423494496
20.171269386273696
20.026937535592353
20.712008150978367
21.381950044384968
21.673755926070498
21.563996032717430
21.552321825956962
21.396854037956942
20.996867007402386
20.461637308304368
19.794114022605541
19.578660130753512
19.600364097533170
19.412675581993419
19.020876017280866
20.878543520778997
20.944573217397764
21.331662034341250
21.814035714733862
22.020417230427348
21.585679995482316
20.654699368298953
20.572030559403196
20.963588828215407
21.037978896995469
20.625181292602431
20.478021708822268
20.369403115679660
20.443653826346043
20.336732612072286
20.195029167683956
20.332009326415481
20.660018035953644
20.885678533894470
21.311829539768762
21.482059359979729
21.389444441822228
21.312880198952101
21.113307036459691
20.733340560500768
20.416996176122439
20.347905124007987
20.024195536079120
19.858787237555671
17.910908627923771
21.473974344329022
21.676264366199355
21.941613869313905
22.283325122232657
22.407673475882454
21.916422228558645
21.010443232064059
20.749358694441518
21.166877767614569
21.469209369268675
21.176267557552606
21.009017968384256
20.717278901300176
20.661069145017798
20.605594702025968
20.503577174367447
20.438932650090781
20.426461844235543
20.526777746612744
20.675124351939722
20.962684457414536
21.130988795008431
21.058003022994548
21.003043794815103
20.983713721120257
20.802002831572761
20.758069208877789
20.685195007441994
20.456895412908786
18.232843609300339
22.329316779784598
22.482905875729934
22.511938703059510
22.728534687172935
22.748971310698881
22.108304902858620
21.427461226780114
21.116912373324162
21.621287203874626
21.993496324349842
21.585786981886237
21.426388528449067
21.221034162397359
21.120887397612638
20.825249940250067
20.664236059110049
20.348933756796278
20.329272929225382
20.189936696766363
20.341297972543519
20.342089482354339
20.578354648652301
20.591818126787000
20.989621412619073
21.156730340034148
21.118901053104818
21.128070077041695
21.172773594562663
21.213410597566973
19.523800483851520
23.165754075499091
23.226648071996504
22.871121786195420
22.685192935204263
22.441269459610375
22.345713733907939
21.822521721276519
21.579857870380753
21.927611659655710
22.356521980551282
22.187853221748636
21.668602427998188
21.357713736492059
21.465579893864618
21.224421514710812
20.845048582183413
20.376156299700682
20.065705934525059
20.216449936214453
20.275549200230472
20.230054256532647
20.105826280699727
20.196668070186785
20.542268370221919
21.097965660536822
21.421564042857106
21.429071333284774
21.639943025799312
21.924860256590090
21.030472748419886
23.722692354721609
23.359141269674094
22.872459068934255
22.660484334711064
22.857167560632249
22.528014793009241
22.074650933529430
21.661449859768094
22.433765528675455
22.816831882237203
22.362494251430252
21.867326174413403
21.547171313844260
21.829710173948744
21.614972823534927
21.217364980500140
20.412176265878351
20.045976984703131
20.616244350658953
20.602960778214847
20.502704850616748
20.064563148160200
20.074047281843953
20.563879100882904
20.918225481128530
21.236073113204814
21.502896038069881
21.938965051220446
22.402043065268472
22.172261671637344
24.092603100862547
23.578983333539291
23.061007325047363
23.028289449619752
23.046386504948984
22.631179091478955
21.967098376019862
21.814351992433153
22.840227948611282
22.957605999546196
22.371557893951977
21.972912924576661
21.931379861691141
22.130780867529591
21.970400448275143
21.402744793307264
20.551266756184880
20.624338303576735
20.991041569091827
20.908464294787827
20.638634664326673
20.622079099150593
20.438493943488652
20.805382682328759
20.822596624564877
20.879136848060668
21.186877660982109
22.115274900335415
22.586432258213502
22.802636932230584
24.260436622527877
23.862900508072354
23.518572617000245
23.207391933136936
23.082189633188044
22.753993783603288
22.041149140502156
22.232583482352982
22.750886552445095
22.872494598343764
22.355714112476175
22.177893941080111
22.326034022326898
22.310333926298682
22.121885904894327
21.702943253737068
21.211113263613875
21.171503225399942
21.277069716618428
21.151312860000932
21.057501218370803
21.042405016514422
21.123376324980462
20.794903763711130
20.667871268369840
20.637561328040530
21.247621673605863
21.942521343170664
22.456367648119610
22.840267826904430
24.478769793717888
24.181522530527900
23.674779540289830
23.303062064916425
23.059646324776249
22.805779261864974
22.355308988685763
22.248251674486660
22.626868280007919
22.830375807402863
22.484169409048906
22.472603949444355
22.500925745816247
22.451349470304933
22.329501080399766
22.148506862157834
21.881498095319422
21.706958121314603
21.446349662940648
21.584062385254647
21.400707965632478
21.511921442452650
21.317115546707331
20.978206511840817
20.707359420234638
20.832665723536721
21.239466453320244
21.546546391519474
22.139984442788641
23.051556141864289
24.679027790742985
24.298480128638925
23.785777185324822
23.400806880865588
23.247355786579991
23.014720006959912
22.320989444913835
22.194294050635577
22.659131792432952
22.926357082325179
22.812524557383142
22.592119017588040
22.603021708339021
22.625281714402860
22.679703133188600
22.377539848932951
22.336973527344675
22.046943695663501
21.957258226464706
21.873853385196686
21.737893320461922
21.667753297074025
21.554039181216009
21.088130838700621
21.001652427453216
21.062782661261434
21.201535717005228
21.453842387331818
21.962588360105975
23.412772214702571
24.715285079619285
24.114472936846937
23.370102483704148
23.246086394524227
23.240542019040966
22.923559768634405
22.336544544342839
22.252128974519373
22.594878968122334
23.090843896146875
23.018458639185798
22.737435889972570
22.710501506525841
22.810046394059203
22.785834459383693
22.759559086609130
22.476366884272508
22.414542987832228
22.147339845890578
22.103212705108866
21.978791504905935
21.560962739248609
21.582471096439669
21.503312151561733
21.289243918770463
21.078856616277264
21.103245951839860
21.373337530733366
21.667400053267734
23.428022066561880
24.782800044397341
24.072004213628006
23.201236187736605
23.069447049725902
23.225705012796027
22.852706682967955
22.448176257727035
22.058319258119973
22.946776114278158
23.569852490176686
23.335143043908278
22.807964381869773
22.627215389066315
22.829152312538600
22.956571074657820
22.921706651570435
22.525810013822202
22.405869381400798
22.545273888603834
22.374910725169318
22.031770869484795
21.654792008089608
21.513792094801097
21.652026243136145
21.669956991254317
21.450768769749303
21.191471182312807
21.337075875203610
21.638378274294269
23.451227530484161
24.409390798722548
23.696391544907144
22.888952208692714
22.905116757463766
23.350846752261294
23.011297044157345
22.345477543520978
22.022581474128639
23.218818241462650
23.715123241576251
23.382227365951607
22.813643583184398
22.713977000098218
22.961103540664535
23.099164469242133
22.875597293208656
22.227344279706269
22.234402848131950
22.656982218315669
22.406570310321687
21.988369701250178
21.818397637729579
21.659812654911871
21.804020915005335
21.856433463533882
21.606341586543277
21.039195492719529
21.438299507094346
21.833856936307313
23.290634206620446
24.280982171740995
23.362369113619295
22.786587476791130
23.080283062344751
23.219948686189838
22.857231660994259
22.127117941390207
22.487125800438807
23.423788809052130
23.757012840332443
23.447202784548928
23.032838222491289
22.861841432513689
22.938643356688306
23.060885582465488
22.606346173027994
22.033472519809543
22.121427638281041
22.550615522266263
22.344959233963802
22.074743385290997
21.871367897154848
22.010783727563133
22.019170877360139
21.922090372287450
21.586750738812885
21.527392827687777
21.612516881641362
21.677031615633108
22.703240003933026
24.147199519127511
23.622101557738475
23.289608526349980
23.092844788386039
23.044589244284214
22.842354997943225
22.445556531714317
22.790031067493651
23.434235633735295
23.798711940663519
23.497371494576161
23.188769217557756
22.979919068793905
22.884568329334929
22.725673712084596
22.299673719169448
21.963719171836850
21.988965407810650
22.198847643892506
22.263892129190729
22.166901157050653
22.280892296597223
22.066637900016076
22.123400053187819
22.067832678544278
21.963729049381012
22.019067476937899
21.850893073578636
21.823005087762887
22.653856408720298
24.144732495775095
23.679113005684936
23.510333756625251
23.259619702850927
23.235527092763729
23.205356418605319
22.897420043249891
22.897017221805541
23.417598847941147
23.728288775144854
23.585432865897289
23.300129117866007
23.002998243092776
22.644725441309319
22.669709639599770
22.237722574445428
22.035249343395289
21.792538711491005
21.911177766804109
22.211532615672429
22.333201588885078
22.411977146453697
22.465696311046877
22.214025449484147
22.325056671465489
22.278748474818855
22.275551620743556
22.115922507113485
22.080397432113752
22.636262417787535
24.318071947291184
24.026074390664526
23.703394483765198
23.416444941003370
23.595894676193467
23.491341927446097
23.132774349929122
23.047938558036300
23.414930819458920
23.905688007685551
23.558385470357305
23.101096533397637
22.966072551951786
22.716736359121406
22.637312517407345
22.321494204291579
21.778346769596912
21.720243233606666
21.879436926080324
22.264289370052204
22.563936855831965
22.617044359841213
22.508603421750180
22.503964251936210
22.370578029869129
22.598016062409343
22.356380031840033
22.524807276404839
22.377993757413009
22.856741815361815
24.707435699609029
24.468282473461016
23.878729427204902
23.790811457319833
23.787896853690206
23.865513423160678
23.459924652670182
23.186111132052751
23.543414709689426
23.875389843021097
23.613220791209105
23.106303456715178
23.005146582577666
22.592128782717236
22.526320936727640
22.223922501576567
21.924353418865916
21.793329800778455
21.988196609959378
22.502918450432851
22.585442100158428
22.822648632195651
22.670108034885569
22.656650939850319
22.609960969258310
22.631213930824629
22.588117585922049
22.780422148706478
22.954877579976031
24.512599118323035
27.968603974567326
27.865295408813015
26.826228599423295
25.866005061256750
25.363191660711315
24.951831230136307
24.804158849763198
24.332126218013755
24.052026589808648
23.774657917454199
23.597003995263155
23.612642522347311
23.825415420088923
24.128901696567311
24.352279485508330
24.578886074774630
24.791196012161258
24.977991272309566
25.149512754518064
25.231762019552129
25.133928373733198
24.975050522473556
24.765162941963546
24.717719658178133
24.740375342455408
24.799953053717697
24.809084604673465
24.864781943802580
25.071479631102783
23.249914204714646
28.382584269442617
27.762094749295898
26.673366302086301
25.572762163764416
25.065417199879310
24.636841160226837
24.425095182029811
24.175132666228251
24.162946185462367
24.391935396569806
24.956804831504471
25.075915978297338
25.221320663720231
25.179394558479586
25.308131730907999
25.487708645371519
25.458923230180805
25.412227523735851
25.331501320410460
25.337224067682929
25.420650345692138
25.215705257363915
25.029984218288327
24.872388780325920
25.027821983260164
25.389023426859644
25.266797653921888
25.392012451275527
25.453086720150878
23.492133075857108
29.424459249215641
27.522980458580221
25.181594341272035
24.460549856649131
24.762919177834966
24.773171697161093
24.580370597816341
23.855445734978602
23.863132044223192
25.890182271584756
26.815669111041039
26.352413638306398
25.765545346227093
25.929464140598750
26.325710682991303
26.370147027513021
26.044026971040701
25.083555406313835
24.754397949193653
25.680715066046805
25.574517624432652
24.968267333658417
25.073079278532113
25.113361838069629
25.562762154627343
25.813678171353835
25.440702094741429
25.202336787988735
25.856869800100597
23.182674840712874
28.003554094118325
25.631625025022231
24.042176593565177
24.758074905624124
25.667912268464487
25.666533254905026
24.471385375509747
22.316378298379529
24.739831473067564
28.166557076579906
27.384920946366826
26.761498259007478
26.915788851696945
27.162115480685848
27.392974649667320
27.185566479603967
25.958123555728729
24.526945452657419
25.225608534630524
25.201065993561336
25.042759434405660
24.795525668849365
25.350775214305095
25.899886433316986
26.292793027140799
26.051356421389144
25.336570059112159
25.496865493440634
26.247741993793589
21.596338941865273
26.567226096899212
24.798080145656282
24.352166097843138
25.824091046461923
27.089691837581206
25.952152699959004
23.251411222628441
22.055103488884352
26.568690246062033
27.967872319605707
27.342215983659475
27.358977165626055
27.837232068826296
28.142493242707232
28.102361457644012
27.222044876783045
25.378867532746050
25.461423591266591
25.256974482557027
24.491050932280714
24.543739350890178
25.218338261068745
25.895450211665541
26.378631443281662
26.427455650015961
25.576699802028728
25.394385872948156
26.081535862545689
25.969777283200340
20.965791576557372
26.517646582032725
25.352246087381985
25.272996411696919
26.047491735206382
26.526973386505261
24.847580513777498
23.156713292755075
24.775540258048096
26.460070610399441
27.261052184059853
27.804926343236026
28.136190461934163
28.362836685195948
28.458219390820783
27.831476273992685
26.668418245002041
26.160718775501266
25.836480863955657
25.142070699178195
24.697712342818157
24.892106512593045
25.312867434657154
26.032101714246394
26.273250288083762
25.610601832228102
25.201349198221507
26.009792604242719
26.108041117559054
25.794891717654238
21.929813228851817
26.605815923617445
26.136882953671584
25.476067740655072
25.342427616087797
25.331851763323069
24.800491092155131
25.161393917844759
25.704457435405601
26.510567660457053
27.278462827833923
27.838931396769024
28.216688379934816
28.058413855277333
27.725224768425981
27.377113564007615
27.145788326438957
26.666922949076380
25.987757485231423
25.547033294820913
25.302196775214703
25.560476628287432
25.440415115356750
25.464569459132989
25.132934657829814
25.372335078465781
25.727586209003466
25.804167558527471
25.683720825562609
25.835270856847096
23.583512622628373
26.894570158453160
26.201320498018113
25.452759483174155
25.169510637149987
25.367088370699900
25.784420223454141
25.727857908881791
26.262710588306742
26.905780175112408
27.249348766349691
27.366111797469753
27.518424712234619
27.655782608222061
27.614346495100605
27.427427186317839
27.067238663273997
26.645840892990392
26.385529027394337
26.137118109646572
25.960468345914887
25.688174392119716
25.683720174534947
25.451097077018030
25.248423542117397
25.182309932399185
25.328954957350842
25.271327329300092
25.610775102991951
25.693129152921447
26.063268675525418
27.621230090228536
26.750660594855564
25.399934116662521
24.799418415886286
25.404842727306768
26.266589261624262
26.477704566067818
26.612198428945028
26.622997356680170
27.040930288922468
27.233252338396831
27.144263260020214
26.781503146216380
26.952189930988951
27.098968679858181
27.039258804579092
26.894469780942416
26.683755403027419
26.569121180762718
26.699313110992748
26.680897636069069
26.295428444541574
25.459819046255348
25.449148379678959
25.222137948577100
25.069108577971715
25.063672534008930
24.808959287257188
25.384624756470927
28.497064754510241
28.893041070974739
26.385876517692314
24.723240555658389
24.961957887979125
26.176209228184732
27.164678451972669
26.871863025846132
25.776918689204834
25.499535522126273
27.142728383262710
27.012398592505377
26.087885602801652
26.092012913477745
26.422030192030721
26.875095596942227
27.360365936860180
26.878789258576582
26.205175867902454
26.900395193349269
27.884536173997347
27.509568265961892
26.677279215098398
26.157976554185865
25.932656626136119
25.769876917931828
25.380248625597883
24.278344006143836
23.525274917102060
24.534144680166392
28.807632705797939
28.320821659557794
26.214994968480053
25.508282994270751
26.064907534341984
27.492230112258110
27.810580380849711
26.121691316263746
23.816021263839573
25.475016984678756
26.932357928548065
26.260564301190463
25.598943795643692
25.989232878872166
26.763213278491524
27.312607990707868
27.140329001427034
25.972571259463109
25.813576855107371
27.347007086523249
27.829239906607633
27.582458765072083
27.146048462859611
27.215726312208165
26.961909633271425
26.569136394048407
25.410438714506935
23.636002840129319
23.725170179350805
24.137219703112635
26.037864814895990
27.714431363060058
26.303906692953777
26.561918802556811
27.517818569116407
28.387693090396606
27.736822112045999
24.989019099897533
23.892666527490967
25.200464368419457
25.960496771770103
25.640943299301711
25.683570081266797
26.439952268232762
26.770658698216799
27.324040385942709
26.595692179399631
25.597713411955635
26.284155526970522
26.673928841930149
27.179384375078342
27.580759724993918
27.807398710259221
27.875772716904017
27.498561504991311
26.705423898839562
25.332753905060777
24.954579321313105
24.576906787083256
24.108297094945016
23.539820475368678
27.656401768350712
27.419129448147459
27.702202785779164
28.124410038108461
28.362316421019454
27.103040098481589
24.994413213228764
24.553603197332016
24.852696023910081
25.711158366778673
25.872244822810927
26.131707508366436
26.584615859583529
26.839442925593175
26.608461465810855
26.250155847679189
26.538360592392941
26.474404191825450
26.232344587929340
26.775335098266311
27.393990226666915
27.977824808636058
27.636049677122713
27.252353811713771
26.481759103508686
26.148620190129058
25.935072544287650
25.232767779752709
24.689979641950391
22.562377230922877
28.132452444410589
28.474726373905611
28.005284051690204
28.257188019197692
28.638395011348500
27.744938481588012
25.682639318642035
24.702325015250267
25.004632389900227
26.098914848680714
26.236813498524675
26.136995206857275
26.390107140295591
26.618330213501025
26.601550627300590
26.767815075188896
26.693953888436305
26.439772752955662
26.515647927979067
26.480904209097115
26.734086308360585
27.053374645027233
27.029543224024444
26.964484572925368
26.934819447775958
26.691365132438332
26.411851841462010
26.042157989290502
25.842945225160609
23.337983760419736
29.211914372226012
29.162608986513639
28.598998334302539
28.773182480912006
28.585550527226435
27.956502827729260
26.297337162989091
25.415303412006310
25.803123449438822
26.566093591355422
26.774928848980810
26.715390239921319
26.767524925150880
26.939995613829005
27.073407253076752
26.867619577082401
26.679437210292267
26.515754511474263
26.228671076774400
26.480365199003810
26.230269957191304
26.392278280905298
26.308229688484047
26.557509224857377
26.811396316514355
26.843921108601645
26.984185526504220
26.935719708428771
26.736037092415490
24.712215204206739
30.327275737563557
30.118527845161672
28.919504929771147
28.361974659165508
28.407605687699480
28.214456517576885
27.193910654144723
26.419082115545955
26.385176086162154
27.332912914469496
27.633292544256832
27.253932440442359
26.919967941260762
27.326533153143053
27.212213551212681
27.132663621086543
26.778265001905577
26.100138454694452
25.986631532577661
26.716114290850598
26.416504748753002
25.911773713125129
25.700800021432450
26.062613622246744
26.773479337122605
27.014391448572198
27.316025373110321
27.266268843670819
27.581752860226416
27.046264935774182
30.907242564846843
29.789981886094338
28.812465395840597
28.477588632510528
28.632431936257365
28.584044904546335
27.706496208604744
26.353983993278177
27.085099314354267
28.457606067444026
28.101993456736132
27.459639458954246
27.237332032118317
27.829727658701692
28.167503697370005
27.696978308955849
26.469672285251157
25.389222540433988
26.208777744661049
26.821030044416386
26.306869492458372
25.758154799285151
25.780043780653010
26.408606378194285
26.985662209245003
27.051292737778923
26.660759672237649
26.982910978983181
28.203176755317212
28.433817464440462
31.065471927271673
29.942661665190741
29.097917589326268
28.938256461747635
29.261880041748356
28.994224541914555
27.385970881767534
25.960868021108318
27.806742011164719
28.773923304374495
28.075710300175349
27.818023614906572
28.279874689683808
28.375128385827583
28.584670228030486
27.916748566020530
26.024793125103564
25.726336957846961
26.335046691244198
26.507351520413593
26.275347134133369
26.477714765596176
26.467965902047379
27.006333262247360
26.882702979893370
26.414118339316964
26.120983723466850
27.358766290737233
28.028706717962447
28.081911704051620
31.526131400974450
30.621813308959446
30.110315707524023
29.595307853328396
29.633703335362803
28.660492126557713
26.911813131603211
26.707717463571228
27.705693031210931
28.293876644815995
28.159972563331031
28.578237844840384
28.828701474737539
28.817155939583785
28.648381619960048
27.733920375543683
26.864610306828293
26.679342317041584
26.275121437109668
26.433376405724729
26.715447282908375
27.142438462654798
27.188973399920684
27.213733724217239
26.624817645240725
26.096388641154178
26.763736511151237
27.382765790052769
27.583242679249953
27.800624157094965
31.979334004380377
31.487913347667025
30.232669378337700
29.822541268328724
29.323953550139969
28.548515508692027
27.538888437565905
26.998847562067212
27.200890866190257
28.246350206751590
28.460334542422530
28.760076080807544
29.037769209533653
29.060176705827107
28.624288855181380
28.343284667470595
27.998624922301794
27.205707979233726
26.530011808301229
26.664330231503264
27.131641132384765
27.096511950582070
27.436641295846854
27.065631003908937
26.585840377000213
26.765923647426238
27.014554666965573
27.139356234291814
27.386431358298804
28.057802309834393
32.112918574171488
31.653916203960136
30.584968343277250
29.800106412728034
29.496224857548441
28.788423008450486
27.569628392794975
26.719983697457241
27.222168860880689
28.427243938749697
28.676710880275614
28.815112220953317
29.076847673898129
29.226074485460575
29.127160170217003
28.862279035698378
28.513575773206288
28.004187937947023
27.346900445988609
27.254880077736996
27.183210574680995
27.166504683317363
27.059578995418580
26.979404784597897
27.211559893440977
26.874307954719242
27.004893762981222
27.269475346811994
27.482130583298797
28.882597555974780
32.177466607965556
31.585955589995784
30.507797136064209
29.775316143679767
29.247031910008438
28.717822290064600
27.539526547975512
26.875200359823189
27.270380196406876
28.398302494754262
29.035990523214167
29.043288019453396
29.276588837984530
29.182553029541435
29.460536242477392
29.077853287345839
28.824135298987425
28.623031608179456
27.974391376112493
27.542101480112265
27.361243646998698
27.213527603515093
27.049534561329558
26.849669929325156
27.083694252221079
27.068667080064866
27.083789795876427
27.406347408892699
27.509492873076038
30.102058039920212
32.427759592028153
31.216961481184974
29.785173631547977
29.165055042143827
29.139031685904666
28.718861444251921
27.660433881609084
26.632702484903533
27.203015710933496
29.052709812627771
29.457504675719846
28.929562530316666
29.118509777597332
29.481147250995534
29.821558028471514
29.569213698037331
29.131984507797348
28.555955876865880
28.403840944745497
28.423749584604479
27.750658267912367
27.012266319683718
26.983810240468056
27.000017034653421
27.255299880390421
27.347978340663953
26.940683933381091
26.747710613665543
27.645257064148492
30.359524696702454
32.317773702092225
30.539401312100839
29.415141908388691
28.866661672704154
29.339301409550622
28.916365923898468
27.677055964822536
26.065428944144262
27.509583049932896
29.542770193066371
29.337748239163943
29.034338800027665
29.171146530428093
29.803617617372538
30.204375561309043
29.756627406704823
28.714071967995277
28.183302012359754
28.976616715994883
28.714577414789044
27.862158857747954
27.619513447948151
27.239999297793219
27.713473735822198
27.934548070316083
27.485289013865835
26.423207194704375
26.843347446740669
27.672239429457463
30.614860169598888
31.688138217680617
30.025698221598173
29.029280147362961
28.754742415535233
29.209631923364469
28.819843880715474
26.779934779257335
26.327342991585191
28.172580093853313
29.276502014462565
29.406561725039055
29.316833512685442
29.599532788239237
29.941303966804426
30.327385382807599
29.424562067147448
28.042620631292309
28.218776168821634
28.529216142286007
28.740404007725491
28.244837307744710
28.002945471332374
27.990343146320576
27.942424985473721
28.024415560856720
27.200645273338797
26.717541191280002
27.063007394375145
27.223341420969227
29.353210045084758
31.523873499284008
30.171809016467904
29.226731059893531
29.002259335427159
29.193708051797692
28.531621048589532
27.148116439022559
26.916463925192794
27.723084742776091
29.054960473276612
29.655908399938760
29.738553279137587
29.863725454288090
29.977836540584249
29.618142701622737
28.958880093379246
28.383410109004110
27.914064853154265
28.037564703787083
28.276373509360610
28.682648742338191
28.491592533459084
28.374467425457304
28.324242320146734
27.701988649123702
27.444873321326369
27.380161855170286
27.113505735587484
26.807488164507181
28.448712617729743
31.708862638604685
30.541496435304857
29.101910316257321
28.603936637562530
29.158230640196045
28.853811318611136
27.708745024333957
27.124899454842204
27.724847257465299
29.206459032476424
29.622336587119435
29.979729519721083
29.797351506362844
29.582951891212261
29.498447874985544
29.067810056732498
28.408940005750573
27.688485594611087
27.565525654253904
27.981944610936946
28.868560980562954
28.697641590998280
28.421551501859575
28.255530132030842
28.188924959876715
28.208262011070317
27.666179795701641
27.315185348163709
26.891188551748506
28.046665141594527
31.489260505200697
30.693590569237667
29.659115978867256
29.433329052337189
29.356144969650945
29.275209854496733
28.332959920592696
27.456451419128676
27.823917550828074
29.160535889073941
29.874885268966445
29.823939249811108
29.851303488696850
29.312755136219664
29.217347993881123
28.878277555919666
28.240352593310551
27.559741290984917
27.414276753159651
27.708465776443418
28.501180429569008
28.943964445826605
28.806832734846729
28.549205403264953
28.635766696431904
28.123753511086598
28.026284439470260
27.884242473695515
27.616997771244371
28.061295656148424
32.030477248880416
31.422657203543309
29.957445901283897
29.802670165175670
29.660482044174586
29.439913055699019
28.537690171399518
27.557584727179364
27.938452538767198
29.349578204708308
29.843201229399941
29.689231668969214
29.689764569858063
29.192402308689452
29.020824296352600
28.907310132506691
28.446709966260673
27.766850916211062
27.483244685440965
28.061780168599046
28.574968269708602
28.775647207774888
29.070370086894826
28.691966595508376
28.997758619877015
28.647420976588919
28.354558979786844
28.165031375035021
28.348135819838696
29.193139061240139
32.048713586610958
31.310345783024111
29.982647361231798
29.860027068503967
30.069855071182872
29.850737308848895
29.008286275045737
27.601984280276710
27.965776616906549
29.673652004730084
29.706370188991542
29.142849470085565
29.195260121264518
29.125380646386052
28.964711663265344
28.979566358912106
28.213624236200673
27.457427588623904
27.870797949718998
28.491328282521355
28.246425402334090
28.670005908333728
28.790101182486470
29.204080204360768
28.956403286491877
28.816209220597493
28.165595650322427
28.105772030257366
28.850276835784165
30.684651462402272
35.040097326046514
34.576087680933767
33.641713200212095
32.667514337898737
31.658384118542216
30.724499244127760
30.087325741120594
29.626187145387810
29.350113454598091
29.378651175808045
29.134404333767314
29.189782798128782
30.232997850659668
30.736194291135952
30.875710076705097
30.794176428851351
30.969396308274053
31.382794476224710
31.451728124926884
31.227480777448292
30.821403011494759
30.807236450800499
30.938897580445079
30.901143275739457
30.923158658829948
30.778908595698155
30.857379187414818
31.389477918153368
31.244445633167661
29.165220128743943
36.734139655524174
36.142252761393976
33.472485908088899
31.235598975416828
29.945260722101523
29.716256027356820
29.781417899447121
29.627075810321209
28.657378342570858
28.213037276254145
30.926843684215299
32.449658789943420
31.874351041653959
31.307295339738236
31.734707265648819
32.035209100775852
32.263233419004081
31.626877379168761
30.406566309266481
30.411978436329491
31.153972241018444
31.312243098065366
30.731510663849502
30.708935133213743
31.104000721815282
31.677891943278784
31.788660843246262
31.398122701066832
30.865150616160143
28.974876059110969
38.501308138121068
34.063999474671746
30.792069787684241
29.796554054728251
31.200404547483547
32.158157950922899
31.827450565155534
28.888233297467373
25.477827885245897
30.332050843217903
32.983861253743392
32.565038069860663
32.419584308768172
32.878463002965276
33.404278978705989
33.961146196391539
33.039460218236343
30.561024358113020
30.008162979840595
31.026071087163167
30.622069756708097
30.280517164765833
30.784509628338668
31.613470827731710
32.493254801628602
32.678092409856745
31.792394589610026
30.441042395746027
31.514737698317710
26.492422032539906
35.996136764162948
32.329442159141657
23.052125970298373
33.839483885957399
23.013472616063183
32.556389297301706
30.767113779309231
25.540507930639478
28.082859412725639
31.693393573409764
32.401998133300282
29.048640395591118
39.383277130491770
40.163614223771916
21.068585082145436
33.830426276969106
32.449090895449373
31.737806454505041
31.625347394996016
30.353885806173029
29.754771509945485
28.103579092084985
41.983550324513530
19.611393812505327
32.795517804463394
32.692749588026032
30.966078935823155
32.106724983860275
32.162344954000744
25.530855854895705
36.241891830314465
36.926210928786446
36.771293531410109
25.102552450793965
32.889396957113405
33.020473611320007
29.156879885388999
28.312323596066552
30.074596990423430
31.272826750017121
36.153178929838148
26.813230916679384
41.943302222436735
30.556096314106927
34.982307622312618
33.962699122254122
32.826921709428518
32.921598197768056
31.368072193683968
30.561927525478364
32.903989975057627
43.863471800319914
18.781566959445627
33.950448059323783
33.771125686381779
32.001442491786207
32.486713340810425
32.575272494172118
31.805852562030267
26.733942638584804
36.679910526876498
35.407378644364798
34.421166486145069
34.562952057912064
33.851294958935526
31.323839300165282
30.242086233076840
30.063671098577927
30.630138919851525
31.852240402207634
32.877633765685374
34.192463957154153
35.293697808220941
35.438597945116697
34.632151956616944
34.022691013986503
33.904687806007530
32.670691158283240
31.854613920093499
31.666564375232085
31.909845488998890
32.681216651571589
32.861584608293271
32.385763695563206
31.567896815150199
32.451619367430332
32.556776646252857
31.627014714644154
31.619597659653301
29.103108921652197
36.049118165413610
34.972189794509177
33.316708714964044
32.431885309119814
32.521368610860037
32.132384083773573
31.172182670008858
31.019703460891872
31.635238495580595
32.218754305596519
32.637851609275472
33.250444238129546
33.874152831947782
33.890414552711320
34.231961840396053
34.197886339163738
33.549724453775575
33.105532538654671
32.863741978220538
32.699521286051009
32.578319685947633
31.987578019011181
31.536222358369699
31.712969264034029
31.680741914334398
31.622229510999038
31.622212423238523
31.313585533382980
31.414137990940841
31.439661511002956
34.657566848179030
34.011562271430563
32.701678251575665
32.060417181677096
31.731267566989843
31.862133901427633
31.903272720181626
32.033874578492565
31.939942773482471
31.819761063822753
31.474878104761142
32.597101390308964
33.303218685747247
33.210375566206594
33.258960107264251
33.459815586498536
33.615836591043610
33.519543397656555
33.433314867807226
32.994208871232004
33.022224411322327
32.479116050889893
31.835226018201226
31.141368468986592
30.967370949282511
30.778715731552737
30.788472848768336
30.618930993986769
30.837381807390788
32.434349707162191
35.533381964311801
33.771736805386602
31.256757472187967
30.493061009855850
31.555704492662514
32.543707202786564
32.765546681012552
32.067143408768224
30.504298261446465
31.119837930667750
32.386741469668458
32.131650234731254
31.987538490971822
32.503295673825548
32.778181364687256
33.612314996021254
33.923592947618857
33.203701999807414
32.738350562658326
33.634976267868304
33.789746531250351
32.938968737581895
31.667160170895471
31.512793647804209
31.390022761563316
31.299339401790029
30.529391880638652
29.152469384697618
29.304860868686895
32.885733379031734
35.565031467850631
32.678432290321481
35.973057011086176
38.895867437929141
23.863023827620744
30.807535100302132
32.076993954029319
29.618818291649127
28.680614009690725
31.800645797665375
32.073331102694759
31.462229787323356
39.507361443306280
40.609700092445081
22.443124732696717
32.840203707353503
34.803407217195897
33.815641890699112
34.500959875501103
34.073067638115958
33.460825581197575
30.651760093622176
38.751392423748669
25.700333033749200
30.651796838904644
31.731898800439865
30.589243087409741
29.704789860105301
30.073041623076026
30.100390750313903
34.743476440520752
37.187183380372431
36.819026445890344
37.784807614698863
22.717925304012311
31.365004619813121
31.823338079743294
28.431287788745543
29.087477437580347
29.688991906702260
30.773233281374882
38.281831419079886
41.946774234351963
23.647982708178105
32.916496013699891
33.938446032714495
32.869372475279789
33.344011604401338
33.201574368068897
32.496177480039492
34.509208388617019
41.954335045448474
41.408845145380489
24.164590545566170
32.937381336878126
33.057285826623101
32.332038182625311
32.354535914705458
30.316155704747871
26.359816565662676
35.621313069284732
35.012517924760147
34.734503012566783
35.549116100235011
36.247538195709225
34.278308505562052
29.820484656541307
28.177235290072382
27.418923528211835
28.168667973944483
30.155333585650119
31.626615959480770
32.792631322987084
34.112440730537713
34.088867769161901
32.618927396548109
32.367848774665006
32.634598070326732
31.896249709694530
31.950626170313683
42.581263489896841
28.011927751796375
33.886421743574402
34.791388930718576
33.646626534583923
32.046780570955583
32.305041145746237
31.139648949131274
29.825836430713451
26.370743596200622
36.753580494726457
36.548101388631139
36.004434350171373
35.762860709622942
35.230745075779694
34.063715086486411
30.804549209098639
28.418582174059477
27.596492625625945
28.896316095721978
30.620199439495213
31.880401151622401
32.637693538816350
33.304346333236062
33.359624692267772
33.577233633489207
33.229379675468692
32.478385477190720
32.104023275989626
32.248028507387438
32.470191474032049
33.197380474253222
33.548281060071325
33.329271432528046
33.135614571674395
33.001868635756807
32.346868505821590
31.704701413463212
31.175138995917049
28.113302974676529
37.893261780029036
37.320785604536852
35.873924619922519
35.932128032449171
35.850603602741096
34.377331210464718
31.312970729680529
29.130141215467319
28.923057971824864
29.796400014912045
30.559061535327622
31.301504922876038
32.292410714696231
33.209739950224396
33.647360250398457
33.767448588216276
33.463630840670881
33.150633123306442
32.654238071811804
32.375631958407162
32.014475289565311
31.978195036157288
32.293394079879079
32.591691761041993
32.899792298603820
33.088428420980229
32.671905861600955
32.676338084338418
32.494568128918615
30.406797486700832
38.557340873005252
37.976234945062949
36.552593355712730
35.582479070590836
34.927109516549727
34.270351799194373
32.415256235858578
30.915061028412733
30.341313303765986
30.433830695655097
31.047724383919871
31.850745642967382
32.372228770983575
32.789707163537692
33.453068755883891
33.951411014005771
33.868179410493141
33.335666100203774
32.684263392337321
32.362273626265797
32.561485622597537
31.907211650655540
31.359975705964413
31.475285868159112
32.297504176141501
32.950812305276983
33.123271316027882
33.127170277634818
32.956441415816364
32.373586664278534
39.697235329920460
37.878575174950015
35.495970865229815
35.068378453914995
35.073547442475459
34.683622047762370
33.795435099353966
31.897043856217646
30.571652055638623
32.096910262831571
32.509702977637644
32.033889237552515
32.303434186663296
33.184029673230413
34.109295876402200
34.328773365326867
33.973231123437998
32.503332337294665
32.336307723998480
33.243677107507253
32.728818033597328
31.880039585655744
31.470481697141096
31.307372280098271
32.160072128755154
32.983545185819452
32.846529975490043
32.117926234922905
33.408559540090373
33.999541750926269
39.236645010943334
37.390321369163175
36.555573900513401
39.736276639698687
28.432363227747469
33.195346670844891
33.573189677874041
31.452707113242884
32.228249007750819
33.016479924031728
32.628600474226850
31.286679867080910
40.869242741890901
42.181791861038533
22.125067105822097
32.829971352318523
33.979755224397259
33.542555991244903
34.197127824021578
33.488965184996914
33.187941556714563
32.071800472385760
41.200697476761817
22.326240188749932
30.814283324741808
33.481925598247265
32.948913016526483
33.609849116589601
34.441537251803233
33.396238976683598
39.906789059043525
40.064777286413197
39.134814753721088
30.857572352244993
34.849796432207583
35.698692658815077
33.107539772447822
32.160113360423907
32.080278409787574
32.199791672783284
32.941013040669986
38.881456016630288
40.800247659245429
24.918847501570845
33.398063078278895
34.407620411830706
33.309455934723665
33.293996047788177
32.766995987842350
32.398795611684918
35.826829354661662
43.618934288409406
23.123658257291595
32.218543279736124
33.477796465121315
33.055593394397292
32.880109310646624
33.420023005315301
33.023265430073543
32.111818892021837
40.739749717927680
39.394089503066255
37.496039912481137
36.989822319371392
36.775881712295842
34.825728661899397
33.194908396321011
31.671701783282312
30.799226806057963
31.742952933560478
33.570340105974417
34.458388560317054
35.555400077892550
35.840441629480829
35.108022885204207
34.541878698496312
34.018618427149150
33.008988926047529
32.276402533365683
32.231310186113028
32.959045163426325
33.828497421786800
34.186045998571778
33.855418473386585
33.050537379159422
32.755327238527393
32.516498221711316
32.418013094730533
32.385558454335566
32.675616556029496
40.726910274922638
39.641736882720245
37.677819232783634
36.653038992972611
36.332277286625363
35.413363164716316
33.341946625693083
30.999458212722516
30.434363360504612
32.155140663274388
33.815615342767359
34.466186432829531
35.322845142769090
35.430445064426493
35.531438591637659
35.389626159433121
34.938710196348701
33.789211556939463
32.793673860154726
32.546963441584261
32.666647292277382
33.458497517581300
33.553379019843398
33.552547991533245
33.676311363816140
33.272038881040800
32.899854174311145
32.830257561478753
32.810220997716613
33.422425272129189
40.443645022562180
39.844412275560074
38.212574132529014
36.941060039229050
36.531868622518083
35.121947572679183
33.088913333336542
31.278667656561204
30.753320465217275
31.877850757383609
33.635713039384186
34.751465778977590
35.590522747884741
35.873107696848066
35.809395946563917
35.682082213842982
35.224340543684299
34.731495574811127
33.673861755039269
32.837521983350925
32.713990238243142
32.826788189148132
33.140329944869151
33.453427846806186
33.241340428150536
33.440201686061322
33.383107424029291
33.281669487529470
33.182286638183726
34.866238115340174
40.978929941454581
39.896976349319154
37.533175597505874
36.512632320538707
35.912543677500999
34.900867463492546
32.888298175647378
31.241564592923691
30.690928034584370
31.986744940219353
34.141248879656445
34.904443766763414
35.302243881425539
35.824123419511693
36.083306384189839
36.280180258058493
35.961734989187676
35.300882986599461
34.157278098704069
33.741776624973163
33.066415453986487
32.542735517723848
32.459295941539196
32.620307884856288
33.521231722486732
33.637267502088115
33.585342549609784
33.102055194185219
33.259413053406767
36.512880893021546
40.996890551269416
38.937408776674872
32.960844836371081
33.185136714659805
34.258875422513476
34.865917927233497
33.288785603680950
31.249758783703442
30.503576384821933
33.010326514688430
34.013312945453833
34.339336002776079
34.640737620399086
31.056823281379735
35.581582355390331
36.468285459649941
35.961064277121622
34.873273101880159
35.201220637009826
34.792501552788330
33.485561420442693
32.681843111132181
34.936345410736934
42.002275285189214
23.361821884859499
31.919846805514680
33.312212324555212
33.440312729701454
34.778972971586036
37.414167569214300
40.584970157804065
40.187915601826319
39.342990316301972
38.544981463522241
27.954114349991954
32.922634124341990
32.938752448137343
31.803079269421367
32.653978289621477
33.212957063879642
32.352687410004691
43.500248981817876
44.216994423300136
24.646662024679191
37.334828817359039
38.936650779175572
37.911440591670299
37.160804304615198
36.152515472146618
34.562879709719539
32.480443042678822
43.670011337918481
23.720218995715083
32.109616546347659
34.608363596066290
34.912714080708000
33.776725792064603
34.183665023721204
33.862625366266471
35.569793414688114
40.534282453506393
37.259203111758438
34.962643984073416
35.045952278465805
35.519703405336870
34.996375087235471
32.675289213957626
31.574940422255640
31.764585884042305
32.611623518229990
40.673940142012995
42.292775075047743
26.337985733784549
36.970312912776023
38.250218232949727
37.327009807980275
36.067416978231904
35.540970018109149
34.623054342739522
34.482927915776870
41.368726547119707
29.185599544569300
32.843969275724419
34.331555821869323
34.171820231771164
33.185981333545811
33.322276330125518
32.869442533253014
32.453815134122088
34.717868335593593
40.822413578444944
38.908358496925999
36.606847650385902
35.732366310247542
35.539415865705763
35.063999202689537
33.077354840762837
31.328829644068612
31.093765301414450
32.773269801694745
34.631044965077294
35.562372082210800
36.441295991096673
36.622997880496939
36.364436215583083
35.991647652719465
35.171646665469211
34.060612097605599
33.958142641552016
34.475786576726094
35.290229592352794
35.308526828683149
35.008721766128573
34.306192037972217
33.947878285062345
33.714006127330528
33.287511568582104
32.531273579074757
31.968605194877568
33.882764636993905
40.504954259311027
38.934354523424496
36.270365266987810
35.629832594838476
35.971768524579531
35.617949695550649
33.533550694692480
31.246876208285915
31.026318893220957
32.603509122620459
34.566222390327837
35.349936743682989
36.033957912495659
36.321267165087548
36.249518138079267
35.997113833876554
35.094792475983596
34.071594953907976
33.706978328830971
34.091612511742078
34.862137864252148
35.229478405540945
35.230284845766228
34.949614708752001
34.614674969324135
34.025288384625320
33.445370889401104
33.019150056985552
32.342879583171573
33.669460787833970
40.178872086308928
38.932596255516643
37.079501788411946
36.180178117414336
35.973615651488039
35.586583889090903
33.920628816153545
31.830642031628468
30.905707499187077
32.335906511368222
34.391583483095260
35.293530959255946
35.846644868195561
35.802643039825185
35.878997018149875
35.806747828346673
35.377958165493354
34.461077509338288
33.467179688062942
33.591138036142603
34.449960597813522
35.201162753433479
35.407911878484953
35.123909585457412
34.707064176556287
34.450497417648023
34.000620814793614
33.402771537305000
32.967772746354250
33.742981942234138
40.573238595217106
39.202904378187021
37.516579888193981
36.485452739951604
36.654107249397669
36.015217036753548
34.243274273411132
31.672564516285426
30.831633545351028
32.667029509509938
34.573851237544602
34.847633127665553
35.217486700096785
35.172014149625205
35.623259779615225
35.842258324537255
35.501917345012401
34.258787126091534
33.414160608845108
34.181908853187863
34.087539085139056
34.538113789271939
35.280290910274800
35.192125785545549
35.128137113903009
35.186635532358224
34.257212699829779
33.203368004118239
33.566024390420267
34.550781949352952
40.115576082645148
38.852361179163196
38.194541612873742
34.047586282212258
35.822781216031586
36.032299782150361
34.176960034692655
31.310316536967285
31.427488478910185
33.439669527281907
33.950492778459981
36.957343447363989
43.235953455802310
44.132985130794964
23.973129542359978
35.102450753202106
36.699707340301039
36.770847839526724
36.512296844851377
35.109137232384455
34.292842774319922
33.425671888754778
42.937594870730436
26.798439175860164
35.071172527063538
36.520077900396842
35.799762672967617
35.865533630800059
36.048186809385420
37.090242865702059
41.554809922624372
41.565250727590062
40.796901067252655
38.919846711945098
36.887288369131575
35.511589078835925
34.842550674920531
34.728357580999763
34.943509617166924
34.431795845400721
34.142327792958405
35.566391731451276
37.128013385162895
37.282113829802995
37.023446722996049
37.400675135907491
37.773826424500491
37.617163732482211
37.250107129208672
36.433863548323323
36.006651090106999
36.630599973270968
36.933454262623101
36.682591188016943
36.631230655145366
37.148309393165697
37.445681623636112
37.742698547019238
37.628170241912876
33.813022602447091
46.462768254516675
44.512752979922453
39.501483896752021
36.647545585378658
35.203880814507265
35.544134855700463
36.966086527261709
36.115389792787383
32.648129821442396
31.197575192389206
35.979672183243757
38.036751668411270
37.888041917362905
35.552784921972780
33.117526764806144
37.448360350791972
38.757387817366379
37.821263470680755
35.869226243351648
35.839060536847818
36.249352824244909
35.725790762645232
35.844497339527067
36.650482551313502
31.713109028839899
36.808952538617568
37.895153555551900
36.949355718860147
36.659061914943393
32.897506497983549
46.969496464629358
41.179726537429765
42.266717957146206
41.381207581323906
42.063107913399918
22.671328869185544
37.054397661789238
33.887051837620568
30.051346063137963
34.969359270589436
35.978441370769545
35.500452858865792
49.822111724375560
49.126317764496292
23.255110070312263
41.215805204520123
40.883817868706231
38.344613768437142
38.386768502744985
36.687393622768468
35.537895678417172
35.330560156707811
49.447923754043480
49.649324271576077
20.302399413742062
41.096880514709412
40.173999855867486
38.987253311165503
39.708511861560794
29.428692545459199
46.752862716041875
43.695657802794585
42.556569764821973
44.163777068589781
24.247147964733990
40.466132583255828
38.358147435989494
32.745823415488104
34.601683809514284
34.418779341986017
33.833751495956150
51.602656164571854
50.646578486476997
48.064231380787376
20.964894873852554
45.390676267450431
43.513191472139937
42.270942997532075
39.569088125551716
23.344056812370749
48.554205087523805
46.919220408566389
44.178728244659005
19.515062224737790
46.813580462645064
46.563926526632734
43.610884418675496
41.734594200297934
38.523826087263167
31.520290944921847
47.900803554877179
36.128820116510923
39.336943634875063
41.583445867692447
43.870577873147091
41.682398214771915
36.683815723271600
36.098390050985529
35.365196670792884
35.554329463407910
39.681096747921671
48.600191327475329
22.930909907607592
45.320182745586209
43.894020885641126
41.369320487907977
41.553831096396898
40.450042852964145
38.974108881329016
35.599456178145608
51.335799134991888
22.879719188879150
41.076364813489917
41.280226245046805
40.602004567676552
39.593227753555752
40.666623860988700
38.973345403419401
37.812792209217065
35.618890765623306
47.544295560910555
45.367628881578959
43.041161043988048
42.467697768845369
41.777621748295587
40.855896335590501
38.476447529392331
36.715312730091838
36.681599286746852
37.102348332259432
37.487421373470724
39.189792429376695
41.135591355666605
41.783330831944539
40.835590701565721
41.673638186807104
41.167989283948060
40.463042331441507
40.045282667541613
40.017402751181088
40.108513932345623
40.221506669033737
39.690813672944984
39.035170888933855
39.148187486793233
39.298435788865888
38.712454582300964
38.261188933400909
38.187694816734222
38.202979218257646
45.303131889971340
43.381891267893877
41.078564147594008
41.469228901986199
41.604808280674149
40.242265844317672
38.498455737531707
37.820173026632794
37.894163423284070
37.343963727104708
36.833873674962753
37.280371487581682
38.838519601122584
39.933029111705153
39.984100647247736
40.482987834434233
40.469463579557406
41.102682081731999
41.143877506991075
40.972563607068196
40.423975634234637
39.724262067129125
39.115167193261527
38.653363631557781
38.218355672777555
37.886934715249886
37.740104277871723
37.627001020963036
37.641395062723660
38.641246379934017
42.579102198826178
42.180205942745900
40.445554370421604
39.361269893681168
39.434431983106535
39.746452800523684
39.238089660744102
38.853929062865447
37.278915677565095
36.006273385175142
36.006851907480041
36.804900700309446
37.449110614036698
37.805111134803418
38.467574683477849
39.644914867897235
40.720157184352487
41.018962455699594
40.873339027955794
40.518358832052989
40.783608370903139
39.796280885336884
38.632443032161490
37.993785287475752
37.272701841722679
37.414174847135314
37.032846463119427
36.545948633084976
35.937026438847717
36.331927039562686
43.033272186351631
40.592476300216347
37.886866056074062
44.178986739177496
32.504556022279935
37.891838192438300
39.330625003240591
37.735589420697835
34.065295145117652
35.312743998383766
36.505734503543941
36.123242978434348
37.338152907248201
47.627928402911920
48.614746707071824
21.780239958179116
39.917268543656611
41.594019061243223
41.114292339541464
41.922154547686596
40.712322045038945
39.952292605543668
32.864441656683191
45.812254493104419
27.936985950804996
35.629394939747371
36.614024286942694
35.106880026680599
36.263313772769614
34.293377731240916
41.799695863293003
43.441651845416018
43.153418708319705
43.229344382067211
43.926117920530295
22.327003633918146
36.768115066337288
35.417732877883424
34.221233692978110
34.929120804485059
35.502746822734885
39.152858766360467
49.456893797847542
50.137459850693936
22.298335766424799
41.565163534332818
42.033532831670129
41.142516833489822
41.244282036632598
39.889065494707353
34.416640677873552
49.404836490398466
49.423416334924738
27.584954127623810
39.743523376930554
40.708386591802167
39.012200864711829
38.235885548273657
36.606511830263592
28.632889000327886
43.341447910645527
42.841403549764919
43.628496957020069
30.351660088788311
39.156932206626323
41.828551198925638
37.235305368986438
33.518219980245682
31.849616525581144
31.922403608076078
41.069512319317923
49.388427319748516
49.191446787398519
21.125240980367924
43.450170898158419
43.379505478649385
41.474207375696139
41.779332260055980
39.534855776619821
34.451049712822631
50.519302585491644
50.846902929591273
26.521102059336442
43.445672755716906
44.127370781391413
42.195244506958531
40.973534442349894
38.861204569772511
36.208178419920330
28.896675868785124
43.337608020174784
43.477986166839315
37.505854168835690
41.390721700720704
43.556382968854386
42.220470624764992
38.284399596937028
34.039018525990734
30.701166787615467
39.601783597033595
48.966272249458243
21.102957440452911
43.051573353752154
44.249259261407616
43.093010449392381
41.826156093506583
42.111560105949295
40.046159304752891
38.215278401061795
44.404555456354885
52.899549635605915
26.073317692014648
41.975337571630952
43.073030487890307
41.636795832858482
41.433529087068344
40.336453657520956
38.585149532115878
37.043731143389437
32.417104974076430
47.231970708827625
46.248355333612039
43.946376968746002
42.851815675937289
43.209716501399761
41.686967901909320
38.045004606390137
34.170670218670004
32.361079528546149
32.914640447636359
35.049277962757984
36.741625235966552
38.445075179506368
39.780010578454664
40.860583342877064
40.968085610274443
40.270615547503326
39.437834464243608
38.733044949943050
38.623409450215426
38.659134555320058
38.833243175299359
38.921342876545268
39.251495895927881
39.705567589266877
39.371437729125802
38.996610822828139
38.836364084000301
38.455150009224347
36.052572575292949
47.866418774304528
46.314221005032245
44.549163290498839
43.350598747192080
42.826113456051793
41.353638399529430
38.464490520055847
35.926431615311088
34.529915525571198
34.662309044682267
34.700466910906592
35.810503569579311
38.010367675596257
39.685077992646413
40.230733103382285
40.697992375414657
41.034426496970845
40.364760824015320
39.863925573576083
38.785440297154224
38.526488334288054
38.555051004212999
38.253673949132136
37.922846938381156
38.407506539122636
39.019371788433148
39.494696679073229
39.699356568955331
39.302002700073281
38.500472446516952
48.824989525677566
47.464938520626120
44.439386949518209
42.899814638410618
42.470888623114213
41.955505717721081
39.599353947424227
38.373309140639577
36.303171736907778
34.955564825532640
35.884905311338088
36.018699670856364
36.716466244745405
31.238566909819291
32.685820326408013
38.885699377551092
40.932412100243141
40.782108651053932
39.650145989815442
39.972397645273922
39.690591040792789
38.613111446738969
37.649990224198532
37.507032667062148
37.771101644414692
38.790805880299672
39.548098024081277
39.138037503846959
38.931829259302454
40.096871698297676
48.415600486364823
45.879228678250477
43.418661578839647
45.276331210961430
46.062382547320965
28.389060761933596
37.995119622249042
37.977520175432701
36.965698620903915
37.704088240542163
36.791490368718726
36.332040199773083
41.066904548849720
50.339716973403370
25.777140917266326
39.228994007703584
41.445168557283353
40.073765293976599
40.924115836726500
41.023880203664241
40.059538638605702
39.364969630637830
36.004785249375722
49.015364461781942
24.869563388003449
37.798567092736988
38.874074099102032
38.567017250843136
40.664491371501747
40.080244726622681
48.202289920510815
47.607548661614317
46.424768347494911
46.027899502664724
31.642384555384350
40.841774784579904
40.636251208348483
38.207524086260250
38.056293008613025
36.590687782568594
36.654154940572170
41.031295357263588
49.138417723390084
49.296988604267540
21.913711092932456
42.634691259881116
41.705586029058175
41.578068009453773
42.239689242764186
41.087216904271578
33.406004119599153
50.446461185090733
50.885766979476564
23.656879403296738
39.400450366653942
41.536475753341946
40.492701051652212
41.025007366953673
40.120318479345244
36.874815272542811
48.533308421826703
47.400296051710995
46.107811463856365
36.132419990527318
42.442105598407842
42.964370019830525
40.496251804098044
39.108174860568113
36.291891627064061
34.741952615204227
49.229023672585058
48.646054276926591
22.920102061903325
45.427460388884725
46.677559931540493
44.635897610550607
43.290449250106875
41.631837923020356
39.367640422256734
41.384178259777514
53.778229832508657
52.521143523456800
24.736008792731845
42.944470650702101
43.788958845120320
42.393792054154872
41.862394177688842
39.864529077725678
38.109887433184923
36.184373029681311
49.893749762048579
48.418195975908276
45.686999094888066
44.447459594392633
43.965108053951518
42.416405205845692
40.268946138269477
36.846092865455184
35.594961308410376
35.661393756842685
37.944283489215429
39.667700387181320
41.347121908925438
41.630907679643101
41.184394766306333
41.223781723260565
41.260962960915528
40.142080383712958
39.286198858492753
39.532554820392129
39.759042944361575
40.821406922773022
41.182504430502540
40.784571080944701
40.564904668514899
39.986069876809978
38.987926704282529
38.016204758714224
38.034173332728507
37.091534336398787
49.670715978322576
48.121103310898420
45.377654038268560
44.345630106936966
44.400676710531663
42.610062542903222
39.603206231134479
36.608472098937625
35.271520326482452
36.099691633586360
38.076724862423234
39.842183360954749
40.926077087024815
41.924702374783386
42.200595378782708
41.996984107780726
41.511454678167610
40.671653902801395
39.942767070965800
39.394580347534848
39.256382742710848
39.603309015793315
40.186344050337581
40.852639794999703
40.742119813531922
40.659624789299116
39.745856467048107
39.080949185463083
38.813822907073735
38.715469927430988
49.735028901250260
48.906266827663273
46.450464357152406
44.610019265309020
43.875288742762322
42.354161062798646
39.180419136328148
36.660321004979110
35.655826410963101
35.663894657145477
37.521932756766944
39.770747618284048
41.164085641160852
41.797821773488565
42.221100430715524
42.194718062485180
42.416822970629909
41.867048295603446
40.666491954096514
39.376403094182820
39.247284207090949
39.044217462635324
39.148503257243554
39.828335859730480
40.440865201919650
40.787594980176713
40.546085617395264
39.749549990460970
39.056899307990868
39.914151288599534
50.644413614423236
48.692327441356532
45.705346998231150
38.726790033637641
38.403086027673602
40.440324308208027
38.712734542237939
36.402928483521087
34.554039845035042
36.242076012579055
38.238611147635716
39.261451879454142
34.722880412331229
51.249993930008856
28.949372656901254
41.806873173702712
43.162292111201104
42.194819683717839
41.555611625549261
41.217123144076012
39.538043928217334
38.543294499701666
38.389940699976080
41.654753382378502
32.122781753735026
39.117593888625450
40.428717534020727
39.604388704328137
39.769331237926828
41.982022862379182
49.897529314241353
49.724624885675048
47.877553544068832
45.807987051087878
44.868072664707071
28.428350550054901
37.111114062615400
36.878894432394183
37.162430011810869
37.479919905312137
37.804656356617052
42.951459801568987
53.537304692773986
53.844239796129784
25.359877405720908
45.465925079656934
44.938871856856416
44.076583601970214
43.661880911181740
41.917335166877848
29.087061835469022
51.000989609316221
52.086270540838427
49.479460000168068
23.689009338616888
44.781352805620649
47.100849422207482
46.726884378538060
44.887190946653824
39.896586012850307
49.081713696558509
43.717245248874271
44.218363903048164
44.510483859736205
33.463496924275439
39.598857820721101
39.367701734331312
37.462979142979556
36.564121156085491
36.421466321074909
37.638746844652161
51.667302966634921
51.493644113901254
49.636749438597874
26.779646135811909
47.862643249001501
48.921649631905211
47.392989178784276
44.720530071706683
32.354373345194333
52.191990495703827
51.702629160382628
48.605755341545212
24.023218808793285
44.311385281272720
46.349849823766810
45.763344074394027
44.000160592228170
41.225274607712798
38.655703922527593
49.948684923442357
41.141562525914182
43.529699842949633
43.020740263747470
43.148436885068207
41.996644061794278
40.042537666025737
37.665849827136519
36.042047315882321
41.979182269849716
49.143569263004487
25.559487253591364
44.451429955610543
47.391306070315672
46.640157392586367
44.646698462226070
43.819274819912302
42.046802095887571
40.641826367033488
50.628100787044666
55.637127859186663
29.336567954437950
41.581657843958993
42.240884386300593
41.392756219883253
40.622514821603957
40.475017966553480
39.393010504808395
38.232508669497349
40.147139994086032
50.220263158971747
47.928664655797334
44.571557853989574
43.149722523577317
42.907698472345636
43.000772066618147
40.462299184713316
36.919711698343754
35.812093755946520
36.957971467427960
38.743736901386022
40.187214244828716
41.607267689618290
42.400745204635847
42.919320763595877
42.800889534360664
42.041400613232398
40.981922195191430
40.845298939686501
41.493827354488253
42.108380937058101
42.275035242576621
42.206228931162464
41.233434108367497
40.494957428173876
39.942537397378572
39.239850678527596
38.582317609107434
38.169729029812842
39.655374505653349
49.447561357064785
47.245196692225427
44.302990446884976
43.459019619239996
43.689767820495483
42.944659170933463
40.361802257093210
37.084870686016274
36.039480317759569
36.542998276896689
38.214598601064814
39.846145148358872
41.133632266388204
42.149066732942870
42.496717449063169
42.570912113634485
42.038185554075781
41.197138356494882
40.634032274082585
40.841645563705093
41.471959850680221
42.181287437092791
42.403578673825606
41.830563921882401
41.014821244263402
40.305217809467720
39.664290324433104
39.018711688420908
38.319136526414823
39.008914008940430
49.215937413481868
47.750225507465053
44.878923378294601
43.682540450993507
44.012102666799258
43.213287305512530
40.460465840814145
37.446831828697078
35.838664255569356
35.930508562805890
38.281848697129078
39.484029668926190
40.165934031262708
41.174478344572634
40.842377507680709
35.396545365288404
40.588833653240144
41.400943567835512
40.512503853299393
40.664691943520793
41.347298044027433
41.842630234840186
41.990924049127969
42.154970680668612
41.466696847775772
41.152723315329538
40.269470774303031
39.046170850234901
38.338347592506679
39.283571682125412
49.367237987321445
47.230476478327944
45.201614981589181
48.309484252050439
49.535522877943279
29.799845622269117
38.839319248472137
36.678233222942637
35.409176837428710
37.219214952290010
38.695565324091255
39.406358827372443
44.040146217976883
53.485282790556084
54.595770243794860
25.529537330000572
42.535624017467285
44.128442400271425
43.613751850960199
42.462259371162013
41.613594364340038
32.007414510358586
50.086220066666328
51.981002417131783
28.753348060248239
42.901161780287481
44.025390385301577
43.429143509483346
43.215699403835671
39.488676897455655
48.618343526990600
49.546283262702197
47.844709259560574
46.667205394224702
35.033684306462987
42.362260550058565
41.500324102927166
37.864815962560158
37.086092497138772
36.577234955691679
39.109562526373523
51.044477963161157
51.443780851379017
49.782717760250961
26.070531976941119
47.517268565434698
50.206499364135745
48.977862712219974
46.136349200931960
42.280774713090082
38.751527477978428
52.832855962176069
53.253345503211960
50.842749835889201
29.392265817937798
46.213915241353021
48.519108434617145
48.035396250726343
45.427337274875015
43.182168864460110
47.048135897463595
48.516598505933473
46.175571259322624
43.337227295773609
40.750469455970752
40.286620621278821
40.227801879837635
41.633882439394696
41.126111851391116
39.391726847234231
39.729269921442544
42.432778175657219
43.393789108549136
43.079369671214018
43.369959708229914
44.008133625010089
44.345114773545788
44.134220261616953
42.700527615593082
41.421244231688078
42.213251298570377
42.543414024146074
42.340217645812416
42.168349538040687
42.740605019992891
43.956151376247178
44.233844377611213
44.009651870779408
42.817534432682585
37.357423449147774
55.601271282075423
50.973551616361959
44.776787292811214
44.910182702735696
47.673143074026783
48.970893390425751
25.501872289951606
37.626501781298956
36.765682415490609
38.974972299009963
42.353049821222029
42.694961482658101
34.545797736427744
55.993941231355933
56.890689430471248
27.823951937515222
45.064891459848276
44.692958978752699
43.726830971205644
44.054683242433235
42.525479218844708
41.701208503876877
38.946716791420450
56.330352011912126
57.261622852192559
26.126966626959444
44.889726447544064
44.903506997438626
45.819596678416929
36.023101782826345
54.827209273227311
53.317479795350948
50.577100280690793
49.712710477522563
51.567572767603394
24.005206314328579
46.278610544721033
42.142196260387792
40.388821345813007
40.159161968241847
30.043108807770803
58.064562364363120
56.812096117466169
53.618815294208012
52.272146250147834
27.925503645312311
53.698777375986111
53.723947661289678
50.316512251232645
45.276003745633290
31.053747402854654
56.238335489653259
54.483704322130528
51.737858840228682
23.807283517158897
52.083047649735441
52.023876336028479
50.788397341433651
47.760540689201903
34.234335269214803
49.107304334815446
50.767248928949641
50.604204002703582
52.590613697293776
31.446741659286275
47.887373508431324
46.169361308200450
43.445667125937717
40.675581802043610
40.335755148410016
36.043692738636153
61.615556037693992
59.964613299455763
21.159686945082917
54.914219478402259
52.709926254520781
49.575963467348579
49.320968094060198
47.222770472941946
29.516590443979574
58.275957177433533
57.005458403086905
53.263872930838431
24.392119403103727
53.505856104462147
52.205106777986693
50.903265880870649
48.972456558932862
45.736644267276269
41.472711823930446
41.653055863471764
53.432513852104265
47.449706696498716
50.250666259815269
52.038307729114152
50.381687415513213
47.432935524168499
44.147795113868050
42.005991551258880
36.158908620200229
58.630371143649349
22.067166117835917
50.160987616022382
51.348433592923044
50.710207183510569
48.858410807700061
49.404588294991356
48.489439279399420
47.006065978644720
47.767489279587416
36.484537345130029
47.653599263564885
48.372129060349778
47.659648868738273
46.308076015234320
46.982805426463628
46.451949824036348
44.896437490673421
29.373385666171799
46.761898801019925
56.162357315278442
53.154124818451770
51.190080339092489
50.955819697700626
51.508406176626345
49.203169637054359
47.398199598798584
45.488117146155759
44.658586597162490
43.352629998564076
42.998150571653554
43.542865713262685
45.108179939032929
46.477780922741346
47.808676553107460
47.906554603665889
48.198026330910878
48.321839316796272
48.919847201934957
48.813363198568112
48.954945951523541
48.109613188501427
47.402033658688566
46.966855316863573
46.514248540861672
45.870069067387504
45.480867382711153
44.713327910301544
44.424967886739850
45.260826788384215
53.484120659606859
51.178899049519771
49.903928049228981
50.559811485617431
50.026466292642283
48.830743186085030
47.891983436688086
46.582432702324802
44.557391181268770
42.643505371210097
41.555515637742545
41.791706841671790
43.317723976687809
44.711880680178325
45.586874982871784
46.201551465347990
47.806643463517048
48.743361820620869
49.268709545164228
49.306546336413334
48.640290069143063
48.202991106168099
47.060888040298785
45.975850746434055
45.384695255833279
44.729489808751964
44.528022956443465
44.403460736886686
44.155731936396400
41.704140688483172
51.143954678888818
50.092567400804441
47.899135182393479
47.714993385328874
48.281357001344873
43.562461491339661
39.963034015427809
44.789190857848865
43.504588296827016
41.201996871756975
41.723070151852163
41.638547058062549
41.286719638680076
42.475443113517670
44.551046426428435
45.973975372879828
47.290207141876792
47.961529992721445
47.833122135378773
48.584747136983367
48.889935546528875
47.619872310057403
46.634731785489635
45.819385504333681
45.193503287305042
44.456165920524263
44.306337107643245
42.901188750343344
42.360173699856489
37.521887594403644
50.196507607238864
47.081769466936763
57.215230752372619
56.076921756354572
54.104766941021744
25.631461824578899
44.701145976442717
43.421439634439366
40.942399160795269
42.296761537456938
41.231019046965827
36.904063533597700
55.673787518536379
57.028931524128332
20.255052823673477
51.925415310126041
50.749739829670865
48.257877305759052
48.237998117206828
48.445052639372356
47.330107806281646
37.725596668055793
58.183804894195930
56.769697717792809
28.963478855601174
45.020231740814928
45.047972772818142
43.674066708730884
44.233709228403875
33.065876544396247
49.122961357063453
47.321054656369199
49.372743056567444
50.688008358921707
26.916442214024258
46.132701761069619
45.811297743593165
40.857708761238428
40.543755129086463
39.295357528932634
39.542025939083040
56.135226849457482
56.084974419032505
53.603816536352525
21.659578008756764
56.522847070160530
55.102989191887680
51.703338032141211
48.961027237188254
46.174660943039278
41.752468457778363
60.422851598880172
59.175910826318322
30.481613470673892
49.080514887507661
49.249660498449551
46.429923871862556
45.943478187156146
43.478355330210405
29.186749063986277
51.636834162921005
51.321403946329340
50.432154884901337
34.063055860673622
47.232199775039646
49.285739076321065
45.086639469023623
42.031295050505584
38.084657025842219
37.613751734601003
46.101114744719851
59.207632790150527
58.400182676435804
22.997636343023405
50.747124755376682
49.828010130927865
49.405554223944705
48.737840142931162
46.241789816571483
37.081070076707519
59.565276384046598
59.649359546466854
28.856439529514741
51.748850267861727
52.564880825155541
50.430190007810083
48.921030425812589
46.544174473617268
43.650897844170991
33.154172134125751
56.068235867883587
53.882718177010162
51.358340420105606
50.871516427346606
50.188124456134375
47.985192012744946
44.943491170190825
40.498146693945998
38.175461571004718
38.434013219130179
40.501570345454667
43.145163774021107
45.942943584555046
47.021849864561609
47.200545111558718
47.427578405046752
46.850405674842420
45.459831965253620
45.027212029593258
44.611354300684809
45.153964619222933
45.620572420523722
46.782926200610781
46.332495683560573
46.537079617103814
47.003743129619657
46.169426889543651
45.268071323546003
44.755827338809361
38.455662244513185
57.720371747126592
55.473816774269359
51.932110320671256
50.981416050424428
51.130523591609958
48.816006939300031
45.264986802217834
41.920163374685778
39.987652651307279
39.795281608994920
40.583384702270365
41.922248818704453
43.628530160989492
46.764227581666511
47.787798208387521
48.058216102721637
47.396186128504283
46.853421964089009
46.064159514872429
45.778439512287335
45.257159750134363
45.317233709990404
45.365368345911861
45.766633869308997
45.965297061703041
45.924571018056959
46.230783280142319
46.427652519994737
45.901884248303006
43.696807882161927
57.300826489588346
55.797974011435144
53.087329608587858
51.347922169467047
50.463512440032417
49.304660737547231
46.649150124024395
44.282732932993092
42.236633406410057
41.293561419009620
40.272877829942971
41.405503789787488
43.077534318649001
45.146309933826430
46.967900879808774
48.078610255261260
48.315599395677204
47.896682686884205
47.167269467085774
46.178357034153720
46.255449723420398
45.785204910125380
45.010727331796033
44.441944626802389
44.629003354344839
45.177682754937862
45.868497775317564
46.253506316132047
46.357472674748422
46.011064080085319
58.057128128608383
55.464235805901097
51.875901142829122
44.899698221434392
56.809452679935227
36.086975593982594
45.609404973813653
45.139899182657231
42.873238456216725
42.477219681988792
41.958156080802375
40.980641293749336
41.686882486109283
46.054267168271622
59.711368149285150
29.177717963471810
47.260313208751597
48.344441464949618
47.324992390687711
48.595274573032157
47.740180311748880
46.643145634017841
34.717444837435998
55.881824604984274
28.594967256825342
44.429524439659701
46.298690100857876
46.222580246376864
47.346541343625304
47.001530855650259
56.685505146790092
54.323198472004961
51.937422710230365
53.376814758285704
52.829090035270205
32.432587501120722
46.895606926118667
45.193906446360707
44.370034732121496
43.250837068531318
41.539925027023912
39.131127018004754
56.508375450533450
57.502371420501291
21.580492459770145
53.176536811960759
52.407277518474814
50.084632278731789
51.354333052763010
50.206669558721643
34.634799547088292
57.705742364874510
58.052649293629671
54.190337794185268
26.016863526391578
49.759511907148323
51.154922544668707
51.066505234700628
49.783001223417330
42.677623540637668
49.212788145424639
53.753986404195444
53.220561311638690
52.779881881120666
36.066988111008754
48.680074403139884
48.223934165077381
45.980046858579499
44.271880836884570
42.145709638998675
37.461271471000693
55.637187819508142
55.741893968158365
21.740739561291914
54.119992245611016
53.782847649287348
50.902482955442558
50.809499008460520
49.697730387189871
34.805469660014758
60.488994837079950
60.075851306618411
56.358011522068544
28.129675877211859
50.982784245016944
51.551385380479488
50.423944784539152
48.568077306636894
45.839886709920648
40.433076699184760
48.759603527917136
53.553580924967363
48.290710242065018
50.911463077451870
51.993523675201772
50.573831954037551
48.252487493042707
45.643130408040093
42.740368614142859
41.964335429303333
44.255440477960782
54.608154819807162
25.516017219227020
47.205796932110502
49.266341031439083
48.416784570225275
48.423851225119193
48.373911787553510
47.662616198786701
45.990174150271116
62.102958070912145
32.191003773386257
49.442042811316718
49.828789668487616
48.355230125891353
47.492803194220791
46.566121129584332
44.623432138202837
43.916342149025965
40.282945968897224
58.375556979463205
56.343240764010581
53.172102924548824
51.695823196451343
51.404261079866266
50.556918269323774
47.995115529628897
44.209955004725174
42.102383310907229
42.032032310501428
43.254447179932896
44.481425678679280
46.179156917608836
46.906245345906250
47.921535092798479
48.029513436056973
47.626081902008202
47.444850189716639
47.046523885484483
47.201965060132366
47.474497862070123
48.381746049438348
48.247430187027582
48.376356720052470
48.260495011508581
47.268884879140259
46.261182995507248
45.078453320465570
44.453149014034921
41.055179737071811
58.290520652821947
55.869697052641548
52.803266047253025
52.167363049740672
51.827627863781501
50.045459940219160
47.419333666452957
43.708285806085421
42.043753590572187
41.674610131959085
43.030040081356830
44.701015056266492
46.135311711858279
47.726832449676643
48.374485542705244
48.579647395624775
48.283671955953331
47.860501217921794
47.337937721049954
46.660574549551654
46.654395601619676
46.918158383531178
47.814187499403772
47.712277266289597
48.092968321478111
47.666839983007428
47.397034372500848
46.351644239330469
45.244696322762664
42.565494725626614
59.212276368044542
56.848480221774295
53.395680218848788
51.583777621894299
50.852842257168739
49.478404056032979
47.008557890274503
43.878575305191845
41.853960228313561
41.520415353201699
43.050919095932066
44.561101739287878
45.814385119529177
47.500185583728864
41.342039004131969
40.103286643662557
46.851983157469583
47.632370346850209
47.356529647736394
46.942593543047423
46.923837273750202
46.238761527354725
46.307381091928548
46.827601968184858
47.454615686612200
48.123359782235227
47.823090507598991
47.436262600521530
45.888198295070580
44.173607181084087
59.940450743000774
56.343331787537039
48.572432421569758
54.247289336103428
55.159052165282489
32.648099942399305
44.290021711562403
43.037759772028181
41.148790289959393
43.490762549028844
43.695113057254325
36.718161701649890
61.751203179410140
63.499093435609048
61.432581463889392
24.788571244574431
55.347268174495966
54.826922243567608
53.346224220591566
50.525397188013365
47.617074730631870
33.935593931201709
60.063341786646468
60.298370845474807
26.095351807808470
50.259615060102448
51.505000756567242
50.773560719676489
50.455812374743481
44.160898687559943
57.677644484549525
51.433122379258833
51.727814145709118
51.324933549222735
50.917062199020549
32.099859286336951
45.851091860627697
44.171613464339252
43.508911177614024
42.434236267189590
36.370832957203916
58.052738888426830
58.910545395473115
56.902824413245042
26.615717527158878
58.318003479786285
58.082449251983604
55.465936896142580
52.770945074940343
49.333942667967108
38.862822909105837
60.526860035273380
59.932136882871255
56.140775036638502
27.065166342796886
53.203681184083635
55.310734588167072
54.450008465044341
51.787389275259748
43.078471951379562
49.909724425029907
52.964296298987250
51.822058120467048
44.511722874617568
49.786984226404662
50.483881178891338
47.877095905811245
45.518317952376080
43.025073974796442
42.154341683241455
45.503974735886473
58.842078819728243
58.208995882000124
25.870998006856844
55.167359196365837
54.786350400103260
52.846395575474119
52.097418906363409
50.174854601012512
38.372635747226198
61.922769923769472
61.433231759052020
28.081472532451386
50.315894746994779
50.937840725512316
48.972818130567262
49.058335704878473
48.088044485067897
46.533268513280646
44.081390893141844
58.940246037866395
56.795490804774282
52.812295432562983
51.423901402179723
50.648432369877696
49.992833291351843
48.169467856104930
44.452913431862783
42.679808228179496
42.876534884911578
43.359409834953460
44.992360278228524
47.078093892099005
48.664376741325427
49.138790093840115
48.867245842689222
48.558909425026449
47.844313168470528
47.875496214066750
64.224146171990895
40.029937104874875
49.321289632451844
49.541772089599363
48.220344070271679
47.336831872565270
46.524149502236142
46.246250407656959
45.253061692203900
44.803720630400960
44.647675997907250
58.306790283600179
55.976065520504420
52.376971347957593
50.901561302663119
51.561901905474194
50.579665831959062
47.844625801091382
44.614910059618623
43.083689214792464
42.977420125379851
43.632733150820791
44.925269151851467
45.930527632827093
47.767599551425107
49.430069930578298
49.411948834928928
48.683958570239881
48.222832534621929
48.118923838557862
48.828522738459377
49.317751872094931
49.752915666062762
49.344586845060782
48.685766028539256
47.811275677255999
46.247638800276576
45.811081430284872
44.935602505432286
44.938811418672472
44.361020116961029
57.370607626853783
55.491359622482804
52.305749384003192
51.306555762756375
51.442709978744446
51.159107186928019
48.593610156405148
44.636951629107557
42.930593481798617
42.467972657867215
43.139654999127046
44.173176365543313
45.503187766966413
46.632693812965059
48.453362078806620
49.033995029138310
49.076392635118324
48.901505439050638
48.102386586895669
48.104681120083796
49.017564170102389
49.490417219867965
49.598513323785191
49.222159602588775
48.287497881752046
46.967441949198871
46.479954031742921
45.320997079713329
44.629031581289873
43.292151198862783
57.619495084736485
55.599014129271495
52.396546578758503
51.494898054340361
49.816584331008428
57.796614791063945
34.379140485628760
42.151021620733687
41.464720897714663
42.097030922239227
43.633663599905418
44.334268874147902
44.803316627265239
46.657875238366238
61.987258874641341
30.982592664363221
48.696284343259762
49.690772606647400
48.341890440939849
48.876293831830111
49.551842379340059
49.600407292701895
36.276175387187351
58.761704218966948
35.048046292027138
47.081764139599890
47.567551733049520
46.559078257946652
46.344043897249492
44.221692267952591
57.397120174938060
57.753862608956958
59.026971479545459
56.836617888302435
54.772079488046046
33.291547043906192
47.225636973097579
44.829616156426383
43.253026878762988
43.329461673016958
43.169870368433365
44.639130085393482
59.592158752043616
61.476144474927786
59.253578713930082
25.437114182102004
56.628906164123251
58.792698510774379
56.413819781152597
52.669525081893035
49.994302902783687
45.024126192881944
61.468274296327372
61.866107870144596
32.361819335177223
50.050473875272239
50.860316433002630
49.985833747264799
49.154816823911361
42.015776485300862
57.833614728867502
57.221344807061755
54.341721037932103
52.990284234339619
41.284028492443973
50.558534910248000
48.897676096562144
46.311403888004577
43.722647648706044
42.029708023724439
42.668063896664634
58.877415713381936
59.402505401497280
57.151077295580507
26.353818005184952
57.481487909197355
60.168342734289915
58.709929881341978
54.454872537605219
33.490156698433921
59.754499455859829
60.528607237636159
57.318216169474901
33.229114404327973
54.684224764281012
57.346842849684919
55.309872144134971
52.516593109848415
49.062524447408535
45.466655978481178
53.217405549526802
54.416168207230925
50.602055626224406
46.855334262929411
44.943925736749208
50.833399982896978
32.860744433294172
43.501404789057617
45.996317254705716
45.319450876776131
47.889938989515478
49.813822459404562
48.784404093930988
49.148915165839441
47.148759151483901
42.342412343675804
48.319014261175582
49.361257709231786
48.024809776377182
47.911291572706048
48.849163495066669
48.117663790731129
48.076414108927587
48.454754383279976
49.374358566870249
50.242744186591544
50.835507186183875
50.004092525390639
48.623203285270399
41.212673838500059
62.344359143018139
56.395477451274957
59.578186148110113
57.830942904300514
56.748840259320474
27.371531874695748
47.752726466544061
48.997446925122027
45.207183953571807
47.497874018799898
47.735196687129140
38.217387637298955
64.892176545219485
65.681583536869951
61.806603195269282
28.775157696054734
56.038508131959816
55.834593940201017
55.157819639620428
52.454478000237515
49.470090001207396
38.380535140050334
62.725461941722195
62.936354749808132
28.248714693224024
53.857658218205614
54.329069914879682
52.728276337649810
52.818561590213378
37.474851409184929
65.967478760079473
51.584940987056143
56.000140325955826
58.271046869481864
31.980789042815619
51.875476639334174
54.243519067007796
48.605902455513245
47.690934363481013
47.019429038119938
38.313711465532378
66.614400469399669
63.869327297240432
60.788138122299905
26.218536232873550
62.788438280571739
61.276975655434818
58.963486621529427
55.670068069313018
52.353675849665649
40.332104419900901
66.128498355964894
64.675436048640023
60.473914976027558
28.940027279755398
57.797544498556960
58.637529807739114
57.624784711456115
54.212957752018781
42.226160296113008
49.482866981891959
58.958427337444611
60.029098217119675
44.267739600066683
55.718398333530544
59.036315127929228
54.507004250657289
51.810263159924304
49.497221866124001
32.305044975452120
66.548324251745498
60.242241791764727
56.749283262112044
25.970800772690247
65.670565413127861
65.203250433977971
62.391817057446332
58.870414871651036
55.723604546542660
36.122912301840586
68.002466515928376
65.546746843305186
28.877448258349965
57.907664461324742
56.809975898343254
55.330873430124029
55.456854741012890
53.395543670353888
51.511534743046717
49.125032482780291
66.791416927114454
62.844963767431004
59.441175571755942
58.862740935487878
58.757324531316328
58.048230065265408
56.740154755916748
53.315428855981082
51.842226830038150
50.137033611067494
48.822223720715314
48.579076286967371
50.699073256193756
52.531126937380066
53.603233541812926
55.412435440601563
54.887852042843690
55.020504261887623
55.241651117391058
55.957075634167033
56.579865016887084
56.445975084249540
56.130331318129350
54.750208465761737
53.982262031736497
53.516523556781067
52.631239323206870
51.948948612513050
51.468698843190737
50.202675782070386
64.294523527246824
60.917398872256342
58.508860900823819
59.131835480999179
60.323918807223620
59.052599383420734
57.143795908332045
55.345557533906835
53.262766625583616
51.157626895140993
48.594587023958177
47.793012547308606
48.917475560690441
50.695725348406881
52.999561911635567
54.523896397992424
54.599197627366557
55.766185778687372
56.785902086253337
57.601007730949917
57.230094676483198
56.517749319404871
55.687537421282286
55.014063223769796
53.916974956135576
52.985344754651813
52.322636330565842
51.814748925510578
51.637875127497530
47.334340192047634
59.828632180687421
59.336659968422524
58.220645758597982
58.304361373227408
58.071128599208471
57.664478896222946
57.964189223867933
56.271214820233716
53.883859391152328
50.186745070503349
47.954233500337693
47.603684463661430
47.418144730569054
48.384584970822786
50.753824878486448
53.304258276741386
54.814164828856562
55.868297157632853
56.414893985115633
57.073978813925592
57.252665748545752
56.885449448641097
55.211563894661410
54.254472593120482
53.391624428427420
52.722711473391669
51.599352806122553
51.111425920093765
50.871034578560476
42.589769911604577
60.004450063437289
57.435687677482008
55.803840915385052
61.693585768494017
47.685897399295520
54.818637223289862
56.900290328126694
54.954141285330337
51.130658401593607
49.872675594456226
48.967191899337465
46.788133222630847
46.351575439004563
51.386570747150614
66.106337050068205
26.935654482359197
53.223383817899595
54.470156224398366
54.149108494953467
56.627516339796856
56.697480162849644
55.878646445939083
34.759736895226048
61.382142827104182
60.831947052929920
30.765428134248022
51.206593212118150
51.306611090102884
51.847111705129961
41.005345019237090
57.893053473122535
53.251936725400441
58.365055531692491
57.988974568067661
59.941359687218032
27.104955995686794
54.742871365800603
53.230813825051648
51.845331182867653
49.701805500166415
47.631437619960579
38.064307901601012
61.485482245873371
62.445816633413372
20.157628074041170
59.332587180706298
57.042117027860080
53.597333085950460
54.680234363758871
54.784565378627285
54.482108481973924
46.829241527123060
68.375095758886715
66.621120168891409
32.789972382364098
53.888068464547715
52.610972470672678
51.888380392858004
51.811477104577612
33.878570463662882
58.738402808595069
52.857939966462567
57.748873961373576
59.475033784744781
31.021447699105440
51.942101687414613
53.154161813155532
51.055444970825185
49.174176560895319
47.612853316815297
42.442873466696732
63.819256113879362
63.141471276434430
22.943111345411509
57.056653715870844
56.982603224166219
54.477139057602898
54.424835661741582
52.386549819520951
51.409917566004786
50.069870813924005
71.143600198931424
69.214202444142629
33.043960338675475
57.384612529738540
56.740848604601155
54.912548473867247
53.465410579383011
51.002220293774336
33.404969980980397
54.769449522502740
58.400451762464407
46.870941738668947
54.584272328207241
56.719337507980867
55.054693496455450
53.245908393860056
50.704118154274674
47.148536520146287
46.292997554192368
65.863398397053288
27.844975479285928
54.514298969452575
56.125729182890133
55.600512694042763
54.846926205702829
54.638126079989512
52.799367525522527
50.396942032276272
53.950553981677423
39.231270529761233
52.529457088777640
55.000099342371470
55.625033764891199
55.040626273540632
53.933832488168250
53.821918269177189
52.041303426904648
34.296290951144876
42.838721929430001
65.325369497012090
62.297560413006963
59.215785246999161
57.734684353906395
57.146912704482972
55.827776144795507
52.439954334047727
49.081900541134218
47.609232541390178
47.704748487860854
48.154051977109290
49.562108213689832
51.273898572110973
52.391088816650800
54.166436728703822
54.487696278017332
53.889863362602753
52.517039196748101
51.553636982783587
51.685673017406103
51.533279260403035
52.667750113643592
52.517343962877973
53.060520644882288
53.566163379789927
53.517237650754261
53.373367421256667
53.275509762105649
52.546506534749412
45.239166195496836
65.764904571663124
63.294965081065371
59.772623665168616
58.567761611749361
58.056899715911072
56.119893946875862
53.448490502586445
50.788627283458254
49.481964086762176
48.252039253331994
48.058466281185133
48.010857844813692
49.835240682170166
51.772444538852639
53.922437336675657
54.671230745365619
54.615960962018931
54.140876316408864
53.492195371174830
52.617555805253559
52.184488301575129
52.288137036408102
52.548565167251994
51.843544811442953
52.137201790272769
52.621260339910961
53.323119140142339
53.432596947927067
53.397138647637021
50.046480126831234
65.483904181982098
64.022645320061969
60.254625328226794
58.315230468839559
57.922732532615171
57.210622084931678
55.261162401013415
53.106919801067136
51.119866249967920
49.275108828981331
48.228718827783517
47.580761449466067
48.086719618296570
50.187175393981647
53.262542305702453
55.047254286915404
55.529035919063602
55.189989702706214
53.941192681050765
54.317962033841610
54.250788516812655
52.821854083310988
52.360458349861496
51.853512683536110
51.672527958514216
51.775545782490667
52.280007995388424
52.688756138483456
52.934440187673879
51.543633021598282
65.360111570709336
62.213902716383231
62.163346134122108
66.332010564145449
64.841985285609240
36.383829929429986
53.563261390639667
52.827804271636566
50.977702905508934
51.320861559198185
49.144922721419569
47.070509340688581
49.551461815877047
67.244492441194609
67.463586163920368
24.812783905669654
60.265095832760437
58.909676606698426
58.602895133837563
58.898705537604940
57.023304953374875
55.432245868481068
45.050558610839332
66.932301267255355
33.637528899500992
51.378940505557807
52.145964835840296
51.981912754200948
53.869410249845117
50.348914736616535
63.666126511368780
60.234397371107420
62.122065834348319
60.279345943018306
60.649539154523453
33.612428098551042
55.039624740470515
53.722704924705653
53.377961038814128
50.907136315128866
48.631675348278229
43.516759096694706
63.252553230703981
65.012593628322833
22.371739383220522
60.887543563618749
60.258780764535523
58.233911247518591
59.649645810999658
58.562433326828270
38.805863108358913
66.182762199099443
66.407624195967188
62.766478875966349
30.320280013879874
55.904006034467663
57.301627869146841
57.718415162165641
55.482719681595711
46.025114611969300
54.512651113846303
62.408090091059378
61.816506949557763
47.677408762045431
57.060167737061718
58.256013323088197
56.114932192271091
54.801964277504304
51.743892941480986
50.039027188981940
45.126133343020975
62.323791268120701
61.691968454574031
23.105675978713258
58.902572591793621
60.262945921041755
58.434318148995317
59.074303169145288
57.714184753918417
39.061078668142223
69.521450642514282
69.201602144207527
33.222182826788220
58.148731337590235
57.931035433109074
54.997884814962873
54.462666769352808
52.921246622859570
50.491740764971809
43.456813844077764
66.228379426843816
63.916927209921425
60.287852754925268
59.596245056406161
59.195423072456705
57.903306668469085
57.119212314074289
53.641344179335988
50.648331297675547
49.885084064345314
49.173598826123481
49.685127914886195
50.427538495650317
51.859547860191363
53.198637178345933
54.006355978371531
54.565953759204717
54.150876704705389
54.403101293868332
55.385738727750578
56.207807687730153
57.047454029992011
56.982157270588800
55.927257278016903
54.786040840990509
54.174031892753440
53.237884098145933
51.023811297078048
50.121943613037175
42.612346479859148
66.153174097554469
63.159461915074942
59.778894353130013
59.118590510717894
59.196278898193341
58.388244857275026
56.280687351079827
53.122088056689009
50.238407655247727
50.079626706318280
49.624028873129525
50.108909358224693
50.835469129060471
52.302774924857303
53.784301049889052
54.816902912335479
54.265710963900233
54.095600302711652
54.520781487264927
55.011151209219875
55.385528785810877
55.595189654094050
56.085790570993652
56.103118820734096
55.887554527073483
54.589402197566535
53.389092246026188
52.391868327294624
51.418162542598346
43.555615151643238
66.316931419147195
63.448371285764786
60.399204105086277
59.465063692567789
58.254568218491869
57.636620073817383
55.781542731771395
53.232470218955108
50.517622035195302
49.164193336892524
49.625801534733554
50.215837256153058
51.484999134794137
52.354634444484375
53.707520356782972
54.823175962995300
54.727819800067721
54.424031313511946
54.289353576331195
54.261702604084789
54.254535985095288
55.025321403266815
55.318794999143691
55.341799769534028
55.531995637169807
55.447281606638605
54.791778402681857
54.021426893043227
52.528120255603113
44.707812579543848
67.669108132888354
64.379822154125009
60.353973234244009
58.805089583738393
52.928511997613604
48.818620890155600
52.484189125795425
51.974828715112466
48.983327038321349
49.783019992449340
50.458983059363405
50.093989873517302
50.550411790884830
48.792223242330877
42.095554622618359
53.280151357903641
55.348424588532126
54.514233709241424
53.756228503084216
54.210040299113324
54.322520303879102
53.847155909958289
37.423336448693568
65.720485246075981
67.139343263406488
31.646530988079498
56.158797462924703
56.897287950202411
56.376040322862316
47.728067695553989
66.569794928487340
59.805263368263290
63.766059238877745
61.925551119100632
60.507301680645114
36.548306127746962
52.978886009940126
53.392797092616888
51.282446390103118
50.721483059276700
49.972246768417982
43.243316096168357
68.041551627468976
68.466537649462083
25.560718742543500
59.740383298260866
60.277973457129782
57.986492340255403
57.619455674173885
56.158767227476126
54.247573421551223
48.245759696358924
70.607614435601150
69.992762546807938
30.587085248874466
57.879164309563663
58.161858226468283
57.645050686950711
57.116930999753706
47.843594900040188
65.811786988900479
55.933366779938439
59.674789049230689
59.896843373553097
41.738395677081364
55.125922987006618
55.047254839091011
52.593146518173164
52.147921724712916
50.386488931471298
44.488183914226816
65.590052906545921
64.167387300938586
62.175554541427047
27.599020919249973
65.343719912272576
65.099866063544439
63.400447378312123
59.777989510858525
31.782296230969656
68.578251483541663
67.584229450026015
63.754119860354116
29.729390903276371
60.696222615006278
61.672692400608710
60.751526364068468
58.877122207626563
55.684965843515869
46.130836011027803
53.210574817540120
61.053824622917773
60.094785361202895
49.877306028945348
55.545295526204576
57.126837152421537
55.808645252593465
54.334714050440525
51.321755421743021
50.709643176693298
43.650864678569747
65.505897510637013
30.810495220877677
55.156867618069739
57.586382963350154
56.958034546826269
57.511881553554232
56.199545712339528
55.199569994899711
49.508366048136708
72.127748706940395
36.205472990342322
57.218562944431071
56.503228435124996
55.014512008161859
54.705770720508028
54.768296520172342
53.525889030516026
52.981441416105220
47.810837732846423
66.314541102875054
63.904309933283130
60.055838042126538
58.582268055486693
58.249971101025153
58.661956830698706
56.385843247889838
53.643172975228779
50.949402433521442
50.554275269595692
50.958205284609235
50.753696594774894
51.796988446486665
53.806967879891943
54.843627545570811
55.790572137636303
55.746866605881991
54.697218272917851
54.801825800340524
55.656745157191018
56.664140057610339
57.362303130899356
56.659484621332851
55.216476744064067
54.715940666069457
53.569923128439989
52.629819521153671
52.171886880183798
52.289650088984757
47.811973335667496
65.361342048854226
63.091920343718968
59.697649489418517
58.712790194782684
58.881057172746253
58.687865396022303
56.268361369653647
53.334789167824503
51.145612597143824
51.050108289131529
50.378262825354682
49.923972180684281
51.282899248790869
52.628847303643738
55.192276843948889
55.370486658162974
55.629370217467581
55.627233107326838
55.045956360672122
55.749205346760760
56.515718747210755
57.233254286388899
57.031714362558546
56.073217148802591
54.989001049198023
53.958735579374995
52.811101320626904
52.413553177055164
52.016868879831868
47.162583531808181
65.500928085596072
63.644950558407125
60.148138567416886
59.050218792311739
59.165971130465735
58.820272659473005
57.070046723347048
54.270037836437879
51.143094554965160
50.110274271314253
50.370248865819953
50.121153545660320
50.296355364612509
51.713035196674191
54.058013220156624
55.898146027214096
56.439139244617692
55.699566437690244
55.017620481419094
55.440380635789374
56.271335377529006
56.728773721158831
56.949160289604812
56.776086079932305
55.745841856186175
54.336254969193114
53.254536812077745
52.300315873072428
51.331225893737368
47.097867332792127
65.725713719975630
63.302833716123018
52.204169484646769
64.357828925611642
67.872613465735128
37.343564296207518
54.467018666462558
52.414929855378148
50.794364299396292
51.220326653418553
50.689453958202108
49.780558099244722
47.250119972413593
69.866224317379675
73.047061168991746
25.775223694124165
62.689741310065138
60.059929114331730
58.903990631562628
58.422902476070718
58.311863109574162
36.927861756541525
66.669555494454514
67.854316037499558
36.230045729531575
57.499746185025515
57.366089007663440
55.678702445762127
54.953614111902574
47.105139982989797
65.493719493955538
62.002789329195508
64.331107298073064
63.780651846785418
62.719136045074045
37.397029171887695
55.438387215313412
53.849608912554203
52.175293016305048
50.774676057332293
40.631745118375136
62.985088797859511
63.139625777679043
60.957181442654459
27.895588036460381
66.467313798758255
69.170910414301829
66.955913313199758
62.333981721002601
58.779734623287879
45.246792212794311
70.594770546900463
70.979359447112586
36.731987849224005
59.861478674612172
60.774492819759764
58.645771163712865
56.636950998231654
54.614467956090110
45.664202596278848
58.878552314672959
62.282209811335221
61.481474511419009
50.594457357522309
59.524538729833779
59.188347565806041
56.010018343257457
54.349961713391131
51.752583829066907
43.496278440601984
64.844566400608784
61.416858292058635
57.810287142798202
31.226391679561331
65.253380230583076
69.291315995295776
67.786145914362322
63.586695257151398
58.455520573915820
44.131390462158876
70.942294068521250
70.507518990088727
35.409953170943645
60.202489412128422
62.972531175666902
61.008870993936426
58.682975993883616
56.092006566992019
52.885129748900482
48.876179770990923
60.490327554109399
58.912255350774103
54.524808040617089
51.659158480551064
46.651097008020251
44.208656380882310
50.921670787061139
53.527405175708481
51.439570107477607
52.884439449235437
55.118100540911911
54.982334510469364
55.046251652841534
51.267276455462998
46.488592336387207
53.934394201612626
56.300752215029412
55.047676895719405
53.976283263314713
54.905269742957650
54.847074175185057
54.059075190490937
43.923006121987200
44.639568206778300
54.090641563868495
56.924460162920084
56.759285209057296
55.065579695335529
55.232290107598310
45.259415672387092
68.531676054654213
64.777676639717825
63.851325008910528
62.772226635285278
32.164258442472303
55.569289553268277
60.888412475784108
56.890883148620510
54.581662239393502
55.551347642341788
54.232527822436893
50.524109634367740
72.492365579435599
72.542529040756932
30.014922045930099
61.487950480345049
61.988038367717252
59.977063098805758
59.619828454332108
57.949265439982291
38.937982704892605
69.439742832931358
70.308546949817497
67.064000760286945
32.701528211443950
63.742030096300070
64.253446687021508
62.926531992834867
60.237128153648911
43.076606500169810
73.551840009136356
50.707067408657181
65.287325048775926
68.572214945521850
37.154952146529872
58.987168392613491
61.384081407604135
57.318727599821571
56.269683116959875
55.413122835615070
54.596602916440744
49.029956169445668
71.928010281804688
30.008521029490037
60.046413723667101
61.303139608517419
59.309748029541595
60.903917236226008
60.056698272197451
59.185561026224377
45.432460119768614
74.241760815878877
73.278089593703385
33.926427769522611
61.923398693764952
61.550574625226872
61.229120995579876
60.468699283151885
57.782053780464672
50.145484896839569
74.488546063555702
69.272613826899189
64.940772039748964
65.428687411413648
66.817129365624794
65.572785732703508
62.856910131718315
61.691404931850769
58.987935517860137
56.533311279199808
61.128599455743711
39.278023178183318
54.190237360551436
57.608266306133608
58.815656973743216
59.747863981164286
62.072686372600799
61.612282190983201
61.001112079302573
61.668729974017353
62.572444726324875
63.027152012720656
62.986598744901428
62.606171062194548
60.816054559344295
60.323520991147241
59.822661518047532
58.347813332279991
57.656097234580386
52.345849906655687
72.578762919115150
68.935058354223088
66.349516269005775
66.528396024473352
67.542817148040612
66.844027158614267
66.263933697250337
63.676595055894808
62.061295028773422
59.208813910840043
56.549359200425748
54.724335481666081
53.892426235580501
55.550580011411952
57.568580182296841
60.527707864238522
61.878003249957857
61.752419467715292
63.367157177475789
63.961109903875638
64.867869585667748
64.845698041325250
63.637369087012999
62.866638703483439
61.954849468775777
61.148862659828168
59.533438677024535
58.953004003762686
58.299035373284894
50.970220233431434
69.634209496308216
67.729643898845495
66.856742109486703
68.053917824929542
68.041415760358205
66.879341354541467
66.693207703172888
66.227527603470946
63.343127001953363
59.973337803639211
55.595915540067367
54.174334958956265
52.998060112900689
54.021142950400098
56.788775809080811
59.478624270928393
61.876118988756282
63.168611811539463
64.087594233503211
65.071903878124672
65.523806580378192
65.228206516294605
64.074759270279770
63.052244745407705
61.900792588637906
60.467498373749990
59.791200347014637
59.521729368844653
58.913131902141522
46.845565566937225
68.766638117642714
67.760598234410395
66.491357280356866
66.733524476076767
66.039114597191485
67.185908163272600
67.231701343843653
65.795824139497370
62.843017522978954
58.577648939827220
57.431975505285230
54.363509191714520
52.839553274529614
52.690170094104012
55.821465254678827
58.652332754038262
61.642514723607931
63.013979017554163
63.708746335225769
64.776928355205399
65.609948598234141
64.855793536133589
63.870701850811102
62.870188955409404
62.331295819965412
60.750173180379427
59.286774145792364
58.427704672823481
58.420221379812233
44.042079488422047
67.979404924422710
65.288664552652790
64.320621711021502
54.796847290566745
75.312696583302440
53.537935331349757
63.495416714099491
63.509456984656673
60.738535296608390
60.451838855763881
57.446608199419110
54.104461177385417
42.340051389042877
73.561164554285327
75.500868360671149
21.456188243963101
66.317670375952588
63.690729791857578
64.502567332696700
64.503973491591836
64.471542757451829
63.978589420970863
39.771441250102654
72.991300750118029
42.619382175152758
60.324093677041688
59.360711420741708
58.325420121361482
58.912843979953259
40.676844700786205
66.907250304751955
64.165940146736759
67.502636895760446
67.583789462571644
36.180048618690421
62.936302514260106
63.973075766949840
61.967221740110190
61.854185686434235
58.949041228306399
56.564116480435828
46.911160503652184
69.316949699745351
69.232252074206770
22.962770092444512
61.788006334340999
59.678227757290976
60.256298793122454
61.911062009636424
60.907810945500323
39.421478082702173
75.411406605642668
74.811758641630732
35.578859620937862
65.478504449917381
63.928314656084225
60.814318585989476
60.624090808690610
58.581851038031324
37.102283471490999
69.427017220158106
59.280679624832359
66.765226597743705
43.708197942216643
58.901345195347190
62.915367536036754
61.547329057666154
61.079909800117171
58.623000306873045
56.980334420087388
45.937711500850540
69.798416080950545
67.724820615985280
26.209257706190712
61.144275829570120
61.793834866201330
60.895022813020027
60.691519712611829
59.026847255957755
58.005562135934774
53.262581276431639
78.872204891973610
39.117617857453673
63.015552179528235
63.569336635124699
61.992005974081955
61.818472699235812
60.388039953545487
58.510419520073469
38.123370220656845
71.264428390788737
67.478115636607356
64.094822779505307
63.193881501348983
63.312222333182490
62.698625984748510
61.832487755928554
59.253622490072821
57.010285580464384
56.424266574098318
56.758576863800144
57.261500761547524
57.971250190716802
59.280197801949370
59.333276759165145
60.034837513322941
59.787072241193144
58.382550419397639
57.575750118980395
57.756624489540975
58.125928088177318
59.263252817863098
60.540835697154449
60.907762905470577
61.488238491109669
61.692306377529889
61.267665049871248
60.248092363501463
59.131403837129341
43.743660452556966
72.121169867505699
69.130064187431941
65.171842536420172
64.171416424575810
64.162921950428654
63.493617507283645
61.848703590595882
58.739310137147868
57.296179068141598
56.730021925769336
56.546505972123285
56.821642761727858
57.509512359193067
58.587379894427343
60.095262150589939
61.052113300435224
60.286296043770292
59.647983868618574
58.871076798017626
58.371797125796974
58.528774910704847
58.463397455655212
59.367544803375267
59.849295790490572
60.258309149956162
60.544581847293244
60.543913000245027
60.842079031528506
60.370678587736450
50.595131721067084
71.943430077268332
70.479511902174224
67.074174980375048
64.890914338174781
64.593468654126866
63.794734110637819
62.814580623471180
60.683345601566501
58.897178904275485
57.826980399252861
56.370797830394523
55.485613352843110
56.670302471879040
57.654507840777960
59.246346766865187
60.860866503691312
61.638712187279424
61.587530343742017
60.938830180404508
59.870523147105857
59.624823987474215
59.743019579424271
59.402728301659110
58.892703161303061
59.048324505617614
59.572951370818402
59.935982077657485
60.328670706008090
60.506511077835405
54.948433945148615
72.669378741027742
70.129232159542056
66.474186067245256
65.160669639160872
57.943075036628017
55.669564424338432
61.585092123214750
61.408623599889950
59.443078340758461
58.797146760996270
56.790888923569796
54.589698203179310
54.257058062230058
56.045937722566904
58.961686411038592
61.125441463758499
62.441869193134423
62.358114247716671
61.364869498939221
62.804719853505055
62.110952082258287
60.749351448505578
59.985082484003200
59.222604245750190
58.652008625980422
58.900279559655672
58.935181815751420
58.708768174734175
59.702044745420608
56.118805423767249
70.598134611526930
68.311645168443960
72.287073576605792
77.250441434308584
49.204481696500174
63.290116034825033
64.228417602010069
61.575727937329631
61.053603777511725
59.546091586658761
56.121930606782229
54.154025998458195
52.498961883395005
77.108895990642694
31.681407244525875
60.876756688864930
62.799341057904222
62.676386984741825
65.078804373473702
64.835333528481527
64.285472248464544
40.059850476792263
71.863229728095035
40.048990693540979
59.865886004738286
59.509870247346612
58.136543990348812
58.635940424672960
60.232248429760361
53.241444381401344
70.275408537630256
65.970336915978777
70.944736667494823
70.865568851310300
44.183089145314653
64.973035560166210
63.565672604047762
62.383130141268040
61.693035549911343
58.719868519743699
44.487452610014202
67.763739051107422
65.759090319258092
27.044862273241932
63.344257903454427
67.276806042895743
66.633901673729767
66.864042769397926
65.959517037026970
64.841572341421156
54.435089381167515
79.868211198368684
78.157382074609075
36.073542802378199
62.399497227972375
62.207671799635108
61.448247617885272
60.611153254082410
58.740030207471499
48.653781982541027
72.609166021069896
55.611028256105250
62.208756799884185
65.515296213056644
66.916410861286494
66.099120946296765
64.070238855048459
63.441184737984543
60.367775669448420
58.150931610136929
55.123091410030632
66.128946517983564
31.014322556314973
56.671743741273090
59.356724235196303
60.818115013096509
62.811467058534149
63.784381903418456
63.087100395945583
63.846059675515093
64.636733175801297
65.163026334218728
65.039435837328170
63.871506958875223
61.975816998514340
60.490970720695529
59.515498712313757
57.770265135295475
56.452178466507547
45.250237531974051
73.553937434674040
70.742373815033858
67.841299015131312
66.676812712391239
66.330328789628538
66.442540861559479
64.806016999679400
61.840184980698965
60.423870287058371
58.336031212210159
57.419876218743710
55.634185852539474
56.015506702282501
56.183706852709776
58.343316255039049
59.829578424819246
61.124873811561599
61.092342432869074
61.421312563656429
63.185476983584707
64.103248519613345
64.898876320422772
64.846551597010631
64.344028609344463
63.594686068030263
62.041921005148410
60.269036705938419
58.868452596904142
57.052078351167935
44.320181889327564
73.830642019166561
70.820974318118758
67.193791121947939
66.843327577849067
66.499603036700648
66.446576852710876
64.782616343331128
61.783483182635599
59.803867926295005
58.642913938497841
56.903503550265242
56.371751341952724
55.986081836627640
57.028185094312320
58.282793444332540
59.788583297225010
60.884647259826131
61.062581989548335
61.367480961745521
62.086583339623786
62.509296869670052
63.413797751716373
64.163375187929603
64.043405035975894
63.630958423605215
62.600504952612894
61.383632051373162
60.139011299943377
58.777093936821984
45.606800626895364
73.887597063763877
71.662865706659730
68.458895714446768
66.271822184801309
65.802901721375846
66.106730800114548
65.028774858560212
62.016149775792357
59.580273742272134
58.040818140560106
57.861834645172287
56.618926094161210
56.338035333809330
57.221139606222614
58.601356912893550
60.445561681949904
61.253219142579773
61.037118116868442
60.677487746158235
61.114806917075448
62.229737871625133
62.644379028453528
63.087309213812972
63.788441077631489
63.339076905807389
63.109789125473334
62.732195352069240
61.195930583555167
60.125501326946484
47.522713817810455
74.350998436056827
71.634953844559078
67.333730470512165
62.928165250164156
75.348476330481489
47.382209925330585
60.928181857195909
61.484135348963598
58.732766853424231
59.645079284779499
58.267880690309177
56.899776517356642
56.285593407105985
49.275588730508233
45.009598329069213
57.267710005596136
60.995703033345507
60.491902766686934
60.195894798649974
61.427505441626963
61.773976770456706
61.641398634548587
39.984061518558093
50.986182344344378
61.537071136111400
62.913066198956884
63.083368419363325
61.698983683988686
62.004775400731099
50.483246858362172
72.216592992075860
70.467309085076678
75.917412592331189
74.631953942939845
49.191733514789277
61.660837634608392
63.432452564562723
61.338233694373301
61.481284516806319
59.535263746933850
57.560290730015126
51.585213450798335
75.510192914722893
73.965533555610776
27.483222254954242
63.992214191364369
65.307095308812876
64.160642228513964
65.008588119020430
62.648864489822877
42.253709184249175
77.787895054025668
77.953672552767330
34.150528405892658
65.859670342595763
65.842434419429352
64.987832032053106
64.635316709389301
63.022580537436021
50.629323141764743
73.115475113674364
61.176132353119996
68.036097303318982
53.936183588529815
63.307143792126752
64.522078496825230
63.532961930257862
62.285792344831478
61.549964537226302
59.745209653921066
47.739112710187776
69.809654078451302
34.050830514583467
60.246835478935338
61.738455011900733
62.583789712596641
62.144766197945550
62.559062890057007
62.307355245742656
61.284911489195679
64.990576050595806
80.447410881069700
39.481365596949452
62.548523690163236
62.941522566553701
62.176978275957183
62.727243523392772
62.301517901572041
61.443496769458662
50.527276158381127
73.256222695466050
71.671357650447106
67.622866508442200
65.597295039510783
65.850521935778161
65.729245043320176
64.419673852673384
63.348845363527431
44.647480559124872
70.311723326259767
62.886633577934390
33.864041025126951
64.538089063010062
66.098742541613149
66.027031967908101
65.919244273928555
64.413061773694466
62.489358132354170
60.836333366207548
61.925210892341916
63.592127889479642
64.200903096506210
63.842198341294093
63.042559056525349
62.118522597089239
61.327663076248129
60.757870399244283
60.626768129542242
60.644826338733949
49.614000116993644
72.746649031326385
70.895760467212369
67.164621064417233
65.983781272310580
66.688987989010940
66.721160938959457
64.891097729370642
62.956976326410654
76.236736908164204
46.503340218327978
58.698074943331541
57.973210223706822
57.853852629153963
59.348273669349609
61.057083445001574
62.227665279685681
62.057466625634703
61.995207482727515
61.894892689466523
62.643813685339488
63.507677626145750
64.319472782762730
63.929198084034169
63.192847165117627
62.334684492338425
61.252497579881904
60.402456886573205
59.721671425916142
59.991881546710118
49.808384229926212
72.422943717277150
70.756057010716546
67.627715925666109
66.731718141748530
67.013708828664321
66.526169153270104
64.597999259426402
63.127973189661375
60.444545997719558
59.515868001312157
58.296995915881560
57.443861994663308
57.200331848545225
58.411342898116906
59.450060527849431
61.610966736742824
62.906058881466457
62.572244723048534
62.361292349843083
62.514405893079235
63.610876828845228
64.392101254070738
64.040085037803578
63.377678354551122
62.803675413083390
61.382454684528952
60.565579571745204
59.541284873926060
58.887980316280775
50.177680645473970
73.383062602725843
71.511028580784682
67.888453028472185
67.163091554977342
68.116559663354252
57.426583247482000
62.742861188361239
62.417301922890829
60.781281910173384
59.698609761742297
58.151119731905268
57.500056644275730
56.218718418904388
57.503602117796916
59.259202726890194
61.739364373682633
63.015126318311246
62.458790160454285
62.317935851657381
63.408129897721921
63.344679973250443
63.573065628180935
64.092289647857072
64.144736265380502
63.252351219777523
62.040684630120388
60.861396268964128
58.933272649771865
58.997800798893266
50.843406099906289
72.600910022855331
69.996909807190661
74.836877561624476
79.455645964527477
50.390913700184775
64.109062574597232
64.666614413904114
62.616644511959791
60.835304037671406
60.038369523939522
58.512878888366771
42.148013576618844
76.102483118140242
78.907412223920204
28.019282080233275
65.601076420022707
68.251006528549539
67.782120275967713
67.211482344369799
66.480283916868785
64.683463437185878
44.858953625396431
80.440116822318231
81.778878592269990
39.298683505679705
65.059627519927730
65.437652190091057
64.245836472083965
62.692553860193378
50.578820993302493
73.957213207500970
66.437921287952264
71.242463143112900
71.259761556424863
49.316644359087199
64.677738849813736
64.963587706571843
62.914005288902231
61.637535764876361
59.232633935097716
58.494692360095584
54.642081889836362
70.565094161826622
72.194115913864294
27.172935243938884
64.292329731522756
67.433681191414621
67.494793660720717
66.920665801940103
65.934041140111290
47.718076739015430
77.036003654910530
78.758841939657586
39.850736525952769
66.657312624999392
66.941161930512493
65.511538394719565
63.715602560105630
61.255792898198067
49.910637846719560
66.641250257878795
71.312699412060667
70.747111232172557
56.024358600225256
66.955146787370111
66.829372147637272
64.984749115157229
63.418996489100891
61.514156183999262
59.893531603552574
58.638732751291315
53.131657301658819
42.957550918506840
54.949011310206586
58.880518506344423
60.035531756502536
61.779471099973343
62.558344597005387
62.347143589380948
62.986308809357226
61.753134807848262
77.959482503195872
42.762684879248638
63.855364732422963
64.748535699866906
64.270142074043065
63.365412587386970
61.333190371518484
59.628926797976419
53.906874286771355
66.750737225097311
64.040748220401142
59.925573962793209
58.385764447223600
59.187440229158597
61.593013644768398
62.426090273618158
60.152375334065148
58.839089645023108
61.164572285843725
61.869481561350682
61.000372249207004
61.401121194458149
61.526157193484686
62.298163486278909
62.362536149656947
61.889043221435365
59.874836907799988
60.444096395190542
61.334488963065567
60.426325924673556
60.569821739748150
61.765910078983964
62.365004746388379
63.152409599705166
63.022965990511949
61.989464341486837
61.082660396534123
61.469829910685704
50.409590690138117
74.480171875989754
68.449261863403805
54.116272799427051
49.916861482490511
59.650508323245603
65.790433557066677
65.967323341123333
62.168092286603425
62.565505862099975
62.524704722832347
60.989484951243597
60.534177819026269
62.731185270667829
47.032214228623353
59.231915309003817
63.163030126256267
62.382896785177252
63.030648711599802
63.614769304740925
63.071641202793472
62.734837766112278
63.492795074232916
64.387182854826222
65.115546914098843
65.386665449426346
63.880085387919031
62.512299959596703
62.607772435602357
61.323305884934513
52.453487893606798
78.859626924914977
72.939839706846868
67.300707074601050
68.192001195521911
70.552005057416324
71.022423777447528
67.670757881081116
67.184880221914369
65.543371238634876
63.229886165689244
62.168424662840081
60.556833389623165
59.778921227268704
61.385356927505505
63.226400719250812
63.239821516489798
64.482057844829740
65.835589784124238
65.742227577918200
65.408439526690415
46.135977992987179
52.954439489660999
67.327674277910447
67.804512614775518
66.964335666637510
65.539124948956982
65.635232368961425
64.495131657759728
62.541870496774251
55.027360589724957
78.184400882394328
73.978092972955181
71.088477711618026
72.455719988790349
73.569832401544886
72.756237914470631
72.214613062689011
71.454887170851421
68.552505953207202
66.796692040524718
63.937499942875377
61.269543581892961
59.704252066949877
60.648417486701582
62.160035378088203
64.657407367540998
66.673018815467060
67.666034105290294
68.653359880623285
68.985673276149143
70.648097503314062
70.975631654569952
70.353191345147124
69.279085021573337
68.109086472834520
67.425312536217319
66.898284425478934
65.404324522778410
64.047740108367790
53.349289891102380
76.444535084632307
74.407292312688725
73.476628047192946
74.445836344471971
75.582695814566250
74.680910288847869
73.976840856494931
74.111577580774835
72.063665729222024
68.358349583866982
64.714964080624867
60.959240821835593
59.258490767832036
58.962676763457949
61.157117255284163
63.940831882274075
67.234599182894627
69.824395790165156
70.745550939781708
71.475534845889598
72.311166441841806
72.315139464990153
71.668790395058949
70.452926543833456
70.014414966962818
68.484912191976647
67.726841339925386
66.726863580395275
66.068867952822231
49.945257642820927
76.200431224770227
75.665418285364353
75.023852345167654
75.682234740798194
75.585889547051778
75.492930450217187
75.310996707203969
75.603733740964145
73.530112435288061
68.817421959490218
65.920740796561958
62.178969724391905
59.717798948654078
59.002266072000140
60.262125484608859
64.188235893048841
67.906379161081446
70.544800073576852
71.942205618609208
72.714941071945560
73.213305922488416
72.753694083657848
71.769900459516876
71.051174062047807
70.337935105343831
69.391563274944431
68.356819432525825
67.123214443375275
66.476793525290503
47.395106384105432
76.731565528588078
76.124591612611283
75.031371575706089
74.687828918833318
75.330310760519751
75.456263169115402
76.010639741573968
75.333528525658380
72.669493770692853
70.278592556474052
67.191480997036919
63.091524732839268
59.761363477815991
59.480952916749374
61.120289581473344
63.763966137989790
67.275540715829578
68.679513794819343
71.394545392491196
73.324507328563215
72.345416154040350
72.418061211267542
72.156035174866560
72.109154482068163
70.508193774761324
69.619489986079586
68.157750939838564
66.970219628355053
66.765797035209900
45.886647025305052
75.676172814725149
74.601743939177538
75.422655952148943
63.403825491241051
71.040690817588185
74.370452676887226
74.621955903393058
72.721488592947040
64.879094303507898
76.069700243997204
71.554717146276261
37.942085958136715
55.400873061345344
52.883527210306397
61.802320510284744
65.839831425813031
67.339781693544310
67.992865650516336
69.799920358395241
71.268154864852278
71.265126202984391
49.114625026527492
81.696050472112219
48.369408404388132
70.821498234561687
70.227257080754455
68.082935780831889
67.477540901343673
67.358301101413488
43.420133909702585
75.973939254062202
73.569958615065204
76.703375597734478
53.217365113437396
68.502033649943286
72.656599643930406
76.457638165325648
87.376535953230899
86.374455225772920
76.856292509801236
39.793029827968816
49.878357940242438
62.293042821496606
65.862637830865978
66.920448742435795
66.109980721161492
63.970555908964343
65.629176151478987
66.417584249382529
67.486343799498854
68.323738600592733
70.474236479654806
71.040153279737780
71.304456862481544
70.820448986349646
69.351020034452773
59.962450619571868
80.225084562606042
76.635473147499965
56.742777784994253
79.017686867365313
75.623346332980162
72.234562228616710
72.416816527300185
73.450830967444517
72.553638572401866
78.525910115737787
86.158198989975546
78.162935653303549
70.700536313603948
38.987398860452942
74.347142053003893
72.028915163647724
69.132207191663980
67.391574466216113
65.320924972946557
64.809322506451878
64.404540514954107
64.868734719440937
65.289015193146909
66.407610925238970
67.666186923247977
69.311733608011281
70.198814607281975
69.922671066105408
69.599614531030085
70.028559129993567
80.630241094193593
76.616925777961924
60.808663828116053
77.415647292387689
75.066493138003977
72.710149461937647
72.113636130904183
72.575284805778665
74.993513378727428
86.681903609578171
81.505841228952704
73.589714157146773
69.041772161332787
39.342718879998614
77.448298856414539
74.361848204607682
70.762386608432223
68.556479678661361
66.529371741458576
65.760086725374094
64.406036356684012
64.589997422879975
64.928926493701894
65.471965375428979
66.401169428636393
67.037995169079295
68.057878428713963
68.763458000390898
61.231765621715617
81.030664974324310
78.441913616667193
74.486516884919922
62.902388838529234
73.778665208349537
73.370567522206144
71.710588736878449
71.446457127277654
71.006220693738015
75.927687968393059
82.203115902749630
76.841643968645485
37.928701953978987
68.273558210879571
66.850857957280226
64.237121512700753
64.160543509331262
65.510224608175463
65.912462591033957
66.520234190311001
66.577595069453395
66.594927119221680
66.687676023025176
65.870611900343860
65.489622237377830
65.114091021995023
66.032519090369604
66.412726223311523
66.936025721939487
69.584958811830674
80.910128764710606
44.338039421847725
67.760883848978082
55.714905663005986
78.417898181544430
78.243223286497710
73.948097352818877
72.489672097991573
72.751572547130365
73.000059127224759
71.400036970227532
70.611653893271949
68.743703456683718
67.553593021199021
65.152874107212398
63.508777831973717
62.447912415633212
63.447687380313894
65.195053969959687
67.027614927581226
67.967195729639087
67.935773083733025
68.525384816028406
68.176127912987141
67.626989704452384
66.979779565197958
66.184906711030848
65.785639793602215
65.929162909829614
66.294713076965834
67.079763563605979
67.394094500495754
68.036921820813276
60.239911568726527
76.823531927418870
75.347886995982464
72.182753057473491
72.372783133617943
73.471940011087241
73.961917006559858
72.546936810253868
71.243409651676643
70.055167611384377
68.606718575468960
65.330411374325905
62.197075489834603
61.470655992439717
62.293129090927891
64.626284736153451
67.043937118831209
67.881771197219251
68.765166349190906
70.066117244398342
70.696034142081089
69.846996123610921
69.127103888692417
67.264093767641384
66.538561372212030
66.052297249632758
65.613967500373889
65.086350510506094
65.653401434648430
67.383575056837671
59.774505261051829
74.863668287867540
73.640975915641562
74.907788267180734
83.715810918883506
54.522138885136783
71.083954530879168
71.354894487498626
70.316667210005278
70.579767846717914
68.484728225022266
64.908647869394059
46.483982473137445
47.157074045733829
59.052422295257401
63.733844606842368
66.470011700548554
67.803888749638617
69.596948017133712
71.840608950708500
71.702849444327455
71.505285555180663
59.147491245070178
56.820351496739050
66.918764203128489
67.099949195660599
65.559516793383636
64.273006529764459
65.270254699307955
65.397635963977805
55.715926745816638
75.261805046154862
75.029689539280696
74.632450522738125
74.210020388424709
74.257681282133731
73.835284308479771
71.919634988210802
71.657861934825419
70.461297057498200
67.716180670003737
65.207394789605218
62.975067806412227
61.517610309554989
61.595341980863942
63.303163974406232
65.132951918000416
67.155306996257025
69.665003880405607
70.522090766724460
71.118465696346291
71.682564568607035
72.186129367867807
71.797746136417913
70.433190030789305
69.120630917478280
66.415708000934870
65.835436806316011
64.814947953440551
63.423665793047221
50.096608497545922
77.697722764676456
76.918542218233014
74.487959094337029
74.048629962434077
74.061515455844372
73.393325097424025
73.566749818854447
70.950448037494965
69.570737032417185
67.122966889649248
66.220190545431564
64.030408109837168
61.905088941680305
61.710868580271992
62.881256825683437
64.638361975585156
67.676314785931282
68.570353696427091
69.712325592376288
70.160753622896578
72.138573082187463
72.732805809230825
72.471822113473252
71.586529380823748
70.062092090363734
68.964102746754435
66.948946843381520
64.898476070409771
63.756148711143460
46.777647060242010
80.033834643713931
77.909606695776688
74.817780669463986
74.187494968301252
73.562840341665122
73.933740317065201
72.906591035687129
70.993194249249584
68.673598491516444
68.122174295558153
65.657419229596911
63.807956965442706
61.874710946049369
62.178386219466837
63.060464411341130
65.151130649190762
66.493554699928495
67.829302147234401
68.474377970706158
69.503002277742610
70.944110831701579
71.736134415219325
71.979567610421469
72.049797146919730
70.986774609142188
70.147452714941053
68.588202810795167
66.258124143909754
64.939408995104841
45.588951886084537
80.723605896441100
79.049256583641551
75.553413425737759
73.671954906284554
73.611327446563905
74.276802436400772
73.633001329361932
71.113032564953215
69.240396165179249
68.269125845095516
65.659445535399286
64.277083866354815
62.622029449980516
62.460664608420970
62.879012024951187
64.905683851656036
66.751946866630234
67.448916975039992
68.104980396300235
68.973798350694437
69.446618559359138
70.958226091349474
71.718011286682838
71.798798202785463
71.575822030542952
70.764374800559864
69.506491815578201
68.262957009356668
66.366537865056529
47.657218687242150
80.924913685455209
80.026425225544301
75.086542310329747
72.882251339532942
74.056572807626267
74.711900111811190
74.169037293092344
71.292531145120876
69.765007342787044
68.410241074998552
66.344699098545476
64.434783774519190
62.333706010494360
62.367474633687344
63.552107584712040
64.771195728165324
66.115662520293029
66.774503066960023
67.720631110776921
68.333427491715241
69.190830765253921
69.727347370675318
70.662600255319617
71.046420203832582
71.327543832331855
71.025042275389580
70.370277724413199
68.969407396061484
68.039208885918256
51.827748252406785
79.352450042230188
77.576375835881350
74.338291893957035
73.107042212585725
74.015394747324706
74.062896470882748
73.361173770502958
71.324309767199679
70.733789122191368
69.518742362697367
66.216125072153531
63.903857343249911
63.661485344453183
47.947557388189480
61.625074151785462
64.690391990515508
65.632785869525094
66.338101454052733
68.713144958690748
68.712114575312327
68.484587352841814
42.873762055540126
55.722649572979911
69.427442588997536
71.083688286226135
70.585898008729345
69.844838764903756
70.009624158856624
69.731897185332826
54.252687284401844
78.257025765187123
77.442110906208399
74.433398513458414
73.068385060409213
74.055297556067714
74.090741403748709
72.909807803279875
71.543811662868507
71.227733084995094
67.652348132811667
53.137878687942234
64.236980161522553
48.321710859062826
62.414357373717678
65.197868590007985
66.238394966855950
66.069540868323855
67.527534883253551
68.416547133159980
68.009959161204875
69.031001364716829
80.368133603274302
56.103325660445833
68.849519950241870
70.153576796640252
69.462740916908729
69.828520048345325
66.264884548016326
57.055648375277400
54.998521014205316
79.032186838130130
78.089827000617191
75.953652403574239
73.390512102582406
73.584826891485619
74.333608189071697
68.865244317842070
88.097939294082806
88.095488860730910
80.600205506949607
74.046350133019928
43.528534896131596
77.698455779081598
77.329524889486137
74.356086178454319
70.488227892306625
67.810386391153358
68.100531381407492
68.036492975457151
69.000672627192415
70.370896899135118
71.403195111022328
71.033056284473574
70.800935611201027
69.903382628800358
69.231620507181063
64.043998609436045
81.438883103110527
77.933999031498161
57.045214316565001
78.975864485774977
78.075647721947007
75.421010624350515
74.365264437514583
74.135512300451779
73.727846650623405
79.597808904042552
86.204314504176125
82.050510679699315
75.999978903134490
40.880102154312979
72.398096014891564
71.813746043668232
70.026524696082362
68.893408328055656
68.516288096087067
67.169356309966219
66.713321306177292
68.049027342146914
69.944819760261993
70.693101772835050
71.374784677817701
70.816708795581349
70.670251939372008
69.829963040793658
68.566324439056416
83.077281313453597
79.591454112305470
74.543694060626905
58.158195713552544
79.949766181957131
79.538935947295045
75.477435273981058
74.355879047140675
74.446249365914895
76.106601059369055
85.658673600603493
82.586477383715021
76.407825887761135
40.406855458985191
72.853200319981596
69.790062589750306
66.579452091233108
66.337576922827353
66.677236198731720
67.507199264779501
67.028477202475699
68.035928943645942
68.951312601105997
69.922871972784151
70.954491621326696
70.989635158614803
70.867848671936045
70.494011316109308
69.888096155347554
70.102767778036565
81.696302652649621
79.941195192378444
75.123790659734937
59.594988920779798
80.069648844500762
79.516298115903737
76.040578077815539
74.882657476048848
75.064381727608620
75.297031388007099
75.100164857467746
77.952488753979537
50.304825879049716
70.499083476365442
67.857747854541685
64.847352996920407
63.433650912093889
64.274885900228625
65.927320666883475
66.950172357112208
68.219623122509489
69.051550498144493
69.312668962311108
70.173264567328516
70.601281996095878
71.076828869444341
70.677840651874263
70.598285427860361
70.146585037935182
76.808236533922326
84.307221145083901
44.877420963637498
65.897820800966031
55.712892929939528
80.850544400987104
79.977876949527484
76.844723443621817
75.914322259076059
76.466267396120699
76.393021134305442
74.551971931980390
72.648483421441753
70.898311724468158
69.807376687383226
67.201432541303916
64.458803453447075
63.228018515453741
63.580672334840187
64.614804815315296
67.188982418132056
68.282902292256082
68.937052813647199
69.668964675377069
70.671611376022582
70.193004337494557
70.537300812566002
71.173715551005444
71.221657830482172
70.607889745410787
69.831700495405585
68.322495386491113
67.491310518156510
67.647357394723045
53.981033822884172
78.874180100476394
77.579100455066452
75.548784869928014
76.027868684263609
65.672581317772895
72.513258418341621
72.967621598953016
71.079072302838114
71.782476238643682
69.148660908324686
67.466992796563531
65.110708772184935
63.025728501624656
63.583711520183840
65.191721644202033
66.661473195929872
67.647920958994590
68.913689702430815
70.232346512508144
70.293530259325323
70.085101813773804
62.325064867429496
57.117981073686565
69.737960076228362
71.071802584967941
69.421407652998369
67.931146127250074
67.813904658062640
67.642154014624012
54.778702882507893
79.533668150292471
81.128514907992724
70.006015038645728
73.730397955449007
74.871963202721531
74.795311900906754
72.909070853595509
72.864611265772595
71.475694425355542
68.706421584315791
67.041814443593850
58.334328156144522
48.737772490731786
61.407746810623387
64.439626586642831
66.069725787141977
67.419202697901198
69.717203185614039
70.525357356674988
70.312240768302132
70.370331468641723
70.595790908814905
71.441256521694967
71.727113764214778
70.884569137182268
69.859993842210585
68.391715544053511
67.576210801243249
66.821133652119627
53.047121648800164
79.792746233002134
79.582753233946875
76.967716643010391
74.621958087709828
74.316021524973848
74.468300979737194
73.771699558165096
72.179815049815801
70.262331967723043
69.108559901634280
67.379195387645211
65.147143178473826
63.951632808062911
63.457676452297036
64.316935304789496
65.748002377514638
67.421887738730433
68.302555365787043
68.969136851212667
69.722442627552965
71.300256184182118
71.873671407256225
71.206149656531963
70.609230119533237
70.681511550132726
70.454150155373398
69.075408076330262
67.616790910695400
66.753836996426543
58.950890098707788
72.082487483736188
69.404686056093311
66.525762082231140
65.302244400741515
66.915806013675862
68.638043431475609
67.325818338163231
65.589555855115250
67.481930801262607
68.527248102554594
68.559049444268126
68.022975406748358
67.734147391965166
67.362936645315870
67.475367805864664
66.993402723840532
66.134750101389542
66.513472201801420
67.199880311681312
67.431965231092050
67.196666941231143
67.660339449000986
68.549812804060480
69.178452130690800
69.282951533482318
68.456502613663503
67.343493443251873
67.152412213370312
67.186784334612668
56.665037615695944
80.093897494012467
75.023528082188847
69.846759561765779
67.951571639917688
71.385887492916979
73.367337400740524
72.255303181150410
70.196925424212949
70.559094894994956
69.963176612608052
68.811231188088172
67.365938602021430
66.206371611729452
66.002278650526023
66.587757404099520
67.330868901743642
67.183947049332389
68.959741592974538
69.328379034876619
69.390293547382782
69.836274433574999
71.044151697129308
71.836837259132238
71.966307302069296
70.981769999987961
69.683849501591723
69.306331084298407
69.352898400474743
67.627346971146167
57.636115667209808
82.050130546660654
77.956853051004671
73.549433548460286
74.154213063728250
76.708889210609172
77.653400590884118
76.631112468773793
75.291446911230210
74.293999446750917
72.582259482594736
70.471974208001924
67.265324140887088
65.821469325217407
65.249138626671282
66.721492873139610
67.930127898129697
69.356877672557232
71.249692332059851
72.365282261095189
72.873888914965249
74.094727174256221
75.190241045933760
74.954312549509211
74.350477047903468
73.575366229407948
72.179423764069554
71.977215971583746
70.822593511279976
69.723755634159843
57.307894811063107
80.254718955697015
79.137793073250407
77.418708756491114
78.919143239681404
81.285103541895609
80.723395255898311
79.906889117653861
79.293100289233536
79.093917689692034
76.098601929149027
72.274891408657240
68.511552251585258
65.851794215766958
64.277648433195296
65.372442639659255
67.366620117383462
70.511013044160620
73.471746690146844
75.678330788688982
76.848547151193102
77.534226601420130
77.783236093795196
77.522674454769373
76.569255937479710
75.195344358986119
74.855284798248988
73.928678680605557
72.704707759922400
72.140227788774354
53.517620091533104
79.966722285266115
80.659947648511093
80.939015560045689
81.941882417546097
82.588813038451605
82.437596794496955
82.123252938711005
82.490187567157392
81.784674236974240
77.915526675289044
74.055811698546790
70.612021020540396
66.230241068319842
64.863038786309005
65.410496832685695
67.993937558172362
71.347805156171233
75.251905729544802
78.012202844412329
79.504866979043896
79.189708590778125
79.124926549755415
79.187348131637336
78.765965571604539
77.810154649427915
76.449758165061553
75.442271406359737
74.796947990698300
73.678732851830858
50.497106469980672
81.448870726882163
83.027718398664518
83.009397202435935
83.893780420084227
83.081829202458593
84.139836444681549
84.651326322886817
83.987866825237518
82.878982879969215
80.126921933279547
66.641454102531796
58.921024194014556
66.674443829478207
65.240731359774387
66.249906336322638
68.838604751046688
72.797190175103367
75.671553788894215
79.843437829440163
80.707824205974433
80.254247702541392
79.515794212254704
79.254526872221277
79.744379467146302
79.085523077834381
77.605969955281608
77.097288873839972
75.659805751129284
75.493479707730444
49.363446972663738
83.000258720723508
84.253048473263362
83.403193048035178
82.636788227659480
83.427059826066511
84.557758532437049
84.297730089580853
84.194375819049341
89.316311431006994
94.044677271529906
87.210961429524076
77.769648281692511
40.755416418191189
71.724043301307702
74.902139848078761
74.869251419036047
75.338465524686853
76.585979641326091
79.473427305025865
80.550385897602595
80.572915500267044
79.986882405362792
79.868328169482936
80.276540778996988
79.898263778933824
78.511219780262877
76.667373590227214
67.263202414138846
83.774395464801188
50.185051807925745
87.262782329618119
86.606500863184678
82.802752460360097
81.226182164902951
83.358987451517763
84.082096905242039
83.148712474474280
85.530190916149564
101.410028180365885
98.131864294369933
90.258326895099387
81.905575785288903
41.631679129879217
75.582928210070961
78.243792299496278
76.339308723938871
73.597752425238511
74.715212659636236
75.870785263019116
77.762248469673267
78.570588812440036
79.342304303314009
80.450572915078965
79.948033949877441
79.744832000795668
78.077068379442196
85.255546756917965
90.791943964752505
86.611747460137281
60.228659940064979
89.342811616443640
86.106118066795730
81.587095725320680
80.946199772112635
82.062954362693233
72.501219254866740
99.633620369647360
101.517905205295364
94.968329273588608
88.851731120783825
83.545475361297534
78.910129860184185
46.338187626116529
80.991126205160143
80.476852230543130
76.681464626919166
73.168510887572637
72.907013922193784
73.329433777713831
74.370651246460099
76.249772491250695
77.678974031999857
78.371842721682256
78.988673082075977
81.013456606530923
92.276512422808082
90.419865661716912
86.448360258212773
81.823212348616309
73.800153550109130
86.394716564275058
83.654689271677768
81.003996210356277
80.762613908662104
81.577365827795404
76.917605989241537
95.165097686510123
93.858182857628549
88.177581973508040
83.394227219002829
81.363021938772789
42.014593052600858
82.599999104322393
81.127525217503432
76.670372052967267
73.723461422973259
71.983547043899421
71.315326757500443
71.333992626076736
72.075817478847426
73.533372034212505
74.634510199210197
75.834819055011096
76.879487247884256
75.879555776410513
90.951167267408238
90.244010771457098
86.165318532391836
81.800991921448087
71.260383439993234
81.825138134205801
80.697715429067472
79.424904987967096
79.271813403675182
76.467810880084585
92.948139755286604
93.843498765318515
89.022870703461649
83.872641071045237
80.651609122790234
38.375948735561096
84.401382365485830
80.034400317845467
75.407189713334532
73.092336047261171
72.427651486329182
71.171602904163819
71.212351700126803
71.596493871219252
72.084759688454170
72.604759467507236
73.130951413633909
73.802279872112365
74.399050087972768
70.112498173284479
89.623524425891503
87.941990921230641
85.355059376123876
81.806822998159632
64.866058718671525
78.853170433584381
79.057564511669526
78.556253209830686
77.905136621308799
79.995422002196506
90.965146607116424
90.936024643160778
86.146666064016728
37.413042929922490
78.537280117306267
75.528492904558505
71.330899645953650
70.599814064408477
71.265980452920260
72.033143630095751
72.384050987564038
72.526286909532701
72.919994256970384
73.342829260770372
73.099044986285378
72.972384215685921
73.228339470397600
72.918768948988671
67.964177536339193
87.402074207538277
86.944547724719527
85.123077465102341
82.104617586910820
38.777868291721745
54.187576864725237
86.551247708847811
85.746861359654702
81.714017182883509
79.454388288502628
80.799781003142726
82.208423522921350
81.748502003666971
80.994141707081610
78.976115509749533
77.062532925902389
73.805836332860494
70.919834446002668
70.140635120224843
70.184778935941125
71.367472093053081
72.665931131023029
73.668080161074087
74.271716702044770
75.651679123064795
76.021835347688921
75.085252532388552
74.542049210198400
73.914259380626831
73.084333967833516
72.669350338885891
72.968994458970386
73.435330026644721
74.388557477948765
75.914576857805429
65.957278046789398
80.226080752093836
79.648547659164606
78.177443290382968
79.096627137889115
81.065518680507239
81.781983742374777
80.606270426621080
79.830985517281846
79.909521237374534
77.702490073537234
73.936828833603869
70.692087908028270
69.682285556854879
69.510072401972081
70.584936790086360
71.757654454294482
73.094201492597733
75.795862847343884
78.128944190021429
77.872602638574165
77.615694693183556
76.833100809053889
75.529745299129360
74.001356171451263
73.206944256956405
72.681433287540003
71.768454998410348
72.763038362142481
74.015591406741379
63.755868300212001
79.093897626800810
79.555074848707562
79.726449986931286
80.733245113400656
81.741462086711010
81.397967193373120
80.111786412548412
80.289565027624434
80.372250442538046
77.522868092186016
74.861913686353191
70.707212510227407
69.076932599557082
68.575548892805998
69.405617764324504
71.281505878538425
73.348195225463343
76.383601657491482
77.951075969596161
78.852472569425572
78.983595646025805
78.816194011783494
77.619603445065863
76.024684552757066
74.350909850217562
72.718045064989411
72.100136928627734
72.197656670005173
71.436420718673133
58.409012662319732
79.522883409408692
80.653978470163764
80.884070411811820
81.308724587567212
81.554140681721393
81.055313174996684
80.870660833702573
80.561141990820843
79.278347277161458
77.319075097822861
74.699189887942936
71.666667850180289
69.057901267823070
67.781069192252147
68.260176919551824
70.225058135428952
73.284833664761805
75.921044233749214
76.957068695582223
78.389023782463084
79.314738500794761
79.546417794487724
78.926057371916414
77.671610437614575
76.268569906804117
74.392207943460321
73.240774405389544
71.692856715060842
70.809834868097298
52.585995710041530
82.118356813652667
83.277134431472433
81.765068242809448
80.875373751967714
80.272056418268988
81.184173113898552
81.094192001600490
80.140715816656225
79.104692727404355
76.971053700981670
74.060439084319029
72.504170171632964
69.152849170285549
67.441698237031872
68.156898722077500
70.105631275382066
72.842134222837856
74.630824038673936
76.190149831149853
77.748763581332071
79.101842531185156
80.062209353795225
79.842594437561857
78.935039856531532
77.989696297305215
76.571144399590850
74.522688472745401
72.728800059533668
70.977817354529066
49.322156249079534
84.492039102402487
85.061453562904134
82.857373216329933
80.690594197587330
80.846380820590610
81.377648374246334
81.564278139154894
80.075506853532360
78.945504968662974
77.190967689385218
74.718143630588088
72.397426040086714
69.147213339739181
68.114493179943452
67.867321409634883
69.438817438078644
71.500561787355963
73.560281064246965
75.301576705465962
76.465115624326870
77.785339216700692
78.822217529549278
79.650990468155925
79.881542148788441
78.729749528015248
77.727348963503417
76.694379931715872
74.639558092535708
72.289777631598014
49.386538471281199
85.455185933362088
86.312015813339457
82.677326392898991
80.548388136516436
81.586468063345734
82.919753032249361
82.192396480200102
81.155430055101931
78.591919104926021
77.412313097504324
75.251715931673516
73.135525059313949
69.583643360850715
67.968366466928487
68.327699178499799
69.423551446521984
70.860603958510950
72.758259683848621
74.446101249462927
75.824647256061894
76.852113714226832
77.613255140741302
78.718489663538222
79.709893578219933
79.125529518766996
78.955060925189017
77.373047183529835
76.362789082634123
74.520343116923726
51.765847996047547
84.774609068874412
85.471489335649650
81.587016523700967
80.657107713769179
82.498677269079238
83.188881024193705
82.659836453626042
81.232629782946802
79.252353496528229
77.960973473617571
75.757783407970550
72.354037953353867
70.242262692005554
68.628930141934944
68.952067936826126
69.353113387280473
70.321231421148894
71.688761032360645
74.631118995867325
75.664695985677341
75.699021891921575
75.810772224728112
78.049196825340488
79.257121538845908
79.085825539247139
78.699047201905287
77.455274301890597
77.732274187268970
76.334728867671657
56.034558735893796
84.267298376061348
84.083420564213981
81.486729638420798
81.211147742525881
82.379753412424236
82.771810962478071
82.281970282282202
80.946218513921536
52.325796247275782
91.271578199570470
90.895820922372167
85.965712470212623
80.249454828356917
43.427100867230408
79.320873773459880
83.824813412189712
82.174361845843791
79.521862807290276
78.696387531496967
77.730801990824460
76.780513526855913
77.260708781147386
78.386977902513209
79.017879227296206
79.201387319938590
78.908329400312297
78.230040425328070
77.623662467405325
87.202151417632052
61.576286321746032
84.915379363762398
85.900135703232849
82.937645046098538
82.195802348824401
82.515275351142876
82.591368357920231
75.438613438834622
99.504930746286092
99.536324055031912
94.354273583400783
88.065099389697139
81.718437239477907
48.042451564929735
82.436067343486755
84.367376596514191
79.658431524013736
75.806938739518614
74.426703128416818
75.773539485394906
76.661488849527842
77.199504062370153
77.426362391956886
77.573866842361696
78.417786256657791
77.998087579147466
77.690464001112247
81.734329932912885
90.063958349187402
87.964917738434650
62.673634281986587
86.111716159249454
85.721298239381099
83.113968110898554
82.156190903201491
82.159890017195920
82.348387114963984
86.661942200909351
98.362069055904840
96.373474611061113
91.511885112040659
85.788722874340294
80.573185609145867
47.224863482665789
83.559696548659673
84.568906915003112
81.077180536056460
77.060290799057015
75.084229454144491
75.988215620010351
76.680893964536239
77.646791403166617
78.134524830685095
77.871679684153634
77.754661760057132
77.090385884398245
83.522945161030847
90.264599156032645
88.439798631189532
84.971777342811947
62.997176737028390
87.985627216064046
87.614756945183757
83.718541485150212
82.037042565219053
82.034122859751960
80.392833737150099
95.064291646376915
96.342723863474632
90.867284041414251
87.516193674283471
83.753791120876741
44.210019656251546
81.777285917219032
81.809707531985197
78.213875687114125
75.452171974484770
73.701452443389840
73.987036301039495
74.766100750522384
76.558610624794781
77.930811580031531
78.313966944094261
77.750904271776932
82.848830952783857
92.363335680072396
90.612909895254006
85.613910756947476
82.427075888274715
80.090209774780604
67.444484569707328
87.518447644704253
87.599445731994223
84.728989961353705
83.280406715231905
83.154642044845644
82.888022285491417
93.384832773162856
92.711255595854880
89.195228793300913
85.967073644353604
39.135520442763294
78.086363459971551
77.669818269082242
75.678026542714463
74.475833158586752
74.195443109741049
73.586891583062567
73.947397559930451
74.967853372145356
76.506312722831211
77.830969528194657
77.988754850129595
77.735129849378325
81.187674277056345
91.948448951366444
90.670993507868630
86.881701363938348
82.551786123357459
80.203530471229939
67.640433963501948
87.191034555881160
87.612610061877149
85.100258301590983
83.513846882262513
82.198904468622686
92.626867019957274
92.963431287093655
89.972392890349767
43.235909223452701
80.354872382130893
75.609576263817331
71.415658896246882
70.225969769847339
70.700947470372967
71.778801578243375
72.305045247802312
73.236781129102638
74.708895371594295
76.443257771400994
76.995673369655179
76.978556882805918
76.883186123281519
77.591755422199554
77.741797749058577
81.569598830306802
91.580681172229063
90.764589523811480
86.146275946617166
40.662206123112632
64.010140015633851
89.547917375262088
89.315373899994157
86.941419398344465
85.707987958587907
85.467952416976928
85.178190841434827
83.698621026660234
82.022471896347511
80.728481765435419
78.735653449269350
76.360379436923949
73.300516944711234
71.591104585163805
70.658921109995873
70.876506585530208
72.301804504252019
73.430041112520215
75.231566969863451
77.208500135805551
77.006912679084792
76.555216637925270
77.080161469147910
77.539558353669761
77.927829573037329
77.388337766236361
76.713461023607252
75.587072666990693
75.883936560826228
75.470955810914631
59.338746507952486
84.571354020479433
84.896637760804992
83.039395091814470
82.752013615808337
82.691633941179447
82.957015158261029
82.191396826445811
81.790664119884241
81.239025982854855
79.748957328305067
76.720644748595703
74.039968592758342
71.632442823122645
70.542173539179771
71.368895088887044
71.987284100389900
73.250719729992440
75.927568541478081
76.456647109914883
77.290884550721003
76.935497049890827
77.135926649763405
77.970671428405140
78.164957785764187
77.710451831251760
76.583917249596738
76.274105819384019
75.889278931156099
75.109973438572752
58.727956180641179
85.221388499732043
86.401902129268066
83.772571151576003
82.917837467498970
82.562904994187377
82.676349592571754
82.300109401610911
81.616070724553424
81.482902431007574
79.316608771996840
76.555917093684585
74.424787645897538
71.457904404106941
70.658460946140238
70.743973689850463
71.505955768921325
73.250767633398524
75.443720188035371
76.400326762275810
77.182952636686920
77.437604443081142
77.650597746076727
78.096508539880801
78.283328759472283
77.470447129302698
77.281369214349724
76.448518274812926
75.730763914384937
74.763693438213693
57.672662950269405
85.766407532187742
86.734125287230441
84.234423801061851
82.238507827984193
82.456112971717531
82.436222581755331
83.166326094944381
81.961247534346342
80.683857206834446
78.830697443081846
76.857047262240698
73.996144003043838
71.876894707600400
70.810875295130032
70.335095481864386
71.467244762866102
73.254625816651483
74.495606484328036
75.981019341027519
77.533987568556142
78.140099946918383
78.466513434210640
77.951568412285681
77.780607990071942
77.680506450594081
77.432315726878727
76.767795450268949
75.531444416091290
74.821559173512412
64.259292335111539
77.547535936173460
75.804232390754194
73.572954040786357
72.952298582313915
73.995747517476488
73.986411773517929
73.109528506891451
74.056789269840564
74.909097249505038
75.470620003499619
75.333585726358749
74.427180084046597
73.664335655218338
72.679056301749739
72.265087393766578
71.630636641569168
71.735466311844306
73.079711193978227
72.991347473421442
73.631358033737143
74.007701372077904
75.016396569115145
75.603775786810360
75.405026444303815
74.727873055469246
73.808238569964615
73.627014692261156
73.544853698537437
72.839804722682089
64.302934102844105
84.770669915808085
81.149496267742251
75.680897623028301
75.884507151936958
77.595372816501850
79.230022956413080
79.685596494178242
78.615976876801412
78.281244078982382
78.061337730376707
76.532120432575027
73.921260894836664
72.432538669682629
70.948036061573177
70.451597761032545
71.350087599909187
72.644659708656434
73.971305841231953
75.870032593198346
76.482621400468645
77.269523596797953
78.086911500844195
78.568203232480414
77.949919335762530
76.442163149806760
76.225767180754389
75.438874715007501
74.811718839750512
73.983631831015927
62.211699172458829
83.650971769288262
81.437250809440727
78.849085095314422
81.431460024182002
83.678581891726722
85.217735737417030
83.650055138842276
82.988058157572823
82.939665825606482
81.575692951503143
78.050588402583912
75.038532167086331
72.408554287431940
70.366190164333617
70.129271134460694
70.845564919081070
73.306162497270989
75.893598105263223
78.806987090184208
80.457153007307852
81.136952997185929
81.967034772341975
82.163989320219102
80.506782029593737
79.591745525831584
78.447393786301035
78.441744315297711
77.593203526066347
77.128338099383200
59.081601674120094
81.929385509342794
82.718198711780531
83.712288462215128
86.468517236830507
88.657759473217709
87.497505675701774
87.703073663339524
87.340061029480893
87.886880894025410
84.810262285570531
80.240152740624168
76.557675687552418
74.147449793960618
70.513931090427192
69.452286072191555
71.068729767744173
73.907356206561673
78.253016809667514
81.868636873720021
83.228209846497165
84.610822149088264
84.449320230402293
84.496967221453360
84.133719153261907
83.286672699129213
82.303169439054244
80.619624163127412
79.798567429369641
79.715759277789630
54.224234766108346
83.525928653536042
85.100399145112235
87.360762753162561
89.898119656898899
90.327090448798572
90.936691522882882
91.029151630088705
90.831651009304665
90.903943167941250
87.545214197089663
83.524537030747695
71.544382262236255
61.674443044213838
70.911077859196865
71.558871893724600
72.103804598265043
75.089300523641953
80.266162492601126
83.943122712114558
85.995581537346695
86.337149247253450
86.331753351043488
85.994766565800660
86.545789534805152
85.805260486394914
84.420242442835615
83.207618878401377
83.250369142709630
82.943565461267269
51.159347807235683
86.684399275962832
89.313888553126446
90.595727145901733
91.349001904237099
91.163212632927582
92.365820716264096
91.982804487281854
93.181146447327023
89.488777831171376
101.318609636117216
98.574610095675979
90.369907905919490
82.485677732844138
45.977733104864598
80.476610641346014
86.526506116002679
87.708620700170400
87.779696543939806
89.180048794097331
89.435294463174699
88.037953818691079
87.720343807422651
87.833504395591291
87.404616582506435
87.652190552003901
86.201309122941097
85.576792887815145
83.829516061303664
91.364418365320532
51.016741114619848
92.935956827753344
96.263140616823222
93.440524909678729
91.362251070806479
91.342978735189320
92.419325310329441
93.374257582338572
89.249662869211619
112.383452223183951
112.623480376158085
106.515383994835105
96.679930987758667
86.356985568073611
45.820094242781735
81.432978472057343
86.814736015649103
85.814515328767584
86.038060629896250
86.662171501381806
87.424813133320157
88.017453344401702
88.806864792978814
87.921731647678570
88.179881793262240
87.105403858510385
86.679592275110821
97.934535630103952
100.898314332358353
96.908905660069394
62.293014652472650
97.551854759698429
96.867414112605246
92.777338246612487
90.948853610234409
91.335040259775013
79.305194876174554
109.477030017374204
115.011802547713600
111.929024028290272
107.148155543649949
101.709554589221824
92.232211854350254
44.945435060683828
84.032984919138926
85.249805593277898
81.393285495749765
79.361108550822891
79.667497623751075
80.755628637064873
82.811909547801690
85.103962429032791
86.739446205537078
87.657437686878893
86.916346544974147
87.049385387578241
100.990082188886447
106.084385967247627
101.932002593102965
96.704597030437100
76.882353324428465
97.506378380439514
95.821342640801873
91.643904072805555
89.740081238099634
91.054382396355891
91.615426664996320
109.674083157821485
111.315096565925103
108.545127483033440
102.153582131765788
95.921637925402308
89.483736058069894
44.897987243932690
85.064644309130259
86.180842985440790
81.995359220239166
79.646120794427759
78.311715671727853
78.897173513810600
80.727545621729931
81.868235638617023
84.368952409819769
85.355755343752094
85.656638386384714
91.415619553389774
102.502417658366312
102.538531089887229
98.169255954439080
93.833808965866666
82.281916451433290
93.641370140941603
91.021705630238756
88.494460545909106
77.912866171382362
100.585701363371001
105.134780295217197
103.604560020363763
100.128606883096353
96.824182615690262
92.906072851295363
89.748094023565542
42.303766785177295
89.419320535111439
86.893895373745551
81.857203661499611
79.003273025179226
76.960902947355166
77.217030191131329
77.692657218493807
78.197137180162244
79.666513307373037
81.333356610621109
82.612199071164611
81.772306690441624
99.576882507167710
99.533866175758561
97.554175064918837
93.756102836510863
90.790806758403789
76.563467716264228
88.507044004047955
86.933731328050158
86.101366281979807
82.017302755920639
99.322502593735976
102.911363689816568
100.711550626309275
97.283285842954598
93.872017065127679
91.476388064749642
34.804442797669118
90.697624589685546
85.949032595492866
81.678428781062365
79.198042878227213
78.187873382513217
77.221802872672910
77.420317699526407
77.990760441363534
78.711002428478537
79.224322042827922
79.474422351964108
75.581816764573347
94.203533453916236
96.411084304865057
94.082494694395677
91.656824909392711
90.356463902419648
88.952140919169778
64.535202472363395
86.690462476052204
86.752988981787013
84.256999623152751
82.370234759301823
98.104586484682471
100.643007185378735
97.354755091818845
95.517792842517821
34.322493757737455
87.604674881683209
82.538888566670806
78.418125538052095
77.765955345995934
78.792609085542921
79.245682052398408
78.550997991857358
78.126090388617442
79.063082987293143
80.064124842565036
80.306876166325821
80.157320544586412
79.992942724909796
74.096637839845329
93.496435161029254
95.119937673547057
92.156020109356902
89.481278525796000
41.663585053080666
91.977249420704467
68.905195521372036
90.456138436577561
89.286296080942250
86.068508111463842
86.188477479612416
88.769594405908180
89.809067280911819
89.960779718551692
90.241798697468269
88.942709376132427
85.856220623067031
83.029674781755034
80.266417281574874
79.309375130961882
78.660688904683013
78.035956203055207
77.880066298805360
79.056148435490911
80.797774441193539
82.559894104219850
82.514701325876672
82.179272127331629
81.753123073923163
81.104066740341025
80.760677737052490
80.401298238144363
79.651065868806825
80.364663488187460
82.001028145313626
82.722470655781393
71.213652704576191
83.932529305711711
84.814806847832514
84.865082211541733
86.716653025546833
88.126105529359876
88.720241860377342
88.825843049716610
89.384785822395784
89.875791994787150
86.982068558004556
82.532500392794987
80.690194990502107
77.993019299006207
76.353304554151009
76.112746521022117
77.305204432991331
79.041797086022001
81.673955220101291
83.969025637207466
84.992071747801447
84.155644728570138
83.954438849238329
82.616486555699396
82.039288179810796
80.860745981682911
79.217481133606043
79.397281513175471
80.052780746159215
80.543589210142869
67.339626485563329
82.245605112915541
84.365731625078567
85.444765353599593
87.206715054000824
88.205512907645542
88.804019538674169
90.042229022175661
88.934955107992693
88.906852645211160
86.879670959664821
83.422450526417265
80.330037466072824
77.359639429953134
74.961354332321363
74.854275733864341
76.663263021020029
78.622962752699195
81.995157039338082
84.228002291754763
85.482412150174270
85.663373909389762
85.743958396893277
85.246678887255371
83.071658450869990
81.893871678183999
79.942898695683539
79.399389180468631
78.571234657785240
78.436078504301562
61.305700425200932
82.853930436931705
85.856473172959085
87.180360393230700
88.061567462044053
88.198554562665819
89.427724496596795
89.194151629415700
89.206099177551494
89.020756092668819
86.930903669152087
84.289906380200350
80.220102629918387
77.292189306047561
74.544726349963668
74.742011237543963
75.684161045356660
77.571101292242986
80.629242217433557
83.186735852953205
84.999417095231095
86.061944536168141
86.646760144905187
86.490312516485815
85.406717813629726
83.291010963256795
81.846565481433373
80.240257516017493
79.438965511094040
78.114541725216569
55.576094931260961
85.469189404743830
88.285020334234503
87.810115805566312
87.300778208603930
88.078998533317076
89.216110025451570
89.808959075428319
89.172702412718550
88.447396908306757
86.728157805079576
83.971441622984486
79.900662968362539
77.142828040475564
74.623544218006955
73.588792722491064
73.914041141507923
76.347490722883492
79.150571226705679
82.484186246328818
84.306807240377395
85.149624354046693
86.587704736725811
87.265517820326835
86.941151338153730
85.264322946604608
84.041769499217338
81.906226378811596
80.763503069241594
78.933073019644866
52.874812667494098
87.872179704196085
90.671433206659302
88.038752367663477
87.221529682843027
88.854176688751764
89.732220240642874
90.066936036490105
89.729658092931388
89.223731859420496
87.169796168461460
84.055459819376267
80.557507707039321
77.527221306050080
75.187922798033526
73.322885999669992
73.417723808921096
75.021523127286287
78.504388162195383
81.164355834379606
83.160933836159217
84.490614003549197
85.355578509808538
87.186659552625486
87.708178507434184
87.115250239017968
85.874906442886470
83.903844639230840
82.150437532228921
80.532530360030293
53.602431594389962
88.562006743356264
90.748572294972703
88.544043936876875
88.360885952866340
89.867561202491004
90.769400037801063
90.621645972912731
90.396159961401764
89.585278158336166
87.575540195671110
84.310141834682781
80.649309683569996
78.010138535064428
75.128818967911187
73.853960336904166
73.506447407237260
74.341768222216970
77.136516161368249
80.915222794761419
82.151786450037918
82.763684960991355
84.400208142737313
85.765509326430717
87.248764520725487
86.897036518309122
85.962526421493010
84.869324116345553
84.595961494576912
82.683081687139691
56.429062935305431
88.782225707115174
90.859142562649325
88.887337161454838
89.373339046882876
90.340499374833058
91.108279180754977
91.062011734749404
90.934806391335826
55.127373315105366
100.312252065813439
99.927518893568049
95.666238789120484
89.830617678643932
46.660025634219295
81.706588796171204
87.802261982849330
85.867493494611779
85.783431607019864
84.994366220661078
84.628512854392710
83.846092438620587
84.336316631489751
85.760361882128208
87.103637993640234
87.785593647386790
86.386708169647505
86.450146370640567
86.245195019256698
86.585025363337280
62.441978180455948
89.878315353960772
91.939200850051435
90.515378102494253
89.930698894791902
90.592924219848783
91.424590442545707
91.405736377812104
99.172787076034339
112.121099154977145
111.397616111623734
105.627200906664868
96.393558816930309
88.819627001308305
49.427690483928771
84.144141835931961
89.557689806725776
87.942431697011187
85.155180124773125
84.672228612511432
84.557985640475366
84.068862916075304
83.981430123405175
85.076235077607137
85.904255150078328
86.220105437016485
86.468467697665858
94.237438117091742
100.259445255780705
98.346173153525257
67.283790146794715
91.645424290691778
93.644490322320820
91.670580475846776
90.704876112458152
91.028638540539362
83.263096002624906
106.766596567556775
109.112278536590537
106.779786127687686
102.374013479265855
96.573098096660715
90.403685473521449
48.733578006386402
85.084174316997675
88.145619660482652
85.103332227989824
80.917867489109469
80.227500265576992
81.662023788578210
82.743470388118681
83.886258259379858
84.272482226121951
84.500175714595485
84.999648224718499
85.268672575348944
95.951665626766868
101.121510250867601
99.881092232219558
96.101207487150930
68.770320093581915
94.615696726966803
95.521948339543570
93.361747712299973
91.113230904415730
90.178186269033475
92.208575498344203
106.811613087451548
109.357591334376110
105.685330908479571
101.190596526418403
94.869291273522180
88.488283212709149
46.504416674218945
86.160562091606749
89.727244883405888
85.534970708269441
82.587985355153506
81.007629490712404
81.821447778110524
83.383361354931424
84.161860073616722
84.603120362764258
84.436057996035160
84.012739074275530
96.553636191765747
102.524177532224883
100.101906863164913
95.576323092007712
92.790142678996759
71.700616593965549
95.580570832580776
96.451197701344157
92.484304507757813
90.499802494610861
86.143669534204577
103.700392641504521
106.342841803849126
104.231683658801501
100.175898651178500
97.630192051172230
93.322091032056903
42.107247588640284
87.675755938937414
86.713024287365442
83.271919219824326
80.653352958347853
79.655827951997765
79.815562211391892
80.876993849359209
83.107215985994074
84.429843720222067
84.461644917082708
84.574137038707335
92.837740058790928
101.890189769023479
100.208561849736043
95.993646810396143
92.923553878582439
89.818925654512753
75.187396095928662
94.242070243510810
94.501012612651678
91.930325797317806
83.480548427861379
100.587935682468327
104.147896627810724
103.320770536790491
99.767149051872991
97.155250720741805
93.410726937590084
38.988942565179109
88.204274911951245
84.537167151798542
81.080108133358380
79.833576082111378
78.909869865667787
79.106916237187903
80.233016971982863
81.711166304800912
82.693751935264260
83.059527678242816
84.244339918137442
88.020880502328708
100.289758283237333
101.613657034246444
96.960184161382443
92.321529976035649
90.740776574331889
88.306005070529778
76.328072240786014
92.755781061445020
93.781339187069960
92.108494202559484
86.300786341337869
100.511041360516288
103.057875195657914
102.428845442973355
98.857477435633257
41.503185031130450
88.447153944796696
84.259708278359938
80.284314498423527
78.601865530542128
78.957801456264960
79.237070693118994
78.092381396499931
78.806184641784327
80.428798809408249
82.390053380531938
83.044873309284469
82.680038725631519
83.565945909854378
84.684552060088748
87.228193363554240
101.034333042279812
100.336013674484420
96.398574870106330
42.763271660248222
85.310567159901552
68.413395582824620
94.471735854610628
94.684792751259494
93.571145709130263
93.917295649895706
84.124135268873019
89.655512182510904
91.248471871454157
92.084149106494991
90.383812503880549
88.541450186856991
85.469361576867513
83.644857203870615
81.821897960661090
78.927264949673031
77.293642604684038
77.964941785515421
78.797945967047198
80.788732270386234
83.110888234887682
82.771264890418720
83.590465672342944
83.522524405793177
84.740239777595988
84.642643723778335
84.230650957284809
83.687979420524272
83.241877350770721
84.109146656415760
83.432066058899494
64.580095465622506
90.746623345269228
92.439257280145000
91.153535840737746
90.286584532971375
90.740438024336484
91.406834744947929
92.374388701090012
91.619353041545466
91.077367751481376
88.757961948651456
86.277443965116603
83.765909411981468
80.691899175638127
79.088813888479706
77.715511526222741
77.109621514904759
79.098856574047218
80.847499188354078
82.665969288370903
83.447615121820945
83.403175452111668
83.619740088350113
84.711901721702603
84.887480013827968
85.078777823181468
84.293810548426080
83.506636404771285
83.931985472984437
82.929273443946286
63.849741568928543
91.373647046830385
93.536810153023126
91.078069839318147
90.126924754818262
90.492758980300209
91.090478555837734
91.929649750269093
91.371938519101448
90.941028801976969
89.381388498149093
86.519862437667371
84.003351645319313
80.932312305949722
78.503994606083594
77.085717630764378
77.877225564100584
78.546427423364676
80.694571552549419
82.837015835781102
83.645349764313806
84.287183228142482
84.758750479898168
84.981798092757984
84.882534151519650
84.956744555777163
84.729361344074150
83.959229888281158
83.381096215609716
83.273336326770448
63.873594201582762
90.908091396419621
93.209571780532968
91.074780822603117
89.958773913216319
90.756146992983162
91.271635579635415
92.008616531166354
91.558129962380505
91.181210038715847
89.570962017316518
86.260230250970721
83.195899456192876
80.944902711535178
78.390988662119042
77.227137991149220
77.632455807241868
77.998253397259319
80.509512488418494
82.765345729856620
83.824766977983160
85.240728109470439
85.047543288516280
85.078938969491901
84.787005034636394
84.832701310758097
84.146346096769193
83.966413587276406
84.053780108527590
83.305595197861280
69.911763884070339
84.184283308598083
83.434748396502513
80.720703395557251
79.928306592582359
80.097864987826881
79.596185516377730
79.946104090457453
80.824925990776066
81.945847609626952
82.429507941408616
82.020718810457282
80.885651803900089
78.834353514022837
77.621265151636521
77.505010710680253
77.466154360235237
78.085330192132318
78.873373178299033
79.416391746083647
80.559823439017237
81.209383427423518
82.116776028944003
81.604578234204013
81.241964657993591
80.683763962459011
79.951198206789627
79.255731910062650
78.787630535594062
78.802683777252255
71.823591850103227
89.333664848181471
86.996048578588500
82.690360726076406
81.937734843115223
84.919788682831935
86.999398594813599
86.679186379643113
85.851445645342864
85.911635961629429
86.105128967490060
84.416898994716547
80.846739220579607
78.829076215428728
76.716557813684943
75.693668805510754
75.818387332645727
76.937172307130297
78.856413202489378
81.344501495577617
83.060250396011568
84.569317634827044
85.048485222769045
84.532276093886168
84.250843879433461
83.052603513680623
81.882260798286069
80.717541387393823
80.789019270407366
79.966615358814863
67.576988956390352
87.188106073249713
86.307114434789696
84.130125168220104
86.819774928462209
90.294091512556349
92.306102666416166
90.625494895304911
90.677549218867853
90.682555295786187
90.563200625736812
87.306198558817101
82.693366755600550
79.361427969820326
77.783293747775261
76.362467162560762
75.789605320061114
77.177935010272364
79.438332097931763
84.058401572981040
87.283569055620617
88.198300523996494
87.725951728334550
87.523880839615657
87.180757290766849
87.220831504779056
85.688810862825079
83.795796974695776
83.237487865274744
83.126232636568204
60.891867077402054
85.592583420827964
86.319401943780917
87.725759970888163
92.825150486108413
95.592994544173493
95.101499051639848
94.834458456624560
94.840276212315842
96.750760015490386
94.511075571248426
89.865991505068706
85.025766633684256
73.715255745617497
64.151307290003786
74.759516639412936
76.847634543770369
77.324239221455542
81.718663827787111
87.549553051596391
90.084177738457441
91.078325775331265
90.914152848222216
91.023772499329823
90.590667732343746
90.443089058380181
89.057369177420995
87.939141556946510
86.980010260343121
88.142076481697501
54.680808354328406
86.326845272444189
89.780830843774353
93.738307647834887
98.420511136046770
97.982828307613318
97.574699751340574
97.204135642664852
99.080136556234692
99.519703669315220
93.557893505466424
107.337388947156199
102.216279544900175
94.031083156327966
86.657776289743452
48.328129597324114
90.139742893623236
95.880348205515261
97.927536252830492
98.779945933137952
96.776763376149859
95.279390077047140
93.767285836828151
93.953673780783120
93.387532681405929
92.875878642055284
92.158890013213863
91.305586075092677
91.841710087795107
88.343367338968648
48.386859064110880
93.575475125269776
100.731530515390148
100.968400662954423
99.357756106401808
98.308293138844235
98.884390418127495
99.043039601229438
88.088411395130322
120.373805402548868
122.400510615404869
118.580437809414263
109.167342880342687
98.765984692176232
90.724620494929113
52.572790718477663
91.405026722073757
98.459999040650317
99.345020570968671
97.367787165042870
96.874599457066438
95.903653608817550
95.715122179031709
95.790978215927680
94.673572728521606
94.298003695678432
94.435450111381527
101.518861157019472
113.106110855349584
110.760247055264031
60.297530417519056
103.208510222769434
107.074316582833575
103.946866655838946
101.015345763364962
100.031960780567331
86.700658682942560
117.055085878079424
124.555001362274751
123.606001553095240
119.866416254575441
113.989911380393323
105.409080225540691
97.039442572767257
46.692604914059260
89.050018497421490
91.630827760693691
90.784475023483367
89.192203923764623
90.549006636717394
91.685624485980014
93.671022212604470
93.964748888240308
94.752471073222125
95.232940228116107
94.964016529655410
109.706082153406243
116.423827779277275
114.462893649986285
108.051307334794842
78.108197145347404
105.783156696390151
106.680330383807132
101.861708652952657
99.233503466739194
92.553680698939957
116.243283206645160
121.936248305844643
124.004093356493073
121.439832328377875
117.007905276528803
109.678614484851934
101.668335767417531
95.030015882209113
44.821808189935211
92.115209191226128
93.567134959032046
89.938643873312031
88.227587086730324
87.757340295611399
89.789388203194477
91.395251138857589
93.121809277513165
94.371113135277653
95.206939341341808
100.326851827598631
114.714425448514746
115.409928026397040
109.986001791780382
104.384164779441633
91.312555404004144
104.301785372300387
102.792483462351754
98.468568409975234
97.089103550379406
94.233827594088268
115.380984299389866
120.565724299438287
120.552506092498305
117.153096359675970
111.423728792380274
107.911901596959950
100.186492688313990
42.749596028787408
92.532009533505416
93.185803687354607
89.136148923456858
85.851772409222363
84.597728140448368
84.774471929503591
86.100322393759072
87.649465265923510
89.727471061577418
91.813884641812479
95.245978918447207
112.729402759238155
114.581800121098610
111.879666823289654
106.317977577638771
102.623589836969842
90.669715776963912
99.493532662506922
96.594789171182697
94.697006098882781
92.121463317733273
111.015789833228411
114.979873444639253
115.232716541219659
112.219752880780959
107.563012695978415
105.565882422252983
100.920040931036269
39.175254309626510
96.404258597700945
94.956569889187364
90.873530179992528
86.987014909158020
84.304498922384880
83.356448631466534
83.781104473111498
85.321024434871390
85.843627054312762
86.832830005214873
84.653167084464286
106.563621956307429
110.105766932194598
107.115393332196589
103.955067613099914
101.306652091663835
99.367580619241281
80.115168569066995
93.500291020502146
92.083615674265744
87.464560720759721
104.704494255157712
109.009481978911978
110.028005408845672
106.860965198697301
103.986940043974016
104.923807048751456
36.055556190139143
98.644510289505973
92.477092536687252
88.916612307811818
88.041207519332829
87.891032133837342
86.206587306571677
83.577890085746759
83.475140384833196
85.092333080678458
85.239964353506394
85.112701540718334
85.919024758988186
83.253126736937062
103.435695050922632
106.804359507857654
103.795835709608312
100.730982229015694
100.066601143413436
98.239243911879001
71.243370120707453
91.572352922156512
90.615087829290445
87.090767881727345
104.173577891402132
108.485179440108894
107.590486443060470
104.575441407414431
42.457349546247009
98.976880639147254
96.036977773689458
90.587001087461019
88.228660725608023
88.248654534711207
88.856980271170045
87.982496361164436
85.204385452029143
83.483920115726718
85.215940966682041
87.546912389468233
86.520126919407062
86.621144946655008
86.904730146849545
82.537621963992336
102.822528202634288
103.144422378470097
100.299352067355954
97.180256469041694
44.511187551747298
99.919784212558170
77.826895694798168
94.756812386657160
93.610322947591868
91.600894503522397
93.553971438528123
95.977219823582601
97.393233601760002
97.960112477799129
99.455392111093019
98.980977052062940
95.297359357512150
92.082861780334724
90.010981568923341
88.325095887414065
87.210873598205495
85.283402340107642
83.851531120165021
84.316874715603547
86.969530337583720
87.554594388662849
88.740463979228508
89.000688331259298
89.171746972261360
88.411190423119209
87.432216510894577
86.635788960773652
86.798530883676307
87.782381936214165
88.229443781275506
89.134725272364420
75.203905196844346
87.913903249456766
89.683694945915732
90.526993392540177
92.922079618968610
95.254981049790473
96.668436228993215
97.992832161641701
98.479424443523655
97.858602330652005
95.547259473286204
91.646184970157805
89.727030681620732
86.560154210038277
84.255675801293137
82.910924751962554
82.752669946608023
84.467957504100838
86.644757774298867
88.738520344719120
90.665902846938025
90.635835813424990
90.510391397163318
89.610340836826026
88.589928659826128
88.044686547402094
87.568631873087853
86.607012367456150
86.356756073268343
86.752316413132078
69.576157833971422
86.309632659847495
89.622940856377852
91.620828067615221
94.692854860300528
96.062657174721380
96.892654750288528
98.057312390592216
97.755599211136968
98.165784078146928
95.936106641209406
92.296039485243838
88.982332072840364
85.397709057491056
82.934620001027042
81.004725132669023
81.642148497081863
83.776882503061628
85.891702838688630
89.399324665238396
91.152922819084836
92.129463421647046
91.985637494198158
91.738718659306940
90.719035078589371
89.286385649447993
87.888062661505174
87.034936799704241
85.389717634442121
85.351176688178825
63.655771986365878
85.756682841737643
90.766125590089246
92.539279483687949
94.068073628371707
95.385968399947245
97.003213307991288
97.742086097895793
97.328852847259270
97.586085922686351
96.860066399517393
92.927140942649373
88.825262261699706
85.188757386580903
81.893915104586881
80.546051643988548
80.253354774977836
81.875028750805654
85.401669917544737
88.194139003191509
90.771790641168408
92.914466895139029
92.877947448042676
92.817873141871900
92.760876329264761
91.300872029229140
89.522467478234432
87.453263144515816
86.106128722852702
85.280042934182489
59.237602510800279
88.082571910439270
92.731962784642377
92.087601844333491
93.180178100677239
95.950757178995730
97.532300702732471
98.419976603274051
98.109242933341889
98.087999210473896
97.550823099934078
93.158700965792931
88.512693847682868
85.300885827837106
82.298824765274389
79.949540015058332
78.909708870067405
79.736490580172500
82.789464103973415
87.125785421372726
90.437059792696516
91.716391654915299
92.647215101124317
93.525423341105949
93.736520581265495
93.304405717329146
91.186338299313917
89.162272893705804
87.816690791324959
86.692746157206216
57.468512461757783
89.435129783299061
93.697132103425659
92.705624694445135
94.324125751861317
96.888595000839331
97.583311490309143
98.142045538137452
97.895412538690834
99.173705065907654
96.725438383075357
93.123706409316355
88.507521237550293
68.898061753951424
68.276139957671077
76.036813308929737
77.261137799975344
78.116794280658482
82.180707418695178
87.880399496386886
89.305593479283587
90.901573526135365
92.229359254875646
93.996742968495823
94.530598922023216
94.871146800370468
92.661634539204570
90.480140006892015
90.357706733492734
88.861466489053242
57.064160627689290
90.951486796551038
95.867273179381471
95.036803004957889
96.379613859569105
97.684149203322619
97.722373587320135
98.236835794211942
99.644565617068480
99.084208861829467
74.878897326556952
117.166672758244005
116.823046291659011
109.710661326458279
48.275571770154542
81.077377434148076
85.874892981960912
87.226976576749593
88.159817584582299
90.309246671077688
90.491261809023783
90.799434484190130
91.882627386207403
93.229737988810456
94.361381329711918
94.685859169229175
93.628215568975648
92.738290660492098
92.286682294824331
92.876273100819205
62.557275305531540
94.936533320748225
98.862572552265817
98.214238615198198
97.700490561543631
98.184478466605711
98.277155847321495
99.755212505523559
101.444831492527555
121.490897904673190
121.874834891709099
116.878951132555812
107.907802176844029
97.723330808483183
90.235421834497814
54.979782253484387
88.375724985033116
98.621095056546210
97.226731010017573
95.091188988427945
93.766814119899465
92.803373148678475
93.866175184393370
93.445077980243411
93.897913050128381
94.364104629285308
94.557015735817771
101.028668148991329
111.530343728106189
109.452522614043346
71.533399019573153
99.432132772039324
102.046615040074258
100.387813878471775
99.648068501185691
99.794063368185107
85.802646655557567
112.544554040851239
118.644931460090191
117.621101226455025
112.735826534439369
108.402146030306682
100.519189649756669
93.523242818488626
52.689999278846926
88.471679617667192
95.972997077608312
92.506551944270797
89.622157362415422
90.056383396175974
90.906615199828281
91.208426329664974
91.787807597409000
91.671812566638025
92.017172920581515
92.794703101079733
106.995046009479836
112.854728299697186
111.315609644355945
106.583627767397729
75.414544076251175
100.392883242188361
102.291683249873245
101.195629329794684
99.836623941488853
89.616444395733851
113.546937677138729
118.816121104168928
118.404166644679862
114.763697972187742
110.187064038028112
105.312190502611656
97.979277166598692
92.039535386608577
51.085226558497943
91.054925124596963
97.720300303597710
93.464850497393059
90.402020160253329
90.107430360105369
91.453581840985677
91.318975529515868
91.592916885477138
91.193701592341455
91.324162568779229
103.502055273303569
113.054489652253508
112.480833462255674
108.131610384507766
104.228702368288054
78.620179721286476
102.348509466784407
103.955613298379291
100.194647065312097
85.222943408434730
111.082586246870918
117.005900105073934
114.949043045754749
113.336079497101338
109.833216378271800
107.763098027157127
102.395826654142681
96.343889159614832
44.506499038182220
92.494859191283012
96.184495276650125
91.902214085330357
88.329777623258479
87.521708530307691
87.913021768126740
89.928505054457332
90.013970709224083
89.699317749330760
90.667245971978218
100.112911049701950
112.314834494356191
111.909438826586381
106.685719148417675
103.107516655599738
100.908327144108540
82.789500880496036
100.650210594970901
100.765363039063018
98.473428656290054
90.773675013139552
111.507707341441005
115.511119406590581
115.062691981413906
112.342692007783825
109.242886222192709
106.129237690619021
100.531705460716310
40.167263682729192
95.010210082344415
95.200402660129598
92.053804402196420
88.376235985906092
85.754171871182436
85.496305150103865
88.244428014470913
89.677017394762387
89.607698903055777
89.498527154887356
96.130969436518484
110.051687500254005
111.320852850012756
107.060627767915690
102.109655204370057
99.515256173567622
97.971103837509617
83.863609923258124
99.174801206517174
98.986559670763612
85.049109319704613
107.904651362430911
112.879542108357811
112.810260078022353
109.683183521897405
106.897359210952715
105.351557366081039
102.729792634493322
41.004082024299223
98.676611521817591
94.743566827018498
90.906528250799653
88.444678639622964
87.105919540166653
85.033357571064457
87.495285626686993
88.599380400560420
89.013542669058111
89.020341539447756
90.002816622394690
95.829240393476809
108.779789818224288
109.729642278583555
105.808721420118061
101.761588369807328
99.065594036211053
97.406110433171619
82.505309706702761
98.152394897247930
98.583456918236095
96.763700862686193
94.328295799972040
110.537030673254748
113.735007701186191
112.790474823424375
54.151008691388100
97.057210872037913
97.115951272140293
93.265933589231423
90.014991350780193
88.929270159348448
87.784337688696027
87.291392536487308
85.075224819246600
84.124253186760200
86.484964181875483
87.514349080399953
88.145444871111110
88.662779707916741
90.056764740001512
94.359913900258888
112.152270660373802
112.644444183370013
107.541779727690027
102.595966485018835
45.993505432546755
97.902170731118204
73.984941752498926
98.978354333024328
100.222494584591004
99.443419379197593
98.853082162292722
99.719099031583866
100.033338391281234
99.729235767722912
101.215843165714617
100.419685070705029
97.648130568534157
95.223863633667762
92.486497026135680
90.464563023457231
88.095997661502139
85.778826428243264
84.493723674471269
84.817487913181054
85.971498377242867
87.458136263610513
88.830875262666439
89.304708776161277
90.233344693064367
91.285884020791357
91.478152801403553
91.833134987138720
91.226498213762738
91.148216178410493
91.291974022823922
91.023385312478609
68.004180645777254
97.087157745476247
100.586322382583518
99.576402588581573
98.558685316522258
98.512360151044078
99.415714788723122
100.379876028703080
101.469185935036364
100.856846945411647
98.793407973497210
96.043511646616423
93.121593304043628
90.020382372965599
87.877912546961710
85.333045410444399
84.182844480432522
84.349648244363735
85.879643829561189
88.300985123642391
89.133519574562854
90.075031854817524
90.490630741128214
90.833922783111547
91.730973212054181
91.220833532199578
91.950866198194788
90.991839517705444
90.907296608163307
91.435702128579038
68.621007112590007
97.164735878825880
100.747217267608448
98.653953379373121
98.333850416506806
98.228437219352230
99.681074648539322
100.443139479555896
100.054659569599892
101.631525868676107
98.610083657939214
95.721840809209567
93.028005145996687
89.993728712740648
87.603438051957895
85.256814749684963
83.961032974305084
84.915861698933071
85.524590717438585
88.103748350634248
89.714991398105951
90.978352279581202
90.838840249620119
90.799585794755217
91.621249271179465
92.634654473912775
92.182233868056016
91.466474250453004
91.696952875888556
90.814186064065623
70.036410835927242
96.503366529923099
99.455223332522593
97.722571793190667
97.283270633092968
98.931909564541527
100.549513106383884
100.881043938829350
101.152506541544582
100.436650858611756
99.755715287976784
96.233929904713889
92.244655507512107
89.773509775421431
88.004093046095264
85.473451745899155
84.288548333704654
83.911055108881300
85.117801743173700
88.580206190553412
89.865939157635083
90.366576517002500
90.913848218926830
91.235644352264742
92.678097975211301
92.591104798080693
92.017959888866713
91.692398475478996
91.683298558606339
91.389498067776444
76.955189467033648
91.106759138447018
90.626446505744966
87.916727692832524
87.418630098484215
86.596882351689260
85.354693280752628
86.128698186854251
87.883866375165013
88.532773808877380
89.258567326495154
88.437472905564334
86.403199623517452
84.618893324534199
83.856176620488469
83.431425117070035
83.790737002698762
84.248277944729722
84.358799640008243
86.236490369071817
87.547181558069397
87.730970172255496
88.308626188908761
88.100442883509658
87.746833619957272
86.694855829724261
85.568683061693235
85.004373797786016
85.338010600413043
84.822649024322246
77.755407378998285
94.447928984451380
94.097711881686479
90.604636440510006
89.197720369050998
90.719189452408557
93.973041204646933
94.316527495370877
93.046573821110130
92.730730373975206
92.737750313161570
91.805350661342146
89.068984400678644
85.720691482252633
83.570482372110177
82.716570788523072
81.761637815484846
82.981939341237535
84.328331940768066
86.846177803998287
89.438112228886112
91.110168313896395
91.592874933223555
90.325336156977528
89.656244117970544
89.354055134836187
88.245939214679879
87.357198230964073
86.341545481840512
85.889697808502405
70.270718088230936
93.904599313769182
90.896289325889398
87.811796436533655
92.436617031410819
98.509927648631404
99.239151415752445
98.473229939568569
96.566769430530783
96.951289378241214
99.972408066136495
96.063156191047085
91.002147665208270
87.520297675203878
86.244686892612833
85.007521251959560
83.853555930538349
83.194079188325929
83.158794005271162
87.197133982080132
94.015176054181410
94.333416538339918
93.945343336296489
93.563632883283447
93.367670854961347
93.326187408986144
93.003442353584944
91.021271718659662
88.700313840193573
90.424002621043570
61.361241039472091
87.807880496871675
89.064958807391434
93.662807468690346
100.171823240922066
102.859706870332531
102.279731586763177
99.995844987045444
99.857685545012089
104.827355476579456
103.839434395760748
90.301033481635670
104.228765059515055
74.369211430483077
84.816421266654174
48.138298098559162
91.307940684455502
92.810938384116952
94.204857878514446
98.796190527863985
99.533838981749540
98.320844710499586
97.856903872100972
97.839474959232817
72.480359008325564
81.569414556632594
92.176420454306324
93.960282737992401
94.320685141133083
95.185488041639559
52.512008691181734
89.409357479512281
96.910300837499861
80.130533357004722
108.213906220173072
81.033850746928664
98.048201046470155
100.267636513462421
92.062320625499694
125.915973603736262
127.289006935387022
120.287978943254643
102.565515710345437
94.541764844350922
95.097656040927177
53.783695832452366
96.700070710285488
99.869971389087453
99.997921204781989
99.728479477837752
100.357623849957704
74.576624629143936
116.753548224705312
114.984769379959872
53.118020388241007
99.330209320371083
98.643478573816722
98.395479037125696
102.903706851248756
117.616871441434867
53.353101773254146
108.019697127555148
114.972064699954984
112.045579417345465
108.086342007152737
105.814945688962368
104.449541925525452
102.845669228207072
128.728522315045183
133.584268307095499
129.409209802779003
122.785586288890201
115.625346151743983
108.306058122442721
100.057321240163844
53.365455263296226
98.386826846943649
100.780339489733549
98.472004943867603
97.926277541165717
99.232354868316264
100.840798224572382
101.757147154650141
101.524793093869775
101.943938047952116
100.944986166521218
101.922964755569808
122.028462762538368
120.616938347491271
115.784123881085435
76.626371419721821
110.574510500911998
113.842731894818883
110.153074901983871
106.672011898992139
105.581678903318036
104.146724423026328
126.402185351279257
131.551734760944839
130.819380620892787
127.985715785085006
122.793580589060042
114.514956945914179
106.919281727729071
98.384650723249194
50.794366717495095
99.868860865629586
100.997139487684464
99.033265946730722
98.152362499569620
99.360181164901689
100.821680400517366
101.171525393726967
101.163821102231651
101.735804080822362
95.549172403219558
119.677187647852804
123.285395390006045
118.543870104708233
113.536573878544829
92.065032652601502
110.611920572874553
110.392935772205050
107.044326735728873
105.660122721354071
104.033965790465587
123.744722744613782
129.332240607924405
130.597147517793985
128.568908219559518
123.890650531152460
120.559252761112717
112.427370930181723
105.010661409709314
45.232499154459489
97.771155535142910
100.011556350203676
96.613258939493477
94.673495627127693
93.794355500653694
94.129970673206287
95.873073817157177
97.904271950543347
100.352664060758244
95.869870872287919
120.518331581927214
125.898426797169918
123.560797645439806
117.600480723046488
112.776519796020835
98.226131634221389
109.138240691377732
105.842328053388030
102.364801893208806
103.067126711682448
120.436039313031003
125.899960609100347
128.012581658205477
125.131496268933560
121.774500376200379
120.780972517087463
115.868469336299029
108.805200802660337
42.288875509540837
102.039236162135794
102.502358338490723
98.979435777675093
94.637858440789273
91.103686667611200
89.965662108287972
92.232496590181981
93.932377404652073
94.374578648910472
90.529644486101034
117.291536878337226
122.553374187368789
121.685319150822664
116.914865772524053
112.874966045868973
110.813743695108187
93.948395719217345
103.589709323237514
98.669935118741677
100.035325119151793
114.743354178276547
119.795997099264270
122.083493574494980
119.783224361081892
117.913351196069243
116.233552538458497
115.256305885508311
110.412390727773001
44.972252892330545
105.515367123130432
104.535606288597592
101.140382250052227
97.285818420438005
92.697476012444440
88.508329559978478
90.731611986219576
91.311629063634484
91.330988800492534
92.041757131424973
90.972908024717114
113.143876013077573
117.649959383752929
115.258779586018079
112.444280973391884
110.022062069644335
110.592092658443377
88.495037733875719
99.778985073966339
96.104808924066617
97.201523275427405
114.670215923439315
119.891771581402566
119.766498360098453
116.489624778040692
113.904565379671254
115.079839354641308
47.045631840472943
107.415984001326919
102.682953927047492
88.962080688566601
83.714849474270224
93.775766813771739
94.762940616455040
90.092660138333969
89.943724762900928
91.921131718170614
91.480027358035699
91.276662924334033
87.251605717878903
106.242937164544486
94.441104657873808
115.373994149750757
116.901331877110294
113.568111378757408
111.239939024601114
57.122051273224145
81.575802841906295
100.663352064932170
98.529346274416469
97.190897148237028
115.570966904063141
119.522321332844655
117.474664244704542
113.472101072298514
59.841352584731737
111.087611541054201
108.531545996802876
82.134664650094194
102.558780353881076
72.553372845928848
94.759576909151008
98.095512125699514
93.201830862747130
91.432893497145699
91.999061002142881
91.308102383460167
91.973709413013495
93.219947562155852
88.882457470411524
110.883356320159777
111.684315300378557
109.297025153756010
105.184503544657076
102.069326182616265
50.299610560336149
113.727264735516897
83.140012690963999
98.200120108766754
98.068573055805061
98.182095335581522
100.832724676727040
101.513119365947063
103.330189847881286
106.765868467380130
107.807505324300081
107.175164347660058
104.819862550287638
102.538589145084302
100.075034087898160
98.233874237148200
95.154309998461557
92.742816742440439
90.859074926650678
90.498166836663074
90.473315267634092
91.848668880581229
93.315609182879157
94.913766694095443
95.730932476016548
95.178307145607405
94.028974403826084
93.915759881886544
94.222713183150745
94.627939794708922
93.828496001887913
95.052474576806048
77.266936514764694
94.040184105357838
96.361830874556887
97.142616519794629
99.638755391866681
103.518301093840861
104.434269670724916
106.324978923686857
106.914807977029653
107.591879566113164
104.316955385049511
101.906750491615853
98.982607925331749
95.145130579071363
92.121093150092904
90.638092661783546
89.977569837794306
89.042102181230717
90.692110696935885
92.711979085156216
95.128109687511440
96.103049544487703
96.665516716592322
96.595800111623248
95.564615427554202
94.987217766314032
94.211461417273213
93.066043088200018
93.125742280806890
93.272985422477802
71.378919746801813
90.144908825166112
95.706391470154955
97.719297988189084
100.426067599245584
102.303344546373225
104.470017893977626
105.368750299715032
106.545169243907708
106.478682532108948
104.897047137610386
101.427331791788106
98.010043502600297
93.960185437379295
90.555656182519115
88.111050996926764
87.515854686894556
88.318098747241550
89.639337149294448
92.881359783491121
95.503101303561678
97.789038541191530
97.827426718833166
97.743250017336905
97.086178377382296
96.159990195865973
94.614096959025403
93.819543368690319
92.735735178003665
91.817499409345956
64.788283592843044
91.189931607085811
95.732287293086671
96.679943097217631
99.440869690177195
102.412805771395114
104.372094987949026
105.674725586216766
106.507048534160290
105.975283152714070
106.184560229254927
102.070042298487550
96.974473027678982
92.754499210289197
89.279936293916876
87.172985303515787
86.226160715685779
86.077241845592937
87.475254065176983
91.606685064531135
96.660963538582465
98.071183307134817
98.522451440614887
98.960888184386334
98.850603449787883
98.556944097120976
97.080559236501500
93.950462654263120
92.458563391773538
92.367362083470340
62.654706667317832
91.114971966348733
95.704554034665193
96.575745249028770
99.896253862312648
103.640248396463676
105.325345744754230
105.251992625901096
104.164334378129240
107.803771270509088
106.139105739921192
102.041629250690576
96.902163641322986
78.835624348071434
101.136689601236270
61.550645757119092
79.599168399179931
83.252064100531157
85.464331149681939
93.885163836991580
97.523969888397943
97.933050798172147
99.640852292418558
72.589002630567407
86.315979362367031
96.153764335613701
97.289588209979755
95.747681548020253
94.825309278820697
94.492111582750297
59.791314916523419
92.824816753479240
93.522808124159127
105.675123832221217
81.872091230440930
98.265664901229457
105.197468113483808
107.055624958368810
108.670232033335679
110.646604746764623
106.930534399677200
56.208783578257112
113.635137997459353
80.280168715968301
105.773166532528819
49.931746807055717
83.474603161444946
90.358749378667383
94.489228292678689
96.581813273234232
98.087564951552295
99.308873023143917
94.701541371690553
86.578658808685930
98.165371217871368
84.056537664792188
96.244870488517023
98.145433675995335
97.607375200382094
95.849339634910308
59.894678108379793
96.270351515203515
102.628516659268470
113.717860560140693
94.269086739775403
100.768276840197103
103.836837679693161
105.790554981699245
108.451381132011576
105.830315403244896
129.393196226305520
129.151006776553771
121.764546160518208
110.622323044082947
102.114528848692927
94.834994926545988
60.191944417335975
97.178344177283165
106.169677055667563
104.379704481163671
102.442968319110250
101.572315635609854
111.741779542079598
88.517962389647778
100.099260875910375
101.332594910448620
101.632237812530235
100.982740463709121
96.670891372708056
115.571047004567788
70.443576027103404
105.251299476554976
109.811697153423182
108.344544465803878
107.122366620519813
106.551052233368580
105.976463686532810
92.307111026749467
122.540098650271204
129.090611477176026
126.602308457200763
121.803062176221530
114.849900862660746
105.909718998337624
98.720382656103425
59.624461542101002
93.882795406588741
100.747414634996545
97.606972177135589
96.605173986134091
99.178270207900198
100.381050796830110
100.706739907053873
100.165931964142942
99.759520016875427
100.410463059375331
107.311509940638786
121.019866494771122
120.423425842921858
116.067031157453044
82.149686079126795
106.922032204724189
109.244673765682421
108.225199722376914
106.751362880222359
105.846935008287232
101.535426863418650
121.286127978806022
126.822449012924892
126.972907124905944
123.165118720787206
117.807182995016916
110.090607826846266
102.683188453613269
53.551753577830368
94.327651118236716
100.376047469581920
96.703111990510834
93.627656932620511
94.266189083336315
96.236573998394590
97.981666517822958
97.641822991334124
97.728226924728915
98.142988556618135
111.213995458041722
122.449543427446002
122.950734830582107
118.770029162341501
113.805976085809817
85.607741437878389
108.605771832018462
109.050478093718681
107.057241040672039
104.467672677050373
102.691103319816051
122.414007915186900
128.619026284061079
127.603025640978160
124.458962320284570
120.997767919293437
114.680932606166891
106.997647041836103
100.817702303468337
52.311377540123047
97.877259183318387
103.852985644901793
100.755113532118543
97.012419067894498
95.571762161816196
96.534229506819415
96.941517740886127
96.819405657502017
97.278422410662117
101.367616227776338
120.362803073785287
122.143970747758715
118.627940791613682
113.380465212722811
110.386409687967017
89.522134668792603
109.057490298500284
107.539307080396242
103.872891897333062
97.012791149357085
121.292831281616728
127.536987311107211
126.827513648974218
121.643204982312284
119.460573786686737
118.324558027442407
112.270842183880774
104.547638157664323
46.093740296954714
100.963285676993735
104.593327935551088
101.640139009822292
96.566174781291537
92.774177121101360
94.338801439493082
95.729617638580919
94.885759102989070
95.402667584902403
99.115199942733170
117.294942859775290
121.237293241226496
117.880213139830005
112.268643484462800
107.848252924402715
107.661877753858320
91.430296903240048
105.892060160310152
103.872128696474036
91.744386024120374
85.674004955053917
121.967294817615553
124.428136121565018
122.157129158215398
118.398579899794612
118.212361229433000
115.181605835382442
45.837661994274470
103.578915303391341
79.797875131995369
87.736256462892385
93.637877893347024
94.223073023897342
91.959504739240330
92.356889810788147
95.420619445031903
95.298060023901357
94.775795592580579
80.033112110513883
112.092931441636892
109.241694865513949
119.199210657830633
120.288415542740992
115.699039619189875
112.699779188473372
108.989362916642051
88.916352626266075
102.519140133183285
98.779447774246790
96.404603033230273
118.940028063841183
124.185605255435689
122.862904176014823
118.432715349056167
115.935072356683918
114.781709434916650
53.140839150236459
108.145065624968339
104.456852141052821
102.428818756417414
110.705214543630063
76.286300959375666
89.918696074485098
94.024364441876173
97.852029829425163
96.881029984540646
95.842297009264740
95.988726309066294
112.485955123990664
101.468593080544949
117.928339872579500
119.500178518112477
116.008106784500853
110.182140189313429
107.427306039137491
62.123066594373597
87.890207435777228
102.075381327215524
100.742368192752252
99.833934648516163
119.933730874384352
122.724117170003694
121.805500334676594
117.150692755852191
65.897274074760261
109.430061796337853
109.089610342552149
104.780002661169462
122.704955753864738
86.997462836440931
94.564159000553531
94.606061124013848
93.726738583425856
92.927766154924939
91.866676370465072
92.770652021781331
93.221780460482222
94.629699181346083
98.493388485204036
120.424697672168662
120.457542332615020
117.130753236724999
111.352542883123562
44.207431059410553
107.392432683129599
109.249394306505550
74.114545480714582
102.783545340777792
104.903020075891092
105.586577010005414
106.867900957667558
106.372703752909203
107.894933185234933
107.594213338982271
108.748676472987782
109.992623903389926
107.936753973627759
106.411189265905435
103.093980948941464
100.218370307788120
97.628561083996701
94.842981225730867
92.511698261345288
90.603864486507518
90.798635552194796
91.809981684134897
94.159956883178850
95.583339949011503
96.182462101915220
97.391306934039449
98.077241877204386
98.604318250799182
98.286688720395887
98.105109308176395
97.536624038946570
98.841896521133833
72.663188469840264
103.397819042648919
110.072410661596450
108.936587468535663
106.782005647966827
106.380405976323431
107.819916521219398
107.985001096901669
109.554982928276331
110.615672092111353
108.919567622517263
105.792863289981042
103.430795117907181
99.304185944256474
96.949826670255376
94.781743171540938
92.021321951033400
91.115650783043009
91.647150079378804
91.947839804087081
94.148587065725636
95.796248462557173
96.615171565669499
97.352026490500805
97.476248685916644
98.533463230945586
99.200585083900677
99.251511406119278
98.361987733475246
98.212290764984772
73.174299376586845
104.367114683897697
109.232505281705414
106.341254432647034
104.803576170776324
105.926652497247375
108.097941817437444
108.833489564126268
109.976925861640211
109.306001662524864
109.622226028993438
106.379602628898724
102.257040520600555
99.487861115752821
96.519580595338525
95.022981164975548
92.445637356663198
90.634173454168618
90.526558117731284
92.355244715331253
96.292094295044905
96.189078222084291
96.392082393601910
97.404029024447169
98.130236703999131
98.130011397074156
99.669947984960473
99.328955983029715
98.676920110325000
98.871077438888392
75.398245428846693
103.399807938007200
105.958510617474786
103.985366661302578
68.946675037134781
95.511592349409824
103.747843930218210
107.393785851222276
109.368901830337506
111.264856362807706
109.813792623165057
105.840585355907550
101.325263860782343
77.382698723190330
107.509267826836933
66.962789537984207
87.803992452267408
90.423052600793667
90.199545433069531
95.299276848729988
97.336841770643389
97.417442818905585
97.200647749039220
98.515605866069677
99.490011168196133
100.037313463270195
99.217225417824892
98.373506692197850
100.177682940121045
100.691696708508189
84.805683960753029
96.795494230777791
98.164937793891511
96.853317551336232
94.752231177801804
92.249665412838539
90.971464968681715
92.974223491940663
94.897618968327635
95.574345536707739
94.679349321265562
93.247066847661941
92.142460980181838
92.010667075124402
90.690811031102243
89.700390577745807
89.418507866710911
90.483813804174545
91.705461732111658
92.788348838888339
93.093861568801941
94.028581352021206
94.976957817003353
94.656910919662920
92.875809220576159
91.934661979658273
91.614654841869239
91.362420590550073
91.049292541460858
91.328796789564024
81.928813954732178
103.724491929269149
103.813456393208952
97.142988680937378
94.734985728817804
98.037750038504953
101.179683887057578
100.502220184320549
99.516179601226597
97.518582965638629
97.939999416248043
100.374349607764884
96.786364305069341
93.118253803832800
90.859722790754475
90.536335193291166
91.143232956795174
90.775811530473675
90.448643803183060
89.955288104319123
93.938045830286740
98.339242737822701
96.909086414344699
96.011584544395490
95.654594240290379
95.622098570360976
95.589744768386140
94.658851462849455
92.467732827605005
91.389355304883750
71.505219533592808
101.037203383501136
94.927373109935132
94.816611106246427
81.504031515828856
115.510972096605940
73.789844290199142
97.825820247267089
98.435742941603309
100.703527570814614
107.804891648431806
104.768936887982676
94.497594620604090
71.555550084769848
105.805177610897942
80.955370172322063
49.479261834107952
94.381552584161639
97.375070654812177
100.779862251299861
103.955492186713428
103.350536168770844
75.884011848748642
122.632523536487867
126.521300027338938
104.946734300987430
47.073166260824252
99.466895858358725
100.965509027282749
101.476671973075227
60.598874295691715
96.691517397578309
92.687295070172766
120.066070338662769
127.332300235218938
98.054998209505499
60.302736915856514
108.269521525392179
111.402641022689053
115.141949810637115
106.620410309255192
128.720760611308322
68.639970011963186
108.127605444240601
107.910771464163687
64.011115787104785
53.130061790659212
104.028479971949324
109.826151135792429
105.927859752317588
102.973784375278285
74.026812106986455
125.423905270796155
126.159599623634733
106.415722085793220
46.393679512684159
108.576273420054719
106.667511956615670
104.547078721291484
91.114747894634093
48.135001969379779
110.236764226277131
99.640104711313896
118.262144843286791
119.991827761446473
81.390539564573459
105.404758604286400
107.398423477379822
122.400735933141405
136.694138541331426
132.895384556102215
76.523237361236724
113.087639321994629
109.940885433909799
80.135215052571738
100.659637433247497
60.920109427057319
109.519369760354977
106.998968475805299
100.905732159329688
71.409467991228340
123.942248606471921
124.980660351130069
126.886288600467580
53.635998164977707
112.271742492183890
112.331609182049931
103.066715157988767
129.421770101193459
126.565815217680154
65.998139966160167
104.483054891880414
121.777780292157843
121.835305221452444
117.785049014421531
113.553379786516686
105.525474379464185
131.608884054414602
134.460452180373011
132.385968192313584
131.961136836626110
128.956673564832442
122.685489027427224
117.920619770424594
108.787576492083645
55.802987214491004
107.396774401322716
104.128397904853060
98.197617997021609
99.194234963666901
102.298473389362044
106.013178048682221
106.271392482225139
107.011434217378479
107.551780517275546
100.204775603223695
126.788538796691967
129.445178341542544
123.329020557080554
118.358912980416079
92.708513400817480
115.739436203163280
115.968618369522176
112.046281594442320
109.818379107588015
112.424471403908797
131.618226562249504
136.454845612031107
134.715228443368289
132.652555893686838
131.084660704607245
128.335570023777564
121.315446602004101
115.888440338186427
46.747275773386789
105.853526794527198
104.505250112169833
99.268419714014271
97.993952898737277
98.576985597518558
99.687929274511291
101.781103549408670
103.057884105267362
105.538398742914609
103.630787668131234
128.487214014389451
132.307086501666589
129.611868360902974
123.779538447476966
120.549058426802389
98.131689926509225
112.650736694987032
111.140184105521072
108.968456729715570
111.980063559940106
128.843015929218609
133.032215121144048
134.663555269767073
133.612904525479507
132.815605318279466
129.637859073388142
125.264492099004912
119.826495278684433
114.878319434330677
43.978617988347906
108.174880004589767
109.030670157952756
105.687769949395516
101.622037685709032
99.232377788917759
98.297361981986626
100.692020151670505
102.179665585195536
88.952189001431549
121.040740175849692
132.083427929855418
130.715779905668796
126.732313483294149
122.070539241441850
119.300702135574767
100.001531448727178
111.802574075705323
106.309128020130331
109.510144888369751
122.849486896774451
129.422484909655225
131.123273048676538
130.372164837954870
129.122527519274399
124.762466030777830
127.005039118812590
124.945805516707424
47.730542324796637
110.946738336661696
86.500072049707498
98.141295356678256
102.417899485666467
101.667490511784791
98.328747642646675
96.241528407025925
98.600575779953189
98.147348981171007
98.026397647127112
64.138960967858495
108.609365266335530
128.923054159991949
132.162375785626836
131.209338378786271
126.202009242529698
123.540334643172002
100.056862322898610
107.634685323150705
102.004713898553590
99.435470936103528
114.061738774648731
123.931713405309551
133.737154648482942
137.245762820977660
132.693056364811326
130.775792925577832
127.974342689662492
55.618165201276057
83.298309331425926
114.662255614809453
116.804589238529445
94.928555084181880
65.997598716359633
95.791725977174906
100.932856742270161
104.763587441439086
102.178301246832177
100.110914722262237
74.539016214003567
114.354638070840878
109.299991399649883
128.104041740492903
129.075102403738157
126.655665552561757
123.248036762665919
120.124291336517814
92.546318163855645
104.231918286874205
101.274652773315140
113.643246352546569
119.504032920386720
117.183588565880811
130.603217621803083
132.300940208867075
129.952958610731685
125.261550621812603
64.448036877308496
84.773194767823270
116.382820522696477
116.428366458136438
124.507853621637878
124.148196416754189
64.609556070766700
98.867253380890915
110.139436293472983
108.386342806589397
103.026868627556155
77.758926783972356
114.867988229144260
120.407242418843225
104.372249636673317
123.664473414471956
126.781380172364578
124.523970279286971
118.674475146557469
68.453983848435414
85.949530036048600
104.895256047926225
78.695428658765209
104.497878747413779
125.600143912567944
129.285568996911309
127.655247232744955
121.412289899106582
72.380155388069724
122.509772855894909
119.441678898378569
99.449773723146905
131.764836068069826
131.400785275680704
72.268061878201650
100.920873812087748
104.118194415533424
103.295879405039500
99.013537084234031
95.396480232134124
115.156400337368666
125.542549055595515
93.027742722469796
120.494801072803128
121.911103135594004
118.108084545975288
42.670294349780320
126.055737000037411
119.230131878938920
108.003237467290404
78.440139565263877
106.332450299491285
107.638632051907877
108.806414299727294
95.029547910476083
105.201439250042739
111.325482574229383
112.672576288048162
112.255716604742460
115.035341866163151
116.141380878185828
114.160406710170832
110.909151288851660
107.362221188157349
103.613553805799427
102.150569421052666
100.063631210838579
96.188151850963948
94.316816175956163
94.924945602020898
97.599434553363395
100.381902618775683
101.072012190302985
101.214225201693409
101.564087202558596
101.524503893663976
101.279851303685987
100.296992572440629
100.337861918891093
101.718126346526063
80.284865799342640
101.909991428602609
103.094882513165999
104.206919181670088
107.807849608036818
110.375813837816537
111.164267784245411
111.816720724902694
113.585363960200908
115.097718276202400
114.046758951448425
110.588068798496195
107.678001616720053
104.376383233671106
101.286383975370967
98.202267784525191
96.530287666906233
94.569365400458395
94.461875684067920
95.592265317676862
98.675188076689523
100.423381409564684
102.055573565611866
102.401722816221209
102.687190131790771
101.333425312143959
100.835592116411988
100.319520781133434
99.452851940012096
99.702267651605354
72.717494098689087
98.226636826528193
102.697812911751839
103.772495343642902
106.307877143457077
109.419709106702697
111.010116262936535
112.395740101577630
114.046797238101348
113.383717113665966
112.273147632750380
110.668745288449571
107.053511848614164
102.290773706859895
97.961161876280130
95.512918647921097
94.194669919705973
93.411728063180121
93.644049585571267
94.992055397631219
98.377994169577065
102.224859183013109
103.205179800086867
102.694606103256632
103.366977011042621
102.901445445975583
102.263854599968170
100.509184157730431
98.969951252164435
98.084891461478009
67.706974127235867
97.543533409898188
100.256681083288385
102.128861090410226
73.806963256538964
111.685266422164631
86.957554428019748
105.416464812070259
110.861151509385934
114.906735705144072
114.843932892885221
110.197780262986015
104.717654075229504
76.874658568151148
109.871274061869030
113.363371626918834
56.888683916848130
86.642203810927356
92.707162885752268
98.868003673902081
103.614529349313045
104.835154321341633
105.397227064726053
67.753346790502491
117.564769695447836
76.526324315316700
96.185576905666039
99.886241565139443
99.183438197356821
100.387301565502511
64.892902297633810
96.554492575057054
101.134531785078963
115.556018906864381
119.747303079083935
120.667559116133575
72.414485258358624
107.283329844738304
118.114219322393467
121.518459526051998
116.070784580151198
110.169082888209516
77.861984832494088
105.615628664951430
107.351985882901175
105.203388558526655
53.127213718804875
88.928086416749210
99.335438302975660
102.873858819412618
103.828033804210406
73.085799460485006
123.430374398266039
128.412617845778840
105.318246914679449
114.884246757991065
57.138617987768633
107.310933098343085
111.721158294909699
105.559766516274934
62.704253818682233
100.538014186988732
106.380002702112819
116.719454876343761
115.695555002459230
120.920814962576543
76.087006365001585
109.032806943323678
119.680611847349795
118.042848668561632
64.440003137490748
127.584754170622674
80.880842247199269
124.211357724252565
116.668564011704348
108.300468311641993
59.363089523803374
105.012970162403946
110.220669314674851
103.787738607285121
103.047179538813296
114.036072400484358
129.458684094926980
123.265463208742901
127.190116785763635
64.618119059851864
109.764825518290365
112.768662267422613
106.456916150750970
99.665287060037969
65.234648830271937
107.684798009824689
120.985564302394437
123.000866614940634
95.259011345172269
111.564983453603858
116.744590212434957
117.427377488816276
100.249373045222313
132.826198182081669
136.316522320613615
132.640326415789190
125.825941018519359
117.120175668073756
108.912976289818502
99.856296195031987
69.717927881828899
102.845114603738494
104.117771081882211
100.563501057258122
103.251598997675330
115.982895072951436
126.392611205466523
83.230951442441750
106.309775593081582
108.420463919550627
109.144640876977434
101.152685133552538
122.594400047558963
123.341889241097306
84.118611599224920
113.946622400626751
116.921215462823881
116.230802205027786
114.609230762246511
113.014231237099466
100.868696448785840
125.927210148681269
130.714593889654054
129.312271457336237
129.933804105575177
125.680446101848645
119.566162603337062
112.634996617022992
105.536565320270768
66.307131988467759
100.922377658464882
103.665824730247223
98.856177088317310
99.181409388109643
102.676807242953487
105.942301583968842
106.295099868753624
106.107626558655070
107.131169719247453
106.167843242285187
114.056705558373039
126.630423846742303
127.180078495137337
122.617419875895436
91.837643959785652
114.479394095401915
115.779750828433151
113.901167083854475
113.032924063524206
106.115656192817752
128.093155475446849
133.238008500217006
131.410900287032376
130.397104966139352
128.432093649000706
123.825913124709842
117.118023315228896
111.640731756051537
59.377892728906275
101.308411706759685
105.239962666053742
100.992165087902379
97.863780013613621
97.447580604519672
100.124156861698765
102.167879494770915
103.238585383537441
103.761794883261359
107.778453667543573
126.929574841933274
129.602102390704232
126.573266484060269
121.553037368245924
118.517040559877557
97.984700647827637
115.203478575899140
112.271148579542512
108.057544735107342
108.436090269881035
84.159257854755552
131.757688848133796
133.276215629172924
131.409298979976427
128.709192822455520
125.921168218092191
122.678066195454193
114.930434135650998
108.965572442512553
57.598034948177748
108.579140586650951
111.791622964224217
107.497552235380226
102.131604131939866
99.321422125507837
102.180319820288489
101.841653475826888
100.982325566044764
101.796251932959308
107.678757625636337
125.403194893412930
128.775175036309207
125.782158001649606
119.401719129034262
117.204730072774410
98.424687243457299
114.380604189353988
111.012948640161852
114.483860919618451
121.346314716566511
121.571836811328126
120.087550914825925
133.147161285131745
135.399817938280137
134.785048002377891
130.442079435640153
124.475306670400670
67.649504394138233
114.522349468902831
116.258466407513453
96.535157026478586
74.006519167308738
112.421406297822131
118.788993420353592
118.001377789842977
111.844551165952055
106.096483741179824
75.080620929347745
119.275559404603584
126.353317565694283
122.536072073691869
130.890133752745214
129.413001918026566
126.510053978674705
121.135434980378164
102.955536960861409
110.726914545653472
103.030931193340905
117.973495891031931
122.867082822675442
119.629199629554961
135.687474600036438
138.502591404864290
136.426440722912389
129.524885953839146
125.023184658308708
82.212371018444884
112.197760627263762
111.571216990698559
121.587464344300344
121.471701146140049
89.961691460433116
116.827881907566137
122.280805017964795
116.891979892649729
108.510575699004292
82.477800612352382
119.827212035266029
108.396878945008609
127.497950663375718
129.369516508591573
126.380023187419908
119.973013232260769
116.387471415729664
113.279508422027845
100.281640300545988
97.173282175495928
113.289964995788893
102.834484019615459
128.287658086999073
132.350082556005589
131.940705819822654
127.281130242919190
123.164861581828916
54.301683171101757
118.510931475097181
84.977980914937447
113.255686969214409
132.089628164299256
128.612215968787382
72.638368503785699
103.618325215636887
112.610453608898723
113.030152039240932
106.717424666485641
88.793988975428078
121.794366023623297
100.480637197728612
125.886110005178338
128.998849801121366
125.115361728414740
120.714468737346948
115.744844119557683
110.250142836826711
80.391202104022028
77.139630491945397
66.243548876199185
100.028645402051751
109.365575460446351
127.517848005022756
131.432347627437991
129.733521445736926
73.978397515364819
122.644695170931811
125.236124771252946
119.472926340228781
100.947290595312467
127.189275577484835
90.816883746193326
107.501814137515311
109.873686516088299
107.589380916527986
102.718288637978830
97.963162727970882
96.524208980207803
97.345303443146250
95.428393956057420
125.745870483755979
130.036939969512957
126.782253014292664
120.289150723814487
42.824699844999685
116.064690345224861
114.992735096229850
110.003660710927250
71.692706914756187
109.585710049488185
114.572784933848226
115.025140830414813
114.112069598104739
114.048122482011365
114.542261950844647
114.082156114949584
115.013910879653793
117.980697196535772
118.496902813263304
117.421149336605012
114.032682576840728
110.329459108677796
107.304712097253699
104.590210302027600
101.559478728326539
98.678196123475587
96.909916885815619
95.667838862536826
97.717988532016818
100.473695741097458
101.801312953814659
103.770130025615131
104.405167254333790
105.725037260955332
105.399806751309328
105.204214965311451
105.236290813770069
105.555765551503384
76.029021839074687
112.738894067929010
119.501188259035146
116.584851618019897
114.203491240240453
113.286138729167249
114.257670469594217
115.704809093206251
116.028301284780653
118.149805285249442
118.124119070590552
117.418600907462491
113.568378004431494
109.604304934155891
105.446853096823531
103.938511619861231
101.665322646581402
98.390100204849517
96.939103581853189
96.515781582761178
98.273151062827907
101.386277100823008
102.016464408037749
102.578085984839831
104.156481581387041
105.450980869142512
106.084105492245442
105.976472952903805
105.811396340188395
105.082683324288581
77.617740205160118
112.955357547607861
116.597884798983443
113.786038814230551
83.101918484508218
101.968349489597287
110.408991648258137
114.998644884864007
116.508894191723058
118.709916749968471
119.657801030385841
116.308482710469150
112.614336557574617
78.112814119700971
117.309722559815370
74.880509091728527
96.158432394817467
99.753352976105418
96.800296736027036
97.493524512818325
100.528319470736250
101.539897430676376
102.015427134726337
73.365361313696894
116.992917804279585
70.522648578805374
102.178281938266622
106.258858598485659
105.610776656959885
106.787766039133288
78.667927112465634
111.296685584274556
103.685921194826221
115.247601344893667
119.414465936727510
88.998086961121189
109.540907688054602
117.877331259178334
119.771370497142129
121.471258452244129
118.731483982067914
116.081359200280644
81.548954676404094
112.839289455115576
113.879692522434908
75.997818783688658
58.089627191812653
97.463773502785983
105.503332511213671
105.493536942074314
104.832143476586111
70.787799246018352
120.028365447464438
125.437494188693051
122.715907021188286
53.266592512897546
110.285290075713547
114.367164842085216
112.937873717171129
108.257558259618648
93.017365640446002
105.047230855978015
108.364865601486244
106.430633097074463
101.098027088862338
97.522452520346292
98.423087279098297
101.270789731784006
101.961167286265891
101.558592364142811
99.365777527312744
98.210785656438006
99.561473232995525
98.606533698333550
97.116232238809886
97.267679235641907
97.817547899442701
96.845365989733523
98.663238024410560
98.581296393652309
97.648872993444272
99.509539481052400
100.762150742394851
100.217332964894268
98.346992735381150
97.247858162774719
97.731237495407726
98.835250332277440
98.516225870487375
96.697694226511061
83.422914034213889
115.792530320081070
111.098431539938304
103.819112631042159
78.351779359404063
114.971224982006802
86.286205673513962
65.259856293204905
97.826260058307838
99.943419440150294
105.929796875370840
108.699031459847703
105.045648403565565
72.696369712559729
106.462467542007815
85.712711492952451
97.556079882127761
54.221415554757677
96.776563264737547
104.872346045428515
109.042587893336304
108.361526857920737
106.084383964023232
100.545195045798465
122.590518269178872
102.860178238233772
62.105676903300399
93.856760407973425
98.769344492979300
101.146762439420201
74.768253964663046
111.070540068488540
103.807786594332484
102.256966993494643
121.816192951131200
127.678765817431838
63.634067082133342
109.122884529633126
104.961834671059393
107.721376343366131
114.806345358707375
107.327589447622628
80.779000498797927
113.069952638918011
114.651038144071151
111.797361698099280
50.469445212791300
104.347983623893697
106.509236599212201
105.390645873964644
102.425295396907472
102.756811588264540
79.850842625506544
129.937586286284898
131.181482250364894
126.379101326092950
48.246513075026655
104.606740191270404
108.005865389893941
105.812604993912558
54.543459789771042
98.276371793734398
122.198995460146278
124.268370169216567
123.905337396209205
117.327623052413855
64.894756200744837
118.760839849653124
124.476887042722851
112.145802610632401
140.747965750442518
76.626399417939709
122.519783194348065
120.877036683486864
87.871541903288090
108.822144612616583
57.374045552191305
114.018743202650199
112.968280782544070
99.079146002205817
98.157299253338707
91.814279945491393
134.580816155387481
135.576742025692738
144.087867495563842
52.086209302322686
117.103271914127220
115.734274155865506
98.891836707265696
127.605534945984857
59.279584435790333
101.860926204324102
119.032187861399365
134.418627618368788
136.331431660036458
95.325047030221896
111.291797820832272
110.588538640368213
136.299699050410368
136.746542002504668
134.984967098198155
85.273593552323334
125.753706566642919
107.945548895794758
118.463925420896160
111.443868038446524
66.438602033068236
117.250356979602941
103.071249657507167
99.743573504748838
90.848971339332621
133.726496407844792
135.208104907534050
140.546936775708730
59.131044704278835
121.054300400204468
104.924577083141941
131.776378700876023
130.540891983700931
123.834720014314570
85.923779579542114
125.943041269273650
128.102851911444219
123.960850591825917
119.229531105928245
116.130561006706699
121.527905943044942
136.244833409058003
134.400746633100653
133.536327311999571
136.401295946224423
136.871345872762333
132.355732493653306
126.433773517203576
117.246465947410300
63.244505949820372
115.901983591201869
107.832623289233510
102.557968517608714
101.220601529577110
104.727001403768782
133.733626805418027
89.041534549927675
107.399414353754906
112.000147238421448
104.639496726966044
132.812429674176400
134.887353366089144
129.378542652131330
125.466951274426947
100.776118579852053
120.038266319001764
119.325360266228941
116.004314046929053
114.218335293603744
122.366822569061810
136.421866477847516
139.095319291879093
138.815528390587929
136.809036692460182
139.536884124351303
136.407419574325161
130.459673148634579
125.180567943637101
52.060907971036357
114.564554328551878
112.098288759331638
106.927260979332715
104.526208156152933
103.363500037692845
103.561897524098669
104.176828597482100
107.031442398180019
109.952638835429696
105.335525216518491
131.723301715186835
138.361015344773421
136.238544886405748
131.248643190675693
127.817157709979028
101.541096366591475
116.605511574097946
115.324563577458704
111.001034205924356
121.220493145154151
93.674303743736147
134.240231617729023
139.060020676347591
139.713691294567212
139.487466491969087
137.211495025734735
135.351978890624054
131.549477611270675
46.813280537773032
116.182100355805574
115.251239650625777
112.236896753734968
109.371980896431083
106.178472297826104
102.052556465158290
101.797059414169894
103.983403608895969
104.747547637771348
100.762037039460978
131.594856377787607
139.247898236647700
138.728309060361624
135.162229422581845
131.310462904216536
126.415694139211610
101.879429076340244
113.825322876021829
108.042748502640933
118.062998422741828
128.295219944159868
131.010472253382545
132.971316481636109
141.973700449109145
143.084930891648298
141.239760673681644
138.617715205957921
136.273005722384255
51.994860779374392
81.948129620418257
125.571313196707990
127.083570457628554
104.706200846640556
75.622221296883922
102.778415733639847
110.835759521451251
111.822687846389016
108.861366818014858
66.093499803648513
118.951520869142598
128.865560687381446
123.406924958416994
141.096848711722089
143.589927541557898
140.152632986833453
135.266932561110053
100.620097125512373
107.143721991571937
117.343004539608202
122.968813624129965
126.152300664623851
130.442708130244682
135.237236321705211
145.508896382561147
145.073341843156129
140.398835932109534
135.685683784300807
55.426534149953419
90.060566291864461
122.597829570931054
126.357016140193309
126.162558647328183
76.360233519472317
117.103767121024049
123.531852606952384
118.297742347370146
109.239319238573330
74.663172647615511
120.517692667774185
127.980496912405755
113.037309575931260
135.022809410904216
137.644887384526783
135.620640031221370
131.012233642240147
127.018368578892918
91.198081929460344
83.508733466735976
111.263666164322956
122.063708991533758
121.685568148446066
138.221398058155273
142.747995208606540
138.885566544524750
131.810924308286417
65.392917309860763
132.560230832541293
95.710526884370410
124.840989031589402
126.465868646584624
125.383562585820670
75.793280888901691
110.831186943749543
119.241935558169857
117.085693488468252
107.491809625712762
76.419836893558156
124.000450338044914
126.528373623793414
121.740336324198438
113.683534887200835
134.362926827451957
136.566218389246615
132.521077122312306
73.153297441846348
127.230611851034496
73.187089207358497
106.782812213188649
113.348196133296085
131.374160709193774
135.691934777322899
134.243550797447000
75.376376255769856
128.809330037347252
131.910273571813150
126.612771084995956
68.670041324576673
97.710642133811248
119.633673187348350
126.132992642274615
124.151208193748687
77.022134246405429
117.561781186932365
118.194867453702528
106.817969319353864
98.318619692269152
97.366816668566400
92.051360001103802
107.441579049998523
131.518564545858993
131.474056324097148
44.674716680296712
119.427954816095848
116.003224087656818
112.414364806065763
110.305208546795171
86.141036678615251
119.525029485359596
119.436412864630455
116.869485506684825
117.395885804470737
120.852156333712713
119.959405028149774
119.439160256862735
118.824490650559696
121.132096557888218
123.903734660792992
140.220606369535346
139.113320197797975
130.333554609868855
76.153794748220662
111.259155522681311
108.976302955619417
104.678637090497133
100.881207536494514
98.808936849404773
99.576272984956120
102.789836970742840
105.461652690026554
107.491217792227957
108.779540815167906
109.272596602425978
108.500366217155516
107.377106874584200
107.254040558759584
107.960748983509220
84.385685148501224
110.222849259967973
111.623794281057769
113.505294896056313
116.130492078272425
118.083214939653800
118.803815661858792
117.947135522501412
119.666469262855344
120.706651115531201
134.542448295185352
138.351194999556384
131.472233488665182
77.273360464076916
108.205569664886212
107.230918326001856
105.736608329450632
102.517074218194495
100.847811577741993
99.054901705200365
99.170414946598072
103.528538942963692
107.019564264298566
108.740582403724574
108.445906660627742
108.581209805393826
108.015348298512038
107.382973159987642
106.416858667106794
105.322306557308991
77.236728848253378
109.345037667911839
110.606223634619269
110.844840336983026
114.240370882330183
99.370951680855555
104.719971439007736
113.579688615428779
117.157105637758065
119.215424411874253
121.251379591033739
119.164164289249328
114.204661278104240
110.395669236254662
79.007825031065252
118.431088321485973
70.223966749866662
93.433174784286990
97.094144376364596
97.124820180634060
102.112611378739302
105.127978034594605
107.202839945017161
108.628001122074124
74.952326774874038
92.382999707851411
103.695906020188914
106.020255758826451
104.802887864401100
104.687965102725101
71.512896996326120
105.278342128625894
106.954162513626898
122.420582103711638
124.679354675147408
125.683211596013933
102.984917169141738
70.399843378293170
120.723370488812549
130.305366194498561
125.624445958486845
118.146781074347302
86.553296779734211
117.005244619479626
117.058563721970401
111.198511628598069
102.033970227150434
54.642464933665778
108.750303749616080
118.510707769120515
113.574735229814138
59.341236356354457
125.803784448913973
129.958991481771307
126.013877528640791
101.068944889097608
123.469532118237666
68.043542267047258
124.292926388673905
120.984591203395084
69.095553125213570
103.799108321954265
108.916740605482985
119.300036665285020
124.959974656457788
125.424112454520568
75.145482094953493
117.818479959455658
126.625218218041567
124.039611525281742
119.220170528828405
84.918106752474387
115.504460886675943
116.367556757567115
108.071625631936413
127.637766108366321
60.215596770000161
103.422097190640017
111.390030589702690
105.829667347256873
77.540532933040794
131.975735368296569
135.867892743690334
131.789924681248579
135.355052149288980
134.333429456954207
69.436904214044404
126.459849758822656
123.421723071651130
111.494428863174889
60.471922760652042
109.816803637038163
117.281411730942821
125.122883505691462
132.243952200159072
83.922056096025017
116.230506597175719
123.843480589539226
59.890435156921733
126.771566269191737
132.845702868775732
89.849925274399979
118.281308021090410
119.716563568282439
118.366788157813517
111.892521994545632
76.616508961857704
110.751146423017303
107.010826337097711
98.838247781779955
101.058407688458516
134.857314394961747
130.672901196077532
140.301005718178885
137.655561908357981
72.752483194409947
124.351249185936410
123.362036995944422
110.495535173315105
76.391829435817939
72.457756463593128
120.136291609018926
129.334957180111189
129.186161163785641
106.106991494350638
117.469434011411494
121.163187432161479
114.499153341157040
132.581881198253143
135.373592605430247
138.659320147944413
137.741334257143649
131.623891744926937
124.721759932617417
115.247135626503649
81.825227938147577
113.320574677778680
108.741013883840935
98.022806347154315
96.748324644173238
112.428958850627225
136.168709029980477
136.738368330211415
71.499346878501726
116.173323427124672
120.599385772601835
114.364874195117324
132.425500781818187
131.229533540155273
127.632253053719936
99.181056417532304
123.551852169462791
124.098364388124963
121.872325168807762
120.394233639464034
118.095192020641420
122.330610360624206
136.368101865968470
136.515170461619959
133.998526022864809
134.890841799672785
131.918928925326952
126.290605750318292
120.775205169680021
114.640135782478154
75.291542085305778
110.345070811471061
108.608334810475725
102.638542232785994
100.822174102234726
104.239276026021415
108.168894255157909
110.515805493504672
112.362670780299425
112.996214637106235
113.907211336541110
131.584793866206695
134.275403472396619
130.201386501228967
125.769538734989169
106.543324744099237
123.174912279911581
121.473150624549106
116.691591380328191
115.099357631752071
120.559594202643737
135.295575578603490
137.816123338192881
135.063571626964375
133.023824949326070
131.901130304611314
130.129586681462285
126.717672728011877
119.470309965955664
66.081822408122790
112.662610781728830
113.607545441802287
108.304870311379631
103.002421674185314
100.374705683027940
101.986559598083772
106.146829206791537
107.510088116855997
108.436895860455394
112.149524960220134
132.274307078242487
135.794226067895352
132.135926813535946
128.494645609826364
123.975309289747258
107.883340365176593
120.503931149706162
116.056490193312172
107.758893584836088
127.742045339746838
133.932338688953905
132.466843162444150
129.544596163424103
136.546076336686497
138.209198905873336
138.391723335322638
132.745657153890619
127.830966894558969
76.773730399055552
119.703963915351110
123.159860813189226
102.554438298875823
82.039702269044682
121.224866262051918
128.048029360432281
123.359904485984913
116.105979947336579
110.117174296339940
87.859517829974166
130.262332586172192
125.226114073964823
137.723078444130181
138.631537536590827
133.276011695015143
129.768399619745537
111.346831437504136
116.885636568052448
114.578875390985942
125.276303858033572
127.910331257232315
127.281407067388486
129.743257385404263
141.336612605680159
142.216508642104145
140.224557477267638
134.431627946544040
129.390995912307716
89.742285500747954
122.383027742657831
121.656799623371654
126.368867978236651
129.921484381959743
93.299471371856029
126.523548330922921
131.165170995880430
122.223444809823306
73.148095641752406
126.033736545090761
132.355853274609615
128.848320999672580
123.194749174138835
137.974354715377103
137.046870542858414
133.135124382603067
128.033081262772782
103.873888145789380
109.247422453320539
121.936040531196738
123.497312102950019
124.944097192272196
126.017649533847035
140.841114248276483
143.933604410346277
141.140515005523383
133.341588307551547
130.160233805560239
82.845478784543047
122.582712247554767
122.934659333568533
137.664115917418712
135.089901930951783
102.103328952375804
130.249327863715223
131.611060734631394
121.282736989642302
75.178735924302799
126.049366015320771
131.132552833725441
107.451741305062654
133.380402314955177
136.539311158338251
133.693519332188998
127.664101767798257
123.371697911697368
119.492533864319483
91.824995213941193
105.324585178010381
119.196704280858427
112.277368005618513
136.646581413757133
142.390392273655152
138.500413693766006
134.348239181508347
128.138682726357928
52.825075341585915
92.828989788781001
127.509485869519452
147.208656733232431
144.696691202307818
136.394985600542270
85.998585313345373
118.066738903998754
125.288695803514955
121.081477963214880
111.629381499200178
105.576889393950893
86.848204612892701
129.323780632529690
135.319807537272709
132.284723316665151
127.321793322136287
123.967177452383311
119.927096167165999
62.505061464259811
100.397483958750826
77.106176061972334
109.359329682720812
113.674223968698826
132.194717061760940
135.957973191487099
134.872443395620792
130.430614049404710
123.254718630085492
137.042967799133862
124.917689059348902
110.244393738987867
138.646256764154657
136.439006108626131
92.554967338813725
120.920992549293146
123.887489117752978
121.909085241233527
115.768862936966912
108.195906406409605
101.098481321455566
80.970536760881345
127.294062396786032
114.257570575676340
135.956357658421240
137.459935894567025
49.593764324652703
121.962768658258597
125.675516799309293
119.181099046394294
113.873965714162395
74.001166609373314
120.748453455452733
124.185346025635511
123.249119139488684
123.014081093108203
122.275624401700668
121.192724562641246
121.605595580314287
120.226703048559074
123.446436027758182
127.575584268189630
126.471660367848330
124.433918414978649
122.049074782221496
116.605013418255425
114.304337296885976
111.941005246207311
108.145586917467696
103.478709033611977
101.512984823830863
100.834118972699201
104.300068080627199
107.682673486632368
108.594176113019827
110.004562760040798
111.746049158486485
112.231932391858180
112.385845531286080
112.428676028499709
112.083822530012327
81.270292428881802
123.617567542344261
126.299814100949604
123.338240740648416
104.430182677586444
130.953426497072513
137.790200185500680
84.650970052889875
118.163234057740041
126.501449029204494
128.927080705730987
126.015976291119387
122.554314326194174
118.798586619117458
76.009514329842929
96.071080977230750
106.947439312571589
107.409559563350328
103.677226911575275
100.758859862927267
102.191912176279004
104.486407291671327
106.461552220864618
108.098134398324234
102.647594419018134
92.187870799971904
108.028833385693062
111.692750915142767
111.421705589872872
111.453784196992032
82.739889994894071
121.156287775245985
120.019807974929279
130.976695156398620
131.749971138757843
130.787052519327574
85.584700857994918
117.853528815413810
126.016270160964325
130.799312934065938
128.969762334517355
124.894903768516798
92.358514071617307
125.627960019906567
126.007081067620533
119.930804187363449
109.659574287739957
61.259366601347651
109.897865797114747
117.873255089364193
111.635123824565383
108.154605916405487
74.588943008503520
124.946731061005977
130.724641925808839
73.532835731971332
60.616961952293671
121.607378579901564
124.026765038444978
118.313827526324758
79.368393442598759
109.327779899253372
120.959580010537707
120.688511324543910
122.038931440514830
124.462019031099857
114.566082872282706
93.268308752852064
128.148027131653691
132.784360234123000
127.074431930303575
85.485166843779552
125.261791087036357
125.122869399321758
105.910645889514328
86.062548576639699
63.267665706793039
111.286313088325912
118.834833201202173
111.564085936029755
104.537935545965624
86.486854272488912
129.061165622684030
133.459628757534176
116.892743462074804
131.420557065828348
59.017304604673029
126.903444108841640
128.639113912052267
119.968504284158797
103.476811737020299
117.504052558064870
119.663930471993396
112.803882097613382
104.929647456391990
103.959094425875378
107.155965832421160
108.124652888620318
108.326259641863174
106.198971399323256
101.879830095558276
103.864480474607234
106.722015327676729
104.828035234387301
103.838242819601064
104.485055842544369
105.144040841508939
106.130906442372265
105.964205880368809
103.183345795269148
101.703755645015733
104.967090391867316
105.202326677374117
104.188853727451857
104.808126681882115
104.712020172144364
105.033409470228918
105.843459659388756
104.668303321914152
101.995482245727089
85.386421481776551
126.106772169096160
117.682629477277430
85.595440153475849
119.747498639312823
129.607206543094890
94.966874383396444
60.654459715385649
109.813466199576823
109.897178507068375
114.547232619552190
114.854341535739735
111.566223693656184
79.324996671829837
122.900481298207083
127.366432701084747
92.847103135784891
56.138133843204407
101.393059758988372
107.828805471014562
108.770974324330695
106.640989314403043
86.651163168163052
130.414577292820695
136.445574530509987
112.794758543615757
130.500061371430178
56.707503617915044
121.264438924847440
125.394032836180628
77.892827821820660
119.245174940453524
119.383533376229224
129.006231474243577
130.015227481886569
128.930667698967568
60.532099944357284
122.310579330680966
118.125487816398618
116.141853235402650
85.191091850237569
78.788190597629352
127.380197530349264
128.088328158743650
122.705030573785209
84.646673495815662
61.498558380277885
120.671946216144704
122.413030287327501
108.583861431402056
99.333210942562047
80.832887558124384
137.270714384190143
138.935474021099594
132.780101987775339
144.469163747256232
57.221233677182269
130.287891278957915
128.278168971090793
94.439146207697249
55.041264030643710
110.057568018604286
127.158636542578023
130.074816200682193
127.690263048051136
80.240545269405501
121.824149434427540
120.119844681220911
118.739778618658477
141.661936407800340
76.535401184952192
137.461978255043562
133.656617385185996
126.684917502349990
102.996184342875907
125.156466550413882
80.621302143519543
128.862489613145812
112.786078841507901
99.678086802031117
77.400613979684536
138.025888016120803
137.109634973282169
132.015779612459198
147.683522839197167
65.535228070699588
137.929258532018252
119.491833092950031
140.901789714983948
135.373263074670547
77.761538741003960
125.230788176248979
139.681937826270996
140.686212762800523
113.451949066040640
123.832270051530102
121.090275488924689
142.938047165525347
135.405138139238403
129.250022357663539
134.213468022988565
110.254424353665613
124.059343952439278
133.624608197305122
128.828856820957299
84.940960874319686
131.824100295933590
117.447735748952965
105.015786781081061
102.448145057335580
101.597538872667172
145.847397041555496
145.491519682377060
60.109425755788465
122.722986526252583
124.667573425070742
116.837801134715164
140.305431224140193
137.877297206377904
132.277332765496965
102.407737979278195
132.544203172827565
132.151506921893514
127.265653719705199
122.335431817697113
122.195491752327470
142.563556645162635
141.356179604065488
135.230972924195612
135.492242253025069
139.954784796295883
142.261823411608475
138.446144070769265
133.553467835943422
129.596650417429004
65.196689051867168
124.754891192613258
115.510531920490251
109.654427132167839
108.030497528529523
108.612822953095304
110.504773152716737
112.046456450630046
114.584148164090919
102.090626122930146
136.059781937841592
140.349804855276204
137.275384183252697
132.301476674388084
130.032700473657883
104.951995255987981
120.335771955480794
119.645212285648398
116.882858513724159
123.417272831372230
139.063449448338247
142.373330380330628
139.168837899102471
137.415583252464216
139.459586137587507
141.004123732658769
140.631529077179550
139.151230048612831
135.951151527805962
50.947409134099260
127.073519640573920
121.686181044649175
117.002348711619192
112.813243531518367
110.638333561055902
108.844625392131690
108.260323156596286
109.917260054697849
112.966515582687492
108.352810649894863
137.455337024418213
144.750224793473848
143.242855888831741
138.432319096047877
135.097843989679461
105.631130899239380
121.420294877807962
117.482839000636517
120.491945776571683
136.555801080817616
116.185909991519722
136.686143280958504
139.184152369775347
141.281263710593237
140.199815601152807
140.782646158616046
144.619355545004225
141.485091491865830
48.055842352374206
88.688810016207967
135.139626290220491
109.205963186653719
84.315788202726793
111.505222975515750
115.683686851946675
116.484532836838042
112.572143957600304
110.204278861314634
73.528373581929117
111.618162771474573
139.764230896234722
147.678999994697193
146.068756102296703
140.541173968606302
137.253983446471040
106.363222846680401
114.935477479373688
113.114839985675559
131.607679083485777
133.773619246620683
136.937192689884171
138.156293815172347
149.005497092361480
150.554185993288968
147.293038852434421
145.884373539645537
69.907864081268542
103.300953076438475
136.667982591525572
135.910777170947739
130.262019843469545
135.792325773713657
76.314235778963891
118.632408056616114
130.901529555520455
125.172578361227366
68.726424145548265
122.126348013902742
129.614272746124271
129.327610667901581
130.001361670273837
149.332120486019562
151.717135472962184
149.868194996440934
141.462808793172826
88.666241979481100
120.198276912634952
125.539110384720459
125.182682308177021
129.459918472005683
138.126233255394283
149.141778306303024
151.651786898809121
148.303584399983094
140.346578834315466
91.263168451713810
95.272451228395639
137.590049217359706
136.265188001545027
132.778951288770742
140.411130210687759
86.014417281103874
121.823203405387758
131.894018682529122
124.645860477505082
113.230303598672336
83.320987623583036
127.743025099885983
134.369882299300968
115.108632309211657
143.496876087730868
147.586534694708462
145.920957892286452
139.014991459787097
131.762757426124551
78.933518875277727
120.491257889159129
125.638513192277188
127.285306535367994
132.942382657434962
146.632742842319203
150.553753204979216
148.235987659121434
73.269761943146889
146.189026087780690
135.013213978409283
104.902317919161987
137.506444037075312
153.388184030007494
152.474845998444920
142.845328751313502
83.509859952157498
134.298683938414484
131.382414819833173
116.767512512756781
87.636873841703718
134.905527800335193
136.530490606556185
112.341756363650006
144.677256385210228
145.556184094200006
141.205615678892968
74.785595220483486
135.648810218146480
131.546418955342375
75.340587078566799
83.460383721406643
129.162426087973017
109.331693962792997
136.705477877119222
114.896283256817100
130.552339933342381
133.153678775778928
128.382568523634774
126.362264679920628
129.119732316822450
158.374491449942127
157.497319935594305
149.261256069508732
139.061264128664391
128.178717648087087
82.618364306672660
121.566429942907575
117.549599720203119
107.806625093100592
88.253377204859788
143.833913632090855
123.849895952400686
141.665783088293864
52.663466628222018
130.090036531648593
132.252132426013077
126.393392793458034
121.189334485016531
118.215603686248684
93.351262497959993
127.721398571709770
127.720795134961875
125.389777535761482
127.843389483765478
129.376866067573701
128.605990653048224
125.928628395893909
123.081978198640812
119.033121299367977
153.542202210253890
156.422953184988387
148.617756072403324
138.363118773882661
128.750941226495200
83.157267814407959
124.498899486296409
124.123106849919793
114.555095756900428
106.195982964598599
103.342086661817490
104.889149850829511
108.796921988407604
113.884150687282784
116.393845253639597
115.620244599971187
115.558156520031574
115.572800816456265
114.737223954889060
114.716797836670054
91.847709363317591
121.822134052343216
123.012035267771410
122.905787123414299
124.969768438738811
127.184907080565083
126.135905735088102
124.066202472881869
117.300017666570184
150.128972990121241
152.266640256003257
147.141950702772931
137.429382260592462
81.929027010541404
124.606894175842655
124.854675697440001
120.449427747569160
112.957132837252473
107.217741693230352
102.851844675926031
102.729059102858827
106.759515532409566
109.984437583417076
112.583757340575062
114.301874345470694
114.975703765955473
114.994814676343367
114.746380255947670
114.116102364074436
111.891810667317472
85.237901497355864
120.605163153855642
117.762137693486807
81.504169381936720
123.621424465024319
133.782718806741286
82.228239661715349
121.596285314943287
138.375066282101443
149.314747785467944
97.162319115991124
126.381237087828723
123.291957631855894
87.181376239404656
137.706398215133902
107.749463643003054
125.881678397053307
57.452039051837062
101.934966999974250
108.586597751160085
109.386900208196352
108.688393579067281
69.303421101742998
132.780065641204516
138.211960793901198
82.911855415260831
59.091914624575502
117.423223227486872
122.089977266878265
119.694080657251007
80.405054330790321
116.199552883694253
119.474670040108322
125.723231978438037
127.811333913399068
129.727285676983655
121.678109668260348
74.710857510609841
127.811323032315386
134.640846309493469
128.409394067623396
87.011025528112100
125.584659793030880
125.578771188607860
119.881896551321660
107.189256128860535
59.730987287324091
111.602000859951929
117.050915523600580
113.283257611068521
106.891272802392436
74.154432974254263
138.245854090401110
140.956733653111456
135.327324100916854
143.860427347182736
63.541036938722627
127.277531416307085
130.317445217889770
122.191197912279748
68.891183881446977
111.877614988577932
122.951776924242722
125.050728067841661
128.117169057326720
132.480452783732659
82.014523275736281
124.437602608300068
130.848191293085989
126.623886815579368
69.749366156235965
91.324992018473822
125.998350908066797
126.958624441864913
135.258679133673922
129.141947469494085
67.708512041734409
118.985960467511831
120.628696858895694
106.532356995641223
77.903136534923064
142.374725419719056
145.072596911494685
138.443437084877644
146.161178615134958
140.492735378044017
83.866043072024738
137.865474768937361
131.426017510046790
107.170725107076720
63.396937450659181
117.113081212859598
124.695867446327881
134.969605979403354
138.893925007962764
93.519872790421275
121.738562994826495
126.662481711987226
115.361921120270935
141.715996509905011
143.878649894706257
99.690118125881867
129.184279465323897
123.659926701274344
124.026978191577427
117.231912886371248
92.238190514956926
120.490740656736477
109.971161117880257
100.646679766889903
103.467117755688136
125.842184953976670
150.832657252958086
148.796796435056024
76.372272858412572
122.592731096963149
125.924613644482974
114.614108107002949
136.257532615786488
91.162953416878082
93.790908323127155
129.677626861035037
134.770584684192585
122.765191419653235
125.707549337009823
127.179961942216678
120.458715060739166
137.148574208326409
133.761187989056111
132.390839731663959
136.757498421350761
138.875536318681384
136.915845179127871
129.474143395815958
122.342056139339448
84.310342739082813
119.416134760743773
113.796566909965577
106.211438504108457
104.486812069593753
124.589980553698723
144.042771059409858
79.810023797485968
118.056783379815073
123.779695830226387
123.997904330113855
122.102235344618961
138.186766064551875
138.199849474245269
134.156850165186427
112.107336091440914
132.651036000056507
131.794904411174628
127.563620393434377
124.984802984340917
124.981872826062386
142.288836894506858
143.405306884793447
137.167672249131954
133.847625909173729
134.700911054014625
136.235345489818911
134.201527266771990
129.161344363584931
123.096276686805965
79.137669249798506
117.320215766639905
115.715268078252549
109.245452974239157
106.436015573211392
107.010284701618346
109.240977547362206
113.877638805665981
117.044683122462757
118.090454943665520
119.671393712376812
139.309555263904201
141.907533298644410
137.278250908232394
133.830328096564870
118.709462326630700
132.166447819932529
127.345813271931519
121.217702184014883
125.004911486301950
140.591725231830935
145.461900156960752
141.018386172993502
135.638267663103079
131.723592323260789
132.615508645686845
137.279859400137184
133.792503417167325
127.830011208563107
80.777392625287590
71.070553099163959
118.662624888829640
120.812809900921891
114.690023959231524
109.833678351701479
109.604545936648947
110.177688690911722
110.362883443305094
112.961548231846976
115.625004571187816
137.629577399110758
142.630257372572260
140.074223637066268
134.883616148945237
130.363790736012817
117.801427386641066
126.120088284136017
118.953337927801797
110.978070923637716
130.646954387107570
136.220217604650543
134.514183777106467
143.035871505766693
141.521984055352334
139.495534290997853
140.871017725122528
136.958765484875329
108.523624665983547
136.837695045703384
136.345243874563920
130.253804604741049
114.337337753450043
81.862113589589484
125.619724867655691
132.798295533807845
126.983965020460261
118.389118149577897
78.853716914022485
133.457212496810399
142.429512778021689
127.481611640438530
146.550265079704275
147.348519050269147
143.661425751143355
138.142391808989714
111.123326565914027
118.023965049974905
118.583705050533652
127.806211113215582
131.413305352116254
135.204293294142616
148.086931633221809
148.573644023846185
145.210282572901519
137.559416724294579
134.954053922956206
98.664739005615459
135.230256097503940
133.974818379819908
128.033419591178870
138.576886200779910
90.633766000654845
131.190977620190552
136.439198413973259
128.941764889800908
118.342253118868797
83.065459710654267
132.336032585844634
137.777769075634637
116.711545710833050
143.809746188072523
147.066362113487799
142.782963729060754
137.817042849388201
131.410901780627512
98.308781705275365
113.557254790964976
124.625726453757295
126.763925200208689
130.057177479184219
147.943360992829980
149.636587430264569
145.104792127138325
138.759401535423450
130.714518637828803
60.455093488075200
97.780402039680055
134.303598370253155
145.485980975525734
150.585219874213777
142.822505524025843
89.208567652723062
124.108872006278318
133.342559554166286
127.840208090809071
93.088683183248904
139.347721699272370
140.270845771444499
106.436830717051663
140.472146296253186
144.993418011326014
141.903945165602693
137.706262149809248
129.934815055844837
75.378862662743018
81.196485069854944
89.579250655737823
116.822913140536414
140.545893780686356
145.201670308882569
142.992603607174999
139.300542700953258
133.583089101210760
69.329142114508841
140.607557597270102
135.460775336800168
134.312969766558524
151.156143996350124
148.197180352057615
96.211420373005382
131.558233629029274
137.732272762208680
134.103216515509814
124.861450675456183
114.298596734562977
72.980621065928958
137.863956103736712
104.756781031946630
141.429314097574888
147.228409991559374
142.927299702932316
135.576275857025706
73.233848586033474
138.065932162370302
136.234400153042117
118.384805758656015
121.584949172843295
128.982476653753963
141.280897042896925
143.316946396663582
120.016792320798288
147.586124298334823
148.218785639110990
135.930312594394877
127.574780794552652
111.518398276606817
141.363572448495859
110.622008129940539
135.936820600980582
136.457079248541476
129.954448043737813
124.240135706283652
118.372657276903254
112.675491101135165
107.272616822189505
104.530250093312617
106.598800239071579
110.726485044472525
113.794845181894885
116.208264457456266
118.242782723662629
118.630602787262518
119.950731953544079
119.057795268731866
119.335951180359459
89.012658028789687
132.113624282698339
132.212277182821794
130.858747169415921
130.725779144268216
129.719039958045926
128.812639779220859
127.844781842071654
126.194225315041933
127.920910260936125
132.098441212823786
136.168678135452609
134.391700326762304
131.363823136465953
126.294168659367273
124.035262333224892
121.044496417874882
117.090274722033129
112.756415676599474
108.033553098836748
105.433515657151645
107.950670915312230
110.822081747413364
113.186059329864520
115.429920131107224
117.890306215510989
118.973532813381738
120.197999391362188
119.077290802505729
119.006630656683626
89.201919250457792
132.618400215680367
132.281700612753809
129.118863698498501
122.196485326429723
139.942690130868328
110.143187732478495
86.591714132746816
123.398304649021213
130.523528145418197
137.140826565898749
136.089750784898911
139.086272796563350
88.130700241064602
135.143533920508901
136.379330393069154
68.176677203217110
116.988299742287538
118.056547373991194
112.820988321920382
108.551491696792638
108.320026556485487
109.941944444743001
92.423376564598669
135.379159618360546
78.383109597340265
116.053223889251541
120.809509635202005
119.659722200794263
120.457724459716133
88.915949243937590
130.025666757674259
124.238602064864949
132.214158905635117
132.093903403862328
132.521571430014092
125.696435462125365
82.683485187590136
126.456525005527624
138.566231508517859
137.569961344283001
146.379129594582281
103.292832659739958
134.860727409425579
134.739089581867773
100.067025157056491
106.632789383576636
68.307948252146559
125.401078481737471
125.221222055599483
114.147122445000321
78.475293740215463
133.428555299323790
139.813909660291586
136.274379280435909
100.067716845265295
67.171966789695020
133.985350573635287
141.247565504806772
130.608468136285353
80.691894220799114
119.368180865447670
127.659847723195284
126.111323822530935
127.029673829694374
135.995948522253457
137.707331634338573
92.856422787189274
133.573440450342702
135.644591776445282
151.307896561868802
92.285011800565442
135.385145510031293
135.220612735457593
135.481877011455595
92.014018999909496
75.142157463188440
125.494989181812173
128.531796563336059
113.237268188914058
78.189069375397864
136.058571845354749
139.069394732564547
133.311753224925326
131.519709126870055
144.287886173033769
79.370446523091402
142.063828125633677
140.317334491159670
128.193938134497159
114.427095338338731
126.010610267102720
123.169253879064783
114.956012972465047
110.163551527348091
92.296069520964778
126.397191592571573
80.815587659751543
102.680059679692391
107.392602056314018
108.208098652755723
110.715337961058282
111.701867418426872
110.295751952251592
97.887490702805692
95.145139732598054
124.433358825507412
68.995372239877867
101.681492458505247
111.378469516624278
114.402484475680680
112.648165784307352
109.937601163236181
109.365923151007124
102.277653859593414
114.706665023463131
79.292282759427621
102.979900255052158
109.205008513579202
110.713734119390338
94.141956912836136
133.621810919581606
127.924870788427526
104.726867108205752
127.668140045020181
133.823331194754246
112.985793975170893
66.619265990339116
111.733712835481242
116.136329406635355
118.543993489305876
85.251531165456967
132.548200642490343
101.716943576034467
130.622774658105953
109.100857963052192
58.476560803633767
116.388068133164239
125.234005102578521
120.774103504981980
109.423235233921176
104.136231976956338
105.077452408851727
144.876255381559758
148.258060026694636
149.207485367975892
63.584091787195746
119.498812251356497
126.103184433425781
123.039379934273541
70.050959201575296
134.455439605523367
129.173187680671560
135.593990553240417
136.903697069050111
139.258574529757084
66.149897516634070
120.551952883967715
118.345493391346082
99.043119861796782
155.325839144807048
90.205740595282549
139.100959651970470
139.794254300733570
133.575128127936466
93.319488789356171
78.571198105268692
133.869896777338766
130.582445164940083
109.484981539486370
101.703404975787961
86.663818155452589
145.996437032881829
146.541428653318491
156.855561261540856
63.366223020451130
133.342699102170798
135.134949731920187
114.088659774479552
140.570381273716407
80.489243577712386
134.806808916591081
111.576774373750197
133.719885664002732
138.954246693993866
94.068511856233457
124.093489679804676
127.016181548111319
146.630387010371976
135.991756260408323
132.894108200530866
100.115779302271690
146.275948458019911
108.706632608658353
138.065967400691193
131.621034698275963
90.905507335395725
135.379635711615549
117.500397525039716
106.857896775552661
106.884668263488578
119.581583318319900
143.691151268722621
156.415950556673295
65.537886665985852
128.101421194879492
131.100979159258543
120.763783362878684
144.593497245208368
140.057664072705734
102.496572423573227
140.324898943524204
146.486955824313640
128.068844383591284
131.778908441873028
130.793969964774931
127.804391816731041
146.771234733382869
139.042784005303105
133.135732374023576
137.878671508861004
144.530463377685209
146.508028039006689
142.351612999525884
137.886341604977872
86.281457908290733
142.031497727504643
124.963702209123809
115.828890811632078
112.344158096839919
114.288880061219189
151.488900607423318
148.635456748265426
59.557818359263791
130.324323278396946
114.460311384657700
145.601686203648171
146.624340208759179
140.954107182312754
136.753309575439829
113.815925716487925
136.183674945058328
134.736064423456241
130.416008661017003
127.361823575593135
132.325043987407355
147.131586947406163
143.985539909174435
138.694926054561392
139.923007876512827
144.000770355461896
146.016214817751035
147.007117986505904
143.653216205237243
80.279410859906250
142.883364699295697
132.329354300825173
123.843425091057071
120.003355863997001
116.620477291213319
114.156379886424048
112.235832163824611
114.041603973148398
117.492836487445103
111.753776734730195
143.108339543029388
149.190626774875227
146.373169204088157
142.785416555504298
139.247886690735697
104.051902614788759
125.451856769405651
124.872554732729384
120.227850025864655
132.586294494032614
145.610431476359935
147.110284920947663
143.936363522384909
144.298479491222508
145.364733528550232
145.876499864719676
147.965945184446923
150.901785128442071
62.999033074736531
139.518219499788017
133.522499358794335
129.928973589822988
126.920289077559033
123.678167744971745
118.405686546543023
114.396969988361320
112.646826912584231
112.791000653375875
104.413661033837542
138.136149024194793
148.515518139733899
148.320887238782319
145.007563528658523
142.216838018826365
139.742296105763955
96.427912323064788
120.721153210561909
114.659968249011754
131.760747249838857
110.324544530170357
145.791954461452917
135.461280963185487
144.026510758255597
147.450287366386561
148.592104915609752
149.068179948682797
151.517645987039202
60.775150941997872
139.799072316160959
98.878428201110069
148.787508863570736
120.178479071391877
88.410928256175112
120.711626571455056
125.709719018101922
122.918909843520296
115.774953327511383
97.628782732432683
80.685593802769148
138.458220361034591
129.003944996787254
145.986386528938397
149.110948472454027
145.586051328324913
144.281913782187871
93.464220719692094
111.800178385100992
130.276770033019659
136.441255630304994
138.868137521515564
142.128531071356491
152.621035290944633
156.636287574521646
155.967274388987619
150.697425598619759
148.571652150307045
80.436985037037616
111.212775530186548
145.609461542638940
144.165892184362519
160.027370902640257
159.363590672106767
84.126383782049643
127.501200931407240
137.650722175523498
128.735607506647227
111.477043570404362
98.198451404943555
138.327638108677121
115.304585400458720
151.256109679125501
155.445161874315232
154.707687001553353
148.857907870326613
144.021648707207135
88.211776548364099
128.039809178322287
132.531231643667070
131.821666674995924
136.226557735922739
142.977230536630088
154.791342526412194
159.813259118548899
153.519483617739979
99.610629195066906
129.586300106617188
112.604123129721245
149.679745281049236
147.128939781044892
170.208308128131335
159.296209012103986
146.548685014839123
104.031239888267038
146.297372502821077
140.697751894363392
79.022719681604855
136.752435898125185
138.638317505787029
110.946032947832464
150.392632542322815
155.600908774237922
152.838534820581231
146.799171061905326
139.085666830013423
103.898528187954568
70.181095621227470
113.593478376965834
128.310424084244687
139.146850012110207
149.242054162587806
154.163208544614349
153.670115253036613
92.504257506299723
152.710401701381869
138.467796891213112
174.013475651174474
177.035247658468734
176.240322544956683
171.436525899466517
160.722357762052923
148.812782214243327
136.469367254269912
115.502657249030918
134.558888135131269
120.390007796998432
122.511071930203656
88.435129697944575
141.522154401789891
148.180047987683963
145.055914019476063
139.686259247964472
81.395899015411118
150.525205493921021
148.267637267991631
135.434921267534719
88.468196400932044
92.739805587444579
132.325351333194845
135.050120310064301
135.997801529102532
139.613799232281735
142.146308656078588
136.839984963313725
124.956987226397189
165.927461091405974
169.636056819955712
173.897977406730973
170.769158422417775
164.568031261453143
153.656013125879582
141.416253484629635
108.214349311156838
128.549143973208686
123.408571267767556
112.346757313837657
93.484265496940381
83.386581264804022
109.612244900862464
117.821368727646473
122.585406760389915
126.027883350400941
125.787840751681799
124.763673433373626
123.575838456223792
123.222718352082481
105.618626951331294
136.923397044256035
135.534393134614646
134.261984715655132
135.513113477483927
137.481685390469863
136.453608766427664
132.483065618619946
132.558202856203650
166.686157069999553
168.273731379906508
166.924329293808569
160.572270079681630
150.346494974773748
139.686058960578151
101.736361107808563
133.631441471408863
132.730368106605511
122.397720723361516
113.400514210563671
107.564777753230885
108.871274339033519
112.563089174635167
116.513341714276606
120.499313320574146
121.749778050004210
123.054691424418664
122.514911453952422
122.061872884254157
122.265156900355208
101.519595495882925
135.187283657444993
134.233440016622069
131.524376168475385
132.201134715131303
135.866038310452524
134.190828227525486
131.478632801292747
132.415044518531204
160.510767953346800
163.419875625733113
157.008883405980185
146.515214154877810
137.295546664605212
93.275508580054833
135.075310425955109
135.715581224580120
128.245634543641927
118.593602916331321
109.716651508742643
108.591482428648504
110.723923567593573
111.729629189157848
115.131009291902600
118.546590484787814
121.083231392124816
122.145459064283898
121.857157439929352
120.422714847629749
119.766161828249338
97.928184926384958
130.823676935425738
128.083203903260483
84.648643083319996
133.689486291184238
140.230792698138089
118.136513397793436
125.586694061873743
155.621652979741015
158.492927040976781
86.871456616253440
139.269327805041598
129.159408962856844
110.415188509942084
151.238375243144674
111.707821629652926
142.158594256571206
59.325337689874672
110.285059095328762
120.222446937637670
116.944168689638332
112.801592678237014
76.473810216769763
146.024975126344998
149.212942809163536
98.718637114810264
57.268424230795361
126.062265651905420
133.277995461826919
130.027310576650734
94.782495038471382
126.836701852666863
127.909590991357703
133.135003178858113
134.871106209990813
136.420712208915290
138.260035994197750
73.843531578375249
134.452391548004073
137.019264583444937
131.319787452107647
98.101238853228381
138.103464064630202
136.889123234668887
130.315611681010580
126.823455591026089
63.160052098677198
121.039250031277106
127.471596383945098
118.620556730842395
110.634790917003869
81.505940644028612
146.792301258139020
149.090609109756798
139.591502460925682
149.392790517227070
67.664821981976587
141.139200676246787
142.831243868743286
131.188637219405109
76.562226344096501
120.219945960850467
127.117214129234299
129.750716976369858
138.903766996132504
142.643827951628310
85.666222388015498
129.520483004289076
133.646630124840897
65.062652447019104
143.378297344695454
104.897746280637165
137.237871490444775
136.036446858907794
138.880759120829538
131.469151211871917
86.428084205711500
133.725030921077177
128.139061785436411
110.785872244816716
96.682949802803876
152.066175163735636
154.113229676198159
143.453342293555693
152.494994942285189
77.946284041607370
144.928311304262280
148.242938960075236
114.074216899392326
140.566524968248103
80.193921260060392
133.386614285891909
144.910304356259758
143.661751665540066
112.803454127847374
128.290509107397611
131.544801027835092
126.920527188028629
126.869672653459020
140.265519443333744
142.711277814176356
146.199462091384646
144.203367792343215
139.581342798453676
132.432528353251541
124.714379896053572
96.708434429352621
127.698630173509258
117.987342812193134
107.508906404942124
108.286492300943763
149.515743846175326
152.529108815286634
73.504467724432928
131.440926346469126
139.283180495130637
136.861926962243359
119.646159771940660
140.732169425348559
139.908547136461095
104.089857206568524
142.125427944329942
141.850884834726770
136.505964578329298
133.954562458211853
130.952181776384379
125.818257248807612
143.584056546631814
140.562458746458304
135.540668083266240
137.243236611017579
140.556940833022509
141.035185491937796
137.325423676120806
132.178019983746310
92.514421626565181
128.927284513707292
122.344170822554332
113.061457146877871
109.414236202973740
147.860144955651720
89.807543634913344
114.546967021149129
122.568275525604307
125.982890936246264
122.191163950141046
144.413535930748026
146.426521785272200
142.107714845251905
137.265939091953328
124.280133097348426
138.838185138677034
135.274664862169089
129.709166482336599
126.711700712448646
134.704235424829534
147.487159902496273
146.655984335556667
140.553401188040482
135.639208181953535
135.875259756434986
141.680697763199987
142.854265139195093
137.864395165776642
88.724515508073665
133.616580406947094
130.425017909382291
121.961230209883908
116.111145982912333
111.032174435235731
109.607203481392844
110.705487545739388
114.144354454343215
118.229632636011104
119.768458140946422
145.594917770890447
150.916915781588500
147.296851755316823
143.167678434759409
137.961316421156994
123.529248342957871
133.818141590732182
126.993849406932412
121.817596106132612
136.358074107286228
103.339580763575839
147.094279729225917
145.191402228450301
140.957114384806061
135.476901482686969
139.254755952759751
142.173124817647334
142.036489447006545
90.806866364285156
146.974495753335248
79.160438351045144
115.238576749442117
117.445640986296596
121.207091306731456
119.093735418084094
117.641290613890519
114.432943429603810
113.848315861228429
91.548711281442365
147.907390605553871
126.684710700917634
150.342726212604788
152.804153092102410
149.570343321809503
145.823730332549189
117.741875964842706
126.715829818299966
131.890327823708787
137.106648909873769
138.340481517861235
142.294886028187875
151.900354386301501
152.725939633612029
145.291828579029414
142.404665999000429
141.103523614906578
140.960965191945064
115.802012065527038
144.475672044728725
141.320646998112863
143.838948847250947
150.602632410018089
98.033152631324938
140.402636372450758
144.519150429799708
132.668983963927161
79.982454803425256
142.919502073516071
146.717314758997247
142.444760615166956
124.123970973643381
152.445563933204710
155.379164239966826
153.427309407947035
146.563588601268805
105.320738501495370
127.244806922617357
132.097847897622898
131.549351931707122
132.628534897554403
143.911920405940066
153.918501279725717
154.793211154092006
150.241563582659808
141.399344042952009
138.781654710248603
96.376112582285955
144.642846462243767
142.723711996603924
157.170310337166882
155.633914280465291
115.635602427850515
146.750892528389443
148.780488418785183
136.090321486520935
121.264903103075042
97.362012297757801
143.265954877616537
145.940428179043181
111.927647589318127
149.228987666628058
152.758836551024842
151.358320416890251
145.155819687802364
138.909401760281469
93.701649804780942
119.969516945140882
121.405320540849289
148.004148577333410
151.793871523809514
150.593738613034731
146.522628215740269
140.098673814802567
135.596145230026480
66.830089187335361
141.803518503520451
120.790592785168101
157.739231094979601
163.885319072747052
156.895467602609841
91.435491688394777
133.410835921474217
144.168160348702713
141.400096912774558
131.185093379125874
119.752151095436830
75.478034901838797
93.482795526916121
141.909084205394322
147.912482077228788
146.001116409893825
142.585520925864273
137.185671515131986
132.669870249526753
97.681033801784992
115.295171926636428
126.818804886775837
131.324452357120833
148.819330459671107
150.904618917788838
149.408773068549181
144.032741822927335
125.888771536188557
151.312410851773365
140.407142485227837
127.763727752049618
153.191861144915265
148.429923295616135
141.159111376180618
103.570905122375848
143.534820186383911
147.652832787544469
143.763091967320406
132.634018361365037
120.609838689855167
94.280053382232580
92.220401421633554
143.600462145958545
149.338630623142791
147.031782825951439
141.085989339563497
73.095723885937815
143.820317382913231
147.247484600108862
139.547119322540311
83.221496173950598
137.383136309055317
139.781605695788755
135.574079184172604
135.498655256143792
136.726138073116005
135.061637651700920
132.144176197941619
129.343036486195757
131.405124074205929
137.083106319613449
141.924155541397283
144.830500557555411
142.697458224307638
139.077162579019330
136.210798261886623
131.213992341941804
127.345812792713843
121.560530771720153
117.830163624242729
113.298134694575538
112.360916367639433
113.444598807819872
117.346229967260527
119.693605734622480
121.868980530944441
124.041302904078179
125.444043346789726
126.413602263545812
126.436001654952904
98.027739163601765
143.061916320803164
141.866249954877446
136.853227205036319
136.355843780416450
136.839247034174946
135.435038616220652
133.585076084249323
132.451193944822194
133.131902070518606
136.831726110516485
143.554447797078524
144.947326052364616
141.831330093146846
138.854147455576566
134.155143245667972
124.318798253713055
108.778940672798996
117.855429914434325
115.963957035243396
113.102170405273682
111.782882213791936
113.194661090503985
115.986978305233180
118.795399541118798
123.142884092749142
125.262215212518527
126.547747538882618
126.873811085510610
126.893567274824107
99.806521860632444
141.875277243163907
139.277679308500552
105.679516005263551
137.866926865049322
148.799660701249081
129.521522253731490
83.133039093765291
131.032460510656961
139.360450188949187
144.220535707857096
143.475193148956947
164.125964092764548
101.995715707083534
153.431099653966442
149.153514445578935
142.912816415822306
134.379327980923392
75.322141549246567
129.965219246687269
127.106823441051276
118.875035867000108
82.422725605265711
140.400226659115788
150.405947371301210
69.515167934593649
115.522995336249735
120.491094181934187
132.996478826040175
133.478778952086941
95.687518989403202
137.131861127494346
133.335503479834557
138.331983846209482
137.612127241431722
151.815248974810800
152.531465961967740
87.978207844370289
134.526841058432865
143.758337713609421
127.576372476982868
170.371311048845143
109.840970050278870
143.379204868276190
145.070309629574126
146.213450521765850
138.286943172175171
84.787034875510400
136.296905733078688
130.213086361265368
117.402129230066038
87.301422133014370
140.697958787252787
147.470460548778675
132.874367639124472
153.024913927499995
73.442736959348466
146.443674087999028
149.832019726826644
139.886135781590724
86.791132246105420
125.686504032548783
131.618101967303517
131.832230301867185
145.370361860808089
145.154746416528695
99.740882847446471
134.888903517157701
139.974331235767096
135.288139183395458
170.272319446718996
106.965822962161170
143.544830541466411
162.605265365801642
153.005389704120802
145.744879215173910
95.005838631291354
136.783253609648625
133.305970176212497
118.129330773944375
108.933067286983388
113.424634496245503
146.163006001780502
140.583629080502590
153.575262475606280
151.546654443077387
73.476993341101505
147.113457755746992
144.850422624198103
135.033271632256515
117.045705722395795
129.384749886655499
126.652770259026880
118.696938694565432
108.685148136937428
134.946909026907576
83.383727258083823
109.672808873701172
115.906385933332899
114.670018227833765
115.425744573421611
115.948402597439099
115.916902504453390
117.089464121126895
101.690956732839965
128.815937018957243
85.100189297872490
109.211281109170201
115.139587466684873
116.028229308270866
116.900078165154753
114.251148498749956
113.605226025584514
113.624295087242743
106.172321851011375
131.988644581017951
82.095089419867463
108.214493527915366
114.372547111078049
117.683714916795850
97.253063269579897
143.612708541449308
136.410595387092769
148.492806487670435
148.318951371096347
107.471563021346725
77.028509835873592
118.568317404513863
118.010110114802316
116.666055759010675
116.363134178203751
106.180625441728097
86.310149172243186
149.822747513731912
151.291161918558714
105.240270656686505
66.024748754862301
129.962578014365988
137.452691301133910
129.285243731246226
115.441273465651165
109.151370121252583
107.429661970870114
152.818286321443082
157.107790973071729
154.826929580728802
65.207482370081721
132.065376762717790
137.245680028370771
132.068943693445306
73.065783932458913
146.950813237848251
130.053964347688861
136.935423514770946
139.156493106359733
81.653418821267223
126.633657905519755
128.708489250028464
123.216614173720856
101.703208965811754
163.939363625468616
159.088664938164698
119.086607590782194
150.441411397366920
115.006281463499903
135.611908030903720
92.495958631503839
150.064321650460556
143.512668729870086
120.346119561967527
109.537701778565705
103.770958864654673
156.608785327016022
157.478917678159632
160.490296743532610
66.272649014498853
145.000659798663719
147.334258551410414
112.658948130508506
145.228571191145875
92.165956471389549
139.221857885482819
153.876898395125892
151.914792747250033
115.997585936430212
134.392855525019002
135.821625710845183
128.194545483081839
147.841165141061339
139.068173594177097
136.067979022740701
141.506763841839756
146.789909311567783
149.231360315146787
144.516647135978673
105.013451573979452
155.284192055769097
143.018308136078872
125.458363197783228
118.732016527674915
116.047882120056727
123.144631127487401
158.279965053108981
70.019635323713189
126.801587032272622
132.309777609526435
118.724468379981460
150.291589949320439
148.812523681928894
144.169948654601740
120.224077795071935
149.628640572109333
146.045311221747255
140.763281381830609
137.041427368493373
133.990739513214180
135.848418714362992
149.754101126001473
143.751783018231180
138.174994303616415
140.796560055222585
147.700312052916530
151.106361572801859
150.619430182110335
95.170116100000712
157.294108298427290
146.100447389570547
134.074314932424272
128.232456523463838
124.387561006454774
120.892681467411052
117.934264845962474
117.619578967457358
119.956099261724702
123.846849224094896
119.554235428870939
151.782028233789021
155.941881507283341
151.061998860084998
146.749317217362005
113.641796037507646
139.545432567013506
137.331255437629295
133.481073629637478
129.757042801580667
138.542715009941162
152.676504188881950
149.766336253841928
145.482721954637100
145.159337039739341
147.389568753671227
151.369757094721706
155.576029854163465
153.846433692511141
82.434953428629981
150.785200447417424
142.639457577133044
135.255499814938304
130.704022008886369
127.540864569954678
123.035315653220550
119.681214803021248
117.632846540526870
118.806264261328977
113.577537904172388
148.007418693840407
156.290349642486916
153.178208568278194
148.851093232502393
147.429528870006521
101.936216272762181
134.163612178096514
130.146449384403866
122.434429064283620
138.481309005492307
150.101271127861338
152.368624204561627
150.456489357576544
148.607298515667537
147.939631377393681
151.020662372870333
156.357365023029388
158.547392942325871
71.239520989715203
136.837719878281405
155.681972429355426
153.653589290785732
94.330244663390573
125.586965030712093
130.621307568860232
127.789385989658058
122.371739542693220
117.883704533651482
106.699014597343279
140.327110606779058
150.588323444260027
150.821909843159318
148.425361522405353
146.675474190772434
147.393449024562983
102.177062969152431
125.848074098124357
118.651476719179243
136.232151197078196
119.220580293652262
143.382427064336355
149.221131169019429
150.885628687362413
150.658742350486023
150.744805019557759
156.119532220097852
157.260675446214634
172.725278008407003
115.362953173189595
165.697749210001859
159.535315108735773
152.274450654991483
144.007855798739911
134.866923177691405
114.889102850406289
148.236469766612288
140.643124090270419
128.896107611871230
93.234276163285344
148.359822048567139
119.878560317186981
158.646885182901144
163.020513411184140
161.822601706531998
156.765001282290541
126.636013037801291
125.670805698410163
133.624579708609502
139.724145686044324
143.104123061795974
144.677885885970284
161.030389601061131
165.856577654259752
163.655219489874412
158.913018410737237
119.046390940835195
183.033159015307263
125.299918997302797
154.929098773201417
178.863559905752027
169.492467301175736
159.373369309110899
147.245131817752053
100.925351195635457
150.221127857437779
146.077823959231438
94.040368457741152
147.911680584554119
104.288435913230032
151.493576648136667
159.961131973368737
155.758963555938180
152.507972493125010
148.417494047203888
86.942521564742762
97.208901374732079
105.303718333642536
116.533170238042842
143.319100939137428
154.168137584840792
159.132637035691715
158.657066530195266
153.707250534379455
102.327118784203506
137.844318115413841
178.331650306099846
182.042149827588787
183.005842618209584
179.321478492616819
173.174874181176222
165.162304876092065
151.701377244974509
142.320117582223389
130.740079901377925
141.803505346527345
123.673459902696393
106.156880813955496
101.147092444076023
150.097122561065476
157.030882954391814
153.353108566714013
148.691118820490772
91.545844830769141
159.126192775058229
153.755474991453696
87.181646161697373
128.755221679658177
126.906486780795333
141.987205827590060
152.005336219732357
103.032519400991049
144.040511393345469
154.988292081831332
149.364706522900292
131.902143081935435
177.062695699680660
181.885998242791459
185.313706687452992
180.946088657781274
172.255275468742383
162.679943540613465
148.747416520636591
116.135501216780980
131.021315620468357
124.209650793107102
114.681192882996214
133.939602109957548
132.088893470386040
71.950393866146356
123.912223366151622
132.907562595291751
137.341403329367267
136.556744753444491
135.276321906563169
134.313493223177602
111.366275338097481
148.223055885118924
146.870380304234061
143.480333620064584
143.309872660488480
146.289664296160055
148.076045607843014
144.410785428988703
138.590944592394635
171.992232446186136
174.233048795896281
175.937366138819385
178.020337966359847
171.909551676630514
162.597280631163017
150.683868945741978
117.072796072462410
137.415754654130637
134.107622679528930
122.448230313524292
114.976682792103716
113.039350641161079
114.673951501904170
119.284583535598614
124.559094207806766
128.731655016694390
130.719455796495254
130.933963204884918
131.165232547754158
130.537776711197751
115.097843265498881
148.153839751468922
146.896988981952404
143.787233353801895
143.375865648280865
145.799846003131847
146.224957480552661
138.110608638654384
168.740859716170974
166.870445016266842
168.063873341637674
166.224550094493281
161.727914961420964
154.759752872601325
146.006073214981825
118.085570358174294
141.706021991258410
140.801857481347156
130.338108982484755
121.365043330839612
116.218541564032193
114.952512885706483
116.652935703482257
118.615285004063466
122.750860079080212
126.581606879393291
128.874315514575642
129.476458815570084
129.805073014785393
129.455315652112290
114.797646564184674
147.787076776195903
144.082965444156173
139.592092639752309
140.772921666553998
143.687302788227100
126.871878316546713
164.950190417720364
166.209178390417890
160.560504136091851
160.753097739242037
154.547011794780985
146.848887014968795
112.273093301732445
145.059230060717937
146.987293920569272
140.099043098943127
130.972031276042088
122.843900092515270
118.892298994074508
118.741282908457521
116.523182695466247
116.570714484208679
125.181139187247183
93.500916969863866
119.349696599462277
127.159248774984462
127.264938635824720
127.211355237979731
129.020971735281393
111.695164524024477
142.702860657100615
139.687004122734066
102.676314346719622
146.100257566821426
102.675208919599470
93.529738159776159
132.588190514604662
159.007368627114943
169.685528408001375
161.635665341733841
93.823030317537558
113.474650526952360
158.039487881763421
126.525663698109923
156.365367383181308
81.562047775381004
118.523172445436643
120.418328029115287
120.490827763379784
118.700725978591876
116.783581302563348
90.595247270495420
154.803260126463584
103.310920401967749
156.277988103879352
62.717427919961516
137.424994390288788
143.853415672660191
140.091909676761645
101.698765166153990
140.166129226146239
127.247745986543137
135.809353177821151
135.612263789802313
145.405664342147247
86.944113153041712
131.660713672655305
134.471113485918494
133.018585315663671
129.765445321516296
83.451727510936109
120.057981129152267
154.301417918045956
153.180664137594107
144.632096872668711
68.086637473596141
131.387251649211322
135.180129957788409
126.808797024930527
119.237299080158948
120.126739295530840
159.041210240519291
144.825485822919717
159.074717239276225
59.373445011420976
142.466622109194191
149.394871244278988
143.193906635194907
134.846407837631574
88.275339665494869
143.153957751265693
143.180888611216233
148.947347245152116
147.598961148880733
97.821521081207166
127.361814156830775
134.129509558450195
131.647989792873375
104.974304014192413
161.365842629286362
163.294209289555369
155.843148703549161
147.472572042839090
141.100760450933819
86.633001301778194
139.740531829030061
141.852345855815599
129.618590717743587
117.540575797043573
113.829719226823102
124.267559852055356
156.073187216381882
155.463549385090857
65.210935394053962
131.622788554891883
139.930740860125155
137.967623438782965
114.286053506553969
147.900532343387738
97.698742293739315
134.346331726351849
145.454265656724886
130.761053791168081
135.352571249262610
138.674046542180122
136.511234749760945
124.895158323019629
151.405953702203107
147.154056058383588
144.197727205636653
143.339553394693297
144.376209688487108
141.697997614825965
136.529809809149810
101.828228070818682
141.882306575098028
136.823296092518319
122.268548197969508
116.265578920796031
130.867952153332453
92.307869192395543
117.971922245395490
124.826936209516333
129.423059936215679
131.121016466147438
126.746695114255175
149.153708971300318
149.948236272757754
145.784427720565049
123.346596413054158
147.418992760009985
144.570785729188373
139.931064950885514
135.946863197583184
133.682790819982415
133.553107766822365
149.889864298530256
147.552928079310789
140.433078026627300
139.613281972441115
142.964241483779176
144.764294752298014
143.584947322914616
138.764345217538164
96.170830938032125
140.350494665837687
135.013671098213592
124.167671059343462
118.613522604284583
116.882373209425282
116.582894334493602
118.907261405954458
123.066601158531057
128.209531439541053
126.983516418692631
150.797937266155941
154.046612713170305
149.891774824549628
144.153371339944414
127.914228848953826
144.693008216025618
139.815540791420830
133.586523664964545
130.683947122005662
139.807368895185448
153.804703368926880
153.643863688999573
145.742148881502544
138.132286674636305
138.968795777334378
145.347961404541991
147.382316735309189
144.603218524412455
94.173710509850437
145.773087548260577
141.280316946663021
132.138699983927467
124.712979686494151
119.751265564002225
116.931970762967779
115.626686827985196
115.260079147402934
119.562228740486631
120.964635211540667
150.014644026025451
157.282844092023481
153.410887625611224
148.680980533508460
145.619933936616576
125.031392653572865
138.069516678653400
131.739334784091028
128.028920611483699
111.616447660348072
145.327348874397472
154.187861020973344
153.647960613154396
147.024178338822679
142.158011627003560
143.921496806252605
146.098091747438673
146.207503702780144
92.462938611823617
137.421400590769480
114.412165102306645
114.612108428531826
126.922476686311882
125.717206054465706
124.004442098334209
121.422403424322923
116.505402461648416
115.946133139910700
98.941087893771623
159.055099138024389
125.777092551978825
155.535776993874379
159.644438634855959
156.706975113472993
154.566049802357952
117.013062818178298
133.036871672443880
127.029902777822343
142.695339811320679
144.579078885989105
146.832600736812992
157.904556097353009
155.802998777392759
150.935877960643495
147.057738776336976
144.841165612100667
145.901597438738207
125.150293858937715
157.372473389717385
155.896248692871950
163.303293899377110
94.010426493953503
140.174834923092192
146.548328081864042
139.923286877094370
129.407988655752860
93.913851717701903
154.909554403837546
159.459237635700902
112.764348208622607
150.621679951458361
155.896392987534568
155.238309584243069
152.132888682990910
148.591075527872363
106.276699503038188
131.605450089781982
102.914719848764662
140.449297231669448
156.867373278683260
158.545776760515992
156.267439754499975
149.133761112235021
143.744801803462565
140.749288942558735
71.128423154213976
152.289338081466155
156.862279803908393
171.107322624926098
165.332696773968280
106.618145104939430
133.583682264887500
139.324782917953314
138.944870500959894
132.341319614844735
124.432991898366808
157.691740798368699
155.246297685307837
98.065460475196360
147.979556013612807
154.644901242471491
154.813649295403280
151.380654627587887
145.657350047958488
142.174790207991748
89.307623139554480
126.804344868638751
118.367126142197321
145.180469068685511
159.261109427481870
160.429994291564526
156.148133867975730
149.424803448052671
61.756577490608983
150.227163453183323
146.170630106151549
144.120305043762386
166.435628600495505
162.859198787576304
101.783664484976029
146.812346074729476
151.262646001230848
147.738820406517419
139.731308466800613
131.898434552935043
124.183798616825996
92.519567374214446
95.805346259038174
148.412546430193885
155.385953787139044
152.576061517370192
148.813503914437149
76.198984753792971
150.287590992236915
154.907248250636968
90.122293410057921
144.605276801824402
147.134325416958490
142.638353734012128
154.025634547426364
111.463260002177904
134.702050774278177
141.372034396061423
137.420510361054937
135.543178194369091
139.755921380570015
145.377313740612692
150.241766178250430
150.470199092131963
148.805657228901453
145.802133513792370
142.026010501763153
136.187506112272899
130.965369787208800
125.384155891775407
123.405234243585880
119.895477327250447
118.220335155042605
149.245152374792781
93.630829754572687
119.429439823553665
127.645741491452583
130.533720893734539
132.623034888047926
134.197374776287234
108.266709518333300
150.994922638024917
150.089887321967524
144.590380508911068
142.391005863634632
143.400609804828377
142.519052443341906
140.751599322388188
135.937566278090429
137.484551365845448
141.231721441166883
146.787914649835528
151.379785960084860
151.320142089654894
149.668358965969162
161.510862310753680
159.292924265747047
149.797173235052469
78.259499212233266
130.585645119350517
129.199098642394915
124.381219275110041
122.061083376099788
121.784993968763303
123.283282586870399
125.880178682012087
130.469543665209443
133.519783407211776
134.660182446932879
134.700571285298111
109.213336098734402
152.573638119239945
149.053976415542394
143.458525125715710
142.517774981818405
143.862810035681491
142.437293658379332
140.401029993836062
136.868759675194383
136.911067015415711
142.772446727252088
149.222767645673912
162.417198329825368
179.032857347425676
178.398685686397357
169.725441436734144
155.416495406414043
144.401374031693706
83.061641546628991
135.311673735439626
135.783758168350090
127.333356746274461
121.849878086900219
121.947619397151271
125.097047516871655
128.459365376559134
131.940926918625792
134.250282115615505
134.786650965251681
135.556804135091767
110.195593490870337
149.940541297849279
147.580633747773192
112.094592185143782
144.897530774884501
132.679031453531223
99.206538190094193
134.164811940047798
139.539633912609531
141.187705174629258
146.069712822680486
147.696107743830993
177.478657818023748
138.601540133807248
169.337241021720274
160.112890255785430
149.502532357693667
86.179741951751851
138.050139196730754
138.684672770558677
127.708833113177832
118.935885742947590
89.625256583995196
153.867316484076639
75.028889356595926
117.659323103144501
110.593171761166190
131.715271543525944
137.196717367143123
137.767817986825889
106.563662728937231
147.987363376169384
140.383968957575689
143.401763999655145
158.185336240220551
158.176983474480380
97.274631893069738
138.083066319979054
143.602493197164307
126.152508103871540
176.766473788400447
180.786172406510161
129.479690274676813
155.172863353781651
152.166826483248485
151.353586465550904
145.206163153860132
101.924042559082210
138.515877177917559
132.830273399123968
122.724990564386175
107.512078011915676
152.268826148769080
133.299914934888506
159.328312857186148
159.572278788834865
79.196678659804448
157.286257937557082
158.284850170795551
148.576237942011431
95.650057408514769
146.819564042221600
149.884216569294210
151.726259386543774
149.122205483450671
145.376941754546692
97.304671420508825
137.830016217502902
130.417989607781237
171.936907763929980
173.850543418180109
176.154067768690140
172.951151541957870
168.747469778484884
160.843775896173781
150.047181914720596
111.349532619169622
143.964745816989875
137.219633550175274
125.337632027278559
116.550590393923656
110.307263196622543
152.454644185804085
155.726166963593982
149.854757664933686
69.424555669554607
150.626943099993639
152.711558093761624
145.859320135672476
138.927571295239858
112.208454745501825
133.481030733256034
129.423291195238363
124.460064939978821
124.464741596536825
124.878914258347933
127.398636211221685
127.436821216432705
122.335657065526149
119.228150275208563
121.174372141022459
121.053118477953390
121.344209152517905
120.783122463834076
103.240716344634762
121.772958797345851
125.308165517120713
124.630194830233933
122.486292341352623
122.274637031117322
121.618785924819235
119.440988779496124
118.862845956878687
120.721825386052984
115.773079584062174
102.515691404508331
117.668955347364815
121.017678980717733
123.109323032668314
124.141038422817715
97.954382742093287
152.727780848565033
144.801115293972600
126.293807629821771
150.239710592855999
96.972776628592342
125.321564861731218
129.905565074468058
125.394184633189667
122.015425668259212
115.107436090131415
160.651589733002766
155.615025491468685
144.499300622398493
140.467477957096349
79.414945553079377
142.559361676421474
147.944251128664973
142.883764315570062
131.613466878840597
121.033892757759872
116.875691668304398
138.266279943031037
160.324430479382130
157.905116175037733
68.552528661205400
129.628888461552179
136.847385766442613
137.103133893923086
133.123679757331274
85.554432392070069
160.479965620588075
145.045901844738239
153.773533108805736
109.598264449777545
131.078352304633597
139.107994643388793
135.590614129107763
97.173386163803642
163.378160543482807
163.536171987124874
153.423315909173482
144.846364135930116
143.976704120642580
145.870049607462676
105.182728485935627
156.583923090617077
155.809994549229316
141.109722652502171
128.640321248553960
123.326209744299575
120.636341280908070
147.311324343414498
93.390019170154218
123.345262294131985
129.670461167152638
131.768222778772270
113.080932246662400
149.223290921330005
150.221588177670014
125.189409526039697
160.780400108937556
154.795048661286216
147.238254080945978
144.944388935180484
142.036363883956568
138.237202379997427
135.370236721794100
148.650527924714908
141.327570090351685
139.749617500110617
143.729448905249996
148.873588557507077
152.140177328744244
151.949969550666651
106.645640708501816
164.016254303764242
153.840725602103561
141.109168886134114
132.304124474039014
128.763870033707235
126.427489615037530
124.245827764843781
124.827032297035259
126.642552080325331
130.626336526731336
124.330448506439041
155.920130158916550
157.270437184589781
152.278692679347813
122.410649925622579
152.997318352752586
150.418998957795793
145.134202699794486
141.437746859065243
138.938883410734604
158.664351146061932
156.545174672456795
145.949596844979339
142.764231629938536
144.236253189345121
148.315487479462774
153.473032203731293
156.162133319774426
99.703417803895618
163.486942173518855
155.786802362982627
145.212966304414351
139.830701862764101
135.945057511881089
132.842269234176683
128.589404147022719
124.183080332645261
123.733017707036396
124.284545107120664
121.878167010418139
155.367217123718177
161.651614584882850
158.449117062054626
153.118676154183390
110.162173814243744
146.239982064180793
143.074288339799239
137.828515598218814
132.732258299812145
142.256242611623435
155.882550934672167
155.419330556387138
151.219302904364582
151.768910502504411
152.336262440058647
156.462691255505604
160.382929136897076
87.024203643092306
166.860337489670485
160.418562335929920
135.282546641495372
155.975354045693649
104.517540342953566
131.431828186203234
132.622694973291487
128.621073551326930
124.443949340752042
121.636057482761998
115.609261571487920
150.810219970129879
160.704485354435576
159.688026755732238
156.770879195300012
154.452291841818464
101.626813294441490
140.816089735479949
134.448780573434135
126.201755257416011
144.158413889958098
156.591980949568779
156.962050002540281
154.163677016086297
153.022962949646569
155.694966609350615
159.063778957108013
160.423426620816969
76.792179320369456
175.800681462577899
188.229204918239930
182.969223843323277
170.064861018150708
157.373528856250658
82.107476676326442
139.277846254433598
142.808644192042095
134.538074857250535
127.435130964911394
108.245013307142159
142.354168056744811
153.873629253552025
152.761781525779497
151.940722745770358
153.857981110612002
153.682248398496711
108.197384188933711
132.190453264352470
125.035954465705402
142.393269644147665
152.866721968436309
155.030703057246285
154.818419050571549
153.485542715046762
152.846361266851034
157.584088883886096
128.851293542156156
187.369326861297566
191.338603363016830
187.510392941915370
179.061861182682719
168.310697633904937
159.275877873852380
151.500369337463553
103.183791657644889
154.958127117494087
152.160585132347450
138.340626735774208
128.332408425660674
102.888444387747782
148.428946298381248
155.605469923259562
156.408773020333228
153.696565119242791
153.148080361151159
151.521785615481804
120.272962127204423
128.684165515549864
103.891895105735713
144.425841300956222
155.810534026534441
157.900790495782047
160.243516077503102
158.964797651912534
155.752016323426574
134.974157223159466
189.449606658203066
193.711904079356771
192.552095391272417
186.801009362049342
182.038520334329178
172.677244500428770
161.842831380778904
150.741654042890843
108.896317125257710
155.891594234202728
153.924897769658912
140.119184949981531
92.474336039855260
145.235452555675465
153.551610129659338
152.301893359402357
150.507045033023189
148.094102428391267
70.010389792359689
159.684153259076936
106.080287750110003
135.421016202088225
134.419273097468135
143.501953104321700
155.974647863126137
160.970527080261689
161.701955208030654
83.536585234003795
141.561937823664380
174.439542932219439
178.634399934471332
181.779800121744842
185.538028994222600
183.036418019407279
178.369086377817951
168.418407271798060
158.755083748374972
115.297566486936034
143.160931977848634
135.725368675565392
124.280740353160283
118.868457895938306
112.333719722355340
157.634064325922964
160.149806706122490
158.080105659994842
67.492429269553213
158.343010082735617
156.950446235042989
149.485284189036776
104.133171722679975
151.844412501456929
153.175049750074720
146.548401790472383
146.667285278421929
151.350784186346630
153.302195690052201
152.401100577783268
172.841819736434843
176.627600836792908
176.619281905504465
181.341963646546361
182.468978797667575
179.583919132097776
172.084999717628165
162.502823561276500
124.901391353341964
141.399074041048124
139.300273576067895
129.306229857561277
121.500835389310566
118.383243262885856
118.034766512828668
121.889288869399323
126.406454750015484
132.525691290327330
136.737537796401853
138.464927358377054
137.634055706363597
138.723958360432363
120.563594554566208
156.164186674567389
154.578935237750727
150.045579134180571
149.829857612639046
152.253200536555255
154.946272205491454
155.947204043727169
178.777894835843938
181.104974120152917
181.727555464232807
180.983119096282707
177.267556552176416
168.888184501171651
160.933744023705287
131.420637844129232
150.882834164004578
149.714972910846768
139.696929246224016
130.099780020025349
122.206822800678069
118.534898705257319
118.224126362915499
121.568684130311738
125.586298688286504
131.833069484342104
134.881587735998608
137.425364466774113
137.764044755906156
137.856333307653870
126.192252576025709
157.347716802289284
155.776358451194795
150.752016458538435
150.475269632230066
152.052152505618153
150.401451511976234
177.720337676667384
178.085031465132943
172.952585091065771
172.396616306458810
167.968580332442428
160.350609906923495
153.866646029559547
151.439034038991593
131.385288002736417
146.379224939961631
147.773178306713419
140.312515620778470
131.537502713553067
126.871217354049719
123.137956907813859
121.500081489029554
122.041565333427599
124.450200953430553
128.318533196729732
132.603631010033808
135.604241281976726
135.645179515329119
137.732137647208617
128.893121516711261
156.848836874188294
153.391996608145178
148.857955575813008
149.519655156340292
151.987286705442045
132.184198859438567
169.682702124050365
172.130794920047350
169.819291231170496
165.579944173994477
156.828396641774447
108.846939622379551
154.501664733729939
160.072802951248605
153.668610566900355
144.550431071860743
135.853736075750845
129.224729324879320
129.481733450021409
127.496138590695011
124.677898260765090
122.251707081904769
122.567386524922199
123.275046576664920
126.417081095657466
128.888882511771072
130.807468781470874
133.930783556943794
137.121061959469102
124.564966886965323
153.197037089210028
149.561423778251111
111.247454901632807
160.883978671267670
169.499907877564056
98.792483785434214
167.124220804249887
177.029386579043830
171.715486793045358
91.247344165869166
146.827203151089662
147.867698064093787
102.896401633484700
158.176811890220279
160.993004014737210
83.167186438567725
121.661294335523039
128.341710146293536
128.577375710419119
127.808271215195163
126.396162846317125
125.637997675832949
95.603311302188814
160.633566213059964
74.388223288823085
121.883825794344631
131.358889243175270
136.275591830710709
137.146564729141403
115.266258354007263
151.902825976211517
150.276385571000844
137.539771579589910
148.368058444049979
112.427784538985591
135.719584472830945
139.838700938786985
138.188817525350856
71.882309165479938
141.865501782419358
144.953946451632874
146.598982291467081
145.703660942259518
143.323962481761555
92.315497026996852
147.294073999577193
151.382156608687126
143.624986427661440
132.264399541021390
127.281937025370283
125.101093723437700
140.264757186640054
162.490781337251605
76.107216853356761
119.975899744015919
130.386562362455038
133.640493032184111
135.397716851956460
119.676572016922378
106.409278089258180
154.683393487312173
153.496899323237955
146.161040970180409
142.977527805444993
143.176014858070886
141.655147624483220
138.742307302375252
131.150799590558506
161.468272254733279
159.850262456438628
154.641973417481211
149.582447971850996
146.091930626470344
141.825177972104370
101.957882833529169
151.222775794594668
151.503735934386953
139.319511634434207
129.257390610298955
125.509257700982545
125.326208895226927
164.510439736724436
98.777284381015590
121.224437278731756
128.476830707563948
132.274987598040923
127.837715300075544
153.277541690430326
154.105315367109000
117.100680116583334
154.323865195919439
151.823496962610676
145.218314316550874
142.046173259212907
139.834740050433112
138.014573217106204
126.619772168728119
151.088310448804521
150.230807308982804
145.415683683691753
145.438936285872217
147.340005960352585
146.447856236787345
142.178697946067899
103.972421692342024
151.045067891690167
148.881446578444212
136.039846594741448
127.366340114856911
124.332908066282357
123.830884577258473
124.461985930388579
125.275007844059331
128.563104357529085
131.472779384955885
133.646716263792769
155.014825232983242
156.276698371655215
151.399076749986818
128.626699343832399
152.905863600980467
149.093268122395273
143.443502187206803
139.168891469053307
133.081024300896445
155.412864126633394
158.050656655937871
150.011840548433923
141.396745738058826
139.955356446481261
144.920923864950367
148.102664378565436
147.522877084248137
102.829763921597447
151.348106426353411
149.254822998912715
139.743388940995317
132.737328868303393
128.357741436819367
124.422886296408279
123.104034587011370
121.043129496164596
123.559852947611276
128.110711060979156
130.912447689320629
156.121179999607534
159.434840106602223
156.526773140977355
151.886136414458406
131.470053033040870
147.454113700688822
142.112479576281658
137.155934114695526
139.013397318638965
158.072933607955861
162.548038443081168
157.504963914991094
147.361486146350501
142.848359064911477
143.408953852435332
147.105449997967071
148.517705214656530
100.502645541412051
153.280840012703294
153.894506757861222
146.134515902788991
138.639209904506515
132.830139936627063
129.681996243672586
125.673610827079031
121.288267344751034
119.054096794277072
120.571185270049341
122.346965107444461
152.191408004068307
158.640482613570782
158.069113319171493
155.374764801513095
152.899254370964712
123.268838838766882
141.150582596279349
136.027132506079397
132.286229031066654
146.268763518619835
161.195016917638213
163.379483117908876
156.543307316710468
148.923788760573473
145.419198836429246
146.433502566448169
147.598392144363800
94.296670651814580
157.356632725937061
157.196221864586647
136.828370675562184
130.139585679790230
133.883661071636368
133.731162058306523
132.845105360154918
126.783422154151054
122.014224782178502
119.478612728477501
109.880680076471421
144.568881686804531
152.973044810363348
153.226681598496072
153.042259648193124
153.184245640126107
151.267072251824942
111.246053769533560
138.218838262356826
132.752015407000783
148.271371878427971
161.810399219298944
163.896087001099431
160.219248188373342
152.924233292043027
148.326462498801988
144.971918581839418
144.413032481011243
89.182834955596604
154.984735957943627
159.251657085190004
175.837511074285942
171.608419071956519
104.265791600407695
133.266892206680296
143.134995444185421
140.211067068521771
132.954472361050847
127.717084293547970
101.850797914280960
137.645433441534863
144.892883947291068
143.725244402070331
144.694252839599301
147.738323804390888
148.707207163360408
148.255617707955764
105.198657745283555
134.233920995488802
117.034175266903361
151.032084011316414
162.269165814628195
164.113082497143239
159.691087878649569
153.826498137758193
148.435156023712352
79.130759382161102
158.651766581907964
151.281426651128356
164.898496217566048
176.485112481408521
113.234394364868848
146.330150130619444
151.243945701604929
152.011958072982651
147.682613004119645
140.416202824201577
133.773523649727053
85.184973921414240
91.903599461375364
145.362909540914274
150.593719357611974
150.479967830484043
150.255770517027969
148.781818335176041
147.046535410995830
116.850379738510213
93.882877641994369
144.463787865772588
145.988116343877721
143.749172071245539
149.113522035045520
126.805308925919434
139.227300838824647
144.744179262549181
143.730119298737407
142.145639463059155
142.349865203409678
147.243417716282067
152.230428288366738
156.465390388067533
158.427752556988423
154.712241643968724
151.585732863778219
144.882293704804283
139.681782986624768
135.708680888018989
131.457714998032657
128.007931167101532
116.748505617145625
94.672289014189104
164.189413386302817
91.142575867032946
125.388929649501932
135.276402751776487
139.475938335308200
141.074250578857402
118.448229124626593
159.417743665934836
158.594572442831634
151.453741768059047
147.513731966316385
149.382039131251929
148.762458166929576
146.555631612867273
143.880602766073679
142.529231417443214
144.230296523817032
149.564516354673685
153.105087315474577
156.343413598401867
156.004162924561399
152.219340973482019
171.319300914839005
168.537299219786746
91.610803275312378
134.978298898918041
133.348978331007856
129.927926981313362
127.620389815042401
124.881738279099636
125.445288550618855
127.266145604617137
131.484385411135435
135.847179119432496
139.799196421158626
141.506668222332053
119.927639371172603
160.388348349233581
158.053657142312062
150.888736792398078
148.221486840703562
149.057702300640784
149.116704558306310
147.371535598260266
143.512657033325468
142.646536082396494
147.084253724072624
150.511323570465066
157.156871132946122
183.195830609900639
186.035240729439977
179.216034364393437
167.297346334532278
154.833815631020315
91.733541752663001
143.188981786119996
145.399955844577335
137.472338047515677
128.973597629181285
125.506127293832748
126.231439358833512
128.578455875662399
133.272671427692728
137.105387335046260
139.626794241813087
141.146976462341371
122.399226443882625
159.828419989262244
156.292109680750968
149.860677523981366
148.235873623358714
149.582187312409076
148.823251880589396
146.250646003123535
143.275119285054814
144.737944463292365
146.794730622628435
152.041958031826937
185.875500065477013
187.346160768518928
180.789526887279692
170.257260473089104
160.483019263368760
149.856814192642389
103.552483752629072
146.425826522165579
143.953445794796266
134.673184281164765
127.067212331159539
124.939223382723654
127.007733918075630
131.502170188012087
134.196610963103183
137.300524797448674
141.443027625337749
142.740737629272218
121.773988204970777
157.754934731726109
155.228826358197750
149.866671633209421
142.910770776786251
132.007669663045874
143.072520139322961
143.045336902774949
143.204979466626810
117.145903083435826
182.109968103741778
188.056197182165761
185.741337698575421
179.350165277125939
173.689763826724288
166.811817578102421
157.602814035463467
149.820016868116085
144.255190162026821
106.647295082065583
131.785998322736816
133.530991302591815
130.404125749585745
130.055598580494745
119.010381194624230
110.405541759894135
131.345990956606954
138.301031561029788
142.643958963947284
143.713374607290262
120.055755964116685
156.186381483570358
163.886596021519637
168.848061882846025
166.040021246319753
112.355575842216098
142.144244060133957
149.106939841108613
124.628850829695239
162.883166996704119
168.027723639034093
171.142338695551018
174.443260439857340
175.880309057456856
172.918723346999855
167.723868950258606
159.237511214584515
151.041298716394181
103.755005051930766
132.750783066625331
133.715137889213196
129.151792570099076
127.784759783890891
162.347885828239384
162.337692313210084
76.823600800348274
143.110529101105698
150.502040593853650
150.208741705479753
146.955672112156861
115.484401800488868
156.402888772078825
146.378142201444177
149.517138452265755
149.986074501358075
114.526562385676613
142.405111822111820
136.689331643759374
165.690105800711109
168.518659278751045
169.002096559687033
171.830585646632755
174.517635905676883
174.013643965622407
169.338575992015024
161.364429995050244
153.431971717992127
109.912806396478302
137.310150224606105
135.337207973922631
129.600427426262911
125.704305695960485
139.102252451238769
158.338676046686146
82.888432356817660
131.971848349294248
140.735640537728273
142.835016571183672
143.209386543487398
94.921137195607827
99.179360436730462
137.329399720513891
136.368377380658814
134.324528115118142
133.055840073957256
132.875334438040113
134.497485248259011
131.642908317629150
127.929306999117600
127.124526321332937
127.705395922667961
128.308720513621125
129.268226382034868
128.315301406061337
108.818686538638275
125.528544698300948
130.069980031391367
130.676518782214970
130.960814576215114
130.024489039803314
128.807882031376693
126.442758647432925
126.135930608149252
126.669522219718701
128.316999433475644
128.723726923671563
128.597869098357336
129.808083662153194
130.635691438833703
130.073242263880303
105.702084938197899
162.141613177908312
155.325865927069515
146.121397662430951
139.723358439287807
140.823722885296263
142.278149231536361
137.899967977677989
132.430002810891466
119.770704335962762
164.531998255044272
162.458848021716676
148.556994631145642
142.632889627205060
141.903003189547377
97.197431130797611
156.031536893475618
160.844401288629626
151.995349361709998
138.686188724792373
130.719599124321917
126.853989561334089
126.612853071890299
127.638773127245301
128.473817872672669
131.223301200251768
133.215172648486657
135.206523878793575
107.346728630849157
150.638159933969405
123.571450513915408
170.767152392313335
159.696464653938165
149.413124334859702
147.080335094700644
147.579357923701764
144.453404344657599
133.426702494737043
155.900983565194622
152.581477991928750
145.416875980791445
142.371408690366479
143.006949492118082
146.578824055876169
149.055627726126289
113.747268068782802
163.181542433462624
164.415300261830254
149.386695486190376
140.075264037145132
136.195033859662601
133.655049375945225
131.660141762548676
129.560006169817456
129.324641945121215
131.724475950138583
134.831800770405380
123.145096082002539
155.589149712497317
157.581827278429500
130.927431370406111
165.171244002762649
158.403689421252665
152.200648494166899
148.922347847885760
147.282960501623677
138.120709570341887
159.057391410420621
157.464861756224479
148.391093384339513
145.012716854270536
145.273786170210599
149.506391270859268
153.253972663403943
109.698656508300417
172.947055185826372
169.221141765850007
157.241291130630543
148.473618991200226
144.115553790308297
139.075539865429135
135.999225435903952
132.783182118266438
129.831182470324052
128.320697618763745
122.778299919523661
154.503613830973677
160.868638004283298
158.793284615602602
155.479493716585722
109.596201430764637
156.417670063819969
152.118643913133610
147.636868178592067
143.132846417658527
143.396334196993109
162.705033583057741
160.966680610105527
153.765655634609374
151.005897506784152
150.150212514609052
149.561186343776711
155.653979658273585
160.814700989405850
102.402637519088643
176.049739468786470
170.009183494058789
159.886629428529716
153.583311912763037
148.617661735939521
143.872812458075742
139.212685210255955
134.209595979603307
128.844633324379970
126.887549326131904
124.516849382521627
155.153092218248446
165.501772535287586
163.379973221419192
160.903924551879129
105.585462024308484
153.158517505651048
148.901168791060400
142.220506572022884
138.101727746034385
141.215362418728034
161.211131094938651
160.381979150785668
159.808107102162296
158.648449842392239
158.788575414827648
160.182240410323743
75.846829429340474
174.109429719340341
153.587411983196688
178.605176056181108
177.578224162889882
170.826038461858502
160.162275801197097
76.108831710380315
123.193012272291867
137.262446994665055
102.439302257157934
133.303543418808516
115.493986454463055
149.613105214405778
158.661749594974594
159.793943328297331
161.751859863726025
161.649098914310571
107.887359815580766
147.329579569257078
141.665728940136347
135.404150391441732
145.950375265760727
162.935818263019655
162.560438951544825
160.670806761680410
159.501911820579579
160.957423069976272
164.381359906526313
165.106194736073178
158.042705524099290
194.524327602686441
197.946850908392889
190.572812700319560
178.508992247950829
165.689575319607513
156.986194569610177
176.618999278598125
165.435225223044370
147.475548211682167
122.626734022575661
113.157999440436555
144.783905967856583
152.646618186576717
152.663229877945696
152.195145461667494
155.080999399784844
158.304004631754879
156.785246010321970
158.948499385481853
143.964535723613380
143.542000552670174
156.877145895340561
160.115154000292563
158.749959143861020
159.482441815134337
162.400643275756579
162.736424000676095
125.716620752271254
191.234306886583340
195.732679008285174
194.469389064246855
189.636594432858885
180.936012508482435
172.258409247923765
163.482252222359648
154.217057136506611
177.959757601370882
121.018848684763327
155.613924335566594
151.529901862189490
104.595867763041710
148.117995435237731
156.489980479382069
155.809708752951735
154.695819195165825
155.742019201891253
78.764510118595013
141.900930038713796
147.551971998020974
141.320434045531670
142.438329093005109
156.966337079762013
163.544670708585443
164.464493193844902
162.755454892860598
79.771182540239309
132.776369545389173
186.133682228010827
193.673467870664922
192.761549282101157
190.118017102845101
186.055820078659394
179.989506813479409
174.897184945408185
162.095056265526352
115.468388701014618
151.165920594678425
147.041134209555310
135.162538238582727
128.288830050832871
113.619139946696919
160.213008152953734
164.717455154512180
162.598485535961316
67.459995340224339
167.986598641940759
167.764896779099672
115.395581138259544
148.681065869745680
150.490164306041606
147.184562343577255
146.421229098015431
151.233216223930498
156.945401409402166
157.344236083486436
148.967512843652599
182.823232048634537
188.566551471743963
188.596911230353669
188.737578566392784
186.115668949493283
183.054472076033676
176.034530187558204
165.012559496577580
124.437050945763190
142.391105274034174
142.303774150463880
133.423891502419849
126.266098980136235
124.023537097050905
125.310454908248730
128.527660372731191
133.829764022467231
138.204747079720335
141.741523284055972
143.489630945075476
145.516421755737611
123.456511499404598
156.491958223771746
154.829557596257587
149.989624619622134
151.433647260657580
155.788060214752136
159.972062343061623
153.798802395913725
180.632053664549176
182.408913168982195
183.086925094164627
185.557236713866018
184.923318907140128
180.785226764387346
174.657964526730098
167.255104429339468
131.288186576808869
148.696105843231464
149.026166121888025
138.769558604839887
130.163248786309680
124.868749794570036
123.538102716655729
124.004692626408072
128.171503969682647
133.223722598601768
138.475692700287169
141.510347060405479
143.667513444223943
144.483256127068017
129.853906672171775
160.375079596513558
158.705587364845201
154.790260204371862
155.585051459957242
159.226489054520044
162.111924965965045
156.068877350792150
184.607379437076588
188.933558275220349
186.391845223439191
185.033610975307397
178.395106799577746
172.079361490499736
164.934402513050344
160.342088292924871
136.295535490584541
151.121103465730585
151.780037892051013
142.271502102207137
133.799750110008119
127.278584207120957
125.549151153880416
125.723107931041767
128.572878545185119
132.583645951081849
136.551776584177674
141.109916140408217
143.952818490930412
144.931453953637060
138.244537923178711
162.591991761814256
160.520070545379696
156.263119029538473
156.741556347062783
159.470426847999533
144.754651736886018
174.426416079072794
177.443707933652377
176.684361599633604
174.457167616978865
169.645827183200083
164.483230187289877
158.996274655394217
138.142548929525844
158.923479017198588
161.864616473539513
154.125256780838356
146.618823902032432
140.797202169744224
135.426722185209712
130.403502459524759
128.843908557133005
126.240798834608313
127.024111785969978
129.854860369032195
133.568532124419875
137.535917431109084
142.548895544486072
145.433211176194902
141.256216204522104
163.262991730149054
159.852743766053095
156.154602465798405
155.284729981755333
145.172495496044490
178.491849723624227
181.164220229537250
179.154232935655159
175.650780327189125
166.063505047697106
156.433249415485705
117.755758747035770
160.128199845640609
165.547698901648914
158.723640657166413
150.762827458809141
143.901530686940816
140.908891131942966
139.383933442768637
136.651242421553889
133.769801927458673
132.005643100914483
129.042554046986396
127.270179603099095
128.058486877521432
129.314673774481804
133.758211348646796
139.930880635224128
143.352345303074230
137.645117829770271
162.091000223073422
158.640806238374410
155.623006008590778
154.179481469142189
154.913306701749434
153.286548113833192
174.633970378800768
125.852891443012481
177.775546171443750
115.602925799548302
136.878955922964821
139.098639940181300
140.516452193680493
142.371532501766353
141.569294328743382
141.234753703854778
139.511972590535265
138.963791833826349
138.954633894874348
137.629110910209448
136.254998565214692
133.091746194045299
130.524460612099460
127.621178490657016
126.292337150551333
127.926869086274550
132.081473417377822
138.663844000299036
142.007459525228967
126.519919879083091
160.818181589574522
158.788669031164034
154.627199595449838
151.720128886718499
158.550369311910515
178.245988633023046
180.057509860914479
89.593667478806339
139.137486465097055
85.916423004608220
163.531512305832223
167.313118184763624
159.672120884114776
82.273161780476926
145.708117251116619
152.962708374085253
150.921148013781703
146.838411504220659
141.305712654098727
119.655992019699951
144.821675641574586
84.259552119609765
128.260207520977303
128.571784197655347
128.825754335317015
132.299996882536476
136.381563996982976
139.333810029171929
109.377361256030511
120.311674510060243
161.847812476591230
159.758911658399654
152.267219798638052
149.269892564105930
158.333276940998473
166.947404759319113
123.573833291461668
171.957724002847982
173.807659000991208
162.641411469292962
153.837179797098599
149.671441696264253
147.651059586194663
123.168064234293240
155.689809391142091
159.411418693615957
151.572792006055010
147.673957707624993
167.748414053969327
158.884924254248631
81.039668350555232
133.815566417163865
139.973765204504900
138.165706513761734
136.583459851068994
136.720700108836098
133.743233259340030
159.739829849349121
161.667754357360934
132.943098551341677
163.258996008693885
156.893197632693784
149.884470080733962
145.428762261679879
125.717160210522991
131.167389355275219
162.294717629255047
164.065702034224557
155.756377171703093
148.146790024546334
146.083574865680163
146.555790505780919
148.035191347519827
110.758834249437882
158.469529072195940
161.072547115459486
151.006651487897528
162.905827233172346
160.422923310224263
93.640730131188349
127.542577764779992
133.218711118227560
133.695901460532696
134.146344749063019
135.049796649784298
137.029838536991406
159.614142943403635
161.413253431471219
157.555587458379534
136.226168619651446
159.255122608643035
153.990229342640589
146.972473382474419
142.878008130250379
133.968344346864740
161.321983975152733
166.293486305928667
159.210211889362711
149.590685488245185
147.071246158422184
146.097344037627948
148.952707725914337
104.093550298218261
162.057756869287800
164.886361366451126
155.687583167740229
146.257143047535550
141.369627121123983
137.811541494153289
132.624651306562811
129.211552250155250
127.509770065259062
127.251496568137654
130.234307050011239
131.198743479688716
159.275139761122290
164.309962045534974
162.774027372419823
159.500671863037894
128.910976119998139
149.369197128220804
146.112533220329539
141.692179149923732
140.993195927191550
144.398879870455062
166.920086040917511
167.420443578696165
160.159932747423966
152.586561097649280
150.153047603650521
150.665468519062756
91.712452383960979
164.246208956053096
167.095578374955068
159.696114313048724
152.496813631793771
146.106694219979914
141.246284814833245
138.560145267673505
133.073653090705989
128.218426915547070
126.165363934944949
125.151686322530452
119.751518307182110
154.470369486078226
163.087105428901964
163.296211611979231
160.965236401772955
158.677422096719283
118.032698144771416
144.823648597110434
141.561831239181686
139.686446764207346
148.721947280261304
166.177370753088354
169.994646944658967
163.420277161100358
156.562055097978885
151.866300106659367
150.993431705405897
84.638484785043687
161.753066793365349
163.540712503186910
158.733401609497719
155.118589183835667
151.312100134953482
148.672396779200199
144.814838711288928
141.486177864481419
136.157467382044871
130.364900244371455
127.057298053818784
107.888945975501386
146.641520772245769
155.647476672408061
157.323344363131923
157.563330810768946
157.684534180567312
156.687622082437116
109.202835586611059
143.129953198370060
141.167188500995138
136.603965652061817
155.819474461605523
166.084143622256761
167.887737204944784
161.272467099174179
156.398236060286649
153.138412260959171
75.082963161539041
160.329743703939670
159.410162949744148
156.402136603937066
157.018192083411890
155.728745090677705
153.855084955403413
151.664738364515074
148.734384268590645
144.390497636985344
139.403729509058536
133.873309755031556
129.126710155987382
102.354608514177073
151.172207721003900
157.695122445551760
158.588666053867627
158.739851510290123
158.112857981860998
87.697678335273835
108.768997283714981
152.022446304062555
151.563004889632111
149.699850047300941
152.759797699804835
164.425280469558572
164.551789228799578
99.123335058284894
147.150292036898520
151.489784222560701
147.615011645523367
148.189800690231522
152.100586686978147
158.928097057098483
162.039948766254895
160.613077849062790
156.798013751327545
154.295726201610933
149.779307352719172
145.268044154466338
140.826563752413051
135.879874594166722
131.083578969443636
123.863888113372752
163.405411583590649
167.494147919222257
163.982887612060409
63.478604941768275
161.451966769938309
166.523078432787258
121.888822383506408
159.641304374997702
161.322882856023966
158.403314396598830
155.466702139991980
154.827364394451365
155.637390712060267
154.275312336868353
151.435701548120960
148.850921975987944
148.120140057338034
150.192060303531036
154.230859231493184
160.700841789303041
162.810254508118419
163.502069769168457
159.513358473526466
155.484719603192900
131.368484518270719
140.687068490066395
140.443549593450058
137.205150032196542
133.385283813539019
128.686312309229606
126.301160940672517
127.711503525200726
132.611265629505738
138.312755533151972
144.315794073405243
147.989236026682136
130.790483084044126
165.955872828849323
163.553813839124047
157.767922201115880
153.096446854689475
155.085025375990995
155.644140735823498
165.281980658582370
128.440066982594317
144.466616786646711
151.278491119030036
152.785606025078749
157.376485816380040
161.842806668280559
161.538842360333376
188.044609982177121
189.651978243343763
180.682507555608311
94.460281760417985
147.332937190340374
146.889403986406819
125.688683720597353
115.490372017816199
126.688420423910770
128.619776937238782
129.404121214117254
132.966483462255013
139.167722777134344
145.201590800632403
149.274581625929386
131.549101454217833
165.862919783501525
162.622143741904182
156.246981550239781
155.072109472056553
156.592998286166591
173.043364261378116
180.919899330989665
109.830025986549671
144.092153463161367
153.089152057755541
144.495985797487208
190.740698933857516
195.838496856946875
191.518958144277661
182.503459087469366
171.909920604783935
163.394126535316445
155.546481219498304
159.193680480916782
163.852876238419014
150.249821495388403
112.373485137658577
140.838821563909789
147.578824536041139
146.315194052814832
144.044603461926727
146.463268935696391
149.613307916927056
153.488532940181813
131.257737400400742
164.516369554030121
162.009875517980049
156.259807292314235
154.463437857579322
150.253729130410420
172.473836069310096
115.765189040840895
145.881604846092131
151.837651612135971
128.175191974845518
188.738588117928828
195.194067490287750
193.307206679137892
188.491484927568933
180.884685265709521
172.600139938967288
163.736663909522520
164.946158456404135
171.959716672009961
116.176592110106839
139.150409108489555
141.179781555856096
139.949746939613391
137.021218257064447
137.068458325290635
137.707601947500450
142.666781992142887
147.394730016743154
150.300999422953282
131.962555451092669
164.172437974662870
161.334917712254196
155.927634486684326
152.844113718058736
154.100416966279539
155.185319106962311
153.544545049830788
130.695740694268608
182.766073026629954
186.442825486624713
186.080342979634480
186.150384604583280
185.895246431240196
180.126430641222697
174.928271131502640
169.070018813243962
161.744662989323984
120.559387911452518
155.876326713353507
126.109070664505964
136.593187123622812
136.033339147574878
134.937190092540249
134.371168395570663
135.683525434446381
138.522634450272477
142.548158440299943
146.137927100535251
148.586626281141776
131.773768254779554
163.747684948308290
161.775266803952348
155.971261103923041
153.109763607851391
152.828882681850985
153.699144815451888
140.339991647703812
175.770132400087931
178.705476220961913
177.473661155213279
180.433491381091187
180.502364992186074
181.195230614864869
177.721770162944040
172.014013833632248
165.265925564521240
122.361752648329613
150.360498125090032
148.577614428310426
142.778973077571322
136.362355025132558
131.807885277803905
131.426129671973968
131.438166947911554
134.187511805409372
138.427149910391421
141.619889420594575
144.230200094052947
146.848656831824542
130.120747136238180
163.603426522646686
162.554910509924241
156.939840714521580
153.711619320210502
153.708450092368423
153.991669636518793
146.118634779601337
179.922533302197564
185.821850050880983
185.489245864079493
183.950001141648158
184.217063051029868
178.787735164340631
174.556358304925539
166.327505809176273
127.975890134037670
155.209738839519900
153.366427336395418
144.666231209888053
138.667091777799300
133.882930844102987
130.606346899506804
129.296020740798724
130.540722645317658
134.133087053419274
137.926155577978847
141.360640890502651
116.224140526990254
149.272048542431151
95.263468527262418
149.071272527737818
150.217856491783749
145.834903037108006
143.361164331929899
140.946160841720484
139.740870813045518
136.934642997512640
135.516150092253213
135.600092452475707
136.164382111414113
135.853069015776128
135.570478935922154
135.527676096197524
136.228377174713586
135.731250498750057
136.268894079876588
137.375875562476665
137.059552986820620
136.604979069294700
135.395402017400926
134.989874654270892
134.513570595887444
133.981739244502648
133.992494267395642
133.858742255286131
134.665160770300218
135.426901739512630
135.737760697532451
135.647985180245627
115.328375681151073
171.343265632760932
163.271466386529312
153.893469419030112
147.834458595899576
147.559378714824248
147.247302214965828
144.670947248088737
140.490608092108062
132.936177951855427
161.450683859055374
152.996929012927467
142.157818950028002
143.067872785951693
90.201234325537513
156.856040574992363
165.281154043003653
161.258148761921916
152.867913967115612
146.318073334636097
140.889021961743680
136.642792662418657
135.713768681015523
135.531532329623928
134.010804305929696
134.523522938835555
135.512980017415174
137.838309618759922
107.834319964679636
157.192376602221429
136.356690275698327
174.612750379989166
164.355838226487890
154.151131842380209
152.317336591520217
152.665481023691314
150.278863950356055
146.999967628862663
166.361091463380347
165.585491329347974
157.106118390305596
149.546150273325253
146.606518501442707
148.425265833458496
107.147195095957386
171.622162842849946
176.764343171805422
167.328701640174813
157.880702019791158
150.888318175105383
146.544359388296499
141.916523122036182
139.818094836966225
137.990103969620350
134.911028649080862
134.060781428160226
122.604135074663475
154.451553694299406
159.560909598669042
159.757591515755564
126.205588074462128
162.839202426246089
157.132313997369920
153.368098406959064
152.397043213070560
150.853597292602075
140.415173782335955
163.467771788366917
161.969528241901742
156.621286976227054
154.310434261071578
149.771897190000743
149.754460225694231
92.766195184773096
181.634816076119989
181.579190687497544
172.804207613531105
164.377627860855398
158.598448151279058
156.267857367416752
150.969192399330666
121.001425528428314
115.343084843188578
135.498942744452449
133.886962093098134
131.264918431867528
115.988806755621809
156.314057591287025
165.784714948134081
166.681593509446316
115.669579027831887
163.710524452207096
158.578581696725507
154.182495988125709
151.519768207436215
122.616388523344170
144.727225725431282
167.617012344823308
165.949447360811178
165.247143656021819
161.234368807621536
155.992069394527419
79.373739484972731
179.990084083969975
178.943239585992757
159.716696655630471
184.819833516262520
129.763154226797525
166.125490632285704
180.312474086029056
178.117007588385121
167.352203824555090
158.492888887226712
87.481134395947777
156.813513967441793
115.275253646340857
156.909430645687962
163.955260254755217
166.385874322284963
166.561679087143204
122.286594268464327
158.190065543988737
155.323926524587677
151.401002520831639
136.408541570659253
146.439542276130794
170.251487791587692
170.429381405506462
168.771485333913461
167.511740314473684
163.846585098049388
83.709594222640874
175.175654470089597
180.456836362514593
202.973478176843969
204.180935457538055
194.532472855433525
183.552679258741477
171.709470804914304
164.402169101753145
188.250353967741717
177.495021355825088
161.174361859518456
129.264492605081614
114.555053192509845
152.960822889400475
158.408894423072582
160.226910930253098
163.289194379819122
165.161788896743673
116.974035987660557
149.899577720651394
147.007417087329543
143.508489623660125
145.850952225260784
142.997988369333370
165.064954757761143
170.264815893660796
170.773394793182831
170.189859237310515
86.589148016378942
124.758151349712179
194.833123539966579
205.647485587322421
203.361940211536819
196.545455283190904
187.039306999694986
177.745865002966497
168.942341533595993
179.811331400764630
184.607223420340347
123.226511463669453
163.125811269579771
112.119834018395153
151.893863891207587
157.853605729133562
155.957337829197911
155.766343333630459
157.770984764050951
93.177363261754280
136.484674973518366
159.325394629536191
153.926442746480205
149.319237133340721
171.520361525314001
133.068699396370107
163.012062408348129
173.372139323968071
92.769396439978721
172.926229854072801
142.831278637118913
196.138306543834972
204.092748638507089
201.653747165526397
195.620501022592407
188.916247109305743
179.984393961160606
171.247897993038691
161.279574290648526
169.911693628465684
129.104237052763096
151.984915800723996
151.113920853923929
143.714306709775741
134.024044223984959
167.600364244434104
170.364554371899374
166.469022948355388
74.725159633303946
171.684120728412154
132.105844872370540
153.675728730164565
151.755390275171976
149.467386136407328
152.331548358158273
154.039187326258542
159.684846691410712
162.531410239060392
141.273379926406704
194.190002014211416
201.352438201305404
203.730249172632540
199.748597420010611
193.985108983012026
190.874486904977744
185.956946896784586
177.083200477852870
166.336387177358290
122.195198223273266
146.796628094171638
148.508518957781575
141.617993218381486
135.017791657521599
132.885449403833036
133.148384006434895
134.852462293736096
137.913037052362654
142.984197605034979
147.186618273037766
150.622441643393898
128.456245451469755
159.279897315442184
153.868292698260689
146.541793259804194
148.313672962997913
155.986002098386194
161.618383668475417
163.361188947006042
151.827608635500297
191.338151138704404
195.889307698458168
195.539076137291374
194.341659399036757
190.743194979068903
186.758946733545827
180.314148317636409
171.186747612064636
128.144521601012201
151.164812678976176
151.642262391574235
142.759858584749907
134.260425997331708
130.630197669961120
130.601268989969668
131.952785178445282
134.807309848351224
138.968758902230917
142.564320545168727
146.892798142080977
149.311502545866432
132.175219378142032
159.513006424462958
154.817871985282721
151.205763772607099
154.721490539947354
161.433988628038321
164.420481117203678
154.863899657256582
187.167453003263006
190.757252816825570
192.691689607352032
190.623181236407618
186.873643971212061
182.257163681444865
178.406873070611113
170.573824914452928
164.593900732438243
131.263189596616684
147.916364185264541
150.971825545810788
141.864150226022758
134.703088797851450
130.893385105144546
130.877303635321482
132.260112470642497
136.039820300306019
139.365525242099750
142.916690059181121
148.133963988709496
151.212168055821905
138.705091186398079
164.378739708574102
160.362334626422722
157.975080848441820
159.602134735196586
164.178701803950787
151.767253391952522
179.977562231802153
182.801855076492558
182.476273561465291
179.551643642301201
177.447888962613149
174.768152958501815
172.283837916462886
168.459901058466698
148.760812435437572
162.572089475708822
162.947749722288535
157.465601181907886
149.913304899024865
141.514527763415629
135.489592309935887
133.040519426958696
132.389644973875932
131.607997673063977
134.008721021862613
135.792970426635009
141.013877825482012
147.760874440077032
151.065901403194573
146.691278434923731
166.617497894907757
163.221247535016175
161.138524001770122
162.223878787267381
156.133202600525522
182.245850666142132
186.929531516746295
188.349850585267859
186.115632917358653
178.250829337249343
168.863658809120125
161.019767935479848
157.219921513017965
146.786317239314684
165.402372173841428
165.822508244655182
160.682873541714457
155.469812446516812
150.006517305761520
144.662150176081809
140.400886605543008
138.015945824976683
134.886425871632611
132.616211635440777
131.305166106990328
132.940981442653566
139.031955565506820
146.282775664112933
150.548935905815824
149.560522969114459
168.652880525887042
165.059397523204268
162.573666428419870
162.678340457827630
162.778726058594344
152.825580153276150
187.540979772289774
195.677605035010060
189.716395106585480
177.919391575739382
101.381778558734396
159.799209136782963
165.266940380262838
161.057408649751437
156.793156932398119
152.837321874517727
149.701496030223268
149.134913824783268
147.876507161582168
147.433202969282917
153.408258759302214
168.410993253641863
92.552406441181148
128.461652785449189
131.759228954250972
133.973536357835627
139.669655520994127
145.711339953919435
150.909365064255582
148.524282608783011
170.207794908634696
166.966614401172251
163.328658474986355
161.911577326945746
174.276727782548249
192.506885078595559
175.367801152811154
184.474157002977336
90.089470506123860
148.699928102320428
150.138912082191126
105.581847189367991
122.049669150635395
140.539611256748287
146.271101460568474
147.759091247852979
149.083998240933198
149.283884039082125
177.012793049433071
192.131952167268679
182.648519541087808
163.607496466310351
77.525108067502543
137.067157076590462
144.186264508953968
145.286409295486578
144.687574788259610
146.094745327890280
148.733246959647772
143.010781087378916
171.803115405987853
167.725503654436153
161.756928232400071
147.182716304526366
179.871391239186920
186.271440670281720
178.285655754953666
165.935175139243569
111.988138596812817
178.807579870082122
181.090051000263372
168.946183645331189
154.545318602170880
139.855007807206277
162.249185531750697
167.254055255954682
160.825660615856805
151.654948998825972
181.619128577902416
178.176145020061767
163.604546265003052
150.535043746854598
82.792853352509269
145.133806569500564
156.628376451042016
153.185216964635515
147.888894989742568
119.125025634119339
158.178164034627656
142.075891576269726
171.552984627814709
164.026420322425253
144.543526350767394
177.097213904576051
180.600803485632241
173.142116703562408
165.356760849723344
134.467775566402167
171.067252913973846
170.351992864069786
161.748032587973398
153.319018167481033
149.943467381878349
132.120724153871066
156.201666345613177
161.158625855878711
144.141593838482436
181.237484781730075
179.527175229398551
165.077270099909981
152.547975791384090
87.389505849635640
148.836592549535084
156.580781913911409
151.825042978526142
145.434550708207098
139.674839595119579
161.044958157687489
164.731468606981423
144.582306102839908
168.896252875459282
159.690200554468532
148.220241345309262
171.562054991210744
173.299817454566153
125.844673465217312
165.274312408502794
171.001876923842758
164.285326224993128
154.772236298592929
149.434557632921468
147.605832452365320
127.603325380224405
157.187451750590270
162.423839652168624
157.479786472372439
161.385722776319966
178.174897788627220
172.850666866554150
88.776311361804204
138.481859784989723
142.628673708815114
141.398447694387499
139.782426869900178
134.162678344169080
160.332591673504965
163.639051333100156
162.412279288912998
159.835530071665062
139.496926128658345
157.909115563254772
152.762388574110275
148.402625627376921
147.936546310861615
148.875505246086334
137.413200321542490
166.373703913314074
169.062974887832013
161.708754673407725
154.589432295236975
150.467709994240209
150.496067967527324
97.593647772299960
171.080221961752187
177.322414201950608
167.306763746908189
156.940382011849465
151.945010013257189
148.620093736376305
142.743173654221323
137.913354965607425
135.418831716028023
134.092122567252488
134.248185567325066
134.568419991816711
161.680421846460433
166.380511648027522
165.524600979797412
161.778267457799984
128.501987518692601
154.173035251971271
152.187468921651998
148.333342687096803
147.448074967746663
140.517036844274116
170.731590609986739
173.392949819581048
168.184057712851285
160.969933334674408
155.651432881593621
78.029753897580179
162.965982033968714
168.306813346932046
162.660478914603004
158.855758721284644
155.270558023289937
152.781003382089239
151.572040662415532
148.200337593147594
142.260201851320886
138.267571253609105
135.334725760815957
133.882758269524459
117.586985944725512
159.767144078778244
168.385277502901658
166.577169209744198
164.551817153282514
163.190004861837110
116.726964836004271
149.000716233111632
148.676795661240533
146.623126392260531
151.096500864040593
172.281746303260661
173.701700937956787
169.579393225696947
162.708604501401965
158.753313805552608
72.225994972192922
162.412527964579340
161.872524152008793
156.875280778289806
157.650519674498526
159.280455179369540
159.167292903033172
158.022383495070983
155.094807621198754
151.182255409888484
145.832602246922789
140.749515781697994
136.470930554489883
133.210563577255641
115.301001427398930
161.075462181257905
169.323593041823244
170.480565150595538
166.449476063596279
75.397638878545877
116.144122812425721
160.488402240190823
161.295884991135125
157.401398199069604
154.404342978738782
153.090857014071673
166.598778931234847
167.255826562166135
99.246284850266633
150.362167210861742
153.345507051543109
151.375913800425451
154.673916888560115
159.502026226087793
163.877418444922654
165.018438922687011
162.684806772273078
159.552724545683276
156.874520334492530
153.172261529968893
148.789196334249198
142.898236594115787
137.595970552340788
133.306869753392931
130.070623387166847
146.893765833954660
173.904408093523500
177.222607843511810
74.220405966756132
154.279463929990982
134.975098789972350
165.324125836995051
165.137856096165734
160.366103614318263
158.756840278295044
159.394892202200538
160.342356093269359
160.431138181206052
157.495222725766382
156.283216612497029
154.946498950260036
153.675515564530656
156.140490850145028
161.514683860984235
165.855758328508756
168.083839792548360
166.649633435602539
161.967562262597397
158.429853398014785
155.387623585520089
150.424196295273475
146.409906375781873
140.398965704155955
135.877385583222690
130.869110313438966
130.554943424438108
134.379263050627401
140.826396970105179
146.808569882941441
153.798323249711245
140.392735098549707
169.982546908472131
166.769439441426471
160.426038845789890
158.446506865128782
159.648004884786047
160.398488699073113
143.538274244982944
183.227358479523502
111.047573415948250
153.572769108287559
159.418646163783336
160.230026193014055
162.848713002305828
137.532712044930065
148.492684954729043
185.959247196708645
189.312876439581999
183.068292863211354
103.858296969275614
144.603881748802763
163.383138555293186
156.781654275136219
95.107849042221275
135.502624982136950
142.218460466953616
144.477850986926398
147.410266768660790
153.574495066794810
158.753805800072939
140.346131352952654
168.929122570509804
166.503343725664024
160.726631362874144
159.354569814976202
148.848625247713727
187.326158252585344
191.373862523601844
185.998877867085326
86.486619585822396
165.185988089285246
165.841365742452496
158.832869452450893
198.163417584136084
203.037749084605252
200.304751051049777
190.788388359783227
177.761660936411090
168.670725189222594
166.840348067647085
175.027432274510574
164.402023884847011
150.340082542590665
127.208860013888454
151.877647915652858
155.530459267505620
152.498418721704468
150.787899889697258
155.581452498255146
159.318908258068490
140.824639975133891
169.556529267004748
165.676757677511432
161.166207010393691
142.185398396065921
179.211400045500852
186.995218663576651
181.716440529708194
90.714637630955394
162.209404043031412
129.551344206156728
192.884914748622919
201.890805041109331
200.691772515730236
192.927276398476835
188.981574044558897
181.723229098881006
174.304367232515631
166.664466867142039
166.794002102569522
171.272710427905054
160.673968365771628
114.609143516604391
149.014701407655679
155.810177154842052
151.468302024125933
147.299473635771193
150.838316058520832
155.019709738819643
157.481234716871484
142.013568460428246
170.672422342332311
166.753591324693105
149.266610078418154
178.145176289223627
183.304364747384085
178.468631270152116
173.086492483472512
85.814605194941052
134.949961880044498
186.532423367807041
192.086411797690175
192.087538290633432
191.358939552295453
189.464714567296454
186.804424515918981
182.286424571899374
173.381501438462294
161.410411936512929
174.396760968965822
166.207313938294760
110.746865800866345
149.207136649799793
155.954701227567000
152.679683311878819
148.339045997377610
146.432924786297320
148.577762402308338
152.452911820201734
155.030822378741277
143.006661175252418
169.538394959194960
166.633243867457821
159.526193456442797
178.376656909719571
181.424404492193730
109.769439619170910
153.221998053458350
160.225746715880973
151.910268914788730
195.349947300623370
201.515679475345081
198.759447126544728
194.360465263271919
189.059556842899156
183.077972891016316
176.133100663485720
169.046537109697539
167.687266586068063
129.017490086129385
151.997719775237869
152.901830260792536
147.868115838671031
143.495977210864709
139.954896585727909
140.002658641035765
140.367434207842166
143.481679669276673
148.450430313561128
152.694589519550732
141.053364904823525
168.931860723448125
165.560631919905347
160.518121783978756
158.369245130283218
160.413004930969066
161.661512320899533
140.870936768988656
183.052687235578617
188.287166603014612
184.848884127993159
184.415456209457489
186.076288572816168
185.968262227225807
180.954272294989124
176.641706637250024
171.940604069386296
135.340367232908193
159.464858315595848
160.156549281912561
154.473443807975372
147.372998956316877
141.552550673287215
137.905113656690872
136.539152737278897
136.982839456254169
138.803446006846286
143.465425246780683
147.129429605070669
150.964007564427192
140.078887384878414
168.763107234588063
166.016651587607612
160.579127280776021
159.006181700503873
159.063220186290124
161.048971945208336
149.155162496596461
187.843071438259983
194.735067879268172
195.857818947514232
190.923798219848351
188.695337449065732
184.506568770662170
178.832312597985691
172.533245588943942
138.682844298393661
163.597674766417128
164.262556788607867
158.169928227011098
150.529684413644276
144.548871496114941
139.892225293232684
137.146291882611763
135.464717835361597
136.506012886944205
139.438879898967372
142.556904194879706
134.197367078483296
157.464964849333057
103.223204675299101
157.826853438720491
159.545170893435682
155.061204530743794
151.618882172780445
147.960752101182180
145.673167911959240
143.491965464342741
142.605906164883720
144.036005972261904
144.449447432232660
142.878570750022533
142.915785697513456
140.524400053601852
140.544399385188797
140.581572736017506
141.809387918715856
142.464727627173772
142.850713352688103
144.428711076135073
143.565496704455654
143.016197141249052
142.248962853137243
140.968709276015318
141.230244635328376
140.729339975065500
140.414963331034329
140.170514268037806
140.732449630412276
141.457146931035169
130.533862351939661
178.797929417958272
171.294103047753708
161.061170510728971
154.134894167636531
153.257243340653559
152.802784055281563
150.953455718221846
147.925776452603685
147.402720161199568
163.677399566143947
154.657199766237852
147.674103384492980
84.264279795181764
150.871822017018246
161.861632959714626
163.221734435002759
159.771411846357211
156.836725525536053
152.823015262175062
150.450143365807605
146.867789123999557
145.656033034207695
143.970933927794135
142.359942851086885
139.637181576550972
138.870378763946064
140.201763546196673
110.156182461209838
160.606830276611362
148.776488915518598
177.575476962130210
167.795271232247899
158.299316690288038
156.310134893578152
158.547674916255744
157.341289926709010
153.494704346673075
160.048786054941047
172.965622754275216
169.115963155711313
158.996163359571142
78.491674565491422
153.471307074405701
164.046994615661760
167.860070378754983
168.197948536795906
165.210188692420616
162.479099890368786
160.186677923409803
158.635611206511868
154.528888077809199
150.198915035897215
145.881912474906585
143.258164004694152
138.461833494341732
110.057422934168883
159.658196979167911
168.526663144184369
168.733074590263186
119.762761572927758
164.663804471564504
161.450482703549312
158.142877067996579
158.928842859185465
156.496749160905551
136.687919111684806
143.635062265824160
169.154206092156130
171.615850663559740
165.606606846658451
157.786857199684562
74.464723464309742
132.990617207578566
167.412558052375402
174.876437819909484
174.428451697101025
170.620933297761439
166.536088670836051
168.069871366512842
148.206105319973858
163.123999069663057
163.604589241631487
162.623636628651525
84.129595746537987
147.621424383506991
113.000275691506417
162.028441183953760
171.605603503241923
171.298526956477275
124.582599232716177
170.661014683003003
166.030403569802729
107.955702447628724
142.991225955398363
183.649783335967811
146.732456640557245
174.651667547809808
179.554073081233525
176.488236227353354
166.275711404588435
84.652781391578955
181.414176480862238
178.778653377283604
165.669878371580694
195.221215078896080
195.654289903609282
188.773091770343200
185.260661774124685
183.694355117575697
203.039190402273846
193.213737127839352
176.892041945075277
128.444284319666565
176.513282686806320
113.834690029018418
162.423009398048691
168.051111420534767
169.089622292307098
167.542815758965787
110.608729712596642
155.749181514970417
155.280814531283795
155.438100203158456
185.080723011863029
190.347892749720927
145.711098999359933
175.034563133056793
179.792932189788786
174.724187510442050
80.893313426946037
135.926473910625447
201.969771667020098
208.438415966161926
206.009128598419977
198.144955344497475
191.528898427318353
183.895951320346626
177.421993754305731
181.038505638263757
196.899891852012246
181.751996959360156
166.203296509807899
156.246284242255399
163.686782628857884
122.740190565102949
170.196012170356823
175.134023065742326
170.740761491945648
86.459526757804682
141.396008985317764
167.223911342743435
164.408016921253875
156.892466066220067
176.895669066751083
146.611160202782543
174.407077556702234
179.801307771368215
86.614173232621638
175.896448250578516
136.157675932830955
202.640630274679097
211.332880920501623
207.428722102424302
203.408851255805644
196.335322486730888
191.156401618750749
182.944765695690933
176.033738646162135
180.489680286394218
