0.000000000000000
10.000000000000000
26.134374993184316
26.715240845108802
35.089354263132506
43.551236677495275
51.320317019721969
56.181410857011684
62.226238130418622
72.802971005553744
81.605813213469389
88.206681246053051
94.712198975437531
102.326805136245198
111.034098974397040
118.232635554481874
124.412325995400252
127.239009710777395
132.280712923005865
139.139208319803004
141.223864579321457
141.110020681583308
145.612353137816456
151.931522362347152
156.697914711384897
161.559490346831240
166.792494591494233
169.033736273139141
180.157213567717605
188.665217142230460
140.950108313587805
85.230871193170785
94.728065080690669
103.303454841893810
110.259240052954624
117.544141225434629
129.582499242935029
145.070692096580729
147.729542888362516
132.941911587310869
141.461999616558074
161.968905571772069
171.373517887031369
167.251846290732885
157.902589896688397
151.278131920527017
151.067829438190131
155.966820090731858
158.046942087525537
154.650523280991507
153.202460399913406
156.147657412304397
159.775020973355424
163.092369594212471
164.111978144401405
165.416986841689607
165.791179921516346
172.546513347512729
182.505575972515430
189.015386495118605
141.768075711760730
89.649243148019181
93.839897848009926
103.620166264438240
117.993512523139898
129.502569801012044
140.061159744251114
145.523725320275105
132.838556108346125
132.582421308403127
148.554487229323371
164.823479829858485
165.794787277498983
159.746405943707686
154.515292123268409
151.260412497071883
153.611740709706680
157.569502196531232
157.708516767458661
154.916467871908281
155.640535460295268
157.743462368530146
161.954376144275273
160.979410660134249
160.893456618636094
161.125164240053493
165.973864119627365
175.123437554638514
183.025427380332559
190.956036152652132
144.988319262175338
96.590259772829199
102.125104302441954
116.709477698053789
131.938146321106217
139.319414740295315
138.818320257207631
130.202281009784429
126.318299304847656
138.286357973124154
154.177967857325427
161.930683531007162
161.403296960276691
156.055924037362985
152.209080284303639
147.854985351114465
150.241757725018886
153.335889470309354
152.578326234615162
154.633881243463208
155.611466803225426
158.898315272025371
158.115495675566848
156.662381242114179
157.089084522237556
160.654109701255777
167.151988733739586
175.297769829989647
183.060057384499942
192.663484754979038
152.440426719648343
112.768047799701279
118.142853003969392
132.626503885894806
139.432096685013306
138.396125010833998
131.028037415888519
124.393962849238292
129.814884352052815
143.190163491491091
154.901698303072919
158.837879482435795
156.311763624182362
151.201089742546316
146.927076270604715
145.381576974486904
146.385466753269100
147.408778553961355
149.598028487374336
152.419885533391181
154.252032752555834
154.549016498785448
154.609588783651105
154.232396119251604
154.532955414026901
157.230445665504931
165.880324576010366
173.361877473220034
183.699101134075249
191.273692914385180
163.659992852650788
126.711476047335466
128.642104480991719
138.678996591414887
140.618439455659484
135.951904711532308
127.865245372077055
124.496491411220774
131.260245524668250
141.282544487114336
145.481886346434521
148.013217978090211
145.818062525049044
145.918887663148098
144.158136701974939
145.158502838208676
145.969098721276936
147.248346766517813
148.409095598731085
148.890030689872532
150.047234201136462
152.975156707551832
153.705659795240365
154.328985443802509
156.030489022718484
160.375656977910239
165.681909527285626
173.421334661238348
180.586308789671563
188.302146588804533
170.483778110433548
122.440246935174400
134.585095155998999
146.137620193639322
144.655217108606280
135.091449072010818
126.102986326405173
127.585173356497194
134.279934150736466
137.570475130099652
131.246949054736064
131.747446547182420
135.896496690925545
139.891423852204042
143.896355094391652
148.463611875887921
152.122025502386009
154.835692609589188
154.984602492064568
153.860782374057237
154.609739189474283
153.789559677655546
154.426571696462105
159.167115989015741
165.070136024138918
171.733649673407967
176.002170584420071
177.564259858522263
180.914299089557318
189.194382652035898
168.147876449429987
123.120037588817098
137.446512170402059
144.826834709044050
138.867052268330269
125.816972234926141
126.422731493401244
135.497361320262058
151.560154602670053
138.062650303729811
118.511150162884348
118.020736091922288
122.693084586362573
131.055278877403452
139.638868718045615
147.780366003147151
155.015741494697266
161.525474301890341
167.015948723136290
165.747915516469448
161.857549688995931
159.943217426462695
159.674368803587328
165.354321753939502
170.097673279775393
177.394049644749089
177.745093787726915
178.243580183372245
185.004009321952168
189.742700890433412
163.032241870370115
128.788426681596746
136.267353203318009
134.513150938601967
123.079086846924938
121.538304638830951
132.036683716056842
152.266652999334866
152.595576106500886
131.084137336121870
120.222854886265992
119.978560450801638
123.598325278940436
127.698984213997079
135.509946872669047
143.632955658936879
152.365625192794283
160.400390467486375
166.318514380004729
167.260621898294715
168.132227444708292
168.216652044579575
168.989271535880619
173.216422002997490
174.164071601931909
173.731050163772551
172.746838367035735
176.917748199037021
183.157667233092724
185.142834709471657
166.195707240441038
134.106798519669496
130.914658034519846
123.007504702010038
118.507003236831139
125.439322821021435
139.674249011887099
148.902592427494568
141.561476905517793
130.883493410256079
129.130751290642934
130.424880050251346
131.840846736388585
133.946117773222994
136.141943145429536
141.594270403521307
149.103852438670089
157.794373759536541
163.553542829926357
163.226386813231187
166.917863647255160
171.941863173612376
173.828340668050203
176.243164795550541
173.769724436280825
171.158750836461053
170.552148718055008
175.306144015435166
177.504110518327479
181.843508815637534
175.820744359425731
134.169939034006433
124.804894384640079
120.536465660958640
122.766862094233176
130.438490321495493
135.857686159749477
136.758204360910838
132.439806766024475
131.302372802618265
136.726357577676652
140.615997126679815
144.047363662943098
143.540839944882094
142.721081205364442
144.367572806621695
148.223109694626174
155.574223762733993
160.439602622340203
164.434705082914149
165.231595821472013
172.282102455299281
174.500016573694836
174.615311926574236
173.923350555104150
172.067513056134970
169.803713215907123
172.237901162634955
175.021193014285217
180.329439131867446
180.468371734580785
129.203982845526383
117.107632019607507
116.959794873559105
122.362876942307992
130.411201643905713
131.738770412338766
129.053768128297548
128.786598034289909
132.817930700806471
143.244316054580821
152.776789532578391
157.514838554924609
155.971437807865328
151.538553963191703
147.298426212467689
147.829587229440079
152.031299312649082
155.933788339536505
162.086879389944869
166.248020580927147
171.049645339813054
173.182533503000144
173.419738943126703
172.278181851842277
171.370116571227555
168.984121186292214
171.111039849495540
173.265528377564436
178.106693104808073
174.196879368119198
116.413958815851316
110.911012236133914
118.514990313941524
126.320550098580526
127.662604329453274
123.069230480373236
122.192071123605075
127.392734770917897
138.053366605459189
148.125163904505342
158.975432801150220
166.779418588214128
168.830580589710507
163.255009824587972
154.553664066075385
148.860172862951742
148.714337173282587
150.677454297896134
153.630131847688801
162.363744300047614
168.438013863241594
170.859357889714488
170.428685277054882
170.525552539312457
170.523231673916541
169.448729833554665
168.489621118034393
168.492835718658114
175.567096938029181
165.355530750027270
105.663281557714157
109.751799691615631
120.127026980160394
126.600659537565832
121.917304986735559
120.490165816476861
124.378237547901392
134.296796225312448
142.491063746069244
147.465944997961770
160.893773247008340
170.367909903785346
171.816349996676422
169.253073311652827
161.041731648269064
154.688418315756593
152.571797565387953
152.421616675036802
152.360426498358294
152.779028909140578
155.011812496442758
160.189958023700399
165.065457841359120
170.551100674824085
171.692711662860802
170.535980348330412
167.051380574856921
168.669739418888270
175.371517137003195
148.173673583535248
99.650487266008923
108.288717195737448
116.959137966846214
119.123562618724876
117.506328012018685
121.531620400328450
136.175593625679966
148.963906622153388
142.904968299339487
145.214942845718014
155.717267918679283
165.763705234988038
168.472786478917897
166.781063775004355
163.168683727294393
161.828077206113136
163.419160722367053
162.307404233928082
151.669671113022360
144.680789409094274
145.803482809342199
150.641142613888718
161.827786904815753
168.586835202785153
172.285791307905185
171.283622139386978
171.791816879318588
174.898136007557468
176.146234066507731
132.784725461658013
99.734528320783127
107.992718236789813
113.629372240286173
116.321918902406338
117.947296807895384
129.098645844887955
145.319612357383221
148.742507257201680
143.405294840200611
146.190043827959045
153.792120738986341
161.818795346040247
164.179743119341282
165.265347035368677
164.251645151982984
167.844866006456527
170.167892652434205
165.645588462495851
156.039203752836841
147.638691436230374
146.269447692578524
149.723041048530803
157.166839816849375
164.730121700451491
169.567322584404451
171.761111592411652
177.158693880696518
179.831117514410693
179.017521157284762
129.978712572992038
106.412208011735217
113.607979747007448
116.812267975201507
119.572873904600868
123.105950369905798
131.539247988766050
141.830672614347918
144.460255215587097
145.751103303438384
146.898975396528982
153.860665783482290
158.721699539886828
162.196836996389465
164.285397171495589
165.866791255786723
169.221206758062380
170.997274822815456
168.984485715728511
161.182100224349171
154.553782969760391
152.300389088618090
151.651010530732009
155.127027692280421
159.858587011037855
167.787098914672640
175.274412674133657
179.538118358570500
182.680036586775230
185.684983907854047
135.705404031850151
115.670540849749727
118.827508166228967
121.321483788885033
122.521506785971326
125.157671569829631
131.872690419616674
137.228167308896616
142.413885539575972
145.222942317892660
147.296803576527736
153.886471022186868
157.119668965081758
159.110275605196477
162.386702537313226
165.012206294088941
168.684821695644104
171.660914134401480
170.704305043761082
168.057718121778208
162.138264358602214
159.251818111474307
156.742625872366773
157.138809933511169
160.085974849310730
165.889632620649962
173.835839714711767
179.744535204194278
186.499181062257094
190.099773978192928
148.418931907884058
124.139643053407482
122.346340143804440
125.141836165493658
125.614414416961949
125.963117195635959
128.789053295716371
132.850808706510037
137.748625724027931
143.740983704193837
150.519038674229478
153.718682989783332
157.448380157978960
159.733535592600475
162.033103638055792
165.052314634230584
167.876766330407577
170.424894796077950
170.943976956404128
170.138023603506667
167.990828203304574
166.062766989125635
162.911403002476447
160.870998972780257
160.158546787124294
163.041888320040755
170.321860893707196
178.227603124846041
186.042460981467968
193.128058063421236
166.254434113024445
125.076876121043938
125.917334449430911
129.103524444630693
126.770421577204075
124.342972714995739
124.064974318001646
128.126071035910314
135.872172459718342
145.087936830654087
148.526809564535171
155.037840599985202
159.368556277002170
161.204550404385088
160.796692787305517
163.581067559334485
165.317789493409691
169.147466518694586
170.179802213727015
171.681519981388277
171.636229173303377
169.580593585131652
168.070188707453099
164.762622626354869
162.422607930167544
163.805637683232021
168.124145393446895
173.918769782606859
180.712391672605747
193.613388484792324
178.991987450969532
123.039061294666070
126.248475216204895
125.983719048771832
125.918128372261549
120.568249049531417
121.294175129545465
130.173967877665348
142.386343606405262
144.148653920345623
144.030484213565046
153.029873057062957
158.601640100268469
160.124476526963520
158.478253571860478
158.483151705416020
162.639290624762111
167.834677762159146
170.958849394109706
168.140808098054947
166.963358419369683
166.750269634171048
167.426095820839294
167.181386961900415
166.505621863486112
166.452396622571655
166.133151865328045
169.383889981345277
178.990632577984911
190.500194547019362
182.618772127495333
117.148829223274149
119.130110413900340
121.728278703987726
119.707042259103702
118.295815239150414
124.122155582014045
139.508058341574014
145.711442073840630
138.213201141257144
140.008466895998282
150.364742880049590
155.516312287470015
156.093504123234339
154.369062997111712
156.184122084576728
161.138025596784530
167.873307412732828
168.203996341287336
162.578129086244047
160.637931542268603
162.522727237580455
166.284189511340344
167.629839761019468
167.267165473986495
166.395239312899434
164.856728033620101
170.612925502106549
177.981984916027642
184.976707997834581
178.027990115372489
112.242619532775052
112.974963144510866
118.315665065979630
118.951269978611577
121.184253089190918
130.060630106837920
141.330126779595247
140.923722165961038
136.129111140684955
138.425377344405490
147.430597002645783
152.200451693729605
153.401117930131818
152.059799303207427
153.296197925272025
158.917440239935388
164.537905275282526
165.292605206950839
160.721118682116014
157.615898487778537
159.310934965868739
163.809504622361459
167.361297641205596
167.030263708378186
167.288375402250580
167.610068255505837
172.841228119817259
176.782671979537099
181.553650069784823
172.570550088035247
110.805698566278807
110.395436824643298
117.101092177385439
120.726488283881480
123.636180596919317
130.785837761723428
138.148735252768120
140.609804968242969
136.854633828326058
139.524879555190211
145.134842484594287
150.062078757735804
152.814049315804226
150.877807944415252
151.149519857573182
154.786083492031253
159.485725260545109
161.416649823328555
159.513451546944424
156.670625954283480
158.009352484217601
161.958538824120950
164.560613590568039
166.378195963795378
169.296781098681492
171.466219402421842
173.688723090737227
176.591155373957406
181.391637558121516
166.852155335704737
112.750836363990459
112.897602784472753
119.692341243816429
122.015030415424377
125.083006881624684
130.991680689937880
135.906006680416539
136.510927426758826
136.868795657549470
138.157520715945367
143.397898909818963
148.798846830965005
150.245344768478446
148.841332345091502
149.787286032266081
151.949962213553675
156.175214942706305
158.013403602250349
158.733504217828170
156.623336360560160
158.491516689765405
160.797479763517828
164.732230429522644
166.923490533451599
169.559320378973695
174.004863010530954
176.259780838987581
179.628542781980684
181.895034864223788
163.391510077013010
113.498774890359414
115.658360109232177
122.044339869040229
125.596090236050244
126.762139306918911
128.426501687962059
130.784121639375002
134.202795396437978
136.912366922217529
139.967156959533980
144.789032088595661
148.725864745043253
149.428001496523990
149.274302289753422
148.997460166090406
149.566122358372752
151.621231666169706
154.690952090117150
156.935755778011440
159.767367775988987
161.283862001584993
161.272863547379103
164.044466008846655
166.873430967955301
173.018549709348406
174.605317753247391
179.176735509951925
179.928693410133519
183.461358643523880
163.831276367661104
114.816454431004217
118.019865883895534
127.141044746885626
127.875799208579664
125.376317860638622
125.485268985593677
129.107471577847377
135.035444849336216
138.728283713345093
139.029210484530921
144.547179988981810
150.623089140567060
150.409217382937157
150.600023512188756
149.145814130671795
150.028724889123623
151.497316417933860
153.523603287866109
157.907817185517217
159.673830381579705
161.961460978650166
163.687192934564109
166.740594840582162
169.573766635267134
174.183449736766448
178.511194377957310
177.555557307068568
181.755486000618930
187.073487447821947
164.195212316271949
114.256466475349100
118.011690140404227
123.205606359050051
123.612301601472765
121.506200878490290
123.306479296029181
132.403330056136582
140.588726662774462
136.867278832461608
136.670946213066372
143.523060777619435
149.266709798732251
150.096108776569338
150.664266860566954
152.309897232892837
152.162189365252857
156.418636532708632
158.567644746007403
157.339996242783656
157.575528372127565
160.987406936122369
165.461250808774594
169.630410371633729
174.431563624657400
176.866700498168910
176.340598440244008
178.125769694805911
183.446157900884913
184.926986940269245
163.128406939522705
113.272503118418697
113.942708248133954
118.211637894441751
118.794373153824097
118.650967390672292
125.570245950336840
138.239805306658354
139.346608508904751
134.375529020718318
135.283917358047262
143.327048533429036
149.954602931979622
151.944140008844840
152.122105503434540
153.932663025836405
157.984163613198518
162.818433602840230
162.351852439289246
158.778445752480025
157.232073125917054
161.980889882013457
168.188814278520908
172.501936826008233
175.062167794424312
175.848506396606268
175.419437584965607
179.897885421074989
182.824096616330849
182.565496553338363
155.181411515870451
112.681234488391084
113.869922892116762
116.060805937302803
118.581955601162761
122.735052916317443
128.055766831435136
135.645673474173435
137.583229793670057
134.480874015668832
138.165306707335759
145.800137628553813
151.081363816100463
154.357304052268546
155.038033979979588
157.919415999452042
161.483008077118768
165.933525821878021
164.984805459372836
160.842104971711706
159.785748018762575
164.059298987099481
168.148138580324257
173.035205311994247
174.923623921822980
174.912336982173429
175.938050231883636
176.678058073749924
179.386610286035705
182.721619230108757
168.756045464716124
-131.269806388426332
74.714587257157831
34.707121208508482
53.147717498512364
63.170025144407347
73.561870289438815
83.789672307819501
86.095470216072215
84.845376893507094
85.186366652485589
93.330273378612731
102.628007045621359
115.638865229999496
124.832051600302378
131.039783480805824
132.474274118667097
133.624892328674974
139.071390573206429
140.303384968521328
142.867880719485868
150.351495183461623
156.825968205294032
162.675941094680752
171.703069736645460
182.660684690966491
190.984167971905322
198.469893332114623
207.095721214981722
211.067798183295281
226.153127145021529
105.946803594500125
100.376696560350695
105.381966442594646
111.067621725597533
118.960950086722107
133.140966830865125
142.952727570194384
142.997896252918906
142.037549404557353
150.654447963736743
162.711377271421156
173.151353705838915
176.000100479774574
171.580850485472382
165.665792165029217
161.739298404705409
158.127876532602727
155.238042322512513
152.036280616538477
152.484316929005757
154.706869658863241
157.799578252214189
162.830287860286319
166.316762080858780
167.923276947821620
171.315028061146137
178.320144085142459
186.337374330191722
190.092036029777148
182.614220234383708
89.721189931395401
95.749627700338664
107.482175436541866
119.190966726963381
131.189972322194905
137.715814074053867
138.222668054596824
136.406139255885563
140.723341348343382
155.431605915737833
170.463702567168497
179.151909952797382
176.289739958312822
170.406834105175562
165.111411700173278
161.923013661407310
159.406925097536742
158.757844553418892
157.186377631487801
157.541055649287813
159.432131892015605
161.394977340743822
163.928835562721531
165.524257438771883
169.151265742955559
173.352604813981486
178.827186113462602
185.574822116981579
190.397031070238796
175.464158019201648
100.038256278165377
106.085757608646020
120.678594108083871
132.034410120320160
134.822675369243399
134.461408414704522
132.382023603755243
134.602407681100743
144.515560944042818
160.019965997774278
170.235639008345032
172.937792853256468
169.002154350629894
162.637979125197830
158.119176581538028
155.418382749915878
154.346144197763437
154.354177770932210
156.755280063795311
159.206612233626373
160.898839139522352
162.277321607451512
160.332631600469512
162.837168378133157
166.618949274076215
171.650805126594832
177.009391796258569
183.470213290660155
189.749091308149559
180.132468265375991
114.383269421935779
118.778738565877916
131.960094677958836
137.100930805747339
135.778646639459510
131.425194192531876
133.120413609064542
137.165558517920431
148.784777699516923
157.946207234556539
162.439429382454108
162.328852322048988
158.956260012772645
155.402718527730883
151.727242321214447
150.519282720369603
151.016489001222823
151.156566520702626
153.584055237053263
158.251483686277737
160.050234983173937
159.742224884293847
160.457099450743442
161.631361135853979
163.354515693903210
168.620204798779469
175.246218401955446
181.614739852977522
188.535036134195423
189.567566856360656
121.975174852048212
130.299844963177293
142.560738354252408
142.183667857287560
135.591561281118828
130.395172474570643
129.868043276286727
139.074354121275320
141.979696614543798
142.442929317803589
145.870868266559626
148.167426323817182
151.255117583433190
152.496010291354480
153.289597488089953
154.703873099522184
156.216324621791756
155.477417890757266
155.737386315265212
157.349298351788690
157.775920729636113
160.560878138744243
165.113319310751933
167.051128916172416
172.742669133754362
175.556580215648410
175.359130134186643
180.434714857614495
189.082622758007489
186.480301857494169
128.253943047346468
137.676335037666064
144.714183693061415
142.979840796629873
134.323743014544249
128.732120937240040
138.565465213559662
146.893024273603203
135.523409612654518
122.833102060549280
125.607764186900468
132.578315811675196
141.636859094226821
148.258191702668626
155.880668102291480
161.536346676389940
168.053659980384055
169.538571054806084
166.880418888938948
161.301293906632736
158.242500893706307
161.450574598410441
166.047855045199697
172.300068288108776
178.514375947394313
180.225018216690671
181.852047673290230
187.864653259282591
190.985487299255908
179.029451413248808
133.301445262336699
137.979650386261113
141.901732907971393
136.813028047278749
130.198959330843905
136.022861596922382
148.681975904848230
149.663250699755309
127.926741566263985
115.419085771053687
114.983857067623106
122.812161092640878
132.252056331724447
141.149880132151765
152.765796731864356
163.273690945205971
172.692599529648703
177.440202941336793
175.586745973076461
172.027446910274392
168.739573883717469
168.577876102553802
170.132346186716802
174.646276242187753
175.346418016836054
176.868754410208766
180.185822364340339
185.359221729949411
189.108913352993710
176.490796623800549
138.966215792566430
138.505074206160316
136.647381605660769
131.055717942539388
131.437998096854045
141.204444746693525
148.247359021144945
143.007465193583698
128.193595810032093
119.687595297890283
119.450955983987669
122.112897920937030
130.343760917762609
138.311417775867994
145.726253687377294
155.323469439974275
165.684530899190520
172.606018198227105
175.044197217372528
176.557447851905550
176.686000381134335
177.491256228457075
176.388363638271983
175.237039241916392
173.169068358620308
173.642872615482645
177.597853478230263
179.098734693603461
181.947289879444185
182.647472914704281
142.086284976362748
136.454111745233519
131.815164776945210
129.441940648446320
133.055401071967083
138.980717256738188
142.179254746996889
136.051224744226573
130.227586318273779
127.659558504702019
128.772611256541410
133.080530416737389
134.181921820043044
138.042525917272854
142.017025269492677
150.747970522138957
157.920335145031260
165.884039648530802
171.331838840220001
173.634206296142366
178.594779192707819
179.946691950540412
181.053434020215605
178.200609445968553
175.934926481405938
171.591111592144728
170.518586861002802
173.651098630411099
178.110953221967094
189.263594773762179
140.519209157413030
129.576273781801945
125.930353183329302
127.420137680502506
129.376292368017857
132.909457226615643
133.996011565905008
131.686197294562533
130.213661057143895
137.018154911712514
143.413534239903299
147.243162707158945
146.696790406136301
143.775737877658770
143.086071253078444
146.157321654465846
152.397879207017809
160.425913951048926
167.290448043832725
173.249210426057402
177.644931111264981
181.236583097391389
180.645478252517307
179.501312128638830
175.391535237609332
170.351151500833822
167.998496621049014
170.292719166553496
174.972515587061707
190.359961570550865
129.681866857015933
121.035502799875360
120.360780895066114
123.277460974301505
126.239885181951067
128.051899180938989
128.024631683465913
129.571008748110444
134.832266678587956
143.969364581136404
153.227753799426637
159.246484145144166
159.290279953819294
152.475197122698631
146.370531549164355
143.530903733290671
146.788930007179033
151.820172933771261
160.836316792008176
170.787628210879120
176.438085829302850
178.452263483038422
178.891700177812226
176.752933284959880
173.947359721621581
169.027907553594162
165.854212743835404
166.144777549774346
172.700947085437832
182.088295547154871
115.390818115421013
110.968763487602502
117.076904935585958
118.633413721254215
121.899132408207493
122.613553889319405
128.517501997203908
134.837430886129397
140.490570263428509
146.294684852175152
157.986601374239086
165.916085864941437
167.505722832331713
161.631270599342145
153.721778138128940
149.765077258047597
148.474202570462069
150.736998159734355
154.952404262829162
160.495394107519530
165.826392052856420
168.195519257967561
171.656058506609753
171.519610137438093
170.560731553632593
167.001276711583500
163.144161722605929
164.379378448627278
170.107488506140271
168.697195773078988
105.383642729432054
105.049067005932287
112.628483825076628
118.918328770395050
119.270088581676319
124.828439432264148
135.469411055932738
144.289041006673500
141.773070969473565
144.860409234036098
155.890228586307330
166.325969285633022
169.227669874869321
167.447897213965120
160.986986013995732
159.225225254507620
157.567765215402005
155.698719758868378
150.295099719919278
149.033792460170275
152.509828211107020
157.702532493953271
164.379873065606517
168.529312099812955
169.589677181829842
167.265648460528126
165.197393375675290
168.472760768810218
169.674401201029156
152.896969578987637
101.214734320288215
105.674948422001833
113.768296014656499
117.688080729152787
121.848289310016014
130.595339052404739
143.790833856209900
148.967482715736367
145.341990479196937
146.943098133191171
157.475567875663018
164.891134611429777
167.850146436568650
169.010178638614093
167.170745464728270
165.295954491284363
167.071750374626646
160.912376110282111
153.519451043886079
146.441515039242859
145.834375170636946
151.405374370172240
158.008057682657153
164.718428289806184
168.325074705585763
168.088052990600886
171.531310360868645
173.423774960902705
172.594298794670152
141.834044307579433
105.135408363292044
111.710727991624054
116.396676902581532
121.800882013450078
126.484157611019270
135.753093919170055
145.847833289239730
148.267521890035397
148.083430224220507
148.814444096059248
156.829096716625259
163.990220527690894
167.081548627530196
167.710095924774464
169.465976366844984
169.600069602272384
168.385390673268574
165.562658359402832
157.678843261764797
151.328976147369445
147.868959130883212
148.844497037901931
152.687834877531401
159.079015556559568
165.154496537107974
171.541332014153767
175.168740185060216
178.981549022588098
178.297613047981628
140.788631491316409
113.924990649917504
118.804981971283951
124.230822763680308
127.650508770328145
129.234437047373490
134.704849983945053
143.376766242006056
147.172495700751085
147.918370725566376
149.206945492494583
155.341921841768652
161.477492372124232
164.764677747500883
167.516149471718677
168.885464323291274
169.728854075796164
169.257292081717679
168.326941793615049
163.636079888559351
157.984503817516583
153.816350664875102
152.836097661226887
153.280387024599150
156.145461795759303
163.075695316636086
170.727311606566218
176.430113501107996
180.946652670190758
183.818213971741159
150.661003718899593
121.404688789468793
124.835757140457076
129.503341591566169
130.195155020954445
129.219463352693140
134.239293721196361
139.571513832335256
143.815289308632799
147.030368439455003
150.276101424065587
154.505669461780997
159.488670921342418
163.500753582803554
166.358698993467868
168.821967169493206
171.105011923728370
172.215441010667860
170.201101498408889
167.272039691688974
164.155780784347087
161.129818497020977
159.029331648485964
155.849385443087414
157.827197664297017
160.534529618173224
167.692733517849462
174.634077008758709
182.979472696668324
189.169641750558640
165.643884264598483
127.280056639869770
127.606174021244016
134.284322210820051
131.636569587760306
129.879368793832981
130.519009788476808
136.001102107582199
141.157929490168129
145.542941124633330
147.671340462070475
155.100569558067178
160.673554033396385
163.352793380802296
164.297347222061603
167.188753938243622
168.803001290698603
170.442000258785782
171.385742131609391
170.268805745773733
170.505058999700367
167.251230694857810
164.234040558965347
161.436705558879481
160.449010572178651
160.977431479266045
164.538961050074846
171.431325566413818
181.156760897253662
191.708581153972574
179.901082182905412
128.076198506192554
130.237217197318301
131.811834664086604
128.526992864185104
126.979857195148313
128.093059692813824
135.874585937246508
144.085150820545664
145.219777391630146
145.559192166203360
154.602505067163975
160.209676704964664
161.776310387316585
161.981884919232300
164.044793636929086
166.167311459996398
169.039753990825204
170.110323227472549
170.009653059682307
168.183958797082511
169.681181896380537
166.918287532292140
166.144566931783601
164.273073614618085
163.340557476133370
163.094021568752055
167.091305149083581
178.007241044569213
189.877500698418714
189.335800173557004
124.559716268191764
122.802359495630284
126.537928341388394
125.822455096645413
123.918298154684152
129.330856154475327
139.886727014328159
145.030902430080630
140.297105803709030
142.243927907936921
150.879195317038466
158.125221910522555
159.637250005799672
157.486842815353441
159.055162703538969
164.196230220124647
168.023821897887728
170.009768523217758
166.110478146302285
163.452134036705218
165.503000267227776
167.011610894749225
167.683061011847911
168.275417514950902
164.458759234544345
162.536033919131796
166.697260783525593
176.244450089169760
184.107450153548200
188.709351565576185
119.662755569489349
118.879076838489297
122.851625441941735
123.487656093758076
124.044749373697698
131.780344866836032
141.379622367508887
143.182651473138378
138.681970713068267
140.572576735298810
148.085925738939352
155.662879202125225
156.446140198160094
155.960645242513152
156.642017798580980
162.340277002887518
166.020958361932003
166.533143659457778
163.479158972629904
160.623519457837830
163.303304908774948
164.895329458117487
167.277127900085475
168.649516192946521
166.149974507036490
164.096303983008852
167.674163195830971
173.579653639246573
179.594959475486149
186.316305101156217
117.681794896957385
114.817059805420087
121.026960142657174
122.936653764772458
125.349890265734388
130.921406835393867
140.774524147282534
143.194669525087932
139.144094682493289
139.754665253143997
146.641391875501341
153.705174982870147
153.953329123868542
153.836329831722622
153.622994003396911
157.665102777241344
162.773760039236919
163.984734742714096
162.557994649717045
161.573175980370308
160.701912708058956
163.628857252938190
166.995191844922459
167.338773250668538
168.011914596556323
166.498377007847154
169.206261534305810
173.795277455046403
178.648557273485267
183.109707379796987
116.385050394546084
115.718247597824529
121.556220867007781
124.944872016969711
125.550954030262957
132.069856775376223
138.990990828531778
141.098603331080312
138.781597953246319
139.751659639953942
146.320092107635162
151.692761585659753
152.598497807319347
152.657316069503594
151.237703153604173
153.799054377791975
157.247983341255491
159.666942391347760
161.734305669227410
160.787341009708740
160.380951795955241
162.286287712098527
164.923208412514725
167.589622160463591
169.806773940672571
169.439518900634027
171.517788579309411
174.990688191213934
178.078538476091182
180.041220546151578
116.537170469500097
117.129573096512729
123.191550789382717
125.969709965580506
127.846468725085231
133.045368159616999
137.183562451860865
140.073925781011013
137.809531383599818
138.556575162177865
145.806122054583540
151.381718325327910
152.531652391055388
150.130666897809874
149.206473851479018
149.642146585274787
153.021578340484780
156.238764337426829
160.063085029335610
161.042188577677138
161.579232126042257
162.475827501490812
165.791737575775045
167.386634450682863
171.953463113122609
173.603417604526669
174.776584073687104
175.147742271149014
180.340948001577232
177.979057573962280
116.881164171751678
119.022623299650775
125.751133887786324
129.437931822045272
128.580528817394907
131.285784525381104
134.889935391484187
140.701099368219758
137.503667302362715
138.055428757905815
145.423809819140359
150.275688345881093
150.905234488799039
150.755659913727698
148.274580165654328
149.123595089977130
149.759591554174364
153.509936285573701
158.209677591868115
162.201327764439981
162.186996440867063
165.609782579034203
166.791991196256930
170.992088684731442
173.847248950341395
176.478130972739677
174.932214086454024
178.877761692886111
182.167068103892092
177.530263376544809
116.317112745202479
117.823875823254696
125.638638104869131
126.634701459711891
126.489343032694478
129.137623645115184
138.317308377012949
141.256711160543432
136.852548300620384
135.398532904632447
143.827446977208922
148.276447509694179
150.066353052155591
149.580684351294934
148.793798155005618
150.310744195645015
152.068220321277835
154.386573377182600
156.288628782552820
159.603666730726530
162.760817042058221
164.839158426486563
170.319749537414992
174.248304971138595
175.005983888937806
177.007031699639327
176.027131039260723
179.440857561089729
181.902844093562919
171.266449074077883
115.872180003734684
116.955256778042411
121.295095093612517
123.079066180358637
123.554013827710861
129.917775986883612
140.065318973938389
140.775989159501620
135.795202110902352
135.338085681836418
140.795400925642383
148.484226511241332
150.168996249817297
151.284831497407708
152.687703244991127
154.810958445162640
157.325004053525788
157.938678206497713
157.086723643258068
158.162814527861713
162.835449750858430
168.171685938862197
173.444049564619235
175.660134193857118
176.584812758156374
175.247529944992863
177.945763822018591
182.591276926851350
181.315294649626509
167.834346978093095
114.942980521627959
116.298110512093047
121.204804885182455
122.331486822730596
124.888883614941079
130.951769715726556
138.072074526235667
138.036348941497920
134.020702254489748
135.228382591418921
143.213184066875158
149.288873269160575
151.785318771946550
153.624395805484284
155.379077052309043
158.448980277912085
160.651430214880662
161.542988661473800
159.465986068626819
159.055174066853027
165.120281877511445
167.830230450025965
174.819155900779037
176.758718184630226
174.842468375566227
176.005718770688532
177.147184302580342
178.637142623310723
180.746260360508586
165.119770587274957
115.459174949898369
116.436914855819296
121.258466081362030
124.112453061288022
126.469962045454196
129.337651484718435
135.497903846978602
137.601322161522944
134.794058661103264
137.418344358831234
144.578760641979386
151.822183851743006
154.992164061994913
156.576763844880531
157.568191924971643
159.773863945039267
163.740283787469252
164.676218885809703
161.982635138869256
161.314268023846353
164.071134685058439
168.659090489130250
172.687311365678255
174.684880772949384
175.992215665472457
172.813234296220543
174.866313593616781
179.290626465005545
179.929949979435264
178.947440495848412
91.926805078663023
86.964737826373891
93.692173655153056
102.050278154317795
114.845141383641433
131.679138009365516
143.059176692391162
143.313877755550834
144.311765602692105
150.707804595897755
159.849337376456219
171.494727725885895
173.436948191582843
173.855274533589863
175.625784231533657
169.686358103147256
162.680821822673408
154.477497770903909
147.094249534616893
145.019560539642981
145.736633277447851
149.411029095223711
155.256804526067754
159.099030435986805
160.557108418063365
164.976778729561033
171.229671593042269
178.340637548434614
182.083118302286607
192.446806216542086
95.317160884214672
96.039688990363828
108.975440581733352
119.884055997365365
131.688639513217026
139.309328981053028
142.554774558852046
144.476716063680158
148.666733634195253
158.108588098355142
171.591063903375755
182.660848237295056
185.860163921044659
182.243522886669382
174.541535312669339
165.547498783482183
157.828000209186314
152.379414419491070
152.597124117961414
153.598434082459676
156.668612111128823
159.364782629827431
161.250835028168638
162.985055220738332
165.455924953231971
167.930239444037966
172.469122027807941
178.165035524220912
184.448749670282780
189.145009449425231
95.146529350473557
100.523225457404720
117.636033682728652
129.206317489580783
137.733254682862110
140.500258153919447
142.288968126983889
144.686262317611579
149.901875286740875
159.587869368517886
172.406070380597384
177.823611339282706
177.382955901643868
172.081376766960830
164.729830668627272
157.157104630720539
153.307416605989943
151.933312226552601
151.885647976829262
155.613381874668931
160.904086994552785
162.453391867518121
161.494467661995287
162.933808639996442
165.144968554227319
167.946616966994611
171.587804388155774
176.635674024919524
183.549800402227078
191.851824793808561
101.982506408634649
113.698859858633739
131.344552710284177
141.368116205963219
139.532944581673803
138.865469643182280
139.912556903408699
145.985100938483754
150.310821871718105
156.288715838536064
163.400002845650931
167.042202232190562
167.119074575642571
162.712926076816302
159.056977412416757
156.077377915155097
153.067145371580409
151.117336953628921
153.550041620525661
157.549540062188271
160.334979839102090
162.375999594049460
163.583075440190044
164.428244737932317
165.418348278685158
170.514435205597010
171.131057761018297
177.221331357619022
185.219496929225926
198.435185017025901
114.585619244974922
126.977260972198238
141.549645063833140
141.193135551419857
137.017416189293641
133.885715167789698
142.015303913864301
154.749566536904865
151.417310702107585
140.981565117042067
143.667143146636988
150.152451430534427
154.408329733439842
157.441563010318816
158.922897251780768
160.692607507311692
163.465890689082642
163.054862514462741
161.008557424608227
156.874765034630229
155.361201824566734
158.002187783964388
163.007255088012840
169.466989143589871
174.256386557230940
174.627236509886046
176.401285594880733
183.168528009847535
187.934728984924732
191.079520207762982
124.135585320755041
134.725139140918827
141.778885996461668
140.174788366605156
135.014135017033226
137.558455782451148
155.602588274257187
164.699193856952036
142.264409145576423
123.354876655391934
123.502791637862828
133.701326381422234
143.793472497039573
150.637770273467623
158.429615782373446
168.525499530759987
173.793868889038720
175.607974801595759
168.353247548060040
160.186932128399832
155.780139180164724
159.202404835449784
164.276215673925293
174.430111910583946
177.007613784943260
177.716226668117486
180.882422177392698
188.764279061326476
191.560631143155433
180.928216093814797
132.855741464525778
138.205133031501305
142.183446868972084
137.257623797279109
135.237549355522901
147.598169209368962
165.773383526689656
156.457222842296972
132.062090073653991
115.049617589916920
114.736127626556424
122.253076085817852
133.556233022990568
145.726574287028825
158.523378348419641
169.062043297171925
177.174209916602734
181.238145306194838
178.072520770540393
170.751489939188019
167.822846457456308
165.099238744994409
166.962549626226746
173.291245282700743
173.672034842223582
176.323813250301185
180.777805585604511
186.417605842193609
189.496673965304240
181.603539047215293
141.292936040277766
144.200946993350271
145.067978960569775
144.152705869651925
144.715823032732345
151.858233391649748
157.754104727269066
145.494645203448215
128.408311977598345
115.232853244086925
113.026377936342001
116.134113178099852
125.664136373423787
135.917415917451393
149.589979003539611
160.637730417693660
171.841771104946901
177.804144476315685
177.047558787398174
176.710657528356279
174.018934138900619
173.366814572024367
171.275364897772903
170.966734195613100
172.553094869321029
174.319790237153967
176.893146503865012
179.081728203901946
184.159711821447615
188.914593166812637
150.425179558371241
147.551057702069784
147.444570989574601
145.726939935031851
142.821990384824346
145.153977513754484
144.061893070835481
139.299604538208968
128.056301668352802
119.259740168756707
118.350007988090283
118.695762647966561
123.147260607988770
129.014016412328999
139.836351281779002
150.387659394011735
160.684570556518992
170.364796177812764
174.377969827192942
177.325823810054544
178.518904725245676
179.707102826411614
178.772973459177592
179.164913896943744
174.666765672681038
174.005885237447245
171.683456230624842
175.186513791672809
178.940316436026990
199.881483570949001
152.022216884332266
144.752491053237094
143.388572722638344
138.992486847585553
134.712819746472604
135.170317048741282
134.819668371508186
131.394635504561279
128.918733136208687
126.160270766437549
129.723529559779621
131.290399512317890
130.935023399339798
130.342319450758112
133.126876140083368
141.081023282628934
149.749932162719176
159.033909298865296
167.385840651240869
176.251869353225317
183.186361809002022
187.562988597600622
186.078726049324757
182.045539116347243
179.059971451093020
173.352759118732507
168.922857537308232
168.799619215192251
175.830370950660665
206.235091285014164
138.153150615396953
132.941180996491937
133.569679733615885
130.089839083547702
128.225756534551323
126.982144069820976
127.804867414586113
130.204679912958738
131.904368260686454
134.308594933993788
140.344729671776633
145.656020885980723
143.698591003004594
140.823247147214971
137.444626555157356
138.724702901437865
143.189128118150762
150.449442741511234
160.672514127016228
172.301452393532202
179.923921319895669
186.227887340347934
187.499273611783252
188.344415324431480
180.348153314909837
172.912472143960656
164.633331912581866
164.014183385783099
170.294095972267257
195.108107891297635
120.592028135583135
119.822264100457517
121.126027649378671
119.107014315210932
118.687460658614555
121.503107302685663
132.517018998133778
142.260061637862918
137.728599041323008
136.067718447008417
144.234220401761633
152.919441462022945
156.043820746268125
153.036292759311777
148.755135434685087
148.228854358044714
150.634177661676233
153.923972342925310
156.644325898743602
158.682225542052038
165.278661572947044
171.565221347809882
175.704701882497460
178.876041309991678
176.929266579691955
171.835061579075784
165.673637735299110
166.121725015614402
167.700241861490667
181.408728352272277
108.717249770046621
106.189221587637803
110.910553522382344
112.792320553227299
116.946329102523890
127.874981858071948
144.714524461516561
148.163864434081006
139.772635220195184
138.358181871793818
148.551579165075964
157.695282247948370
161.978667771316992
161.197494975689608
157.889643287534057
158.989205955869494
159.451825646152059
157.376523460011185
151.735336444110459
147.909092657640826
150.288684779936659
157.752571117478936
165.958911950526726
171.044590411892415
170.320490607424659
166.540349672247117
166.433446639866332
167.373710290738472
165.329985879461248
164.298273223803136
105.680846442937934
103.856232620389008
110.546351404850327
115.511470156026093
124.381953389141017
135.098814267000023
149.034035310607806
150.395311834940145
145.040302628605900
145.754915919318790
154.638537472948769
162.736109494415786
166.621710990006875
166.193691500484164
165.447627712379699
164.884886662791843
163.466989989043327
159.158815767534151
151.083282085698158
146.245146997348371
144.941878939930518
149.472824945212039
156.507999935389478
162.340014806210689
165.473455471623595
167.295985311752787
170.508974581852129
169.955895958256264
169.887139530881484
152.292000505626419
108.788482502810552
111.613269907622524
117.758697121284058
124.050799897872025
130.676129505695087
138.819946229981014
148.838033990595079
151.657166235530070
149.480581022894995
149.769690301600519
157.608565335710466
164.019714769300549
169.349816590436376
169.055714921401943
166.976164866581485
164.819000682749447
162.681179319740863
157.929004289304032
150.731888198616986
146.404926884474179
144.361430007420267
145.672549106894905
149.768937261482506
155.675436498628557
162.107748513483102
166.111569909920547
170.504729619448682
174.037454808625512
174.347558406851675
152.347131574211915
115.796522926834200
118.967377346219294
127.170735452602969
130.943046062673602
133.652892860830860
139.609669209165276
146.786323435464055
152.002773359221806
150.342657935557014
151.659262293298923
158.604563533351609
163.961450994492623
167.023147022485517
168.530932761155555
168.231095144155631
164.588761250158399
163.573217730140129
157.419290666945159
153.035980037693719
149.378185504204083
147.078416460732171
145.847794508861284
146.070926209893486
151.189562217987145
159.091661108210928
165.518375308074496
170.904829481239631
175.856109522888801
180.371625174115877
161.172059542211997
121.995373240844458
126.826088032179229
133.186088137199931
134.624282186639675
135.827072848421835
138.386838540514702
143.458905957094373
148.885219683310822
151.549336620748278
151.656312630330831
156.180734896993982
162.569974810520819
167.060187638006340
167.676918725160334
169.319360087217945
167.857180336952865
164.760337185651991
160.460922435318651
157.683807315538985
156.311298244702613
152.365486860289025
150.711751493631908
149.628278792225188
151.187171666627449
157.510105423001363
164.510161487807977
169.098486704682330
177.025370878527582
185.956172123424437
172.004442905625439
124.330501163945499
131.598291019287160
137.451438521753744
136.141720191930318
132.329134612390050
135.026877954994546
141.574323910938830
151.156098570576432
150.775681125018707
147.085462051369262
152.945042074714365
158.713002219648473
163.386280974487562
164.325493653700505
167.548150744945104
167.129317856125709
169.097925015864121
166.569448655881757
162.973781765314072
159.299958582944896
157.223138440169294
155.753847661983741
154.197176820389103
155.832751078977395
159.467458855566065
161.374061655523406
167.196510639741803
177.847642451990168
188.058606694217588
181.435841174721872
123.869126566769467
130.094416767193024
135.661364599090746
130.028639074747531
127.880859519603206
134.046995212020533
146.747755313115562
155.206561908720346
145.354504183799548
140.610868412443637
148.171814494839481
156.087459452822600
160.456920901562654
160.571361025261751
163.498720598482578
168.500237238069758
174.355238363422473
172.744710628769127
165.104029381633694
158.888885633921063
158.287759110355665
159.995626645147667
160.388805084505378
162.031237943222720
161.221220707394025
160.813318112672505
165.515992309930880
176.390859790205582
185.389269502537303
188.575525893162819
122.692909446360915
127.210868075530712
127.254113532710122
125.526114080466797
126.432929312468474
134.795137017492550
150.100450159826238
151.293261276400358
141.864384723651568
138.948157511142455
147.505491381921416
153.654041513023003
157.150067666242080
159.523880613410199
162.634425712290181
169.782181460141487
175.237659767109108
172.824052932996267
165.924899834399355
161.905590306643063
160.918814433598726
164.447034787080554
166.516235971615913
165.791056487225177
163.365689349955403
161.703731876618065
166.381042271989998
173.570663265698727
181.760705597042119
191.278719698124320
121.764172585933736
122.327175649128790
125.873542530418987
125.671834402705088
129.108055916885348
136.378169708180820
146.932563769988832
147.686770452946263
141.671714989000776
139.165326500733983
146.903720142388380
152.930587877799070
155.671778959758456
157.419063027361716
159.929652198587434
165.105170019361509
170.409078178480996
169.960574072294264
165.499645369625227
162.544443990853210
161.848564878899850
165.480511708949962
166.663605141307073
166.169984715732767
165.262736184795727
163.529442289558801
167.188365376860645
170.345776909156513
177.429584826473359
192.667811268816280
124.656536326923018
121.378155306427232
125.389211270544422
127.553647086780856
128.861104067580357
134.598146278357376
144.538208760604135
146.461783110695023
141.534605878975583
141.142554401195696
145.960948719300745
151.610717031697448
154.844427688970285
155.058492310393916
155.370799057502126
159.837199825362859
163.975128337116729
166.537858604877158
164.902803012612367
162.577913467543681
162.694848784931963
164.415916137014705
166.583960308476151
166.413903129414081
167.074013087247977
167.358940871104807
167.484479059788953
170.904746482525525
177.546925383095299
196.829341357924420
122.749392045310529
122.377335593526894
128.502412392778808
129.371557018615050
129.990770572361214
134.839638842092654
143.568777519912715
144.265646672115537
142.392939896551127
141.490500647380202
145.920286943932382
151.869734587475932
153.158222068059985
152.440661085177624
152.529637727904941
152.859829080866405
157.963693503577701
160.934149172307968
162.094411875531847
162.803000804010395
163.078174434711713
163.513205299379138
165.745611236329410
166.892570808044155
168.561613979762569
167.339443776427288
167.495155467829335
170.848796712571016
175.483805756326149
194.399647276802710
122.225414962229721
121.527981738517994
129.684475004277914
131.152092289551177
130.570089593891794
135.583577476728919
140.945239618874695
145.703111498850802
141.215899741237138
138.554658141321056
145.036992607428715
151.447463429813439
152.859831053902667
151.352071859878862
149.127085951955905
149.671848066169645
151.357145412870608
155.937879600872151
160.216822688214251
162.491818122451633
163.210393888968753
163.089603267527821
165.765320488442967
168.120740942259687
171.080237657082080
170.843291847159662
169.769205572526118
173.185160364182138
177.367202580934475
193.764284228112672
118.449814582759487
120.390118696792712
129.612192045393414
130.940003865357085
129.949536596875049
133.880085429822145
141.009287435152515
148.691279874552066
140.091592716871730
135.682042053631278
141.673249346601693
148.399566528152604
149.736890659752390
149.134040289791585
147.260547594876073
146.908907583265886
150.510970084051735
154.104717807290683
157.061951756594226
159.547532566898695
162.186044932027613
164.599821151709165
166.368905888761930
171.030158046266138
174.736785316188474
174.672588510356320
170.719692613090672
175.916022731425130
179.215529918149628
189.608239340402690
114.819451119049006
117.314914063507445
125.433551677752320
125.977096828381448
128.395765246359900
135.354535360153278
148.928893373617626
148.715321354439709
136.473198604905321
131.802323472784735
137.328474756988498
144.446947790109192
147.382229953719218
148.380696362201661
147.809809646043107
149.674378424776933
153.212602695214599
154.947219394950480
155.067456661700447
155.140165471369357
158.771952821261664
164.990023441232552
171.053007830944694
173.745143325643710
176.897402711266921
175.292596577141609
177.414101238886047
177.548169638831553
177.365208223306468
181.176592541638286
113.980440965048786
115.851782470254889
122.140759231112341
125.849857197792929
130.158325297853224
138.977402927858350
149.050967345168544
145.237754253283214
133.481600422283918
129.269237896918298
136.507319864096729
144.179541866133036
147.035291069419912
149.466068920628516
150.211394347057535
152.921084185302590
156.313753207127888
155.991448206346121
154.665160611568780
155.642728817861610
159.370188081960208
168.835873074820512
171.296543330917700
176.424644403003896
177.021523015648143
177.772359725266114
180.074520879216607
178.076943300765294
178.914269494431551
176.971389320272237
115.346428606125727
117.356209968098938
121.683445742958753
125.038523092908733
129.348770519108626
136.278233221053256
143.144161362174145
143.425182577740316
134.633971669726776
132.060318593236246
138.110179456455370
144.261787220527737
148.760588727993252
150.761459978042240
152.104740611510238
155.526519723396405
158.246324092734909
158.634632587592563
157.745363354120201
158.803020485473581
161.537738154382083
169.200770405536218
174.577751075356474
175.847417994544543
179.304075278068922
178.826008912979347
178.927805301863884
178.213901653514483
178.360214137001321
172.637463512324786
117.349063488047747
119.128364703752226
122.984788476765374
127.101094832316278
129.281908171603561
133.870579569968015
140.721430352384459
140.366536274083330
136.861809569194406
134.117707352674415
140.407866267547661
147.946575527270852
150.341457990334305
152.766163129974274
154.681390476401475
156.200550086695017
160.204111129052478
160.089311447971909
160.156364980645947
159.466735969507340
163.480858151003616
168.869683141320337
173.188475796037352
176.749160361366165
176.255135552180121
177.315482546001476
174.190742409577609
177.834608402320669
178.334912562640739
169.723125353937547
118.538146541429413
122.117417243854888
127.522054598904489
129.010732640345452
129.748326909396923
131.374083981969449
136.472771726287192
139.534576901626679
137.576243788805556
137.705090124076776
143.898839962271211
151.708358323579006
154.339589628351519
156.344401238691376
156.160531994012871
158.108165754180106
159.732193845292784
161.105019967808431
161.514397719747166
162.404528473070002
163.181676871916665
167.995127348147435
170.425603207368482
173.775627494328546
174.098866086004051
172.722844814261180
171.266048057268023
174.454570570655648
180.938800709392979
182.190803417845189
95.323241378249193
88.042499534157969
97.321383494376974
113.689981376100249
126.367473358221659
134.509870966939644
138.376582282193539
143.571128928419540
149.041149245184670
158.744603061823881
168.132083318923492
175.712079250963143
177.793027330069776
178.662081638459256
174.095676712185508
161.805880491611731
152.521377347461339
143.983586329048308
139.702054938397538
139.172331246340605
143.398942203008403
148.450861970069212
152.553610870843556
155.302708652382478
159.073816916984015
163.592313027657639
167.162384899919829
172.689904788601154
180.655163952617585
197.928710463719369
104.519639394824708
99.246235458260969
114.386252668033677
129.117658487757524
136.792482548060548
141.956150779302845
144.956785395747431
149.931129332524989
154.627417194536946
164.643495050538860
170.910022715089042
176.750244455973160
176.185657305886792
170.154633852563535
164.323475680653246
154.733441227185182
148.472505315436962
145.304374787841567
145.227790355123261
148.283167526181074
153.677878838834090
158.028180223409123
161.219216575250726
160.197904276008330
160.475392478748631
165.122160296073275
166.436110949205641
172.036395974664032
177.806899974471150
198.853878968038885
91.743165350734714
103.090482305220149
131.455500401331335
143.783053785830276
142.587701457752331
139.105305487864371
141.251920941804855
148.360950279052389
159.435738254299395
161.123921352456023
160.088849446978202
164.836185322107752
168.375090191055733
168.165423594013532
164.237341747176089
161.248680196710666
158.709717919708453
154.806394830650305
151.522390581316557
153.646501973169620
157.002781375610425
158.008178939278878
160.804202889747728
161.620673695534663
166.712884993521413
171.319026071104446
170.560931740787453
171.399834733327509
179.082126064052972
201.137325657596506
101.258017216608778
123.473942261410855
145.847975474602407
145.756652605445794
137.485050162474778
132.449056434615301
143.039695101885087
171.280473932819632
176.024244200848358
144.077378902616545
138.863427798082313
146.070052157833430
154.104084466114870
159.994730211143576
163.271501457057980
166.453375215230125
170.990425675688101
174.198407128638934
170.380234783786591
159.675324090855128
154.462455276838313
153.685648659322680
160.734683208436195
167.584837934970324
173.951264041058266
177.495558830237371
174.328892410224569
177.647071844688071
189.437009780427928
185.101714351406457
110.538814128802017
130.255438177515714
141.136572871594154
133.010770962780498
124.411892690438847
134.224317481852466
168.896441306348208
203.600205216370796
157.912448823210354
127.146295706957687
126.522865161310392
131.050909285992191
142.317919483132727
150.653576338644541
158.893991372757085
167.432371220617199
176.227081594264916
179.335304758824236
176.383086797728708
168.557682518890999
163.570156164754934
162.645891515472556
167.342357894222687
172.944595783808239
178.192323752221313
174.146924253290507
173.182439123839686
184.506559887518165
188.408472177444366
174.766192172174726
121.058663727696810
131.466990231286871
131.282744249929209
127.469286765695273
129.172628950349178
157.629022023050794
195.184461084707209
182.408520267442157
143.562089505828965
125.499955758340008
118.033909573002887
123.953705966547076
131.009525899404451
142.391838918910111
153.723234240831744
160.562280645145137
173.454741886418560
177.081286622315645
177.680400374039266
174.141114395125214
174.567817184188470
172.607739113268536
175.942658893024486
174.746114854318563
173.139067730779203
171.756060738501105
180.171601696970868
183.826039936508295
185.184653495389739
179.234028007383529
131.710303914010638
133.831233255309172
135.384197546744133
139.492145827282059
150.507663238983270
173.110607117399923
180.583883003884239
161.940331756101585
138.229926399603414
124.712913369738288
115.272483207895732
118.055319049532670
127.718468228586175
136.503183637240227
145.406965579723703
159.175911521977412
169.094960732985157
174.434189103903009
173.634543312304260
172.742562580543421
178.265122332309204
176.269489140647124
176.878835334830001
172.422615438696141
172.905171371880471
176.420712357640355
177.142881850924766
176.514718392969456
180.655197084158772
188.237540242695957
145.862950050718581
147.419276766293990
150.057053027982590
154.201686099818801
158.304675187456922
162.208142726698156
161.856549049917021
147.691435688051342
132.369171238831171
121.331888012299601
118.099512738307780
115.786347075252905
120.005199872136558
124.720401875529930
138.650723058013483
150.960893587154175
158.669642836729821
165.941354820597411
168.246339596011524
169.215792695324467
172.452125765943805
177.204169915314822
178.829518305152931
177.610497394083069
175.999077016198555
175.550212280819125
173.275183580233971
175.854089040684045
177.358670779917816
202.256973920416783
153.908368204272932
147.723466802926595
152.316419204830993
156.894181033787419
151.196104629580191
143.596218324308040
135.129664744052292
127.642666288058706
122.974885464487926
120.443525130545709
122.348677155294922
124.665978784999822
125.357380398280995
127.901124082001914
132.501594834649012
140.037834336094988
148.448628469795210
155.553518905732773
161.547195314699451
168.547857231503059
179.246536303282539
187.562493390213120
186.387439531148260
186.782144242263712
181.173679151188281
176.501920469133211
172.936009998168373
167.683733122599762
172.743754306436358
210.563386660444365
138.394473250014926
146.074532165034071
157.285427123430907
153.912540006909893
140.112930636216703
127.256157472777730
120.846105333354416
121.262467276392556
123.580637952830870
124.990639177426800
132.811650804172245
139.886235426731702
139.234399449285661
136.801901993318893
134.754067441756831
138.897442058857507
142.026617181010209
145.160001330781995
151.206377302302911
167.580789202307784
182.356633807402829
193.471180014420412
197.326117534398037
194.157343022997111
187.867379469343263
179.160026135942246
168.103809475109301
159.802783264958379
164.747034885892333
203.853637736140797
123.399539362075899
131.742409613983597
136.673474736121818
131.618438818803838
122.321317575472563
119.572421476882141
130.917746459438916
149.040072870476564
139.467129648355126
127.047656245756684
131.855952128687420
141.728019178649362
145.952153176602565
146.148853776275473
145.618090002356070
148.114328644890463
153.340713308612379
156.429712982972745
153.759420980245835
153.445308538807325
160.824303656739545
170.477577645387157
181.848181962966038
186.670170053857731
185.451545537857243
177.851518069439493
169.120679183678789
168.183940363410073
164.681080323152656
179.157442368351013
108.643862598108299
110.386481451827336
113.403975415822771
112.120000530188008
114.295978839511150
126.674019611575801
154.477180775803419
166.580327013165288
144.564205589558355
133.625808817686845
139.936048562142787
148.462690349529709
152.384480911565674
155.312192576738994
154.711408824172224
158.813705465946612
165.100894202027604
162.017448629774123
153.865377824334928
148.213700813371531
151.079361240578294
158.267631710104666
170.493417025939067
172.976473843361447
172.808537781145247
165.916842020588177
167.660871094094489
166.827904754900089
164.823247038602716
163.752879318751866
105.699110360379592
106.227316447833545
108.300108293906476
112.843621825037616
122.200858266938695
141.364639112000674
161.712236713517882
160.182009935039133
150.998890921699058
145.449301505267954
151.138587247328786
157.224178933261612
160.537895275553495
161.310615987515604
161.490261124674959
163.773204820242285
166.352857355319372
158.830871323819991
151.843964834069311
146.445691091498247
145.540699888471295
152.933957638204220
157.099675109322305
160.163787611483428
159.687213537202808
163.327205078767065
169.158559895092083
168.053430002639402
167.682856103371535
155.350102738734478
109.086032440730293
111.211307930376734
117.041784391252094
121.772693299621650
131.267194878869105
142.359200195926917
156.976492085219803
158.972890091283887
156.238924512093575
154.189196838178759
158.865406923952094
164.409377977753110
167.081135345000490
166.323688864989691
166.216155011860252
165.679870577720237
162.959382167041298
157.306536852623850
149.844491851107421
143.521503900824399
143.046053936005819
145.096918841892091
147.835923980897320
151.908718431472835
159.096524889443856
163.873867596324004
168.747256264057768
171.056336713222095
173.355137207609744
159.992501234211858
117.347689007695976
117.458632433569633
126.049637602859619
129.643061474626677
136.566317681877251
144.155886127741894
152.322581059972975
156.855097871012134
156.166492401282227
157.361974918279401
161.686690717931924
166.594082091541196
168.504530972604357
168.123432002131722
165.311392279457664
162.507730275646253
159.640866941264449
152.667151066368859
147.062185356207920
142.468820071484998
142.260830124744956
142.250968323199373
143.158815310577438
146.560770188649087
153.979924583648796
159.828939750442771
167.130573725359341
172.614251376289616
176.490533315081166
165.695012910690053
120.996220487400990
123.354098064306157
135.389904271253613
141.100745670159256
141.266204190485013
140.809839274493982
145.119805105546220
151.067427370602303
155.803583466421998
158.383059047215397
160.798944490814137
165.136171129713006
168.444092418096318
166.625326377518547
165.700143712667028
160.951763784415334
155.271423718480463
150.689896790788225
144.558500045376206
144.285935450545963
145.914621408934636
144.523180580631987
143.512942082790715
145.699494170181566
150.661749946552618
158.796439778659590
165.485175192484348
170.332507545664839
179.322319845814121
178.707317614251792
120.197786963972987
132.896771201229569
140.605649654183793
142.535994687778299
138.483250910464903
135.866430506856318
141.714077446252418
155.458748866007170
159.160431294345329
151.988375384810183
153.734974928165940
161.201747584509036
165.076882849636064
163.060170605411599
161.749126968431796
161.874104378215350
158.798538590912841
157.741167323646096
151.040089268376704
145.239752556670055
144.853092724282504
145.216142413140773
146.726707487962187
151.927106406211323
157.160540250193037
159.941850655789892
161.460651662904837
167.953646045304652
182.362809254340277
185.563764112819229
114.866011314171075
130.561009159156356
136.259838115631254
133.199716782559221
129.269706076592797
132.353638265198242
150.228352399984658
169.809362122923858
153.523578915694941
139.164703958604719
145.692201052883121
153.983668964353569
155.567238153939030
157.821896681086940
161.024861782767346
165.938992627080239
173.443414586928981
170.733216879732254
156.768204905504120
146.805796519366140
145.241034142422933
149.781504003389216
154.621962817491863
160.431661194127315
162.460410727089879
160.343110990141270
161.449594972747775
172.213305031950739
178.697370870443137
182.367633831049318
113.464706060789439
120.811164972998640
124.668883413777635
123.851665581803928
124.177277878842546
138.856991466449813
164.219204984669034
167.237690384160345
146.894021177745543
138.634316174657755
142.656906134732765
148.470660645297045
152.875228798985688
156.475695353764252
161.131915734853806
170.365276620095727
179.265076305627161
175.733905511506549
162.832895502148347
155.916505515516150
153.982481007354238
158.981871587817182
162.782611351633733
164.945438247794101
163.252530117425636
160.735396927811394
167.000196322876803
172.482409242840617
175.373929582805545
183.010865908631899
114.184864779612226
119.232928169591560
124.714041094152904
124.981211504647362
130.971117612096691
145.294219969684008
158.416654540071903
158.120635348677780
149.526752134788950
140.119325506469352
142.589022241280048
148.739542778754810
152.127504550279241
155.675461189859305
160.711829748334338
169.346818332945105
175.449956445758119
175.090710504455075
168.497204505844991
162.476352262091979
160.310922302927565
160.869960157961259
165.216460464409920
164.912075258518399
164.552419793136096
166.586551877387933
168.968746968970834
171.392199788549817
174.263895362690278
184.779711421591003
120.084707369878473
121.580352844528022
127.107431828887556
129.408867056123796
133.412885852582292
141.850710480649724
153.507232597996847
157.555080525816265
149.859869597906879
142.490028352329091
144.441061205112618
148.705347758128909
151.573813621076937
154.292194661919439
158.256511619690400
164.612360095853006
169.812833649539101
171.917252470180983
168.649179580843850
164.002286981875642
160.946665463611851
161.464584563002575
163.121452085529256
164.365404558352481
168.270245942280638
166.753460610116804
168.968387611869446
172.288030612491269
175.126891588024847
189.478181286807455
126.936810331873971
124.396829574020828
130.448441793531401
132.918990844185942
136.176961616053148
140.605712434545609
148.824446680655342
152.312656347312981
148.336709128457841
144.400742515869382
145.233190006022426
147.572618122846109
150.971872594433165
152.595485456424200
154.094072679908294
159.022361574989759
163.081786266430214
165.665551158286803
165.234000117471140
163.467783366503653
162.915528565580360
162.472057830686111
163.832279175465089
164.446777706867749
167.030906396784360
167.981893316370844
168.477323580145878
172.840131963513414
175.139867540278260
195.996396943272458
123.568762518462748
127.673509304982559
137.713082103835148
137.811925396523975
136.699054568178440
138.006333510719486
144.249149959097252
150.655801876780828
149.228214887625256
143.524158113688742
144.769237587142726
149.351794501904862
151.583289815775288
151.136633550711224
151.209364873122723
152.303100479268437
155.962680596035312
157.914303718468375
159.586550719264636
164.335741710795247
165.302120367417388
162.813172461344863
163.956463552950169
165.139741075970022
168.337578520691892
169.084868404376891
167.736823576138590
168.566312900137206
177.073212763887369
195.588491229026829
122.291436400004955
129.923805546728659
136.926695699505615
139.149464347397867
131.314272568781149
134.196197599222700
144.173168859376744
157.378136602614944
151.066567123860011
137.647149592026551
141.239850528394072
146.067667655180202
148.268597679986613
147.617979640804293
147.849607927124595
148.887213705321216
153.011939360527862
154.730915813929016
126.118445305334831
155.093017610909584
166.172896311485147
172.640550432999021
173.142546995918451
176.307018615050424
178.222807565075669
175.862723806326045
170.400605794617604
175.615157140668884
180.181773161171094
196.988368647858067
112.542775492435467
118.384053018585703
126.819043522727355
128.223832955563864
127.166537209756811
136.038985369988040
159.854146421030350
117.260208460584607
102.370541901546076
112.041678496954319
131.758610039676398
149.173195196610806
158.223800335935522
164.013334290392379
165.158170321100272
170.130830794641014
173.758233461408395
144.098056075782893
157.159611262333271
156.829018351598023
159.743232439829654
163.947300684624480
168.325034937865098
170.345759794456058
177.936779452514912
179.654975139533747
181.506196361140610
183.091573172213771
180.329405219796911
183.135212929036328
107.322797210649313
110.772368726832198
118.871355634780400
122.974322208054360
131.559829185008141
146.831660532664813
125.509645177336068
100.142023175719203
98.289811659916822
111.703076115548683
129.310029273721057
144.148513816948451
153.738752427212887
159.524301106181923
165.474499866192161
170.285096377450259
166.714792917889810
154.160482844827527
156.672096522279617
153.113499528158457
156.330146002504648
164.685794199183562
169.606494405801925
175.590374624909941
177.478548455593540
186.261308429288960
189.676893071735691
185.510366176104867
180.869534983687288
170.883144209347734
106.647569553497163
111.007702363858343
120.471890592404321
129.920565306059643
137.031035504031649
124.501845596787533
101.638670558987812
96.110010845070775
104.367095431858601
116.764586579314994
129.587538207235184
139.420744314015565
150.929205917805945
157.877544967932238
163.464110506729156
132.070404320253459
160.646170863296021
168.339131339566904
157.739581861047412
147.007640915327272
149.522872320726890
158.153520037185160
166.722828644064975
174.990107730059719
183.528785014437318
193.237981484953536
192.224973713085433
187.837336447915192
181.601759218482016
161.655106169541142
109.395824786264313
116.268806872594567
126.418413290107566
133.547869500263573
140.438808076218635
110.166781064634094
99.924120156792924
101.860963491332598
108.854606348500155
117.671548094266853
127.090890914103596
138.495259909426181
148.457063349400670
156.155746271966620
160.733478353129470
130.889393211888830
154.529085614545750
168.197108171535262
164.671532774090394
152.630462019723751
149.951022739775652
157.607012358788381
167.488948477979591
175.745853382376197
184.291187049232690
187.963386970456327
192.043826314866322
191.398561802003144
187.242440837765969
157.377452102535187
112.349981255320344
119.902334964487693
132.810682543546704
137.656837768763978
111.601596332615429
100.835116802758364
101.102925903396581
108.030212297019091
114.812072421829043
121.308485589188422
129.069309578040901
137.693250792901665
148.337413925753822
130.845244059662207
135.654184722438060
146.146150522202475
155.793102244768619
159.585924941470722
154.981377585824305
150.366786653246777
150.556318602908505
159.336859382045731
170.241858091717290
178.656943331649643
186.918676570068442
191.420329510456213
194.061883182039765
192.873342791483935
193.256732170224183
160.175075106704696
116.376153357228333
128.522361777187996
140.734580376555954
141.506052177059757
139.786173814738561
108.136794273532331
101.289074885788054
103.849147516011456
110.809946545314986
113.403846361625938
126.050648776973290
159.647828569694155
136.911692583652751
128.331559045652114
132.490032375338728
142.323557843273335
153.542582319629332
163.346820366860811
165.223729336883935
160.572851595153423
153.668172395596144
156.679637665925327
161.448465380447317
172.578752602579357
178.307387994962596
183.886563945133759
185.864891163232983
187.939525511761872
194.008427739457574
170.447637173207625
96.070940410576640
98.327310260796011
109.405351580728450
118.030257972622962
124.270883025270052
132.295583524095633
139.991381013077643
148.710368380877071
156.948604990349367
163.417530005740304
172.735062312604242
179.351316411917395
179.286928071215755
174.109751621903627
163.583373936503421
154.065726683392967
143.469288619644090
138.353914946372015
139.844365822230429
143.805046245869477
146.930662908459396
149.124441850349086
153.727564753441186
156.861032178789827
160.184691852093039
162.522148621617930
166.317030566729187
175.163657087313027
178.342328202797688
199.972479664458632
99.537085988190924
93.429239159545659
117.929481934290365
137.182265674758497
148.550080653371907
148.722951125617271
146.468944955655559
148.419610503889913
156.792458261301817
165.185447222914433
165.459027438211592
114.699674973941285
122.577260293640123
131.722075716126824
137.449970501794837
143.626223967374244
147.625749015850602
136.058074107759637
136.378223193561439
141.852046502670817
150.837484865267612
156.944343672851176
158.409548704397650
160.150246410332073
162.898128279977612
169.352349185138337
174.920571747664042
176.548161023910808
176.195556461245189
196.628484549369688
78.600928389323613
117.955986504928205
144.175322021766306
154.393965444987543
147.052030554931292
135.813451530141663
138.011156184805031
156.476616683617550
188.309046481012075
174.485703106252430
121.680951968080450
138.740777061653290
148.920420826465090
155.725808692706323
158.518782475716051
160.519077937674041
160.168179492889493
155.761236507175056
151.151845711081734
164.355453810415270
164.383744381190013
159.727309130964386
157.399009768833167
162.591354050908052
171.105180478344522
176.527449215397837
104.226368380393737
175.323241318042392
109.526669334325618
223.353077248050454
95.352025520129970
129.756072441068369
144.659521682551684
139.563382605467638
122.640268605710730
119.877712834219579
148.394109401139417
206.127857372390082
92.853093058660306
95.224545026946799
117.446462350240722
137.487448027146598
149.748507461649353
159.793930050344215
165.864254129923097
170.803298051039036
173.965474125029203
164.103609597323640
201.457097653125203
190.186892936700360
175.605767655268068
160.833754409280715
158.484402787067268
162.765195287258138
169.245276256063562
170.713690362829539
168.154849782436770
181.507872146356647
189.174337890609706
171.623948665036806
107.208497280534488
124.340888244323253
124.345898964930853
113.781961236869051
110.717861258098083
138.268967082908091
195.996040043291060
215.181322895779346
101.664743683423154
99.865095569154505
111.476575540971766
129.782688718294651
144.792304224370639
157.383584190915599
165.308688329180001
172.971594330314531
172.812322920075246
136.146771207369909
191.421822563395523
193.690514586561875
186.084012999725729
177.845546612093955
175.231148458613006
175.676706704114565
171.893366804720443
163.835425794783504
173.726439692589025
182.743338087345023
183.231752931389451
178.816212747894326
112.734968737368291
117.259215271728536
116.153023184902594
116.632367022101676
132.995210067230573
170.832814253620995
193.890331286809896
113.606450822436429
98.841280480942757
101.768657595310060
115.756221095792640
132.320301422923990
149.700374186554399
158.475321679313481
166.579196164842699
167.304656372172531
163.066109995074157
154.483849890604574
193.242029418775360
193.239283428832721
184.366443078523957
179.132373370816993
171.778641016894767
165.268406756182401
160.685377337138732
171.802107742672490
178.487416883653339
178.130483276580094
181.255016526778803
189.148744249014584
117.746713166871501
121.055298808053337
127.237583909709855
138.652773562971703
151.688824158780591
161.849883018286164
116.496042472172434
94.407605022454163
95.583572146071134
101.689310382096195
118.973527720639794
138.420443415389343
151.299905592013971
161.900263232221931
160.893777838506992
160.413283333088145
122.401078877343053
177.872159494338860
190.388157540407235
187.829813831490839
175.783573883048149
170.223200171584693
160.186216385598243
163.937030191213040
168.376665627560698
172.676545739124265
176.401930968823621
177.124081842364575
179.947381188871447
199.781061034094989
145.812887388529845
178.657218923836353
136.877506067132515
127.880501396282497
127.262106379277924
124.922897079442521
106.331772567739094
94.673489532812965
96.040366479803993
103.685638929171688
121.076085514168255
137.553373711467486
148.164305236578770
154.703596509459032
125.369223353256132
147.728384773377257
125.003928762659967
150.950844070339343
167.260582745496691
176.841349877257642
181.249221027269925
187.437783317903893
189.726520474906323
192.330732838680007
190.688580907994861
187.116539225938425
185.505402926007548
181.461507694819915
180.729631732413651
124.814776753089475
186.763189381356085
141.272077747263324
144.577327741599930
143.571168371464466
133.795572255961559
109.717835224448663
96.155209928593877
94.801140159311487
103.195518439406982
113.883050244237836
123.335527324388906
133.673813120659247
145.437177807417953
131.864808044526058
151.424641951480595
159.442115251341136
123.000374091324488
142.426571841619165
154.698563524064099
166.959829578200214
180.725967125555030
191.564645963035048
195.483269182023179
196.618076990890472
193.491356145137331
187.800931048476400
181.919530947008042
173.606224202223217
157.779093924987308
141.984692231208101
169.335842917846634
139.281728148913686
138.437639641174087
129.701917442927396
117.886513629944957
103.895056981262982
95.897231367986848
102.636204039517949
114.248967969323672
115.367318061660967
122.764923009828266
137.277730178999690
144.810631612400726
161.387392080387087
159.959177994694898
118.253617931912615
143.473112082620503
168.131317693377611
168.847329374059484
159.272715553032924
166.384628309199798
178.684163073978993
193.194173538223538
198.476281581378345
198.886198167598280
192.501874750468431
183.008748510450829
153.027457308044063
180.118025012203475
131.302478879132451
162.216592381986459
130.833911036809980
122.139008110294498
111.742888970020516
106.298479485396925
104.111828722710726
101.511537610292038
113.213407743744597
111.330044961567552
122.075347627414487
148.017479822191916
119.987188966670701
147.923533811559537
157.606465484023062
159.190216501131658
124.361750840229689
174.153968351439630
193.626677289101906
172.341991396516562
156.384705408537258
157.813809918088907
164.589615772919984
178.048925177758747
187.150789130868674
192.516722402065000
187.722775470178476
203.730799258181833
206.895835346154541
182.650885604961786
106.707299226210296
173.698964449577488
120.195180688991968
110.466351328480101
107.629170438751757
108.794092249955327
126.999695797117823
156.958434946432078
167.885667730671969
174.480082717183990
175.793896677646728
167.322401227842988
117.324937966110298
145.551191999359901
159.934858792756131
165.569324159770417
159.665725498574972
155.905282820346258
149.671080328233984
150.899866122968717
157.409375147681118
165.547717726457421
172.010202303360330
177.470480739251059
179.569885293498743
177.739262897591487
170.187400729569987
233.295385959533974
217.047970051439961
187.368263854235124
195.008366137702978
121.643053904937148
116.809543328743217
113.167769420213446
117.312535888132658
126.926059726121139
138.204432606665137
149.402373844584872
160.638584526500864
171.564423746261468
170.089969957427570
161.450785567806179
137.875643298927855
158.478214308876744
168.334210344390527
167.966541052530232
156.489838804757682
146.237118781675861
142.135191661523237
142.468989537920123
146.389147911020103
150.682606414116378
157.030715217596338
160.745234058203721
161.753377403268246
163.869023675269801
167.310030507086736
238.864514752737477
230.500920581643300
98.097724051009592
188.998303767751395
120.234174302308958
121.128796153429775
122.872387666024110
122.206675825130361
128.779140700636646
142.653784386005100
156.601515170809535
164.982554435633517
167.551362140292042
169.482797462451174
170.169886514645725
168.809631292836571
176.664962811982690
170.877247042962352
162.014752229770920
159.452728923176835
157.684520420218604
152.656050266994811
145.227932166491286
141.438277872309726
141.390712613752498
145.621772845622672
148.187288413721149
151.348331529703330
155.015936130360899
162.264454429284029
166.033903113809487
203.688246258161087
134.775387188387015
188.177194890428098
123.258183858197782
123.606084271122882
129.858345237488209
135.379072655461073
141.472696528818005
144.574031790003346
148.399814601047098
155.615447453504004
164.141953805770356
170.640265314933941
173.086081950377633
172.215233537914031
165.472841385738860
160.131228603687902
155.887905941044664
153.853275171582823
151.009461795279265
146.807979266671140
141.435891274270205
137.111243549761326
140.833842702591625
142.946806208680442
144.064905784174442
146.462791936270833
151.721287362630108
159.074639638178439
165.486036954487304
169.963606148510110
174.265431756710711
184.159742592087241
111.869026171138700
130.579500000712869
145.296055898830872
144.890436853820717
141.419800670299765
137.323559644597736
139.038066664137091
149.766779680950719
163.996163837363184
165.430426864971480
166.311016360411145
169.900693866149822
167.706394982024847
161.755408022409767
154.406338438821138
153.670466802178026
150.210942330871035
145.145129708081100
141.261225616903687
140.857865175876697
143.526689529248756
144.651062084200561
147.178579635051676
149.938334521595124
154.685882203296728
161.581472929926690
163.157623354388818
162.419802259339178
174.381813340514611
189.297750276480002
109.704104060354624
131.259965202612676
146.306348243555192
142.519155729653818
129.676895906669756
126.699884993757365
137.547758006891002
165.823896962681715
165.942686243187325
153.691084440652190
158.979571470869303
164.129401134498153
160.488637602644701
156.970722596330916
151.900520955003259
155.101050106877295
161.139571744382380
162.281032030212202
148.452350398811319
139.166084450473676
141.310760468596328
146.260109006919635
153.411487149638447
158.809335484262988
163.333296365274975
165.342217161858059
160.361688859664099
166.041521811101319
173.792732201865022
194.019618595134602
186.192092531267548
121.799057228130962
113.052931525743759
110.012663755875508
109.678207005916860
123.423860564313259
160.559818932306030
179.795755467338637
158.034012918343734
147.671508791448133
150.945652691784630
156.998001008154290
156.307846669192173
153.159060860553666
155.041173755442003
162.689805489111478
175.277349685312345
172.420859789795202
155.727365804980110
144.803444982483597
148.401467632125332
155.605943150771679
163.574734857297614
170.052111028041736
170.516368492122098
167.032009703132644
167.571571479217084
173.181226662988109
170.250043863255399
86.688547889165037
82.538150289120210
186.821140355801447
111.720740696040963
91.236655650605030
97.214575436680647
128.907916476850090
152.319454897367024
149.403290064909754
146.742280030245922
149.858699385196019
151.385822756655813
151.615216312069350
147.800651341774198
139.696920602015325
160.968612746847839
169.042183325765677
173.812174308625060
166.674758884065000
157.421576217281853
159.848667652877225
165.556666243701358
173.094934050027177
179.155955575111193
181.346980470903389
178.900105521343619
179.086738943515570
175.808951637477804
173.218505901101537
187.828332307047788
73.121726146004193
88.645403708580943
190.185748013632036
118.221737522969192
106.156895592733321
113.776486789731308
131.426435022695216
140.484499529716913
144.817055024979567
149.658353924548095
151.540299644657722
153.123623638313916
150.107010008168373
148.309069307468235
151.512572740454175
135.276509727232906
142.112485523958810
147.225358745817175
160.288524692776264
163.780634998734314
166.586527313046417
170.912430736523959
176.955971243871119
179.880217033550309
181.784873766981150
180.923434410208159
179.935288928749344
176.480403802817506
208.074907889087399
215.171636321273525
89.269566533331059
200.690584873526547
114.027793318092350
99.198607504031628
96.499197786916326
158.823192988166340
106.581477200501723
86.113723288293571
92.011955818069197
119.110526420612786
147.549684690565499
159.746011853981116
135.290065478592425
147.242710357303565
156.200039921188790
158.324865121012323
160.486121812690442
159.358890321508170
159.255288700267954
144.371555147690088
180.213344281923526
205.399843234386822
216.798378532171512
217.380579811319819
213.420494645001213
201.690199814029569
114.427761537496735
179.329250334390025
222.046064711342638
216.521728666573097
108.336466113377170
135.719507674381902
112.320348368103510
117.990325703739359
136.328781604872916
92.738589203002988
81.281201479435055
88.060609535153475
106.246538250402779
134.066673561855680
150.012432060938323
108.365250276043668
131.482245694128352
147.420222557681626
160.704848368872376
166.745273498303504
169.798486331210370
171.358250016354589
172.004803234671272
168.776934669566941
198.668788845807939
212.329506277693781
215.234085832332767
208.401517744847808
197.309778113116892
149.640167685730290
197.407133749236380
214.353362292306144
224.201957896381856
214.667564618763123
120.508916575006936
104.423554931330401
121.451077154976559
134.426420981370256
92.715657170158622
78.248555610422216
82.223865962804723
99.083911791881093
122.758841361304007
149.914939759304019
101.277314004715478
111.643830240973244
126.984340006606075
143.433459195880658
157.170689726109970
165.386681143056023
171.002092186392218
175.429722270152865
152.568823219390055
186.293564278878449
201.506306380960154
204.338714971159618
202.700324145062780
193.449485086746449
153.225862585292106
193.378800368683955
197.990658843936387
230.831248413241894
234.006631359433072
220.777826073015177
118.942142842306822
112.425643615066690
128.601392302174162
110.486614491667083
83.589586010509635
81.560762937453930
88.227300279689501
110.202978476040826
137.898872809860620
110.252085561482076
102.185333133528886
110.729152559758830
125.895030378247029
140.571786430502755
154.639996073604294
163.831846733966529
170.903010827257532
176.383289291689778
162.818041701913444
193.415285604147812
200.678773086373553
199.974628988300054
193.633105711209680
189.418974205650272
163.858673960840292
193.171690891196818
195.382074347814097
235.007298878112493
232.697852359187834
108.959079739093212
110.916008445346890
110.134290236781396
139.585461231379384
91.155458143378752
82.288929072835742
85.881204989083756
104.378375343435067
136.226251275731130
113.898667292889215
102.889357959485679
106.370621647099483
116.032610167768638
127.689790146686107
142.485214680143883
156.089980515491703
164.727341642962102
171.453602521740351
152.436396787958017
195.973270346889819
196.374138390891204
181.756336102832591
173.442926025455591
172.446415622688363
184.340483975569640
209.615755464518344
209.132265082225871
201.067521770271981
122.762590259045567
195.935914628342971
204.989804724780640
116.603547806791212
159.693304059490117
96.383887465126719
88.580625184605879
93.920080442256477
113.839196136791827
137.098861393479382
109.350859407715930
102.058790811076392
106.416192532136577
110.954986002721910
118.244299042509837
132.473367109378927
142.526586162791261
157.528340158423219
162.972822139400080
134.900723413637877
180.763106195474023
187.475799659044952
169.934101587851529
154.085329366356319
150.367690442329803
186.411331456316134
223.167328199079009
228.416057004155164
219.429710705021449
199.635566464596195
157.427016236807560
212.543120012803882
210.944179390820153
155.844806657548872
81.802532460969616
92.902148711847047
109.128729854903298
121.870066868741446
133.483448685494096
148.718721621597098
103.566846068896581
102.388362087375910
105.205891569411349
110.866218218440309
119.053229189077754
131.642339058072594
144.422335639372790
155.655055820083078
112.887141942824115
147.960742475624158
172.807399861053000
177.641840218338729
167.480519816297175
152.125945202439738
186.534045813165847
231.708790731195961
245.778088963632911
237.180440159709860
216.248235727794935
140.967500407851844
209.573102688905664
224.858218267981158
209.599537766218731
142.644717967281935
88.062381102333035
99.882519602321821
118.084987676203724
129.869226400785351
138.971989270555525
105.605900875654910
97.137287424833374
101.165156085772026
109.172590993614818
114.431798592315943
125.057351269899215
136.868764134359026
146.689464851976453
120.975480938539135
136.599394309612251
154.447091058207775
167.075435223881158
169.033029594232460
156.294038555622279
141.625035919765708
214.363627372184880
232.262649495623123
231.183737267370560
215.411130632658228
120.951602851563194
193.317766367358701
219.168556902587966
217.470868838048091
203.241285920154723
158.315890946585370
96.293571076119733
155.996528249727476
132.423249855777300
125.221761253136322
125.317570808368330
104.538493535427705
96.350586613976901
101.602935989908843
107.114368391979667
116.328776271326603
125.721791152224455
159.835546545821700
139.912047825976600
134.640487390587936
142.581945836781870
144.093976433472534
162.408577530886589
171.119105664114159
168.421061938235141
193.834638272631253
214.584308906300350
213.989005242807053
207.382664717170599
124.915375497206298
192.299737255961361
217.063313823989063
217.998560474948590
207.362123216304724
196.270642946437420
66.899291212691097
91.188505704820003
165.544191590182209
131.077991132827833
119.881693277301281
116.028256646760255
122.207308636502347
102.427657464550535
101.329381366564462
200.468273469439026
154.502888338171800
151.072378196727612
155.434646874735648
157.660472575074380
147.606441828263200
161.750362997218986
166.620710530392842
173.156149623450005
174.320941561971040
156.724364992724617
193.652204310497609
201.317663567319073
200.190471666294627
118.366505369362400
181.140164744038771
205.121976004202622
209.858031208817891
204.919115582126778
191.852168829410687
179.489391231870286
175.206630194947479
162.001121528231153
113.806598297246538
103.874730909518306
117.164392567638572
155.648971795261986
141.676593427017792
140.621434254109033
146.015400272803561
154.467809906052167
166.401999182764939
179.082472467303546
189.851379349529708
169.144587576480831
169.611497488175644
140.260050350712021
126.193681285775071
125.472016303781999
134.399136118030810
145.094793967753304
156.365561855560003
162.992954048155269
166.807036164379184
170.066337545973084
172.051890464459518
169.531166113728148
170.371363317838330
169.866770366166520
186.395009899830114
157.489902939795115
80.715665137895684
50.123135089411491
83.248358040268528
124.247410777323353
162.406900597966853
118.028328215875774
101.293736077973008
99.915434732109105
115.269882284065417
139.746601618587960
167.661441742075056
164.423560455354334
149.108333107685496
141.926429267336687
145.000171677047632
153.577214481785944
155.906174215905025
150.352418750969832
174.535299310088732
191.965616462085137
204.678515953427848
214.848981680447508
215.924581607297256
202.525775689339355
185.218199996367019
152.905530922081965
209.099011081429666
221.232866377630046
212.490605382005072
192.357128697964185
91.072232354791453
81.245807484454630
127.692096708236988
148.411150331684496
144.615925866164275
90.224521798907304
75.419216332403806
82.032598740454262
100.813864704400288
141.274297318864370
154.731002923247871
119.840605507097564
133.320760815025267
142.652848575396092
152.832819778961976
159.804339784672692
166.313144958299375
151.411475670482105
175.761563388063678
192.492030091991069
232.985730579007679
242.061967523954024
219.475379512089546
189.537151019142584
175.224291408821557
131.662204142580634
220.633610024373922
234.433906770867452
224.458499923551386
203.752311321085926
88.856724610526243
100.789132977781321
131.526204182418780
145.298297210659541
79.289197667527574
62.344332524175940
66.955446342286564
93.512696765213491
135.555733134757133
147.713041637752724
103.193421699008312
116.518631743907491
130.225517741171700
142.785593567654473
155.238046676141749
163.731865506439277
168.521378454728193
172.162816701051725
154.758805435198241
181.990841269546650
240.826530443362060
252.373361103965522
234.547529674853166
209.491220517483299
107.611530547568407
225.074104024626877
236.263319307179415
229.107487620288452
213.301080052104425
98.772398508467518
130.758810575208372
115.669368617837790
156.398591218362725
67.585120084977532
55.496336799745507
67.345275587832063
107.753079303657216
171.317580592595874
103.761432734352766
93.389913933081630
106.173009239840795
113.930066591702200
129.115966007413931
146.117780413736682
157.937123236611370
166.847836590666475
168.014575732151599
146.258029554237822
218.185747801971331
201.434815113972547
236.112238691331726
237.902208789485485
221.134305335793471
121.973812745290786
213.430752022457000
222.981998166403798
217.790360450473543
210.530303212680508
156.210898353747638
229.787955588170490
144.709246664321654
97.101608021403052
143.805895943536967
61.519677573863959
66.568241388726108
99.227911945853819
149.333184124048302
164.668318168011041
105.381538690130427
97.811720612803342
103.057758321062167
114.470554628578128
130.103371788840519
146.483688694650283
157.070324798241728
163.589943213613878
133.857322867042711
133.457726807392191
175.371263505175648
215.850324175363454
223.124243775790404
216.306374131252795
203.819338091601139
228.032848404040749
256.959624571816107
258.567570173486729
236.241867714191898
180.492826753430393
231.769540259101973
197.927850616926207
91.779282588146572
107.580207092908338
151.631909590292906
88.546432119169438
88.076753225928016
108.185785541879824
116.911998643881873
116.131659297681495
107.121006662638919
96.072040085934731
101.372377414768195
115.579437690660001
131.979971490742400
146.102621028338774
155.328310617274212
158.671215176800672
166.311101388905882
169.696854735530309
199.154860817377653
214.942571450275409
218.645542781228642
209.918079074748363
215.358835533014798
245.409320538442330
243.330636432393248
221.949578723379858
196.216549125529639
176.938449358680828
198.024398730061705
187.897986427158969
107.087109629061615
117.113958660626679
135.938174451704953
103.646849740475858
97.838916456785697
96.792052779183990
94.154336653269837
102.677053620964173
102.993129765895745
97.538059710788900
101.082208855309034
116.282157191371184
133.515489182585526
146.232148288389993
155.552409496313913
148.765299333589923
165.689631252081824
182.075126221741328
196.673434498846035
206.446435589113321
203.478749721260243
196.906010008598429
211.519021177235288
224.288265570460254
218.022753574192421
204.561520772259314
206.668439158892056
203.110672324086778
177.299622512939351
204.630372214281863
131.415535519547092
134.410414410935715
103.374736149684821
103.035267165248726
103.367065936525094
103.006522974949718
104.957405639710629
102.313014325021769
92.098060437427307
98.506495731441376
108.623645655560267
121.792870296865672
137.237204956698747
169.913759838123184
168.001827039462626
165.262572970443216
178.835042185970650
186.424583830410711
195.043153313845380
197.531536965471048
197.239451026192938
206.061159551842877
213.142282517127683
210.569941154449594
202.137900463844375
191.771349314892973
203.060323456941632
179.534074473333931
188.807524517756605
188.954713056920468
139.064330559430971
116.181850494442301
100.534759273404546
101.996362766791492
103.161239878143533
104.859268738300727
110.278781712788827
94.804377071194693
169.959348304187955
177.408896739385028
113.141454031671955
188.859933360638820
155.252893423679581
168.123033071897424
165.274501908423588
170.413561770618742
171.460168020187183
176.546885272951585
188.100705801706681
186.410296166447040
217.153934419581788
217.612253923646904
208.891276212233777
201.343877148964481
167.213692099533944
200.455986639835402
204.219928075757593
208.436197375805648
205.705227366862687
183.140368920370065
144.505746910791032
111.642863382668992
115.487277129449453
117.483422882493358
112.366844299909246
109.923753169557727
118.243196796475900
147.180764752281704
167.707736973754493
168.759428065069670
172.359471712152867
169.356631054971729
154.716672873476739
162.563521801076831
160.894784632986699
155.342827490918125
167.171787951377127
174.786614099916676
178.522743484334512
213.184279161262140
219.183951766348287
210.328551567392793
131.549588602031633
188.707727562293087
200.208561437761574
197.145563047646164
219.066074156894558
249.341046763722773
225.380646287330819
186.080916415618304
200.301561072894401
111.532241942092014
105.020290833274771
105.679062176716627
109.675633807657618
114.565940001838442
130.617918665558420
147.363695236070299
159.687407420398415
176.925652350261515
181.865826843993005
170.994022946565309
151.839325881501566
163.370552119091855
152.009673408292912
148.797416877999410
153.523657806573055
146.810322260168050
138.071123826830501
134.659666557931075
140.662192131709418
147.906454373154418
156.704900932072263
164.024902011677881
168.000228834281046
167.604911593461082
170.860430191039285
252.914994975650103
125.548445256378173
164.877257728129592
169.309707690030336
117.048332970773686
118.068940954839604
118.205203376695266
122.152828293500633
130.071749379520810
145.393851205266742
159.589475094514341
167.986879360049386
174.350772742450914
179.916792026583380
175.611223157174351
168.002165654634041
158.107801692107728
153.182998329573849
155.680888921372684
159.409336937737834
159.837443692315190
150.249746177450163
138.943362589522707
135.629295578932357
139.017863725677273
144.034818754697909
147.927501126910585
155.118339276205717
161.551293079967365
165.770604736761243
168.103777455602994
173.227482509868281
176.453799530878598
181.370536832502609
194.166208616117387
155.099988973716478
112.887666627356452
101.139672102659887
207.769637165679285
168.807975055166679
154.708615236572058
148.226820797911103
156.120538522188269
168.182156863284916
178.871917546928046
180.581769674504955
172.883259674090283
161.707207509219046
156.547384840498069
156.534239309594568
154.724712109443828
145.443925892418235
136.142163442891956
130.015549286771176
129.264809143791553
133.034079472792342
140.523021412143493
145.965001986966143
112.589372389056805
166.217760586550753
189.290605298601548
192.180269056050861
85.443014302711504
168.275016365520059
91.233895253107747
108.294867539563327
128.569758087704713
136.175419887636792
134.285569453994782
130.113640359811797
192.335166449319814
129.346107953085692
118.321215717811128
133.118789463448877
143.267486510015488
148.623770709398116
163.112913973006897
173.037425936193586
184.213562906758312
192.483890871500620
195.329355247329175
196.037228189124392
197.487388403461296
197.170518828185692
192.480378506735008
182.874778400911737
160.276523169765454
181.388160258560049
179.855493752206371
176.244399629984088
172.214492323960201
170.520185046740437
174.672526609845704
174.053505992838836
196.868762633407471
141.186112154762185
141.251759756495829
139.455053606322906
127.912741268954221
122.489663113995405
141.298378034005111
127.755688470041065
133.476545249620386
125.705419392993662
122.143735739466933
133.516031129728844
150.855556610424742
160.764531424313816
165.247578164453103
168.144421205401756
177.082697417738331
189.353908628358539
199.211774844333661
192.789656870515046
184.410827430154256
136.502770423624895
186.473745613346551
195.701559286522269
188.897942911818234
178.891140048079052
170.196505844717706
167.007529288766108
133.962999141738948
83.802203047311892
65.848972162907188
167.441934126593935
104.688923094142865
91.313452668295383
91.332499807459243
129.386266902832745
110.084240021637655
125.948840433881003
121.953297089120127
111.389214334207054
125.461801983899775
148.615350674967800
160.918656122805430
165.135669253632443
132.874206773075429
164.538281437294415
192.485242309441645
206.426294283216748
190.732130144753597
169.326657523746803
115.084094368190591
186.565008528789264
202.039594868351998
204.029758934956135
195.291127215264908
186.384533516930077
178.849104674685350
174.412568383675165
160.014301695707275
74.326431291024960
87.288762862315977
161.321490584341518
100.834800800328708
88.599713960483783
97.001015986240276
85.594732606406865
106.073104055250980
122.918139006738954
121.969950309266380
122.014295965819088
132.427360738790071
144.051190862670865
149.342459072148188
153.861645138573380
165.529912076741027
177.308629509112336
187.182345354039967
190.709785502450615
179.129897793507865
173.027563278450543
112.025880942416023
179.202631485306853
199.695796556844755
203.528394432800724
202.113463301183202
195.774882792881101
186.521874193177524
151.597231777658379
179.897864950641633
78.178600204723665
161.678064414567501
103.059267956170970
158.980364029342894
124.768383725641428
136.171937910390994
125.308281964911515
122.031186271621664
118.589190402045944
109.604505119420139
120.702696599081094
136.097907191793496
150.175500272264799
152.192930774488360
163.181652630282372
168.212068248374521
185.360650640582463
185.328877525520397
180.532361065765741
169.533585779646017
133.414598149900826
171.618988996124813
180.658586132390667
185.445520133015805
188.791235615351098
190.808216492410651
185.811694515626471
171.769180962125461
216.339099834798844
210.479029969845669
102.448045076466656
90.972894417187447
79.338223216432041
85.925077604183045
98.244786486438386
135.311482989162045
112.197478065174522
109.736830398210486
105.588207614390441
116.874614783520940
134.390513451669932
150.848910239067862
156.868679806050864
149.844743884814449
162.118057148007495
170.698472293661752
182.601377528947069
175.572571217500098
168.005941579418305
165.904293510113547
170.365798531496665
218.786674115968566
236.443681575504741
240.700211354159620
230.350419867250537
210.409459745564789
132.756924597359472
227.867481656913469
231.582297823215953
215.274558835490211
96.408176282952695
85.111093080119900
97.681389370206190
111.334284831875294
138.212606651473067
126.221352497656795
102.891240209023408
100.920212359451057
105.766646388404709
114.522435121595322
133.169086762999598
145.297971484305720
148.143736627096246
138.986358219820488
138.764095816081095
141.464502445850769
149.220462890440871
153.095990326794521
172.471404010620176
164.726251657281182
212.398331008508876
230.185103319028428
231.914648203481619
222.711011259044142
208.756624780104858
195.859757467550423
148.313444902123962
245.107542155532428
236.820379892076971
215.311009707919055
83.594082840879153
90.641465221032817
112.517103139941440
124.017095693970845
111.535375295895236
112.378034107471308
90.468941358183955
91.489268147319024
99.610889604372261
119.538741206527021
109.175281140105412
123.483367634765798
138.171681006342880
148.551325732572764
156.787010202668597
161.378228776640839
165.863098788524184
168.666968289449528
146.974539960329651
189.629987215851770
207.287269324706500
213.472159419781860
214.280301733798751
210.569540406069905
204.007087669563930
133.757336135669647
198.259298827806674
241.896782130050951
232.726200335552903
174.000038858654591
100.779631953410686
102.167073134243495
122.084727239543867
117.881989066013034
85.474715558515996
75.521213151624750
83.391293756538118
102.165190001702868
129.741598027435714
94.214109223027677
101.246703771944112
114.829851002213161
126.616255970700735
143.657528617082988
156.851821304258181
159.719817365265072
166.647527315139428
156.037311817177766
182.285569278481063
196.408572389571248
204.537272158452510
209.695906389460220
210.143356812915215
206.262808233248990
158.282477099542689
194.082335598523798
201.064707365780322
224.771153187561367
149.190639254711641
227.064797462600325
132.345829394043676
110.720113210378244
165.495451524866979
89.418504187506898
73.533464670209099
75.554540838981623
86.599170034114834
111.663225616647068
145.717578353588550
98.831995689241978
102.802972801166050
113.027375625784984
126.017215530743414
142.674726354814851
151.633810516371057
160.945426077742326
169.408773406001501
174.839287632141861
191.311996329845982
201.871718044871301
209.910642928659001
212.020720186929168
211.131724235455749
165.685350682796951
207.768950980894545
216.050607160487885
210.554847831351992
197.903796444219182
232.186079470173468
216.202696687001918
136.597513972725011
114.241500281556370
111.575418107128598
73.532579601871561
69.496956919343631
74.767371935822965
98.164580053477536
125.854280141469488
98.782129631683333
96.319211373966326
106.481453128119469
114.871179001845633
124.662812251787642
142.773346109283068
155.413287621580395
163.912349112199678
173.428462742839798
183.196614807576708
194.883630583429891
203.099559659227225
205.435536687528497
208.669422385177540
154.761202863500984
208.061609481383925
217.383294552432460
210.827098561652463
200.573832786861999
240.269366947347265
233.022381290519547
140.727482757792473
130.574275937896630
126.240057013340959
75.886626664079856
76.754839516775434
83.545886139142297
101.309506280395610
121.201781557645319
96.570361609538097
96.236505250107513
100.722239781243189
106.745552195908189
117.067328072608689
131.750393622396530
145.527367067445368
155.210542432355680
172.851742140431639
172.339064734327536
182.934375781744876
193.165562758808932
199.200792243316499
202.841747777758627
202.457134926001572
192.651312231011730
224.939033768849526
227.894557921206456
216.126849057279372
231.444001703983332
234.468905061154345
209.742159480832811
177.227035736470071
150.332661439741827
102.464048738725609
73.277413431513509
76.401937578190868
90.638718632457497
111.054074209255106
133.960349634925109
96.404100652194217
96.553209259352215
99.284015849023433
106.511546599171652
119.484351883390218
132.941800153578697
146.052164289927816
106.854857678455360
129.911935554924213
162.519010674752565
185.081690275335603
190.093148536046471
195.746479622194244
196.317813983504095
209.405920276835701
240.116870423326816
239.214974487632844
221.919535408028821
200.861927716589349
230.079373697160321
223.930200742303043
187.291075232055846
212.832367264434708
78.166378093321157
91.428121929124458
111.788616116151147
93.126615031096449
97.526881360499459
110.777732134361031
125.839628095347351
138.463898676148176
101.047492285173547
98.785251415329782
106.477455274463821
117.736866110064653
176.409318425394588
143.315337708011043
135.747791909596458
163.901261170370304
177.983117725965997
182.766073292602073
184.193977169934897
139.429019525198697
185.726030455660151
226.646234799758531
233.146253446976544
225.722106064010745
206.549655996190154
220.673030497887623
221.452598976298759
157.043752280706656
217.477635824712706
188.041211887661234
77.172317259908013
97.419703380807633
125.137213310555381
104.465997782090156
103.994524759584493
106.652882201007202
115.163678760682316
124.850838484472931
142.662169768769161
155.676703916120431
156.692375066035339
158.888673599843486
167.075672446609929
133.597036823898918
158.582095850097147
169.676028477168614
174.626996497064027
161.763261904903828
158.502253364442026
153.469044141709645
201.643145121941927
215.933131792721412
216.825314214778956
205.051071065329268
216.287460663406534
215.940510551717949
208.731533142326498
177.921516502295219
200.191567121235408
218.443156780440404
93.277699345253012
160.324043633733822
111.448798728530207
106.407463749314289
104.661393835492277
106.112282641429289
112.153217000915078
127.983509076700670
154.361182667639980
151.646146900541396
151.388072876853727
156.624179117240487
160.057143942946993
159.737916395807474
167.310998037739921
171.909204224633896
160.743416031604454
163.738920169424659
162.811151684724308
149.125788321094547
200.667874700165441
205.942308037411067
215.338485201679504
228.672803490212971
226.539157726907888
213.776542817300367
145.753983663992585
209.490624050762108
211.944198913946309
212.193093142341041
165.148745663422204
114.401843935537840
96.287939049963654
109.133829046148946
203.932185675371898
138.744710356077121
127.582302274167148
125.881238052632966
131.088276367771044
143.250021183261765
193.752512960596249
176.773502808295319
183.651428110291590
157.443694961746871
164.691610048296525
131.821376555098226
137.161843522149809
151.044204247492701
160.475366550974144
170.605030064087288
207.608767851546816
203.811366726286252
198.087331487997346
191.651750301990432
185.837541459700986
182.225744079834669
148.961138774019872
201.905601373008665
210.669130324099200
149.188557121204269
76.708675219399254
72.758032224561049
118.560007487121311
148.933723778545470
157.296486074369938
113.968981175641630
98.420950004882656
99.885925234852806
122.039096555576734
157.749299795882138
158.645581270876136
146.198327047953342
153.224552856232833
142.632921111724897
161.428044265406839
150.519753363178211
160.144027316919193
163.587052517553076
174.964660590939900
178.083539428441753
208.066608580371280
225.764436745451803
224.899248440713222
212.626232761586664
203.633427079715091
206.497524527655628
163.889273901111153
213.630463643507312
212.773963367754277
174.103356647903013
51.144843908628602
102.123022120680190
135.863907026179817
214.033688843706557
134.725157369971754
89.000191060368337
79.445768724624969
92.273616953491285
129.007141971904844
136.047653643728125
137.507383689974404
122.049805252807161
129.039669655284740
141.059805966702783
151.253045662140181
159.206685208414882
143.378159766810455
159.587258251021609
168.103942938220143
192.121151372507541
233.105854100995771
239.764066151742782
224.003520011075153
204.429809350275491
134.313215355209451
219.191173524748280
225.232745614504438
216.845824081914884
204.468314064438175
235.246509970101727
120.415408052129067
117.542076247000665
125.241143343056024
143.905427508126564
73.801998159634877
67.131457189044326
73.182108151139730
109.326194591269513
121.970864946449012
131.079361184453973
104.207454276200480
113.474877866028265
127.734935883342217
140.642549607921865
152.380881299601725
161.906341755063977
124.066946875465078
140.531382206662499
132.062859698452314
202.710917480782115
232.946800509202035
231.563403215484300
216.992414990471048
203.384509327971159
124.011101607984514
212.244946431330447
215.765285927295452
208.997864236353109
197.602968128372027
108.716078189433574
94.790220615432361
89.319858240355941
99.206218522355812
165.291910473519579
65.502503307221346
72.143205653132696
103.351500432596566
136.719175390610673
127.590486188430646
102.981575367126709
102.140566670498558
114.208032080254327
129.992887629704768
138.406172632217476
150.734098823772939
159.375463472192934
135.763226728950741
189.338294244324800
164.331118931893513
219.649438082298218
230.396484368862446
229.213605746381575
218.665525900643502
192.682456887913020
256.358533629812655
271.004411715632159
263.765555898059233
265.938540363905247
241.252613671512279
135.811461401657454
51.495255322875167
73.216525243171475
153.261199402558304
55.707954832100370
50.160915231936940
72.359266661102765
118.155219758220881
127.788991058243340
95.539098281936418
94.793363525483116
108.527343497451980
115.185260745480008
128.686590982442652
142.999873376222610
111.362956348291277
161.094656047613853
173.307252677136091
110.315010179516776
181.185245577078547
210.653303004413203
221.155396530601820
217.637735688265451
211.822973174827382
256.787936112299462
265.501957417982794
250.442107897213219
221.887713685972187
252.738565971099433
205.908569008129689
166.631950518106976
102.523660038128185
105.244673236655984
126.987611667371723
76.120468573273513
82.165202042019885
97.078766895421808
103.471402263427279
99.982610115045688
95.418968644003400
99.583410488893250
107.516970546198863
116.501383006462987
129.265065005880302
142.703442570397158
127.025030634698524
152.332234588268278
167.533507303859949
170.308187256071250
194.421597088045019
207.231956690504092
208.616150504907779
201.520897200932268
228.568178370404155
243.199698932817000
240.898095960198475
217.005040241904936
231.207772027346437
209.417566515855412
185.683444848755016
220.134762332498667
131.500255694660581
110.812452002418723
69.149079942418751
74.494067567938785
79.809513508899030
89.644354412192868
98.866454543358060
116.174350110121907
93.648211127719094
94.875609711998123
104.256280077756784
212.035461685620078
133.017424765167732
161.404137147761617
162.097476067892302
160.083928438009707
116.465821062789388
181.540673380966638
195.951539742540803
203.434243723397771
201.322178397907152
214.089726473944950
223.779875936159925
217.983221953236551
204.760824412917515
191.829129949599917
182.484046000818751
208.908649665273117
185.341503572659889
201.330387510078367
135.771498949426160
127.638357437652957
110.086238548300997
107.414715975002764
103.783032542345524
101.524518561073720
102.981175370087342
117.145452400636046
137.728861752563034
95.997242905294257
106.662807968453535
211.554778946567865
162.099751400523587
164.386661745331423
162.187290204442832
147.911617425980808
169.484878634740653
177.627012950950359
186.446601088438314
191.147586140286535
190.929903507527285
223.054219697070039
223.152998461568643
216.105176858963887
207.305018087387111
181.598460092739884
188.151959292994150
196.854031342496796
202.083119682720167
193.411732249836177
122.572459170392960
87.888543895495800
100.402316528709406
107.603591841206367
107.553244204861983
105.239517195544579
110.722601717340851
132.220377520592166
165.293319513453753
163.640858065014299
220.284905583505804
142.286019687528608
164.378108630228581
172.520696956404663
166.186202057933883
150.232046774335231
131.095802783362473
172.300852012610619
185.552204899912113
189.008984486268844
190.046218007269630
230.396384104307373
197.721828218990026
202.495728948673388
202.463644310600500
159.916233599713763
211.715861105549436
243.090773131576611
231.282747655880712
193.803002117356016
182.406820812906403
97.456793690549375
96.917430347462599
104.536590101789471
103.563359478116425
107.005410938709900
120.396182396365020
147.781707614061617
106.540165184933741
136.477263127845333
204.053954546615302
134.121301821468705
159.155646628636589
164.928621086549924
129.305059264373824
130.820409324170498
145.038418615985620
160.520021868499953
184.113329344135792
130.441276995549629
185.624732354953835
94.742307091482502
148.107685615778536
166.662588397704980
176.947895876720139
177.491203397802792
240.438255313602127
260.394451075622896
233.369134908130604
109.460467860280403
212.083969674801040
93.431009121483186
99.829720233602842
113.191343575906956
117.790943669651313
122.665443610722889
132.290250097905243
115.602597325735360
129.418538218839956
121.187240182327599
129.271445591440909
156.338862476613116
131.604542315326228
94.464016423110365
94.360980999282191
104.424436774727937
127.799165739063838
146.839635474638129
153.942855963620872
155.703981224296655
151.934495526156951
157.160312521861442
157.728102436264578
163.815652381672692
170.377597057057756
174.585603268180677
175.049046190767086
230.685480948876602
228.428187151392819
207.755061363753043
175.792159798534556
191.980487380900684
92.141134595455839
149.397692717174721
122.752079402925716
114.375079525279233
120.656495569740429
157.130111346508841
81.582480369879661
75.162837020980533
117.156187812060182
213.256611992334115
111.774959790409724
79.229920005707996
89.106192709081370
111.245226947036500
130.162063922667642
155.295399110073362
167.679837050777792
177.406826157581179
176.521822702159170
171.923275303987026
169.410306375333391
172.424641046213935
135.470438999187792
136.397566718435655
252.308237875697046
247.638971847915457
225.148947318373416
199.380703891705565
109.648612354135324
83.400847881610829
98.154246644479315
111.397716857858157
118.244626451921206
138.633544558756626
170.795062275695614
86.372223927991953
70.051263388035750
92.582400384927965
136.056435940341316
225.208718233209765
162.418052630290191
132.105499896610979
132.995400542552090
144.293066489965867
161.905754993986903
183.143535000715872
198.427706804004572
213.012647451692430
216.955931431014903
215.121178405629308
203.776085385047736
157.680922279889046
172.726635489705927
171.004503055418638
169.537599439241319
173.343145015528791
204.928048207219661
195.046708167669351
154.161404450024207
201.660104408224072
100.919223393262939
166.181923226439920
136.980712333189871
139.845830939345575
143.560538021457887
75.987543104259757
72.732813033203740
96.636449091442969
189.064641779959885
143.436270816231541
139.531915290694315
143.970416828278388
156.931374457651287
166.216983767874638
89.257652679242625
155.097812846953445
205.802704774876190
205.800553157723471
201.619100094644153
163.396312148612253
214.848001828256258
214.219267081455371
200.030690109957902
183.157861242048028
172.101566306293876
168.499569087603362
168.561927807758622
169.778670291338329
50.685129835873397
75.226631211776407
107.037798798053032
187.912654309825939
100.690250610240298
162.098633549511419
78.605760521176975
98.770206953987483
91.445091391936131
137.192484646806776
124.653963330730136
133.884877091105579
155.485306048858689
167.103940099756670
174.856444085003631
130.324866432710223
162.648146452637747
178.230243992259403
200.443973388399087
186.212017009879787
161.688182547017419
115.471046953834275
205.885442208962104
225.691099946833333
222.872658476492887
211.314656929287139
194.194450857681261
179.101596214954213
162.540172862261670
206.467043276494536
48.102549866637531
88.825185851774179
150.466946900431140
88.876245692395230
82.290072515616572
138.147735742284453
87.609619224404383
112.550757965584069
139.568322126279014
118.760834008190940
113.887600360571653
127.442511779122299
154.212463549960574
168.993250705768617
147.540582786117085
159.974994262838891
169.559523742654932
188.130306691387318
190.361623559657971
165.236890074911088
147.506151337066228
145.690083659521804
205.819330594599421
218.074861958839278
213.363475165787804
203.002214019934314
189.700203327898720
176.720780961755992
198.767225188647728
144.130830815905369
86.305809184873169
100.010478243330155
134.153380033102167
150.647521877645204
128.279554200485762
73.825043637917730
83.990971764431208
123.624836379288936
130.894504938064188
116.626957822432388
120.800876684195813
139.085364448606526
157.545620416622114
142.363020566059134
153.205106343804630
161.961230188458728
171.397055233440909
188.072482633813934
173.984768362568616
158.346488874463546
124.380925036744046
199.191966257526985
217.560024707594323
220.176283159403198
215.224603679418522
209.361487136249593
197.755153476523844
184.181276385130104
196.710274532513438
210.959274640938020
97.022760246652950
143.786089738590135
102.836570788415983
103.940349416138929
119.293792961282392
88.925348675872925
100.102413618235786
112.117131162277175
111.700725635362062
117.814181187098086
134.118616576041063
153.818647451024219
138.560484834494190
156.516952907165688
160.205426121543553
168.957383836618703
185.482797983412780
165.552354777491985
155.221930490594474
149.458147614084595
193.595537087175643
202.861095773547504
207.240396147504043
208.948852704269711
211.174968116104424
203.808262450717820
175.354048957293514
232.711474955069605
232.930346587904893
209.517648761516824
57.600234408592399
64.258559534463927
87.550842543646723
105.649009165746975
138.136195955696223
95.046460435052097
90.011325258599328
94.188713774600586
104.438397656435939
123.858218230248553
151.563449684419027
126.876138185315682
153.335291037133175
163.169303112642098
169.445023171832418
180.563482106533229
152.555634712375479
147.294561240566850
150.094627238621626
184.305706656670424
215.766613758836598
231.219707213863671
236.079802080860588
229.499355870785621
213.483904838997802
202.816754870729682
234.022619063185914
252.601418304529233
236.884033837793822
211.439893484670989
55.455242958958422
65.949989251082513
90.367512041906409
137.869930464097735
92.942814479120130
84.987897910093608
89.966799974614617
100.524418778544288
118.106684479794808
139.518281007047136
158.352579156515162
125.734785550709958
134.260252282134843
140.578688134283880
148.933272507124542
156.327954894992899
170.919509065776282
156.051407071832841
155.897579806048299
192.411230838044844
214.155590805428801
221.572250413222719
222.663605299252282
219.084107019036878
209.824435181772515
129.587679631780560
250.801096787435682
251.692200299374178
234.149021908950772
181.750971313689149
75.352874610731931
96.864536066953306
115.275337831393642
123.568264968580934
81.282827985457118
72.906713784974343
75.381096544349717
93.989999259510313
116.912983204910560
148.935085599962605
120.874353125596713
116.850396430683531
131.909059996604213
145.889201605316202
153.973134874404309
157.945554638739168
147.901928102730466
146.367513429237732
171.788411447525732
198.913942787352369
207.061015463942141
213.395395667358713
212.796830119345884
207.836204868048981
152.211004872138773
245.911100361747913
250.460922787798808
232.675335784752917
132.347375837801252
223.706800671564054
94.292869075929360
101.322003245570286
140.462498899590145
82.160706671400305
73.345070697108980
75.772525748829310
86.472926879531741
112.032148327721472
139.793465755620559
157.691766450679921
103.723742471703929
119.239736152579226
130.807713268828877
142.843080569454912
151.114248008032462
156.836374460507159
161.682736865989398
168.329675508914193
190.522741256874212
199.724353224205458
206.462910992650336
208.409565680402039
203.535555639938309
161.680923249225032
205.488366739491255
210.893880090262286
208.015113427160657
200.041686039481078
247.356585147171756
228.824019643957740
138.811238916878153
210.787213882061593
118.296940660413640
71.345065041110175
61.889882660803266
70.082345496479377
85.563038884405529
112.262825279356377
95.873273930551392
91.209345806599018
107.733946237054198
122.936005819170489
131.306198902181137
145.339607394254273
153.889366316578815
158.869795111850948
166.123122992963800
184.240390385894813
195.773019512364016
203.538963802126830
205.339976742582337
202.653478288296640
196.601666630704926
205.944644889670428
224.205858922870135
224.527820936579047
212.641462132966069
241.080827526727063
238.474114549789817
122.722757374855917
139.868423465179575
143.449755881776042
106.631019743015571
80.154462969887902
80.094160481981945
86.689691541979030
104.332333952209240
87.729568591654001
93.385307077184891
96.754551106698983
106.214753918389206
120.534817788642471
131.538241685216633
141.753668910702032
153.920009597666450
106.146143584121845
167.398276213666122
182.086542902864352
196.438575781908099
205.384087583196390
207.087040863688912
200.714989736445148
195.232023123673173
226.476392747079387
227.039530770441104
212.674856512883849
196.686160869166599
223.739554693940335
211.792565972993998
167.382471927292812
136.684934771444091
132.670563258267521
88.940741448759894
89.242392044082933
80.447977423566428
85.854420459907487
103.667166047035323
94.839842865923259
95.934104657881022
96.111693996787679
105.864018360420289
120.085994880263073
130.686704887202438
144.706156824215441
129.711919013470549
133.444909704193606
110.618574431105642
176.661307443858618
194.443101455282175
198.512110712393053
196.601522586146018
191.922217117048376
197.944916009347025
228.705662000056748
229.278175618869568
212.674529905246430
238.305415096539065
231.454327968309315
217.066405058732471
219.419169292800291
62.037469848848119
71.433975618619996
99.428668773988321
105.359580947851327
91.398516061005878
96.698619473246183
106.167282031140644
137.241560335455830
109.271119012740144
100.900915368599740
108.480961425117258
118.597811783012546
181.845425107267687
136.873787884347990
111.636283661544482
154.163838635040634
175.428549984337081
185.081389816344597
194.455456730529420
197.796423235062292
193.161490934295671
212.098238092356752
239.703705453109706
237.164030921011488
217.380486309833543
234.721015160591833
229.871966341297082
211.082503496701520
220.590479376894507
185.623502782879598
68.597408219709038
91.509405204814740
88.972468109192221
79.453192978771355
84.305076774496271
94.912237025929215
120.157960860217912
91.376859299475313
96.595746143302364
115.822224038044922
148.665327614983738
177.044348594293467
127.491096815538242
116.194241186641307
153.099470077980527
169.768617515196070
176.031342295045278
127.412207495469289
165.880517044339143
170.695633227890085
202.382315339816643
227.269713259408803
224.036416945012832
209.612686894425167
236.028459373388671
234.521699266582573
219.432101548476027
218.961858427026840
204.182739565068545
221.340432630025475
92.702184174009631
101.801895140998610
128.185721312854241
101.291200305837265
102.610318122388932
107.565151977715843
105.101864531296954
84.014401480781203
91.989267901061424
118.658176725330691
181.213246812395710
130.101053232076765
121.480413287805135
144.512222661812871
156.419345440201113
164.719639356296028
146.155849877040112
169.565086498111015
179.375779628165020
166.549502266194906
203.965458249100323
207.823524448052353
201.739270603159724
190.481387919719708
229.661241210876540
214.211402072596456
221.478804356219257
211.669162867248190
203.598881647269877
211.047348168837004
97.823487742672029
179.238876919159566
112.130227996716911
113.931785325077698
115.370922545538235
115.484454319474452
160.502896265987374
123.027617790650908
109.816057269676406
119.206412123814076
124.929276822339148
142.885150332230296
139.068053077207509
158.819858480834966
165.040535441178207
168.194843000638485
189.095778043764568
172.488511782002320
158.973613610918903
147.950511874334524
154.375492849945289
154.030835063930454
163.943592290441615
196.702318947510008
194.393259113161804
231.532662898933381
221.782874000723496
223.417065994071635
226.969292435695877
208.850878356797466
164.636471041539124
97.044517077231816
94.305133074458269
204.955780675229107
149.831829511239505
103.364516055966334
189.429921922287150
158.966173066898591
143.776857612128026
138.365522113922026
160.688599210981266
170.137743976618111
163.477063664982637
162.276974919461964
156.737393658592651
153.191754505612806
154.055880598967434
162.652772424330152
168.916121127186983
168.999194410445284
180.587573189297672
175.981482595925144
169.158239219989980
165.117576650562881
177.765525898773006
150.091407766418911
215.286068473508493
220.713079385206044
127.266303089827304
175.156310994755586
66.678132289608129
101.029423986150874
152.749485076481506
183.385761224381213
110.746124294433969
93.377439862922643
93.173216251249414
102.441605260409176
124.141931694385647
154.438471632186321
152.563796822158622
155.678385800705342
159.626390300481262
156.173605441766881
146.985793431372088
145.959846757775324
150.752532572095788
156.578442212657961
161.669904504154971
229.881560902484750
215.058654801384790
191.406768074472296
166.946191559540893
161.727348714708000
195.035398487860675
233.383800969721165
233.548016564244108
219.530161954606029
222.345815734519107
236.214468453060647
109.114075997983306
129.012019797179050
129.179853036238455
156.191676769025690
134.610374111783585
84.249303310539588
77.501440446040647
91.956919484796600
117.510996112275620
122.183857777463828
133.378639898931993
129.610468024757495
132.253188223132298
142.901254977869314
161.424590139320998
138.778601586436309
140.267214406566893
148.885302250628428
166.414809865158219
232.919072431288726
235.641462417139167
219.758755152999356
194.703926056103342
179.412310018759172
171.523960455762847
220.977911324439589
222.874226616629585
212.136345261364966
254.601107642963143
124.910725949771091
140.396557673869893
78.856454569940425
77.730392626962001
87.709687410655178
152.273616724520053
73.591978148546900
80.745717626468874
112.227215068225263
118.624370673640612
100.641554374173836
104.591248105040791
115.283599119226352
128.776899869055370
184.166149973880266
141.353611588165649
73.972447565183572
169.644067423769513
203.467418853229447
181.179506374159359
221.545259958342029
232.989752639835501
231.879879432271082
212.637710549213580
189.133434653852703
196.818300721803553
231.820269852612597
230.851102859420934
264.228002045656353
236.747019950606585
151.491420526812419
60.443219479751477
68.845698879999020
81.726734915840439
115.027006282849584
61.468716686485095
68.628769570982286
101.579182243803373
125.221327347017066
112.258944579083590
104.105296742915286
126.603685515032495
118.043108465514251
177.566729262212135
160.324662339478039
96.350655386047094
149.199878715561397
173.112421334651600
169.269820712291221
170.823538905011759
220.334107346479414
232.995742159809936
236.529905827516785
209.456256913746358
246.170340946836859
255.972156587430902
245.383937178157481
215.819956137128429
201.311116458646268
240.096045038027910
179.173711914074318
101.706706968633256
87.741088525883953
126.295135403731564
67.208611890044239
73.753507962679762
89.966630631936710
100.128269519495461
97.159659950694234
102.477435766949029
120.967113221646116
140.331349764940370
162.496323720188229
121.389465907297179
187.137617881739857
132.312889924503935
152.756289738656420
166.201033785406622
157.418675278769456
198.491515932877377
214.679277664922097
219.859825636038721
207.006845056018619
223.777340480681602
251.333707133726790
251.816584681891754
228.115465700015193
203.679628408795963
189.225614845773066
193.680907410523503
223.695070910051925
124.065291187275221
126.823155887423951
72.324775624462291
73.017190923947865
80.094618461480948
89.870355345182844
95.860703521258529
104.732926834872771
119.924154613442568
135.136177456911639
155.509348251506452
112.691961623847419
196.331374680824865
158.840108781837614
155.673443893097414
157.888196271334465
142.392429986450793
141.662931377829608
194.870146882316249
204.029363843169961
197.991720485400890
178.249884373300176
221.897619428006806
239.825145318327287
236.959644838828240
217.311050515192250
165.925018436467838
222.309101387666914
202.331845022142289
214.885215259986893
125.844859246002528
152.279266303166423
96.606131079375473
96.384232847274887
92.435712410033574
87.810967957332309
92.487349495184333
104.778794261899449
123.820107198658874
145.594418922988268
125.497551884308876
147.825173521638163
164.965397081589799
161.395399031546958
156.825501769184797
155.140867433907289
114.317578996272800
115.617614176266557
213.245746332354173
195.956179467346772
180.026909256478604
175.334320913342253
227.005016361846174
225.849515336529635
218.122160970099344
171.748102844956179
224.317168767741066
200.937251462570885
210.184896600104025
205.831308523644424
144.662453622952398
151.197682653069165
97.012915579703218
90.986415975577245
89.502231594399063
89.084655010110225
99.065235755361542
116.903212696086996
98.419622533873451
110.341345136157599
140.260850566289037
159.765552344051514
174.452390703935777
179.678096989348575
173.758403443279605
121.626940128876569
114.064095511009327
119.799605819311068
173.911643811639891
170.446347702116157
175.314073509484444
185.026152545365107
225.544438210668659
208.990526920437333
154.339519814910290
165.938234620734335
210.460534887310473
239.223384257924124
233.507007179830197
206.694060850389462
133.556451666586383
94.570105687785571
101.677818710328708
106.409439571468084
106.981722620327020
106.925862192471982
93.827190908733499
85.023724178110442
97.760268130674504
130.549339845263574
131.673315729583464
141.339827055472114
164.385557910699532
172.795791542466901
123.027129642644212
121.992560056662853
133.185286325904002
150.540428655295443
152.505241152086484
195.026396153538229
189.174601144332058
194.404132357120716
82.017873114287738
192.921318635871387
180.156467306024808
203.088307957990764
249.271744696955182
258.484437137366399
228.047996538740591
145.078123086979758
175.457924641622157
127.399379508584659
147.359120724998775
107.883985707130975
104.455446356144336
111.458136072603878
107.296745390575325
112.206614958146247
134.959924925731826
141.867086993230203
122.183745668307850
147.727961171836000
165.163430518344995
120.128202434353938
110.092769799552258
125.378124357793197
145.425274912242685
154.646254857328699
150.118193873093475
158.349686018007304
171.338165223016063
169.608861642077613
175.733677656300074
184.981407474947190
209.813400139494945
251.069404377775669
262.087124036523733
164.561027440320260
216.352059904572911
210.431120802091471
117.710662301164859
98.140774626694949
121.352208442589443
125.530277268306492
152.612632543290744
116.641908555178844
162.899120303321354
125.382916882796835
113.003632308875964
119.794191589873634
145.683633493347088
178.049533477278345
152.261173528183832
132.597032873751687
139.789795191635079
153.632743920263636
172.025602155430988
177.579690363090180
180.480625568033503
181.895665722511467
176.476957177961424
173.059144987441897
173.382973352758825
168.470370901608106
167.876020645232501
171.112086245951701
177.703045253556809
217.901607276008889
222.055020972148867
209.236020937524302
152.849628863786592
88.917119203323864
104.158663496033924
123.154661392581005
130.560439484876213
171.887167389142746
116.338893151501367
99.211610594283911
93.637002366102251
109.147811530484489
145.611894548412351
144.144751732649581
122.927552600989657
125.319310204456784
146.551869734396973
162.295923639201760
176.404598879060302
191.451173462180321
196.769784320452288
190.207291059272848
177.850767856292464
185.030260200004392
197.563053135520107
193.378861565273212
182.355350554763447
173.602146217244467
172.677603328759915
179.875444557646659
191.499828093422479
184.886605080869089
160.099408238506641
89.728727579581800
194.637077720048978
103.896883444585214
162.237523291534188
126.029979525088322
122.002828851628621
76.334743841934255
77.777574185306349
105.649649774729625
164.748706987997394
136.401130026416411
142.359310149486447
151.866365702167144
159.437655982870666
167.765348054265985
175.014409450848461
78.374181225116828
175.615152269143039
207.804378597536697
160.128920828826409
204.479636028099151
216.864977145933040
212.306735660844197
199.863465857564677
188.230458942834531
182.374154643297203
183.421232664800272
169.252183675926602
197.073237991480283
70.122807733700554
58.254202094132836
88.642223938429851
110.957546553064844
168.581511061197318
111.273020332923977
112.206364336349282
110.266168207457142
110.656867534896804
126.788909310816805
136.961048828841399
155.271066242571294
173.197238976549073
182.722045694624740
177.595458040356050
99.870718490038115
152.070104433382596
175.967104163662356
164.233309160804339
166.453898245373779
139.335920851425357
215.384517049137798
230.803139691358780
234.039423007984055
227.165576618418584
214.321382899172022
196.163844414702481
173.264302772575462
235.887132495666663
235.172323776583170
49.983033334509230
77.652652067801327
105.697151796543579
193.725703527291842
171.064634506742379
71.527651113590053
62.276838167880399
78.114915778557204
113.418175431072569
111.086072446686700
113.179229731531535
145.946694105522397
176.887298862615040
184.781382391590768
128.607460977007548
146.627839332717343
157.594448965323380
169.223671636031838
178.554335422809260
145.113505721201705
168.802026885079783
217.713805810715598
226.155665721167111
222.334731553744916
210.296334648699258
195.657945196910134
181.855042451171585
218.263549711439254
253.576824664071466
142.769880714245772
90.884138872570162
95.868284905452640
135.607316276391515
90.087562960981586
135.547943605819967
69.040267916830246
77.751960444722812
115.634833125639403
118.266498449493582
97.594699124470566
113.518760811464972
153.739849198252955
171.160916880904153
153.335015255031834
157.525222898167755
159.655979963032792
170.455599716586676
182.256245505641317
155.800383742271407
134.862642944211188
164.560555970594237
211.876360247803234
217.613014959155691
217.729112698892976
210.145679552800004
200.185588521638294
186.753555832085084
208.599857408969797
194.048735766878110
203.953510454518721
100.752305795502679
117.139235407460319
87.338749273749670
136.001948234242263
70.211747705424244
73.415417650444482
106.683994512947550
121.698212827173279
112.963991815840131
113.832391946435067
130.860488634628780
155.115439350984872
162.111881295828368
167.825197985501092
162.855912380942755
165.133987138692646
189.007022340295407
169.707786105789268
154.600400625477306
150.347994504170316
197.141281026439628
206.067639167466353
208.905793551702828
211.727943130391708
209.595722652452906
204.563086020045034
174.549410610565161
229.116867684706165
216.259432135347424
202.498679165080887
81.778275350901509
82.494834560871354
149.702966569656667
132.819227109904347
85.849035224409590
88.675855357843432
100.046121436904855
104.689839193610396
109.989604758337862
128.560800354068704
147.506154006068243
165.310035508727537
163.395274288050729
166.762740381768452
166.042434798089175
191.428967989321421
158.315185122916176
150.525597224448745
145.501243707766605
181.146234156118510
211.048910389355058
217.658942331506779
215.675677278705962
212.541153901011512
205.399929776311467
153.747561588274209
178.586275603169497
247.035500230537394
237.937276045219448
211.791809810296485
75.976475607995766
99.215078756550113
115.101235672702899
151.399596954450800
91.846838078153979
84.777066201667552
89.411367829121389
99.014033910647356
110.616670403376432
134.777424179828643
159.281142209045811
131.825184125425380
155.937714816755260
168.914737848466586
171.804671813292202
176.441480623443539
147.500679580329233
142.618182052616447
183.286957052555749
213.545529009602944
226.435339361863328
233.386587866308901
227.740806336963573
214.756164757638828
203.476748046010670
166.765825927385748
239.200788903504446
251.847495151330975
236.338449986888321
137.978263514375868
73.362393923908385
91.057133599812985
150.834352519340598
82.599383687998028
79.944887436121348
89.495828442078505
104.938481912696233
111.937001461343016
120.083942454256018
141.579724529877780
114.527648153154971
138.670622362442202
128.581301933431234
187.736780407320566
193.433937099865375
151.128201433417047
139.693707466247474
139.470890337492449
171.355272109725320
204.636935322986147
217.767047249829943
222.972561688042248
217.889957514132959
206.176846944637134
174.272377688598027
239.359159477969683
248.423354992765184
237.545585104766218
155.948834689115358
171.060120085291373
96.422063175765757
104.420457663630003
129.381511762907877
83.171260853603286
85.478912225587607
91.428358440109065
100.829220126541259
111.589404314562856
131.680750488720662
55.232964917729703
127.029422938938254
153.925461055753942
130.408849953655363
145.753537242363848
177.564898925710253
140.574739566041245
134.876547365276622
138.031145546187901
179.526367195859081
202.737157684369208
210.778392298152824
207.683502263326375
202.834287981930515
195.311839150488112
235.428565220681861
251.015116604794684
186.981736505001322
217.469024297539193
210.034537025684415
200.892828210911148
106.308465391186104
111.519585533507524
116.566929304596783
78.327488143438458
69.716713001266811
75.977038387764807
91.471178560976426
78.564996736655644
80.912273080718862
83.127664458091417
117.123861213431567
117.317015013821504
131.243843938923703
142.276872817283447
150.254932444261073
128.852742937185610
136.559589018596967
154.616218984103568
178.883300315053077
205.093223475726404
212.583285923003842
208.306660111732100
198.490903669052756
171.733064222211709
218.153627211891603
219.272316177617000
209.089845705582803
202.351265536063352
256.431823379685397
177.306761715255988
126.970654850597839
203.902316675822163
110.727201099000013
78.407607486174527
80.562651720537559
88.425823742486244
111.407752149443851
111.912569427963859
93.856530428698917
104.421348745041570
134.163372491886008
120.048101286277699
180.770441355010661
143.561044329658131
124.326980115976710
131.953032543512847
154.103559207654968
167.753698048430095
188.181800079262928
204.500352861362956
206.295867548253824
196.761813363853264
189.529304113499990
210.940824226827459
232.834493908967943
228.850653438950076
240.854389557762659
245.028175393879508
237.930502480020891
185.616486078013509
119.756085055068667
110.763371248155678
148.379773865205578
91.539986681169012
109.358547650411168
112.852144268209059
112.412659376299459
91.205872840954783
96.369853487070486
110.607310281077929
110.592839575355882
187.829281155040348
159.011324394424179
132.540915173757355
127.796818987655683
142.436594306455390
79.548923822459841
160.761015809859629
191.391935425850619
209.757760105288355
205.867370804249504
196.321408236567549
207.158776795063091
228.698114494899414
222.546952255624035
210.415045803609445
251.015306912776794
248.182824523616205
233.400045984106214
212.060684907744132
97.358345267085951
66.224348015589527
85.849102489975436
106.098691810422025
96.158386929521299
126.090124453382685
91.800824225126348
93.298100863706225
98.683012007343905
108.223223285092928
131.980001215622025
166.160226958513334
165.609172562574656
133.597045884301224
129.672058563961059
127.613233229182299
168.772541457397097
184.902453384804318
188.617779726860277
199.697245723652088
192.156880822691932
220.893531120896569
241.714734700475134
236.122736640345181
218.034974854442510
245.119025998596300
244.030895195254004
235.309121810984436
235.977888195975140
212.361829359239977
56.073949971544863
79.983101868448927
101.953154266025734
89.882482075551437
93.058325706908278
135.222139190115627
93.933858996570322
85.346100559532857
86.913166260717389
103.700023348809296
132.759500767375442
177.193973403420756
127.576692071038863
119.708708949454888
137.828097905646473
158.945536477407416
171.393501090662795
134.301058888914667
166.709088040747929
181.665534412237974
139.125313502344994
165.483467290706159
229.416762740794411
212.600634632155305
180.681852989486856
226.815012192056031
224.121870299363422
241.053907414693072
226.950019901732333
177.063680278218442
89.113164017217670
101.591122582398143
178.654931564701002
155.348397496939384
116.275520566795365
110.701295357552709
122.779123775450785
82.709966823615062
88.499673805621399
110.201674160317410
176.528687616995711
126.719442372235932
124.462986277430488
138.585701445780842
152.712555766392654
160.509774781572673
169.090399030879155
161.015169194085928
177.132262692487387
172.385160649671263
181.564133915102389
120.148359314413838
207.640393165180541
173.778417068095052
197.342446594813453
189.864384597013924
233.717217074921280
225.558124135483581
201.961654844632449
217.516939048812560
100.907273220266163
119.786287312349955
99.971836765466378
143.790505536355141
102.679586183320993
99.164860109673910
104.581122250159794
124.736028323426808
141.109635607636363
145.070053712671665
144.011292526775776
164.418015719570946
144.678729632977195
160.785190423350798
165.519806911196696
169.744782143053698
159.877771103154146
157.812291895302224
157.714300469697321
161.726912014240526
185.727535950197449
130.106303824529761
207.407852205961916
205.050360652441725
199.450434416681588
196.753463420160529
193.781301483554216
222.896246124790366
229.361157179935958
213.767166609755350
112.385905960688518
93.615916470836510
109.668916624143463
116.782885841388406
117.676860407632546
121.074023414602721
89.306614158399185
97.513596484518587
108.669197344260382
123.008339536745183
138.171264178544817
118.836745681146525
166.060131667367358
175.547436583235566
175.556730411297281
178.058116003780952
164.592307940638648
164.870941386728390
176.303274751865018
180.432521182422818
180.933597065992871
160.921679739757479
200.939728477067234
201.741401872082008
194.661734744801237
187.944085680192586
229.219005743458638
254.309707783385591
237.852018272225109
207.446497553160384
150.995931889218923
83.839350534870064
108.864391405775621
159.495663256316760
104.435687640834686
95.163643169292499
101.711739469623851
170.458447051950714
150.096914015718369
170.482009548607635
175.145915445377483
162.855153632454261
155.891262495975582
153.670443739609510
156.180454654823535
158.817339246382517
161.912731987377498
169.437847568723271
169.644074141112128
158.448612001678157
172.280567112205006
182.292931935103127
177.721195891264443
166.075168886804761
142.961884484038620
211.660626313315220
222.789952387471885
131.121045903969360
175.484299738909584
192.588393222795560
78.725561753752658
189.526374927212231
185.705973438710345
114.375432575734607
109.138290949611687
91.560191956236466
148.830358149544708
140.233596930869510
168.964970177903439
175.637772258908484
142.586970630421121
146.784338472989305
159.767276506870417
163.123282652914526
156.409134434829184
147.981465804975414
143.470089425401909
150.701158646313701
219.909953389246255
203.272087548427237
189.174585152944587
178.254494975947836
168.512533124812933
171.693083796820076
221.592708184435224
228.013450134948130
223.468093572098383
205.141026483305836
185.558004192227060
197.172193361203995
141.471522224194217
129.993841985134708
77.618716563415120
61.334142114454053
70.210347976931203
140.034412066790907
96.980469201992889
112.101172373278416
127.455432915020097
100.428298982836964
104.485700191192208
138.283167410572275
162.845141897931654
169.933410218189465
161.573300233469837
146.177222664427063
137.059273194105089
121.535151963245369
207.592179615457269
203.282165255504935
235.853520786090087
219.782948159811099
206.738717611882294
166.792545809816488
216.446990887201309
213.738325504457521
207.272330857464567
211.196935760133698
216.484807658748593
208.219442478128485
81.210195938829600
50.072258981584284
63.586804939667857
80.943566607482467
118.059666025310690
75.112207176612458
92.410009942706267
122.029828447277254
106.488176945486529
93.117456840546282
113.955995328897359
138.438068053179848
163.353768989566134
168.707732081773344
154.456520386661055
83.522003329918448
169.726868812116720
193.056374119798846
182.511994487195921
219.844627654801570
214.999386057818754
209.632957179472498
199.547927664193821
191.885410650184212
261.902687839216128
234.741978737354600
210.581448596277056
214.123342222281536
238.742201192176594
146.205042975596996
56.172948452574019
61.309730410666234
77.737574352463582
102.911425308542874
72.273574809625273
82.619584122377717
102.394834094174570
95.041525508645037
93.825222670792158
103.736023842530642
130.338524826082050
154.529299209075504
169.416057602851481
164.733107465949786
109.881225850079062
143.945134449903662
161.102014120502730
165.248325014602557
192.543521760745818
219.666007545510723
226.552117616148735
228.198751547182553
244.054156047323261
254.577519647614167
256.917667284534787
232.266425357918791
247.351119757628254
223.447899174338488
226.556403253505067
180.805744951188501
102.225674267106712
88.109512126036719
98.740269495682753
65.920559064602017
63.982914042691121
75.366049096145929
84.533178645282305
89.923506595333038
101.149187929827022
119.942851957595977
139.202578522877673
162.696343518546286
168.177082083693222
143.346951255923329
138.716826727584078
144.946787417747402
155.852649781066077
142.840877389026531
180.781376871127975
206.373578217377258
207.870177285808438
199.709795679909604
234.450197260751168
238.586211033083771
222.978018938859691
203.835735811573443
162.408440436780950
244.898722632544889
204.891933171072822
226.024152170502305
118.316717428582379
156.513539318470890
82.947449328820269
81.041528259007862
81.550546365773883
85.488831941522832
86.505225359222493
99.568523737247148
116.552281943021711
113.591621000218453
126.108118469083493
155.539168910125397
183.538937088946795
177.774371219783006
154.408288801415239
149.639400332138081
89.247036701802926
110.488732229798856
123.825213505498880
135.658642836590332
191.448621736075296
183.999555589279737
184.636537217807103
194.233756378207858
90.378433591052044
207.953051732361587
239.317125252099913
213.524515263570436
227.746218846484339
220.102326696803374
143.222795692912285
97.242195852729992
113.700240749803513
192.747858370206131
74.639812352502446
60.763301646517448
73.129146619887223
102.993725917043605
77.307853998209509
84.939005330953350
119.812625390961017
159.726981106538005
203.584566286739403
181.981499642449904
167.462084360977713
118.147599483758071
120.073234511724479
131.186256778149641
136.352696301275984
142.476977624393811
189.431463076316902
197.741135613563870
203.156063987549658
207.980619700909585
158.448536388025389
227.103209346012989
175.122690376071887
227.731583992894684
235.097490576798350
219.374115126647098
86.754144146447189
98.563768096689302
176.074644178995726
88.902540585089724
77.797371826599544
83.195892492467195
114.245967014775061
85.853598805222489
87.242726387964666
113.473020991942519
154.548643052397097
167.130250461298459
163.172252870119763
165.035670608221750
141.404144091250828
132.164237009352917
132.800370189747952
144.135358615272139
151.448075883012791
157.839129489238701
162.671016694151746
192.264804785012302
204.764517271437398
207.464449304113145
211.404752782682124
211.961283380125280
226.877344295604473
246.818837295253729
237.241796431012574
136.153739123772056
118.399460974964924
118.973780444293368
129.522164216870806
128.470660765819304
144.206374198938505
105.975006500802152
84.214926268376843
96.591813767721561
119.455377457327103
133.586945974975521
140.224075915342524
145.318381145700670
159.631662742854616
162.617892751772359
162.549652242354369
169.072199669748557
178.680575257558530
193.007551737878828
189.683890168558548
179.581747857568274
172.249652139417577
142.840933822431396
183.347008928749887
190.362336454187130
194.028470288894653
228.668603104543195
253.202713587443668
245.247688328793288
178.387601149362638
210.955103454220222
111.366617692160261
80.576153687490844
106.581168015430876
120.451044640488277
138.045046257643719
121.676084246617492
104.392794802858305
119.926560214346921
129.625904915253102
120.003930337602043
121.328456907451439
209.655382431143693
126.325612477216993
131.688923227099593
143.536313972581866
164.865506159007964
180.356190073361148
190.612156870019959
193.732694086040055
183.096089004785370
179.434360455637261
186.827954076321191
181.613132530709265
219.437861917564021
251.873725865635009
259.941775059609199
105.072440237987664
193.837024143072654
225.567021625930693
213.911915750859748
92.460612647038801
89.735551464554590
109.689228676178345
121.185469171509766
145.314189325886730
104.278038012847276
111.080851010925983
136.782869543621274
141.856627072290877
129.209361353649598
147.677722057340929
130.265716209564289
121.668925775587297
138.508872674273107
158.412223285645496
176.995050911189026
185.708047871098273
195.858773097151612
192.556704732248193
180.233632619809669
175.629400631608405
189.993970474170226
232.410050897825954
157.534827173165525
181.530068345047653
183.898213314607801
186.057206678894175
198.614247486672184
213.605705317087683
203.934626767367462
139.259686868084259
83.649259104187621
106.622064184968636
170.697812762074562
85.022349452607656
64.890393522810186
170.269181241182451
93.010604776655882
81.231383250307360
103.047796339615800
138.067301350487526
114.564348181227857
121.675704378053609
139.397065724505552
164.097969076673053
180.148625212790478
235.232394131567645
225.594545202491759
80.731357320658390
191.484885742220854
221.855842613158416
200.475209140693380
211.668642707380059
207.063686861550138
195.249625342016316
185.476481349604882
180.060534341379309
231.244228182176784
213.457449805296051
196.862314316536640
127.821345018138004
105.550634171804290
70.310158699799672
77.307265499554191
92.562316155816887
139.576849682006497
76.535145255720849
175.700110063717091
92.607754137016286
94.939167687031443
112.265746370944825
134.830648405466007
155.963617222875058
177.891343365853004
189.680090336368835
192.669958215818212
104.268823480000250
166.497887964971056
190.233650090732539
171.721962663398642
191.927412748070509
228.631284159897518
237.976210964755182
234.210841855243274
212.224791637788826
195.894558211473310
238.119302680447078
173.520522575859076
232.540106140235906
202.276220433924095
80.733494379547423
67.542390916975137
91.290159388242088
108.154493082903457
192.094518416921233
68.561462679136042
53.967367069683803
60.019568993895973
98.619570633447140
117.671448171547112
122.836075220183375
149.502832406848427
177.671753143741711
186.758239922204353
201.315896227061273
116.962310530376797
147.639186942634041
165.393868206030049
156.608406726832470
175.038973206896401
225.178615504795488
237.697664364743048
240.547257710399151
230.187665793048325
209.680503991290152
189.843055511647691
182.043151334252116
205.493285499782189
228.119694066266277
228.256303381591636
65.262839866633186
83.444963653882425
102.653250684889670
152.703402042606569
55.688933390400479
47.645894492311371
61.499703564945747
99.271367149963993
121.963559733841166
102.130759387138127
120.040880351912449
154.408134557488182
172.571885536315875
193.663933481219630
136.146539667668577
139.577519650617035
152.598280739027302
154.907202750113441
163.660426421326662
147.877609931888117
217.579494671283499
237.534397136416374
241.353163851730642
240.741734795967886
226.546121616828486
205.237869039329269
192.124074936490388
243.951109571810321
245.703615148738265
140.095115289377361
91.492998427840945
179.088769210523708
101.235913131592383
131.650651037431032
60.052146025783287
58.445207226588124
80.621307144556724
110.582455296162806
99.925219557688152
106.219101115393300
139.361562043929752
160.714270471613162
179.069883671909849
179.008528866714528
167.845723950913850
163.348550824144723
169.267294158175844
156.396391144368891
134.865416243211939
163.144111313491976
201.378962740856366
209.610555916378644
211.070977631798883
208.963377260786757
204.066524208193357
197.787238101042192
237.554564432094708
251.327248194883936
203.059080401918152
206.198732262037652
104.409115446637713
129.823325481229062
140.565597807107338
65.902065069838898
63.741631236773046
81.909209772103722
101.865236644438909
109.981515918787778
112.930273795224835
121.038046822521864
142.260014309643225
167.892160339648029
153.527545405895154
160.537520393021907
157.959823266381733
163.512733627299269
166.129338696316239
139.790717701145752
174.541117628696952
215.548133765821632
226.691500501497728
236.806264577808463
240.220842259548959
236.228959744136404
227.827270262819042
236.895794045354137
187.248539061962390
235.411900666336408
234.317115283990120
206.693179743892330
76.853790818901018
101.451389045372622
118.607479883692449
69.933457317077398
63.256963792084520
73.197546746300219
86.448018064126174
101.436197834924883
117.197082921465636
132.854962319495286
155.755636795092499
141.294471807023342
160.870664181006788
168.880352253502110
169.147090008019660
174.275653405097074
138.351516387364171
132.274394117733152
182.751442420599005
201.235612666410304
216.228596286102459
222.802642811609559
227.975024522494806
225.586496818625733
215.139827431607955
197.377955528188465
235.708739404509117
253.582432308066274
237.758408540386284
210.708769513830191
84.019158914331157
105.354855929137983
110.827652701077142
67.309573710957167
63.765432249169550
71.625137574382620
83.073001437622494
99.363993302006691
119.893487227908594
141.461798408636781
119.832886046224559
137.467652441690944
161.409998327456236
175.201962035060262
182.672963339149675
143.167665968855431
135.589076442504393
134.682320548550848
180.692095077829038
200.687331085515439
213.335943339743096
224.328521721135331
224.367038196720898
216.696239354141284
211.263069838252392
219.666900570640337
254.141074499314385
253.372232187934003
232.106261052904415
176.077524402462302
72.235521679898397
96.106748364884538
104.295998049608357
70.549851298493266
70.198812656323284
75.255500018676329
88.986564584241066
104.632817967193049
88.552175047559189
117.933315650061900
115.867405674675879
148.382684836393281
172.827079316593370
204.554933586606126
172.633616389931404
140.498543664493837
134.700500915817827
138.532128700041710
170.828315662139971
200.382191576115247
212.395817748752734
218.980152388945044
218.230485991014632
210.697989110775609
217.802879080931746
251.824598678791801
250.961350144408385
236.426121560756712
237.683725621342660
234.616256284531687
65.147442922300812
207.230931540798224
98.788093541272801
74.842999444823803
71.355812744581669
81.238515643165258
114.366601143439439
68.345964463500934
113.459687487386518
92.793225808374501
89.270807944029286
140.252687817206095
179.386858946752170
171.940460259311067
142.260391424168489
138.409698173156158
144.181598824116406
157.268015813696110
169.087548525207922
196.114566147717454
198.696584177205949
200.882685318770001
196.764420450660509
229.209686839944311
253.396957229667692
156.900374264302769
215.145717562358470
259.736970977349642
202.469796724437657
209.274263638130719
116.708096495961513
102.050895507680337
114.504732049758303
84.955954464878516
117.696836472752977
105.098759091006315
78.762883214173954
73.669405740893652
81.341932405752303
83.749514022935173
110.059263647150814
158.118652410505433
185.815368372623709
164.256840727064201
137.953124935557099
139.178640014882490
126.068500471543459
195.461217402986591
205.677548942351848
203.463728949155779
203.643855669862120
203.822165700569883
197.131648805028419
196.175676988774967
227.273409285517772
227.397044493539738
212.930445883966797
256.243889372582885
248.636084410890703
194.806777809373386
111.915877022881730
105.170920474111938
89.150720235070992
147.280564620767819
81.852537191364178
71.125869321895863
104.594034327448213
93.508464070903358
78.524647103119960
88.623743793921932
122.897428581889088
158.726658451119732
166.671592014854895
144.141676084660958
147.610330617421056
146.038478079392434
184.750944884236645
80.068185418280635
175.403106268095542
200.487450134411233
181.981463893165483
189.290074257596899
192.557402644363719
244.914572586009257
242.623709125815765
225.563986201520891
253.104872137640399
262.525930277623956
229.396683615911741
211.388838959371839
81.342563966850889
107.512025426826739
73.085382313486519
78.944428216880368
163.000420532573685
96.672858818100622
80.290194610775814
78.893656062484013
84.691147923536121
112.462885779317105
143.865403541560141
158.426173670637013
166.077740708792390
142.096590734910478
166.133251223366500
175.927207211783923
134.023887788739074
181.992707198400097
191.481986544858216
142.167812717457650
165.888415980432256
188.814434730071497
197.778899154780589
233.337246904352980
171.947278137497847
225.121092870469482
253.916743420514649
251.904755794103551
229.246922149711878
206.774583804020097
70.953775437833059
63.495494712632578
87.368501279806438
154.096490378210802
101.247140350501013
71.798507736723082
70.623388478627149
80.012389534848509
97.846301842508367
125.006491910342049
141.408297082257889
135.372607414050691
110.284267216619554
162.539186716155143
159.715376495447600
136.198779140535919
165.170971516687302
177.803525634742584
180.817387242701074
182.898916091139085
171.468857218746564
222.780562650440118
223.981986334339041
195.205142433352449
193.744543951845174
195.519991782586573
249.712262428003072
251.483158918563277
231.034211051561954
176.287835560423275
78.929911166146070
90.537238203471261
211.482769652945905
152.128254742210601
81.177107454190320
63.146423981110843
68.811403147057064
85.409540239515565
106.373039245161408
128.820283065887878
155.561848743383479
112.127851472472727
153.746109736408528
143.489446253326861
156.631287980054339
161.502245424980742
168.007638567621882
184.229980368658687
189.459094612799618
176.527037258147033
164.328254892563535
211.809178114752427
229.769018707336073
225.865679949957496
213.956116763258052
198.771233286124982
192.640757272139894
230.079097252431723
209.470903011108192
193.422408766055810
90.619123008730895
125.714691547781740
103.390409401653216
108.377604584761869
165.045594474326975
105.793976964909433
103.389398835874218
98.167842558731721
130.523329675472326
129.564822440764601
129.094525414365819
142.360626686380812
131.241294582956925
165.247848224078410
165.026095513159817
165.284662979607674
164.223572232366195
161.641565658247515
159.993405024238200
162.199408023355716
154.315234383869182
212.797502302438204
221.185638171640903
213.378511872074625
206.075579257923096
197.583389993963749
192.453976989999433
151.285953901344755
212.857422636482937
223.521989732000151
97.390466014901861
79.984683078083719
101.539837145159368
116.419354218081367
116.401708989494111
76.486173188332344
76.485322401383215
83.591725011821296
103.957582270145423
112.240717129219888
130.225991871977953
139.585984312726794
164.517750937526046
172.449881042781271
173.251069773785872
177.006839574247238
160.626034396473045
159.163892399006329
164.050790338789170
160.094007568996773
156.583944348836752
206.751575971943311
213.027361715189528
207.050263814538511
201.178250242835986
195.616195901972276
189.496799405310043
236.142935427001760
242.171696095932873
219.568163912290913
96.362836958622722
84.193118227405790
103.840308050928627
114.336589571380230
105.311191274217236
77.377231940613484
78.655846250800835
97.913060634023310
107.131472627858457
115.045377270730967
123.684514153328934
137.346096407960914
158.739605392758818
170.790377528869328
176.155738301932217
158.409954963957119
159.070907754166967
163.594177609244468
168.063364594545334
142.486548086325968
193.636567178333024
202.967953572302292
205.256659994455731
200.550873533039919
195.269883659039465
191.316976139161994
229.301796349539416
253.352469891128692
234.568989207246204
154.279064138206252
141.827370332704959
175.722711045844420
96.326283691003084
105.395308484496070
121.501101637153425
155.695139605752615
125.429388773474713
122.605424978512048
203.540933726138519
186.213187833999285
155.822596172632757
136.373663449940352
135.552863049220832
137.729000624034995
141.891407472186586
152.422544195000370
160.454775192200316
164.822876798915615
173.456923527706380
176.068339921191438
170.504610653592096
184.510002504830737
191.148108618443132
146.324259525034762
175.597766617988555
122.680791118184203
169.599437895674271
182.073986076708934
183.609120963711263
189.342120701917594
187.516262780709638
173.171572940068330
148.795293083429755
96.735643751237916
84.776627173058088
87.926397297512978
210.029156179186572
162.542267461569253
153.894525239193541
127.512679727791465
117.799561339320746
145.589020271804657
167.696478498799223
178.075748657868019
171.020854942301838
156.483279453312861
145.951559476491838
208.304983773580602
161.435535073226902
203.430977586401383
206.238767924951105
147.956560614136322
185.036742933717477
195.903283793799147
188.259754564781105
207.470553103557734
206.364181384804795
212.736348271881269
225.691175691161646
204.177725938516687
173.137371379851174
80.519493237399672
60.835872272071796
69.836664888083448
84.026362999978204
140.004277735748218
105.013109678878294
114.732252588899229
109.058746654949687
94.819833065155890
110.983177747802372
140.560486162054474
170.571408897079323
180.014587407849859
167.263409028919199
111.326860591663404
97.971099182340595
182.029828006888891
200.045372359512612
191.469166716447177
221.854230843017774
230.981146900617489
214.627037222057993
86.701092616668390
196.243123427743001
220.210657972431193
203.484229373272058
215.582818954469587
204.668190798607441
152.371728813463875
76.089835944308888
58.002113514448581
72.834278024117395
136.366123349712524
83.714844956179320
90.475691959313963
107.332237002782023
107.773207752824021
103.024689045898327
123.760153761307919
147.136282188656196
169.117929089582447
180.404798217303068
177.937562300226119
180.776183358259431
112.409682930343791
167.475057469505600
183.810559257563369
185.825575747268090
215.177976867478634
217.843125665111756
215.361910391506825
205.137981655068472
243.513091313355233
116.216024001284794
237.460329517712808
238.080299769053624
218.498638609017888
227.797698046568911
232.275774161250922
60.496341938422859
70.590030350206689
139.705927455085259
80.397302861593388
80.476645859300518
87.064268077648947
90.569122017551805
95.076773892185713
110.327839402281370
136.432195329643633
163.062844926263807
123.333555005891398
213.900067828473823
191.141097524763438
128.780800302423074
146.475742717785039
159.553496216115377
122.049078201920508
143.910354587939906
152.081019234957978
155.040883529051030
213.318256990981411
193.723336080940584
107.543434581623245
143.732646249057410
166.057402011888996
194.875177495491386
249.422715328777031
251.424817953737090
187.999136313819349
100.099135656787496
174.910273186094969
102.768581930483819
208.341548683941994
74.038333781559487
69.018862227518014
78.396709222937332
102.789912063515828
122.143355282448084
100.734559843461597
119.211931305468880
146.221836141129472
162.177945325933223
166.702394192497110
152.182810006218290
151.267788560080305
62.054026117336178
117.169798793080716
141.167970856955407
154.421977044631603
180.056548370265375
146.802898783560948
216.279479222687343
215.495134020982960
157.308750896728128
191.539022294532572
195.596163949461470
193.107248204378493
209.244938504035844
234.790522048740968
57.367818349737803
69.561192571203648
96.039955110443827
201.898533109392645
70.986948840523823
62.831632283964851
83.281782430142812
87.478267214213176
75.464751734201840
94.330450909592727
121.379707593204188
136.446567782008458
195.468887943894799
177.821966213250960
170.492259531709294
86.339552716736890
106.353499950211912
122.303558436220285
143.385809939648340
152.770401133841347
174.063545697729126
184.221224491692027
196.415751160028776
190.955103216894031
226.151336239232791
225.258836368442331
220.737274484991900
220.906361884695457
239.960755972087924
230.408401372658886
52.552436951604619
84.509337232812001
110.781298708468000
117.068890542463663
111.871100586866731
173.130300948000610
83.796520094231113
70.770056140468284
87.514565878036279
108.395420772363266
122.142094620223247
175.682512424245658
163.962168900864071
167.239370431638719
166.388373000882837
176.580648475323414
178.985339999011472
182.625536719137926
190.349149608492212
195.433532420741301
194.073943811644597
122.511402495390172
209.623008934804318
214.917059301816664
210.153220547200306
206.192902398383694
208.918033745266456
237.436049736808798
232.669415292146596
162.374358941704998
91.991646728934896
83.004795517083849
98.360587922490410
110.478878347801796
113.853748523933618
83.603388447100954
70.863484958489963
80.764778745073528
101.028507794933091
109.967545424105452
156.236368627242626
144.752427096187830
154.360569164250364
157.778605147224994
149.273985228328598
170.376407658345641
184.543796743530237
196.770793942374837
203.793182747073104
201.472967196635068
191.707781236272012
138.395881055845081
193.355059432894478
198.117193993817750
199.874026428741331
218.126281910334427
237.128751663824573
236.390769000849332
232.788268501555251
229.599536130310639
116.381926129876462
75.206703211952501
97.559491360892281
115.508820470328018
87.894445280324277
72.336603968685623
78.000994245111912
92.165987016731137
105.555661142447661
137.996839643372141
120.908742332885396
144.867020375404877
165.339353490831655
129.741791001750840
155.939589310263074
171.486213633390662
183.990651096329486
194.654755773445089
200.031024117022866
196.284388394950781
187.829630177170088
159.671340700264551
183.452858008930974
187.296969577279384
237.117532390595954
246.240980647984230
238.229903411676560
254.839172934381253
248.732523581600532
228.294108033748103
95.525000393142307
77.741137759984184
104.935722771385826
117.927913602678018
89.875512116212050
74.542958580224038
79.302919326883071
149.910384919824025
79.045893117911930
96.372838699955750
151.281199253111339
132.453334835714372
118.002621540174090
138.356445624071853
158.446084277035538
168.294325121807077
181.828263381430901
187.053727547857818
194.428397791217606
190.515141743655192
186.175224103914019
188.479386916078028
222.443470796677218
247.510943789672666
248.094284545298450
99.177059246620217
202.492564214731914
263.774642277623570
247.679228678199820
224.655584812464127
108.898008038682249
94.531317280361975
110.758406660378171
121.009152513672234
201.279265767819169
131.689803221352292
76.904979886900080
70.798398124934323
111.784882217110351
106.680041007887567
116.556608314656671
120.679133248564511
127.035385750930317
144.984206905683806
158.807423057028245
168.049012757710102
176.185977121164683
183.221784479782144
247.658884168570353
181.966569420449673
172.007961085878321
226.903689199419574
172.070777750219747
195.470807122906535
196.625764591499490
192.003687413212504
188.724457824214625
232.592966829431134
228.153290227236766
215.482137201244058
131.429358194989277
82.256184209549389
125.866649186139156
75.896184048508687
68.334702809771727
196.430780895476886
90.804571350142439
84.199464807868097
89.775581640159132
135.707397098554424
100.130919717228807
114.305581398045831
134.317228348108870
156.671176159731857
165.641304643449757
209.199697047654382
186.382589496499889
105.189096575752359
181.604831165531039
208.040722346297230
211.937310313758616
214.815319685891211
224.559169394009075
219.278496497244532
207.936592621360830
193.823742162581311
239.247245910686104
236.994790293286002
200.470332696434269
225.440485536978770
98.702603741270892
85.270103201889015
77.975433015267583
90.358388829563026
135.758363019151346
90.499915432865208
176.149137932861549
96.787061703632574
76.327670313056245
88.872753875306358
116.698938656422087
144.185888904743308
170.174268243133582
182.667007851724463
159.319292572971989
150.918517982475095
129.456241504017243
169.698970141513030
185.485619055974155
190.154996547148187
222.867159797504399
238.424396254251064
236.938715476355355
224.845657321106017
206.401240588759464
191.260224163409163
195.385612666518512
238.219587645409007
235.599067046671905
172.583322399565645
78.489303617124165
77.550512985474967
98.664238023345803
178.365887850590440
73.691141691097059
62.166182438599606
65.689000555402600
88.278094771365090
116.070790054644362
126.684746624502537
140.045830051534921
168.084982441123429
184.618696516860638
162.669143383574436
155.475735187508150
135.976236940648221
154.601146287182758
169.142828737660381
154.321814739153609
209.239875943721529
227.811709626716834
241.324456668992980
237.959373692400277
230.759774247243683
207.757728988738165
190.836800106960425
209.204429129011032
237.407286448429204
219.913803329689301
140.407637101137141
104.027512268261347
95.741633724022591
143.253637117364946
67.286101497206104
56.933915415398474
63.334495480780731
81.739441477932289
108.327702600563526
117.510745879201181
121.746166412368666
146.501248672044056
169.616447597583431
150.899499687658221
147.193336195738453
163.966784202367563
157.324391963664908
161.126499881933114
127.678202517414803
151.476911045820600
207.795738824319983
224.405779029629343
236.657024017770482
238.586526470622601
226.082246085608972
207.898662314356841
174.145260357341073
203.603414202350876
175.751812475353404
222.192703246746760
167.706588053796224
96.698078611049837
187.578016810137512
134.451742906556944
71.029396651276898
61.101720908005632
70.645099586222699
92.345290169321103
103.804347455199149
111.553314853915808
125.155245633702663
151.115739239447720
164.269567521154187
152.985764714167573
177.264743220276131
159.643716771210933
158.356923435744648
166.820242190985198
142.329581905366581
160.486916848928303
207.211002275722336
214.501105651517946
217.117283463553633
210.227864843866143
204.339550252677668
200.147419466637189
240.163929386465810
217.652764862777730
200.389830995430884
206.064258075131590
207.305223931859587
91.257716906495887
144.219218411654055
70.753030520176765
65.374523716765196
73.291166772526026
87.792963652009732
99.896947611486539
109.654843618627936
119.373463472792935
133.941276579032746
145.886897969133059
160.297329154538886
174.650185820382205
169.083290961816431
165.457722718745600
182.533368862801410
143.753539901320949
161.784398642676649
194.846744543779266
205.710619006728791
211.764102302315933
211.175477972198706
209.254230520601283
209.922873887151979
255.407448756981239
214.209568846262016
236.441766445963793
237.594197691349848
233.920839423941374
213.463284434961906
97.495750354304221
106.980948526168845
83.973772422875584
50.850096388906366
49.044649640505895
61.440500656763533
75.490052162398555
94.885905900142461
113.221726970100846
132.603512567755502
109.165850119873511
149.506953581657484
159.509202823341582
167.945154412056269
194.227224457512932
149.155242157204526
132.989465968651075
161.468635263261774
189.069569580006714
196.346230655826844
199.641761592120758
194.251485327175345
193.463335880674606
199.143561596766119
239.781228526214193
219.785245773264421
232.699449981728719
248.016743776043882
235.591301518847047
138.579032983457921
173.979314538104489
108.839595606500467
59.311286929564815
60.389085332890858
67.925805061731467
80.029184359265074
94.139277075701827
108.665845700898700
101.683030358597975
92.930861209398216
134.459614832266311
145.089687649037302
165.592184603096257
119.609711359401672
133.464727857276216
142.980322799438909
126.648937396510505
190.775703964072278
212.099958381453405
218.531085277298189
218.997218641515076
215.245663156361218
210.705883595169041
203.840763826052239
210.930810885886018
231.837964344225213
246.095021440703448
238.112836662109657
228.052510472528013
236.870353903936348
131.388167070794509
87.759064529556809
60.223753928464433
60.765401097584515
71.861813476782714
86.762766162275469
101.369726877982657
79.563529479947817
80.911384823019461
119.617834222132871
125.579271722817708
156.831167023321854
127.219263544234991
126.791684806603243
162.536122624332421
132.466287491509291
127.557635608472125
131.021644934751833
176.958973039683059
198.620962140252459
209.874018871393929
202.797128926146513
201.885943591684395
203.656683375099874
241.953861642402160
246.163952270618580
230.206360441956292
255.563451377538371
250.382385663710636
226.585787768153466
114.615494395379429
89.790566597673944
74.263780570373896
77.555984374994580
171.472761258923157
87.639458484646013
70.184231138991095
129.930310540456105
82.957442053254908
108.456446904050637
121.842612945772117
122.711892862073995
126.570201913755270
136.097088985986488
162.216164752323380
145.580462840092792
146.329367495068055
151.854073126861948
182.929045710817974
204.323760526634828
112.275539887949463
181.183706187589223
229.139810450905543
241.662763826555988
155.395465209390380
234.207127656895722
263.114012929681962
261.507365647269182
237.906881472409168
213.490137461677506
109.919018636838217
117.381522135341257
95.994200659321308
78.892824152148364
144.629577591162558
78.748248240901887
69.617265234491285
75.812958575417923
94.249167502581997
103.609301393813610
112.494784326175903
115.926046272071275
126.020194563831268
139.211581711678264
160.044244299712432
176.309629513322733
139.172578243628635
188.420820422777126
207.737992090152090
151.783090175272292
211.158100590793879
146.433820727646349
145.399470271394080
201.911857373824432
200.568810416569477
181.324399484511730
262.164787279808991
260.564857452052763
238.670226389258630
213.852811147712629
91.939556927905628
110.286891480214138
105.628395273298167
70.452580782757323
70.507651363942401
79.785654411951839
72.988439208689428
78.506141434833268
98.228365554666070
105.426327045956981
113.298815255362214
122.825815506911283
132.295916254757543
120.956064006823667
144.307025063125138
173.160622075319679
188.340902629290952
134.061493810437526
193.732558720026475
201.639842095304573
197.316953342223087
183.633848472090676
200.194886497813599
219.699522830104456
219.030788826559416
208.723863226184591
202.156982968977502
259.324712358832812
238.589786430283311
214.673966567879745
104.550235323450124
59.502305949004850
73.249413311271951
93.368012713042319
229.961220241047300
82.867048294861803
71.637336877028986
79.253764041210303
93.973380273240380
105.178707366242762
115.876678406132115
126.331043760599158
114.286960928293425
156.355630056969062
163.538615764035143
124.007696087743113
158.020621122576927
176.106509517548631
179.371768497604052
209.161306153430587
147.693074829538517
226.996947916954667
243.421850381305575
238.255732038154576
220.999411116219449
202.236637848388455
188.722637112338504
253.254675395265053
237.997655545266525
215.745677500779038
69.369840080997065
75.621490604657495
95.292158480953134
148.902120972268449
106.681084829467423
85.265332666926128
77.213626085630594
80.287722527650416
92.715034552273181
105.966364595030569
118.477508992041223
125.092165333451746
140.031592060459985
170.592665586750712
141.357179690866900
148.999662403659045
159.104643478624922
167.950242260445094
191.377647769079061
179.246419776013028
157.350730349631903
221.172506273671047
231.622885239486720
225.946431914908658
211.440485525178389
198.551600882600866
189.497611113731580
251.779839869797399
235.612310372637864
177.922920701458935
83.601482182480382
92.592872517569603
127.913848744007311
102.058521784221426
92.688776733671375
66.881117012899580
66.918982352542727
80.989714102626209
96.300304482351820
103.843899952882893
108.215618403904600
124.668522751065780
162.828516604838654
161.165562881374683
155.957240764103432
155.125582934899086
163.431683231317265
184.389855053411992
173.486699356817269
172.676929033660940
175.994166993471651
198.728224141231721
230.771118462102663
231.325938147090000
220.852693643340558
207.714887103962639
199.078337166490286
171.054012194312065
204.116607298522553
229.485968843957039
97.484342894038832
107.251573529470164
93.371775317723291
104.343442097066912
150.013700703980447
83.132230565339782
76.325808943580540
87.171672943152146
106.919751693646560
116.495976540237137
127.526745904993987
164.261053751587156
157.779131534007860
174.867319593719373
164.084300211968042
160.146619157669619
168.625409829725697
164.640369879771782
167.275312405454400
169.344978728778557
163.015764930419977
217.023777737941089
223.559655413557067
217.139715566621533
211.208321133118005
203.395084831991483
196.647959103797291
225.534079763316299
234.277013048999265
223.232150568239888
91.045472849343483
79.490869545814036
101.393277932784670
119.633589281719168
74.109396014418991
65.508595858259895
78.432636100845841
98.452552118785391
111.419634530113711
119.996235645305717
128.187207639427811
136.062557009945806
175.996670784280269
168.369431898620888
164.351035033917157
171.697342211382619
158.813138492853938
158.134029133256632
160.256731074446577
151.309378951055521
202.815539091266544
215.218124103835862
217.721913811077059
214.475508887621913
210.042652311842176
204.850690966292603
231.443920881967927
249.487374229399620
236.136535885973473
214.913244066058610
79.327503038498577
88.755778023225318
112.728798028716056
92.855853105824480
69.225681597124961
67.494519556751143
78.470256284377200
97.584109890963703
112.877861394957165
104.215379801230043
122.234624510100730
150.952342646337087
158.705519185339853
166.772275605510885
172.309398258361909
153.519232204682766
154.528121429883441
155.371121468174152
159.810826250701837
166.168885104315876
201.990232567253372
212.903411473078961
212.609778134012515
208.913076919536024
202.482153324522244
206.733847800339362
248.121562864961135
247.882160177651684
227.991602217736443
155.684253830672333
175.235237090733136
154.148664413918596
100.386884847218056
107.115741163167513
158.096299594774933
121.997123380967309
114.719916105546375
123.800509877846679
217.978688766013192
170.386615438816023
132.249021717515859
126.977426603873738
132.715880605223958
136.941429643705675
140.517878619459339
151.546910671306648
177.858259068835480
179.490948866634199
170.381924359685456
157.847316305029949
177.852188278541121
185.582409786463842
119.396993179492554
154.591427979731122
178.479533514139632
180.343329598756839
178.635713301734995
176.604053130069559
177.532737627334285
178.391412553829156
157.277428907408478
118.206938701497961
100.931034765692317
82.367480146048621
83.914887466915062
94.100579062808961
237.002070869023100
167.279321417681842
132.291878797195750
109.563352871352294
114.029009187916500
140.415714769610474
166.914584776159103
178.676138611288053
175.129550814257442
163.267163263796448
191.977095133392964
129.172035810440434
181.880678648999748
194.605811230638892
191.976144412400117
170.499970991622547
198.852610308629380
132.773473057792359
127.836410278039097
211.369825680010194
225.291693263356990
216.850530506980533
203.872417944068673
187.048950353331662
156.803954870937844
85.844734072787332
72.131178856230761
80.874092661241605
153.780831115887594
105.879458320917394
106.498335434402648
113.503804319315321
111.971484537972529
113.862499175860648
133.886059718511433
161.091305024754774
183.749571684951235
190.076148636652619
181.579661121941683
135.493930244420369
120.710725199313060
173.826017737047067
192.010596704008321
183.434248847767464
216.131525585162706
217.544156247565383
73.056318269977254
187.354159543846833
198.442557566372471
200.173503699768219
200.077877155474766
199.171713971404586
191.743959953779381
148.547318891905405
78.705766070009204
67.045231938502809
81.061299196429644
156.315374499057867
98.191307726069510
98.290611686958215
103.914218484732430
104.257411954410131
111.490551572544092
127.743380404520551
153.097931576908593
175.552447797194077
190.856964170210915
145.082972527648707
189.245678161918619
119.098119548082352
151.777943610498681
172.035634887863608
117.722460144915743
142.434682555673646
155.135983674079142
161.504374370519372
166.242889070621715
172.720224398204039
183.692954694791069
189.403138860075160
192.089375606765486
192.953490529247034
221.153805448582148
198.481359979017924
94.317126985715532
83.739105269926455
182.650689301568349
106.340299620397104
103.518637711905043
102.698766193370560
100.428149784309866
109.715668542794816
125.550122590957358
90.383937355203429
104.364759258141504
118.650501217783940
130.273930249735713
136.670557323550412
151.649114019767865
144.981689895217471
152.026992672272115
49.388476656406098
111.108870562731965
148.815007765509193
159.188510590350688
165.051945326739599
173.065246866527076
183.444134306745752
188.358625859982567
191.116281647072469
192.983730709791928
238.142219105066772
189.435238229743618
214.804116977869484
96.593807462592508
167.513010790368298
177.824843103264925
106.022487033585705
92.879046461367977
198.658807451349162
110.192075055259181
90.789398213422785
85.017549109740742
95.033291751829296
110.496914634716433
125.396378988906719
125.937451131009354
185.051351060199721
151.882860456981234
146.086350417602745
56.860818159075535
101.170735536455140
139.582123608219433
159.016021939304068
175.400161920581098
186.311583310924021
193.576210920862508
195.538958201919456
116.191965883058373
241.636051295367110
250.071876528423360
239.809543455902087
216.491098144311024
239.455222862014296
70.849355705424017
61.622540105494778
84.526251887712846
100.137964723748610
102.321656670039133
192.883211538027979
82.049153693573729
75.545473532626318
84.979878932479167
103.573962732878556
114.763469620148356
121.510331342439699
205.302776181484347
168.108477558314235
155.653440230159930
154.761377139690012
172.159956398736057
180.288181810253519
186.722323946407812
190.375915583715482
193.766243852119885
193.371657110167519
130.066104086748140
236.487132817107636
242.422358909950049
234.384470594023611
222.054394903508353
221.649743248894367
240.755664811635938
233.170759872342387
66.454526861685039
75.023913768275889
93.780178761857798
103.672607636218544
105.525365442014703
105.064834328471733
76.259538461684826
79.122109885306500
90.830197779333048
100.808690008973514
110.074382748916747
191.271811108393763
154.328060072628460
151.470189511533874
141.246187552558638
174.495842927090109
190.985971275781537
202.987760290576887
209.002431973164846
210.270036663754155
199.447701478046213
112.941531286102773
203.903361644484249
212.126938291480258
207.692585183207939
205.686191853538560
216.211700676426545
242.751235431551692
236.735404222815077
187.797508589841328
116.690315347664622
80.987784405319715
96.041844160788600
108.812046302369737
113.796363482466148
86.050370894228948
73.884315596358306
76.432775428078131
93.320512238794336
104.117685221969879
166.926323443174795
136.599308998668562
144.391806282796864
122.920990267000064
154.496638591922846
174.602842918271335
184.903711216127874
198.245384880513939
201.292598559336881
200.449244796535481
186.452367696222211
135.658689273051010
190.992575561513604
196.972034247318788
213.121262754050917
239.953997858348941
243.851665999146007
232.341030346715854
234.359496475586923
240.587949099263540
108.667194792780450
74.198499903961533
95.880306243466421
111.946634449446663
170.315204220210973
76.160304611342298
72.739156486150023
74.598546105199830
163.067975359315881
99.344046231341764
120.574401781761111
147.157860225999769
134.368421197150894
139.998529402128213
161.061203177440348
173.917008769414139
182.255184962211132
192.236434198965128
196.174850783244779
192.937640253009420
171.074780043037833
183.194154570389969
179.482518883713055
222.330025867007862
243.347360000489289
239.841005081865887
106.168461665598997
222.544073475829123
245.046350136506987
237.403396616072143
101.803690135471797
97.914198838356924
115.463739617481139
121.756457678401432
164.538306007055269
127.014544472507708
142.580741946232763
77.178860191027013
74.430410240236895
104.171123841849578
113.525015552122738
124.074334009413406
131.793119147592478
150.060463239664642
161.510496923203448
168.197392062776032
172.343724430851211
180.800323142345860
178.660535768322092
230.309273245607301
171.117689145627395
195.354016662702435
235.663603306160780
241.900851777490800
133.863007362153809
197.782446118539099
208.767162227816897
202.510204499154781
231.177566607487677
225.978634615288911
120.668379389155859
89.759734459608026
108.249393386640776
146.819034876062972
124.267823193348576
80.314304806525328
71.597098546882393
82.706386095435278
91.169784770899838
105.727800887874068
110.119323036103992
118.122210557289975
142.147563811424476
156.644772771631210
162.108380729726605
163.876396675286372
217.843521700636643
198.258864931749827
122.847976874462958
190.741353854679545
215.860600145340698
220.893027276101975
196.267390882613597
206.068232975821672
202.215949361017834
199.045058509888548
223.563947492087351
235.141397186685737
227.116853118233081
193.477041600748976
145.996814318293985
114.699404322800277
113.628101756725925
83.484016745347873
78.845528832913232
194.285086826159755
116.064061125180814
85.771294718812541
92.006514204806450
120.735979103449523
105.276598392031914
129.580837846837682
155.744152951259309
167.744024176079137
169.078193476683651
167.767350557090168
125.172065821888964
163.373824440145626
185.773413267156997
194.988007299490079
220.532560944590529
237.681317770213695
239.407133971639212
227.876435092835607
210.711547582955603
192.134125420665811
221.094109118898189
215.688610227687150
214.315820378316118
176.064274008022437
119.954997889910331
78.815340562866226
86.998109980234091
98.882748052721226
120.138347885571989
162.725321655571122
80.862411971854044
72.174589008396083
81.807948599604487
104.093868290453941
126.858174093227305
149.181087759452851
166.970159650151544
168.536842032278031
174.285657685280853
131.583480844318444
147.842972739218396
163.147781976935619
174.110734194112922
191.290128763429607
221.353726382654315
240.316559350378270
242.965923795981439
238.265585455913140
214.947280213129034
170.519304231877527
147.712217758337289
217.316988762827805
219.750369684333918
224.424414017665470
82.601891997404607
84.190248511978808
98.961534757945444
148.991281141485018
80.879130948980816
62.796538196763436
70.636103537893732
90.428939332225610
111.729207044801115
124.722932008705925
144.473205995843443
159.028200425001444
167.697864108689316
170.365543981972195
146.974907680605071
143.227585299489562
151.575617810744262
163.466389618580223
206.208807082668528
201.389435932210006
224.261319906708366
231.977897254791145
227.384628617993201
211.915277316101566
153.833001994177124
207.342294601000191
210.904770689842195
196.193868094414853
231.203521975305023
146.258462678392476
104.743643340408553
93.442552433956024
138.790696917477533
76.486562858317171
66.079190608866526
73.371818124023150
87.947072458303367
104.642932455498396
118.689553870659907
134.144869153746981
150.273183009450776
159.172246729144945
159.908581679227694
172.059039370761212
152.919365663808151
150.560957016824204
143.479772405967395
202.212569318319709
212.066015971059329
213.327433936791692
221.330081717727580
216.356835808235928
204.671327424611405
190.080016790000343
144.384168556874272
213.970620230634268
225.817599734306270
224.840917844742933
194.950247001664081
208.428278225592521
103.736951462805678
150.015793668208147
82.721992597568260
73.658136870473811
77.541860913316057
90.436760541704530
101.694701386735233
113.260545875250997
127.110531411493753
140.803577579657315
153.509811277669513
156.352875579459067
173.095672604759272
157.694258327485159
153.721246540152862
156.055549741963205
139.842570593234058
202.799660550731460
201.752553560599495
197.882667408839495
230.627181770116806
213.289273054100022
196.935437890260772
184.471286229712803
133.820869349472986
232.234746052296401
213.559838162027859
228.081676727000598
231.701557900369494
213.443239682006890
160.682199323004141
81.088982673004040
74.131565712255693
80.259456613031944
90.986197133876317
101.321461259580261
110.171389653161242
119.756947783002403
132.407687967074537
143.439814440050810
158.419051104496504
157.385536036522893
160.158250355887105
164.571228094440954
167.299856640485359
120.037256919379757
193.821411880091489
179.224872938776429
177.426131279782368
173.597698126563273
227.507798786206905
214.212460348273424
195.015961169522569
244.892420183916613
227.664630426928113
210.508877547404154
225.530632197898200
245.607865197084692
233.900246269879858
213.278756184605072
137.284090871662585
55.478482610238828
53.014044576112951
64.114805846543149
80.919759882269148
93.652387343221719
103.376919189673401
116.439171340769462
102.122087126050232
105.447126093733630
144.663035849795961
143.397876384271228
160.786740683412688
170.159763163506113
140.397530080598074
138.887170165356906
199.196594265656017
176.531024157537445
164.724013722770536
159.046917520783950
208.387441651843915
195.080869156795700
95.085996971043699
242.671049478108330
220.326529470561610
208.361744587542802
242.957227261093408
244.197105592325812
229.957274826136086
148.687208598673436
105.303362794534394
62.343862892722484
70.825629408590316
87.306198148138748
98.391262758151612
104.155470281424485
112.424542682802894
84.210252210729180
86.058522079881428
141.663925554613286
124.202727889287672
148.116526857917648
166.674088643972425
134.018248357850410
139.681505922960696
118.205706048335912
120.845729429997405
127.568891333598557
140.108923709392826
153.212357513354704
184.802011466885261
180.264390131305817
191.620597818542052
73.649746890427224
206.688452994007207
240.858818535577939
239.993098146826640
220.874564936616878
250.400533304011418
240.164952067282485
118.371157406403469
79.124930307235488
93.812811282065184
106.481781141839150
111.120810489818297
158.860140912716645
81.137935837983520
72.834210084859023
121.629275213768551
100.699454289453598
127.176971612549494
127.760726168213068
127.928118711829768
135.309575227795392
141.511727595970342
122.913775079941772
139.468592532300192
151.978874626536197
162.069472707633565
167.151663791489938
191.265668343534969
149.657492401715274
170.895214227906365
219.057375573412230
238.530811428725599
234.630980874143603
249.623512534721385
263.287382582242685
250.923317733130773
225.493691799332936
173.769625144689456
113.630460012578766
105.096610250975687
107.911234477499164
85.168200809468885
150.630056753604009
81.300384328380389
72.433406740471057
84.893998671313994
100.293233330287123
110.272664957763396
121.241099976338774
128.468409271454050
133.885054152576743
121.116768795328653
150.227835188289163
171.318726821838339
167.479616659616909
188.838262671183315
185.158233468451584
152.465932438112048
210.554175043921077
223.812333934595955
168.968012760109076
157.711310505017366
256.765304563047948
260.530900769367008
246.210839574225020
226.489351172076681
210.430542897629209
104.496605179668464
101.246741629288891
114.565902174385684
126.945577927317288
80.772024741661966
75.169041577396200
81.730398101587127
81.026104626955359
88.792753712189040
102.556948829230734
107.544295276994404
120.522645172748867
129.757437469223845
149.962091628661341
163.200910844386186
166.284621334884775
182.338951295370009
190.374987910142693
146.479902243232004
196.020236218844559
204.038977558375336
157.549462678835084
171.678201056733059
216.364323729017087
219.842109048220777
210.389028795914527
205.949414137488532
203.418952938322519
237.218462667639159
219.795933033167046
105.970302385495359
108.278114230224588
73.291666278528297
77.144866808207141
87.465450332673157
237.580015008319094
86.112471754440364
79.089448857174162
85.769305873324257
103.537870524366866
109.952485961385165
119.357791194451892
119.110060267562588
141.127114843461555
165.050646569963419
173.266300497534502
133.165388387654957
167.649607399218695
183.096915234513347
182.704504091011927
191.561427598650710
186.915575433872505
178.291358600928390
233.306132920663913
238.247947391614701
225.302434317552297
208.348758256472138
196.633649563284138
237.712835466050365
220.135377841005067
91.895858879922770
69.941029945718554
84.531999330204371
154.073589817815019
110.161793590365193
89.621024081723817
69.666792034935696
76.836499720002820
89.439968265109414
101.411729903385122
113.726021906316745
118.064405779765650
126.481608565830243
162.210789512677110
160.941602073220082
149.925009319504909
162.398980158719894
173.749298518024744
206.508349896647957
190.697262186645986
189.237176557002158
157.423680534576107
223.263275329732949
234.542991121632610
227.959001397267912
216.603841537377974
203.115942050036779
196.672024041166509
195.580067207452515
205.192097723918494
68.939826635494654
82.193306568553780
147.555715404176851
108.079624665293622
107.166341464790904
84.839778063040043
75.412471587394933
81.302873349731016
90.444790352914765
104.466825521102919
124.219514689195890
119.792611092546480
151.804085878816949
147.753198516828377
157.647098622497708
156.779323673032081
162.343533544221430
193.579927171070210
181.653339953151487
181.854105276206752
118.981566072548418
199.121112850594670
212.850194369753666
214.228850116726051
211.676173320796039
210.541669554425425
206.382635186139282
202.417541936899795
228.419895203141607
173.359520446735587
88.328105440226068
131.126770274337218
101.337700690222846
108.641913125101809
112.916324508323271
83.321421983648719
74.327656382293227
121.645354346723195
94.653269232009478
99.110883867296650
114.471269412327274
139.417072600062824
136.544922982719413
176.184849348823235
162.991442284196779
159.821371835539452
179.142318093161862
166.535961798643967
166.450896564001454
171.421027143831509
142.475477375752632
203.788654829920659
213.251475871131959
212.666331709392466
208.951943797921956
204.727466511683900
201.189489850586739
161.128917124635905
209.230361775258700
231.421131184474802
116.980828336513738
110.815083159447909
97.463521345099792
106.772535656536434
125.557776596393012
80.052529454687161
72.775539012370359
84.301310694280716
101.469366190402951
116.013229774045470
140.513181406689569
137.647743150665889
166.397352577254424
154.529278924178158
154.222881772088442
172.007835382154070
159.746089130184515
158.922118215610567
161.413082883059161
165.058896510345789
172.658581774136934
215.958210528615325
223.899456494999640
220.232978388359697
212.496027013728224
207.790022227874601
197.865516438749069
224.433048673133982
237.020866069119649
226.715951816515854
81.451700094585235
74.427225526892357
98.410930229019911
109.075293736235835
72.624186236036451
70.310277335725871
80.669695703513469
98.830568865509690
112.918716121668737
126.719098494665943
125.104942508650737
156.356876644393139
155.078635676672462
161.126788259872939
176.102925877287447
159.288315983893256
157.033800518551686
161.044998400807913
163.482057935696474
166.498303608670142
207.256522255088242
217.219682476549906
216.806091670169621
210.551696606902425
206.832272082613088
201.563935622150325
229.526071163068707
247.364778410743725
236.715760021624021
143.675239395213595
81.212204220451383
90.438819843332752
114.935580228936558
104.930802951574478
77.974642760423791
76.501749873701868
92.407091974390880
107.782689513855146
106.927656411769078
110.618037770659996
137.651914737596059
138.875414535998516
154.775289624601783
199.559498158164104
166.195404214707224
155.669166233337222
153.953795314286083
159.139100533499573
164.823678873485989
166.299906106832452
203.709229518383211
212.691933283776137
214.255419298634536
210.891105253383444
203.033273388914438
220.281597713250335
243.285882214397077
237.710962043971961
181.253591661671749
228.814236383585410
165.692407551602884
95.785169939658005
105.288945705011827
157.696903963247081
120.549577101657519
113.079690714772383
118.752091917468036
218.880441059488192
162.743624403502537
124.081981455875422
110.259493686909465
116.703606208802952
126.765266341615131
134.919061199915120
148.510564384157504
124.126127359406411
120.787866014377840
124.630015120947320
145.946569372822609
167.215915199099783
179.170548806089499
183.255374291029909
139.284451008926709
169.251949776027089
169.468066012626423
142.948669897400293
161.004307022860445
174.200782596796159
178.467306289012981
176.968533060774291
163.718372119549230
111.070367720961485
86.266289150854021
91.142787713811174
101.901450307363874
214.270699779221388
157.328598198952875
134.421238645006440
123.845769421819071
119.097447124985706
131.747367251182141
155.153246070686748
176.841003824433983
188.394066598433540
187.752042209536057
158.243929340546174
118.971849890182995
158.295066782444422
180.807974998808191
189.797683492506252
114.927178121785630
93.870206315839127
163.171554103189152
179.315341862846708
187.589199593991964
190.970634243790983
193.697150194645985
192.542052627623690
187.521199748759955
181.283029535939249
100.381881258241293
75.888188614905289
88.871633387580431
103.721310324524524
166.554405089325286
114.581871478662606
108.319737279888969
112.087092831792262
113.953587194498041
120.218091577104389
139.882735062892124
165.503991885736951
189.000378682067776
142.020142941177113
147.902039202964659
116.857399010929583
138.708254707223972
160.716498435122077
174.371808787688252
98.295423129607983
141.114627905507234
155.476198659547038
166.549876487290135
170.696646014174689
180.903906237780149
189.496028462988306
193.991143557783175
194.795611417510770
190.344554824430759
126.779787393243708
85.775713530475286
80.412627662248084
161.849643322151508
108.201429587073051
107.188940803973338
110.558482726007654
112.260317898413234
112.330153189915947
122.545619855237035
135.007826790202387
157.747030002272538
109.746227337933590
128.433017624197646
136.721295398760560
137.363137299511976
142.112175485946125
154.717154784002275
96.789170847105908
113.737261624801789
134.088557880410775
148.922910993372739
153.666115589126747
163.138231432272761
172.831092432599917
182.795605013922255
189.154032849397623
191.659193157508071
188.315075543942669
224.010354531727359
208.048683960202027
95.140373094152835
155.447231865605545
109.774156560918073
113.909179809866885
188.118691672815032
117.202960512875890
100.482633159051929
204.047740262056664
78.469901958395269
91.841249406805559
108.643585345055271
118.553650190765438
127.029495994078246
178.253040436274603
152.983514364178433
150.389165498429065
80.572657448816599
92.988051435504190
115.657229520533221
138.976725715145193
156.132414296145356
167.365150460243456
179.359374119459460
186.831595831210450
194.384032629489070
123.235550849850583
246.352247822945799
189.048399520053522
218.193200112321591
241.796739344571392
151.950467701743662
74.086636453629609
67.151521469464910
75.445074810921440
86.140060111459263
94.339908889982098
98.658414214875918
111.428227142403699
86.596329851138378
99.905108468847047
110.107699404559156
117.872525398112657
196.175617637228811
163.720312713265599
155.257797966923647
154.925636425848182
134.832795522260426
181.664794075283936
202.908642189883693
214.682674085654185
224.062678360834184
228.640901278016742
230.428527803105681
120.928554653247545
239.769554833963412
248.438154730757049
235.659900107195085
219.525056038823863
243.993275156244124
240.236577004693572
80.702770927938246
65.710152416094360
76.678182033674418
87.597409562022605
93.295295224885876
98.564611907166210
106.338608177806520
82.224205332051113
91.889930883064096
99.715455258014003
109.428178621397237
190.490773311365047
151.014080905254303
148.312875833454029
150.930504640599423
153.108960037434201
169.170689765241463
179.962656041183436
190.613167510232103
200.489795744448401
211.262337680306985
216.986951336464443
114.084901316720391
221.849676100213941
228.544231634716510
219.333835110051069
211.129837481685968
239.790195099467212
238.152022571278764
225.533124040804751
96.404356493488109
76.743702485313193
88.192285343175797
97.080145952455652
103.149624472274297
108.208856441672026
78.255526965025453
81.383671722188254
88.849164223210835
102.586471602314006
187.816971727927239
138.460419891877422
143.528465008175061
148.750558970218691
163.627610839032144
167.174419338905267
173.633115558004022
181.737675413722798
189.847803560200532
198.721659101011710
208.625471681148497
117.583486644828440
193.066186720283184
202.880865198069188
203.126056913331411
206.769592711002502
237.026293052325173
240.858273690462369
199.856334323278134
233.942232718860282
129.599388255516828
84.032881016765288
94.269888922379778
108.114397620884944
113.395125302434067
196.386208134074025
127.348300270289442
81.397771107268454
90.094034361554804
160.645362295221929
115.917910098519926
129.531278796037356
120.768592586887976
131.022534980892374
165.531014798141200
165.136294386248579
169.199991399585372
177.318886726286166
184.261525990840539
192.293248521247648
199.952595051394951
137.276146987945310
180.602381093145368
188.385067374759274
227.068075181038921
237.539238054079476
231.248122325695164
119.744132438785428
196.574517077960650
235.464131710818805
108.325417440270996
189.565267009965169
109.205069799248577
172.454706809694642
132.693903736066346
108.636863278218414
78.768031776527579
155.295774284302354
90.908185722804092
94.858526382445888
122.839685760526407
128.804377708931639
147.444279197852211
145.349777147490244
155.930488472200011
163.124616201211154
171.211994167967134
174.798363000827209
183.957260014315665
188.525175774158186
163.694403703163118
189.413480008201731
212.823125434399003
237.113939460901634
237.766042310526018
222.204966019237304
150.048960835553004
200.176180372741442
235.620450210944568
236.041610722727484
53.623398282035112
60.090833310920232
159.773093353425907
135.634309480640752
157.610792071634194
142.941093320846761
86.550330946947398
77.141468798047384
81.597464343018515
101.243698695152176
117.001688304894799
133.280774801566082
136.233734095379276
148.943699723364205
159.794321185672800
161.617620677709937
166.473833677328656
171.908365635460484
219.142355429313398
201.285729873867126
170.497817448325605
219.597310092289291
233.246230284820797
176.131621160274648
199.818961378171423
205.892360780421683
118.262232788849872
226.311118162552646
212.265673855606707
226.227899087818571
101.332428552986670
111.436639441711037
139.166601380768498
112.343399209441912
81.613876185988346
72.886136724334690
205.361793286081507
78.797358021206975
86.856557915318163
110.645197948802661
129.281689856850193
128.656114447077329
145.008159282944916
155.133279696638851
158.182876144852173
159.025369607631205
186.300251154603842
187.977291067627789
149.613303409320906
195.257844780429309
211.892965218523557
229.021487002164378
233.819001040966384
227.391632931383128
212.384746591577425
174.055671158727364
225.334405418179813
211.711396873051797
214.914472850241282
161.677327897224103
116.432723188960381
111.494825356673743
83.229299722685170
83.998247392076493
89.153300909437959
148.373347825266848
107.140647278783973
82.171781013564043
151.849072082965165
100.295516335380924
110.804741532449867
137.475836935680491
160.935954978359320
170.920195458051637
153.679555523020070
161.483563885954624
132.795548587591099
161.637434249830193
181.122486538111957
113.526994743404856
238.228097490470390
243.618053736708816
237.840625347787125
221.840887420380398
199.773031987316358
199.387618294940722
217.504034160199893
216.991767671880098
205.201764106657151
168.371249243091711
104.527583667702402
80.542282401343840
88.018585915705842
92.802583013211944
77.619351003478457
143.654027626300575
90.820639139514967
81.193569465688313
87.966657062037982
102.533695265902509
125.260034861704526
149.614013942963055
163.898426635743476
169.882255532132803
169.921423614448514
142.529431286991837
155.148823665475362
167.565892025126260
168.009867970857243
200.917060427453919
236.021648962396483
237.199652564664291
228.732046717488458
209.299303457303012
231.862100112525297
235.766271883092259
225.113584591977059
196.186081814046901
215.835600075031692
221.234541904067726
81.973083131740125
88.192882066476756
146.520938929261916
81.695449579768535
68.378283327365608
72.911036033652266
84.894078500374349
99.268048325302360
113.913885965819745
122.439153055917700
137.191547127325777
104.489601609417932
181.051091937973695
170.550516078447600
151.134348507436897
150.210519662570221
157.877307488602952
177.300423197352472
199.208056324721781
213.939378754794120
228.743522270451649
217.290901246675844
203.682231472210788
186.409566450247326
230.280420527486342
224.807331177387709
209.471916606084875
227.795643946078485
237.546595928478325
140.673849530143116
106.143427319871279
128.203385067300303
73.119028085431580
63.869221473616420
68.622795521586539
80.517899593415379
92.051884117355542
105.733416370940091
116.268072412883001
126.568963283884031
138.556971499052310
100.739947859228224
168.262423362714827
177.684256776200215
158.013760408327471
153.373487902682939
165.860480304254850
187.080242414563315
202.063843197214595
214.959445289326311
227.915055691373681
212.418036778224860
193.316311065116906
239.512017694513929
235.162146796729076
219.662840483261959
205.251078683595978
226.754111964515687
196.360786999557263
212.048987144223304
145.184223690492701
102.835979963820051
62.610221521778598
57.093862938385399
65.372496034645280
75.818168630136483
90.557136577813196
104.230020360809320
118.516218035618408
131.042313956563163
142.951839121255517
164.063852820135395
178.799064771674693
162.638249965518781
157.016593170790031
161.560997169804921
175.471162756437366
187.431189730224474
199.876459678053322
215.435312651565937
202.992756214340346
189.430303118610567
84.177408670383173
238.471574856510443
238.372988977125658
229.664070980209885
216.307165168745314
222.730627785185106
231.094125324365876
218.758980746973066
138.031242582620393
79.759892859960260
79.637406147361929
88.863975893130061
96.198388130291463
101.193851275825295
108.152363665208583
116.673371255068076
126.869855575261823
97.251610390867214
104.608556674672357
168.256718385275519
157.214136876054198
156.776792422380765
128.152314460770612
175.934551360662596
179.945359850989433
185.542052719239990
195.669438183550199
196.760153090509107
185.115014512133286
176.481385076533172
244.877995615189718
248.441299710682159
241.388607109347475
232.282125981126171
217.233981145944000
234.964025076227642
229.925796662201151
131.326802989452403
118.680838751503060
61.486891241365015
61.221441118534230
73.838028447494153
84.822402940186592
95.821509403695472
105.315222188105452
111.265989256387257
95.576619955308786
104.814884772995100
159.658989779573659
142.553359036372996
153.280516142012345
142.976906001566647
138.705368864061342
141.225771512230835
183.161075493299393
179.558116229750794
181.375515281119931
198.801055419319681
100.114365141399276
173.637408645023925
237.276979144513234
189.459600073125983
226.907898472016342
214.160587965000786
233.626969887800101
231.606294135173300
229.457513267293081
227.742347838312185
99.564774029658182
70.781446342865280
83.291806017341486
96.533358985281524
103.539951580261274
108.587442038072297
82.703901295872214
70.837839355029473
152.230357345952399
103.492814512765335
121.620840704384605
147.094664726786334
140.484103959905440
141.260846547666517
141.871534126018616
133.772825689918477
136.927937945473076
147.169527217503230
156.608041911390416
163.653979482617672
165.189869433161846
219.564180074305369
131.719390556577366
191.252285635034639
233.089209164257682
235.457937290435325
222.291106090129887
250.994832198627421
246.970492184442264
227.802212442324162
119.730421721155523
83.758765366566294
98.278797349420245
109.485035457500885
168.336065897258322
86.008069492547605
67.947467995425484
142.503884828192582
95.190068356283760
107.374652903029300
116.263656733377104
124.101568012931835
135.791691949893675
139.316636117567612
144.279354525867120
139.541973824119367
155.538277053585830
167.149694478702344
174.057921469410132
196.734159508658308
163.673699527611575
170.107502586174860
220.447103116867964
234.131653075112638
230.146201853869059
234.603082401842698
258.850856359615705
258.238095436303013
241.212919560208150
222.169670016251501
82.758281831747752
83.924769675345630
110.131641517441523
116.035879560509599
152.910418447079138
88.769649964307973
76.093701356415920
198.054971772692141
81.008846306538956
99.989003621710552
111.977245473596938
123.837319559795063
131.990976067639536
139.395538511202403
153.224347426456404
163.152428025721804
170.558854433201617
184.187704486433120
185.390274025273840
149.601124086620274
197.638784748566337
209.175295015611027
206.755396776992029
188.136929520982534
242.467819407299316
175.240786763526160
207.016321966992507
211.221397242530088
208.420424741569491
211.181308864260330
139.797716840380559
87.995170249604982
127.034328448930793
84.918153307135384
78.351603648963220
86.381885190991284
114.732021154311795
83.830213988606204
84.295760283738815
99.308883194192774
110.467297865174430
123.912142700433364
133.573247449228717
159.697439187778826
163.365391800519205
179.956280112781769
184.095508345361281
141.013165433381175
175.391498012626471
188.681653093998079
189.422919665303823
156.552895669244663
222.539058411853858
186.766364639184758
233.238182004855730
247.593814734243097
243.931912972153555
234.374578293556965
224.590782777517461
221.722836311921327
81.034091277413069
103.470906885025258
81.594223915855935
83.811567626164077
207.562919391619687
131.977654550989143
85.773092495462549
78.589451339560725
85.039783162891922
99.592101837779666
110.246818522155024
123.321615827683729
122.906261344663235
136.831207083541301
172.507503537354978
172.810670360241858
155.903908592401194
169.510060632384864
179.199580374136701
191.084660366528453
191.579800843164520
228.542345676162995
129.477533722156295
215.578276246937605
231.628216801749460
231.756931019875935
224.866955495224090
216.361670500142623
210.747609085695785
130.480969123607167
88.758451052843213
74.342960471140344
87.470158903363910
159.928444253538316
115.402414867547066
90.858693582509403
74.009197090376205
72.809428613604936
87.895383132075025
100.073618391010072
120.622758037182550
123.191259170878467
128.133885060200328
162.833580637562932
159.864294309412287
157.573957571343726
158.666698406863162
165.743001999272536
194.270339206775986
184.813348034607799
184.162092953952083
145.025955760164209
207.090222403081725
223.188405308509715
226.269437837555330
221.998315789381479
216.028296479601181
208.576519160422663
227.568235374855647
169.590271392821592
84.400064406387258
87.921821812516725
145.598206012501578
109.977822926670939
106.605466860748848
84.923565183163277
73.306907716004005
73.331988176606302
89.624687457206974
125.166125164822290
102.094022781321542
113.292608000134464
149.730856954503253
146.754423369320364
179.248623373021104
157.218681320796804
153.397640520610764
191.550894988373415
180.101539344178349
177.899748173906715
166.965565324767709
165.394326047054335
211.163932142988699
220.917653655313529
220.276973779441391
214.278075929923261
208.447379461339722
217.957517576218549
203.819754073565832
234.705240891266925
102.494754572617367
116.471946616802512
92.266721348339942
102.137730664268673
205.421810656969370
114.280211753324110
119.366770667481035
87.707746065111508
88.581127818518098
101.573384362157867
115.322067268848357
138.820639718918613
132.752772962037341
184.888251363180160
153.515529653248961
147.925875772804488
179.828863380168002
168.081975390361805
164.623823674530342
166.190051084589413
169.435859718373990
213.178498918742065
222.309335012440670
217.958013915404536
213.037835351302647
208.623997356369102
205.668940601385145
177.752698815233202
223.746896994611234
231.146668934884957
99.285512391757607
82.922067016881471
102.809285100190223
122.693386960257584
77.307445445465476
68.307799219463277
74.531142023914683
91.111648850270214
110.217412900541689
119.425720599072662
146.314240922233409
133.600935219529958
177.074381705461690
154.902415753501430
151.353979254474751
177.576549621538476
164.181611611601738
158.374943091094565
159.087201176902425
156.344436572608089
205.053641618510170
217.120114396356314
218.112737449641202
215.479709959785907
212.180239161281094
210.234482014601070
199.043994636943239
232.601427224767690
239.414434072080610
227.748740385934070
82.413193678027810
93.297084807706796
148.393851599044098
81.425768793633040
64.504818319356019
66.095800380694214
78.392530375661579
93.641710095193233
110.409455865620032
134.139136151117043
121.542937222581855
162.388486395188636
148.719290288593527
151.995925071359864
182.868366478716410
163.521816181114417
158.945064735093098
158.813697793657667
160.059957975878746
185.467446641861017
213.442147442430894
221.364429718130793
222.829400884973779
217.069291980341603
212.662367779879560
94.110573461215225
227.956174024636255
241.268358479997943
236.089024148108706
132.176837568659806
83.043765761635441
108.043626818205141
122.009916106541525
86.032632564356632
83.792181009289976
92.073270742765672
106.685887987813615
109.307154802764359
98.120854142515157
179.357877502481074
148.612832191705024
136.174152995866535
145.832232247495512
204.568641000292899
163.063338309826463
143.943627768470208
141.512095970529941
146.183185677314952
137.379368916020809
186.943238628297649
207.915235891387226
215.141962000012029
214.745363984651135
210.843822068646716
196.230742294231163
235.734886536536891
239.123478492095046
230.921179014172026
154.667729352732437
211.754803718231159
175.418820845473675
147.415467789980141
160.417431862038967
120.667295568421309
112.358135407870208
115.244375358546449
191.316358137731612
148.037786233202155
124.763463698304648
115.946547624835787
119.423752874331811
127.710279527075556
135.701119843593631
147.149787519212481
169.944012301358242
165.083441527740547
165.956265126934113
139.309626930319581
158.799234416123795
172.144408945463908
178.582677734632568
154.521405915394666
167.513783562534883
168.381762097616388
167.363627820856550
168.421631856251338
171.488039334085499
174.239675612324220
174.175111584930704
177.361862377751379
179.013689476318405
104.816417973250793
91.771796217066367
99.221688393143069
188.491937450560783
151.671043437660728
139.934260771400432
140.056330668840587
135.501014776107866
136.676279225574689
145.325878106767476
161.378179802302952
178.167570850636679
189.087509459946574
165.369663493497058
174.487685416571679
129.304441967044994
154.919701775392610
174.784532906629039
117.203356885423872
139.928083860336329
155.353235085756950
162.819858697697043
166.495734818949444
174.299333635199275
180.938752584700495
183.376129915706088
181.791444791950454
182.084143404838272
116.566538382883863
94.739257638087096
80.725248750920841
94.177430363887865
159.703864261954266
119.699293916884258
109.731274999943253
111.145046365991618
115.238341256218106
120.347962296310641
135.208523525684512
150.491287555097813
171.916921193267115
130.640838789402665
134.674284569699836
138.208720165873785
126.132446729758456
144.354631549738968
161.076830405342406
105.698558092103696
128.495271321610261
149.316528780919782
161.473772692661669
167.386949829285555
174.311654282405243
178.623877321680993
185.127003053861642
188.967423773174090
184.365288601702787
207.670542578635150
222.347461405233673
77.104942675635584
83.810110592323610
162.214811183976195
119.197098955863012
110.368089542004412
173.762588553989161
124.127264492000478
112.815546526772721
188.451626959065834
147.805119547794902
101.017609821359187
118.427110640797807
130.476877315167627
130.253184919567730
147.436862751055031
144.558932960368622
148.920462582625163
81.673767961258505
109.667109982489734
144.321842562244655
163.164478878966293
172.940993282532190
182.325481271573409
190.237668070702000
195.693793035241157
196.741908832983967
192.862271663095441
238.681487881029284
186.307073845417705
198.151224434066364
88.630110934218436
140.501508641227986
120.244999999433503
90.722726984623449
85.475115710486193
99.806394906464078
95.993188227933700
102.380049095091991
78.897891617792752
101.309641359950731
112.980878279126188
117.929841340805709
125.412950477090760
189.666426652156645
151.753500174660047
147.127636225137252
88.490371077006159
143.062755266973852
183.500042265840307
202.753696428487387
213.926512683364138
226.343506523883093
231.391275388373259
236.741222627099887
120.929185191638936
246.539257015129436
264.645216838166732
254.912467818239151
216.909755971792634
242.968360950357805
104.794822792405370
65.518178061106653
55.266494604229337
102.465094596836650
91.571522459953158
91.418074524974401
96.590601083035637
112.585708286226833
88.462884550885661
102.275562375893429
111.661492509241981
114.323366300249518
195.813256645466822
151.084103194172030
142.898295764433499
112.037007525233975
150.456463913983896
168.897213631479673
182.614577953241621
191.293957039029038
205.709589689538376
215.265957282916276
220.931230278015846
137.563372578280138
235.891053757032154
245.864170009481342
236.274271752176332
228.870890914694968
246.348140279207058
240.435661480601311
57.556710212442312
50.755500570136476
69.250092409010392
115.885424732682651
90.498969587121536
92.993049392751004
101.337454091418451
68.526427814322133
83.164660218083000
100.913432712124390
115.248127711487456
191.218415119651951
140.653867412087635
136.154202301061190
135.201509045363281
167.041394262763134
178.334786653130266
189.531864609465657
193.095061034767042
204.380271561747264
210.929335711513659
215.911324256175902
149.345758510800067
214.767831130562797
226.305798742628895
220.727276944617358
225.888703680592016
244.247085284449042
240.993320535277093
170.234582539825226
51.960782950081068
126.609445631472937
91.445813106816175
94.784303474747958
98.590756927267250
151.966180823100814
106.442381107301614
83.467308927686545
88.170926443875828
101.178218333007109
183.394653060065053
123.312814035558688
126.126048866701069
150.961624689356739
162.282896660788680
163.588008702977987
175.297703432607960
182.936678770610797
192.477806445637952
198.474729374949561
207.462462400991654
209.311211314393461
144.210283632791601
199.477789131407974
210.666116943951181
223.313580888325674
238.565055731151460
235.118720237181321
191.332584607222543
220.718717893324992
67.821565500383841
126.463966349646029
188.205023553949189
131.072905547511027
119.320201698305183
151.823616747251037
114.604723632886163
118.216797783062020
177.865088682433566
102.342817106477298
108.522364092491955
122.237994608112558
146.496619255234947
148.599613296220809
151.745489336880894
160.863952711681463
170.883612202435472
180.443120867859307
188.876120020427692
193.356922762981668
199.695978748192658
160.847254446368225
186.246577820988648
213.598769292674262
233.806076536853425
233.121993958970847
224.448658818065013
108.374774987637593
113.553613129218547
173.478834355054147
88.723704165136382
96.506378660481715
112.843179113461417
119.874699394624045
113.553186752129761
100.174947979900210
106.954693603051027
155.343152428984780
97.300006709958851
98.482336107392413
113.257177016388042
129.027383759330036
142.129670997160986
143.526671089227960
152.349972110984794
162.222412112379345
169.507779129158934
175.480918757546732
181.574699475295319
229.985366384677889
140.891520368581638
191.732117415956367
226.898122848435463
237.262187425766655
231.203026820672846
208.777612351092273
139.540261235560934
226.445554601758317
179.903023184005718
229.793279271977667
90.705705725968144
98.531829065515225
110.311656585708675
131.416228548120415
141.192039362822641
86.362864062722608
73.773142170152795
76.668916853617745
85.098094536535768
96.635006452361367
116.608057323682118
139.580649552388735
136.628161386566774
148.331895976334806
156.231857117388046
160.136921746414316
164.936793325263096
208.386594338893190
204.262394416770292
166.020246915122101
201.887038643212122
217.035149630906801
215.500740341478775
222.200720173883894
225.087633047907673
163.511606160213631
212.306857569563874
226.245551070763213
230.222415387333740
166.064756243440996
125.924917147561658
109.282075208187209
112.042970122419746
82.238551899665651
75.542723809312889
172.182062323141452
134.592716066364602
78.145659003666509
91.250114019429972
164.535802561224159
109.935627851215457
126.179258075941021
148.640995048629350
150.030895848611294
176.521244319614453
171.625216683985741
174.640837820585858
153.780451535977448
185.208576690111016
195.346544950441341
130.513607239825319
219.345344042003148
218.348015169601013
214.734588948700321
210.070417858904193
191.011692206483417
218.623294208475841
221.203764980137862
206.009754542074376
182.947958515974506
127.522579911467702
79.512525688716437
84.074075682996508
95.176136250415695
104.733162474002953
98.794278854067130
82.132999815773132
147.580447260000540
93.308250391540128
90.460920731745347
111.970439621441159
129.692252293857592
128.115212778036664
134.182132865705398
168.941695776082582
144.119442851731378
156.721473807809303
170.932619426699347
176.904609809871971
173.569446212861578
186.885694715382385
219.962190356610137
215.353866836034769
207.834254684041213
233.651111977187895
238.705672297677665
230.387131773598242
218.528940176261671
227.880806729681126
225.861823579659756
84.943868876539113
82.021368047682984
95.012835898749273
95.274346444335009
111.993389956311830
83.574270850770560
78.295248279913068
81.557554863347548
96.271877685472674
116.019016425927248
113.968059679943849
121.139634105249030
123.772923087908126
132.319397465923657
134.303389177121005
151.282822249851762
156.709828004129150
164.564324621765223
183.638337630032908
196.804861068825488
214.934390069478525
209.324652639639083
202.138562177283973
192.406704616412071
237.582587737513023
240.570535795157753
226.666442224896656
209.951005947056842
235.689169765234396
135.729382936430852
107.317568113838874
98.131925587591979
94.447772951798569
69.545407431711723
64.929381371357792
70.896190859931863
84.350482911748117
99.021711167183142
117.032616323625902
130.679645628957644
143.664624192904967
123.026645337902238
127.352165809459507
131.596876392097585
132.104755849388710
152.354870352221440
148.101940949909533
171.134985890659493
189.681374199239826
202.443374219858299
208.910025121822713
211.198767296186134
199.287298796720791
229.464649370538837
242.061800859640357
236.133059841363149
223.151417776265873
174.550667280988534
191.478223662140010
213.637337033682456
116.844168580830114
112.621044319060971
67.785608956675887
61.256806330891905
66.768706491909100
76.866552617747800
89.461429980293403
103.709880318232962
118.384982425989762
129.415061477024636
138.545267748188934
123.512283296283911
164.983410901807360
181.906051761203855
148.679816985428289
136.605246708769073
161.319678845017535
180.190140795101996
196.303223340184530
206.929392617743076
208.588048133599301
195.938567094537746
230.993897797680404
237.080863223570816
234.556209740037247
224.265427769360144
209.677358890643291
190.859518759001048
215.643893433695212
215.033091966875531
134.926447826340109
77.093713488353970
75.134399858464278
82.035869602742565
87.790985230094464
94.034065433606699
101.616346650741178
108.662388828230561
119.225341556952088
129.224615016019470
107.912116285098165
114.705051394257026
185.850350251652657
154.566914656220774
142.254771580725475
153.969637217954443
169.455382700678825
183.970690080745726
195.309933394425627
201.042705879949835
187.708448254864521
84.500382876494925
241.326066147137027
243.343642094027132
233.850179426593456
220.984868751875865
177.182284591729626
224.264528758785019
228.191052960558409
218.446326414489619
127.953240962624079
84.846226907231241
86.062414973527666
92.353081272868565
97.068026188612478
100.691493505540762
107.226375655214468
115.314220806350164
122.825766224463081
102.163978618183407
120.956718586470714
178.353979520801772
150.201199940112360
145.114118398057485
150.374839827726561
161.812943391351581
174.145262083612863
183.259559220776282
194.002207956478173
178.274542173083404
110.516200960968774
237.702631612268675
237.211872300783966
232.034992069891956
221.483127070627717
202.754684219333456
214.419796096707216
234.146038523964478
230.528786059969633
136.667614962138998
125.372749013006057
75.607811056609165
79.264661447907500
89.591313154581243
96.922462842320158
102.589470287951968
98.581939916929372
80.561459674622441
81.763680198932803
173.483618577690493
119.161947349184459
130.995260983417495
148.122536164709089
147.346163882005442
152.548433973580927
144.032351148017511
173.995863905607393
135.322394605866350
151.995179638175955
162.494638284592241
166.132294205475688
229.275110149507213
223.361052192439899
211.629704604231279
191.628148209646611
231.449480284509065
235.047156701664449
224.662708851987588
221.675453528658011
224.998139163093782
120.863785491081302
81.458257116452614
88.661939618445615
98.978122910912973
105.060185709961644
91.089562957399892
70.396629133385673
71.713425339041279
161.030199861768750
106.435916679788008
119.666457064298527
126.613313323510567
136.159712958663533
142.278897478151151
150.120045080613409
159.155702371536449
158.137013995242853
160.607891290114082
160.287729607411393
160.271528845901173
229.574560605999068
214.924550579934646
119.460353556348423
199.741102246131618
233.483474723839265
235.551672171550308
235.766346708529795
251.741595026590744
243.041881074721516
225.535534498010065
101.919477273017748
86.440359565553067
99.131120900869902
192.955075223513802
93.766182077370601
189.970982716074161
148.940529073595940
91.942751959475629
85.750962866440972
100.341533195766061
117.775399730074980
127.249451809688978
141.463631346124487
145.548569587758351
151.695081412332655
146.164184482933820
161.902122775267600
171.718051475282721
197.686669868507693
172.179908128539211
180.959291034506975
173.560598709142539
214.981027293117791
224.840791253320276
211.604614737682169
249.589645651338628
259.240259224949739
196.865135318836252
227.512204928285769
233.841389661012784
83.948740736909116
106.693772339512506
145.230309461638967
148.845903890655848
93.495148902580524
80.295693069480294
83.074972331612400
129.044523590082520
114.032596462492378
94.061485136022327
112.842179591106941
123.606052447369919
136.857542860656281
144.290978405806499
154.217348161521642
184.691902856173414
185.790061220448422
188.276640524565636
140.472806986971420
175.728511474827059
190.962441959825412
167.959284545736750
207.907461934908014
240.567974258092931
204.094822114631341
239.949923887371369
249.242577397404318
246.516585424134348
238.250878009303449
230.724586715277979
71.646201678647614
136.384189376266733
107.740037943811004
82.888476469994913
78.177403884346234
91.331238023744319
79.691953616550109
85.661769468638781
84.792562527187144
98.749689286494529
110.200083107691981
125.400902440898619
135.630894973649447
135.744434672093973
174.262997522211890
172.515431653325209
156.892247971819103
168.781398805434350
176.987837888931637
180.450407869253382
191.071358147714903
224.990742945564250
237.074932091318317
201.394741780322022
241.298596718685872
255.542040546479001
255.007164997602843
243.535486733900086
233.524018101498768
228.719869766003058
119.272454720026843
76.802339387723663
80.719986797044740
91.260646762931941
210.490287895016479
138.064760567737238
87.594359377631250
77.864344094844483
83.803019414015864
101.541865422633919
113.916306529213699
129.678459067162095
134.702582961046403
164.746490054873817
162.279463686268116
164.888299607323376
158.568669383538889
160.843673484321101
200.417959434843965
187.516486718842827
225.611884492973616
228.850588997462864
133.421026363703561
207.058714941375513
228.513614153102878
231.329809054112388
226.072854339933997
219.286249584573227
214.029963737495194
125.374472213043120
73.143576975309287
71.996046623277095
148.700646085223610
113.523657649420798
106.843237864330462
87.691673829470218
70.863835066643347
74.300375829739352
88.232409356690880
103.856868923587257
136.126742500122845
118.988572449242511
154.615301315459078
152.492508043039550
174.869847985782229
159.795248108819266
159.944278810025367
190.816667430489105
176.718257704429874
170.349826854917637
120.012841506025836
140.637591159567194
200.886294740292584
217.933617279779810
221.817323570230542
219.947756291397923
215.349650354725327
210.491213799715950
226.890772503829339
157.833543325596452
84.421264575274549
91.667264624765181
145.020871540210493
115.246441031481652
110.524960249698367
98.552068289702959
80.352398837645111
81.348864428910275
93.571231579087708
118.871000084346989
106.132366698465177
122.436391268721309
151.441475494782225
187.169519650649818
154.110107325696049
150.634243293459662
185.979757908803549
173.297649508250515
168.184753662941432
167.653271968096817
159.436921605931047
161.754175225037216
205.873346451688576
218.567309879263121
219.862802933272121
215.784808322114685
212.535778675287531
196.758092467423694
199.015305310929193
231.867306977915518
103.921789097706721
120.716066482383951
99.727723798937532
107.017080236904405
191.160798746654820
115.463111493085719
108.571730321440981
91.183963853093488
91.353242912353551
102.083983624262117
120.180722262053536
161.485583188989835
181.766436043254714
150.881727929727049
144.989797727678678
175.194680902007434
164.878746738702176
159.771948027239546
158.514259001749252
174.799247510945236
165.212208181695246
206.531640686707362
218.071383592069026
217.983995958972997
213.614261356700553
209.426571169773155
213.257494690600879
222.333098777607745
237.269509928796509
232.362765816284821
100.812500616235752
86.836559833088529
104.361911995829018
172.343353732757151
87.439380792831997
72.746508276089713
73.716439368786027
85.653417301868274
100.145462613020200
113.910119223139091
151.279590950662026
168.823214314753614
142.838577811477450
144.595897073050025
146.592426626861538
176.825606039126029
163.371082186799356
158.057862395165614
185.580602692611734
197.628687436586176
185.209319562626035
213.155080085207032
216.364779740370977
213.029767014048787
209.504047700094645
205.582347968130392
228.681175891493723
243.637522579598169
238.542768626482257
138.469107979296581
90.872311375845058
79.343407049689887
95.326711521882586
110.349116320264500
96.712446139015313
85.042353809610091
89.653515489452488
103.341711947599279
123.594219173260257
108.687296533461549
153.544825277806609
130.626846122633822
138.151134993808711
142.481381922625161
198.189693323498886
158.911234488247317
186.352428662725742
127.077903615266678
189.052182870958518
189.895375104408799
236.192705848995303
242.290654490967341
242.816432449915027
235.953971395765677
226.978491646730788
221.111140198075617
239.553606797118363
233.955983281789344
222.930341825793363
184.106979494062017
62.669368995043712
69.950991492671932
92.532226013158080
98.196434064337453
80.807794193346879
82.995067456601873
97.604773899224583
104.947076889752353
141.368236061342202
155.068351663750036
119.301660543182308
130.116976030898684
143.446320842100363
105.184432283725201
143.604379623261934
150.050474698146303
157.544374374305136
179.195013442985925
182.186915348378591
183.681981376916980
184.330895341577786
235.776166474761055
229.650888625101743
219.387167498033079
209.618596097188060
237.763420257458904
237.895606132101904
162.550816829767598
223.050140940903162
184.786405516455801
168.064080127570520
154.628732036411691
165.704915679759296
120.726025144797575
108.718933258405428
183.275785531504368
143.952859253609006
125.071832457818687
122.655718355254848
125.869723660809115
131.543500818291420
139.655893757043629
152.128982813299302
138.251490543010419
141.712416170934318
188.354995089166664
168.647651263395886
139.118770255172024
155.800023815475498
168.388516968235649
157.769824192252003
162.402164928303506
164.773346922871070
165.501193408153910
166.194590663423384
168.102007607157759
168.998759015429869
169.896773953137910
172.558209697135112
174.424005969910695
115.594337334587550
85.884211045621228
90.756381355369456
104.612638929067174
161.629999203054012
128.845996772672834
117.430376287008201
116.103333046762998
122.489440342951852
133.909520071705799
150.148627816803213
116.314346977998639
124.966558916335785
138.165149622763636
183.669999303368115
132.020200631157877
140.555923380290864
152.669186144827194
161.097275958708906
89.938390274371898
132.646898564739899
169.749586037121816
184.660542683267465
194.660561975653025
197.489046408109232
197.795689136470259
194.670079396393618
191.201066778853260
187.804589109830374
125.503797103243514
80.540374866397940
77.833206413244199
99.688923678742029
146.609641222850058
114.904224936372188
106.064632515187853
161.885821601404217
154.861649103206560
97.263845968831674
163.285011879125790
134.000909994197599
137.248977743180575
156.652585254514321
114.631098918347675
153.721018233837128
144.172328558848875
147.244315579553302
149.973967143074702
92.173575991778137
149.409047383691927
181.858060371665601
192.585516779817794
196.927557511930729
201.280490806769933
202.863628719463236
203.774601029906250
202.811380928911376
199.797482076425069
211.107829963869506
169.305636994030522
87.649082790534550
85.681884817126132
134.463699346479586
115.617317285756357
82.182647695160938
99.657403769821727
75.832189127300140
76.828611543234558
85.823139899893988
100.022414863856156
128.575115193804010
110.601770451635161
107.808365411978770
186.691018415318410
157.191158637989332
144.455958409710433
148.324540410000509
95.671645041624828
147.518171276208705
179.301923621387601
186.719746585035921
197.201282879247628
205.012252212096286
211.642356345080316
214.911802917488274
212.348718872573329
156.444071962149252
224.852683013516582
201.229347495331552
233.704168688815884
89.317522514016403
129.418030264993831
65.532119069824830
58.072527639474771
119.455693979963655
91.992661715170598
87.752775325208631
100.867522424626301
109.464314599872722
113.659712835844886
102.242033519838259
108.298045375404982
116.727215785588356
191.585537839832512
146.735667724600290
137.221936378519274
118.762352842274041
162.582782506546408
184.206041663829666
191.198142230157799
201.363374011573399
214.278997389476160
220.767278372015767
223.198254121946263
145.073110575279031
241.095123356971044
248.371519524244093
241.420666332246981
250.175724078667372
236.200550736711676
73.787928838117438
48.019386625013567
56.621214078954452
116.241980078489007
88.047375475311753
82.935092473752889
91.900940192951751
91.976963576057699
163.013262455453713
92.453521048974281
101.996526141357364
117.707637129050696
192.208001251984683
141.508953206413821
132.441387589652891
147.420454671727441
175.671915583677389
189.710170348603100
196.252555627637605
205.606187729308687
214.879593856911072
222.347898362192666
222.888675541363909
156.410909000629118
229.063580404540375
237.918260854566455
247.400548096004712
259.799658255187012
247.543843580576493
231.060663473275270
48.712733553473129
54.701551446141167
113.800761283913658
92.650788704673033
88.174973521256334
93.555440982159908
110.927631077379630
91.220016426326751
91.467781681402769
107.548833091837423
106.291932499227784
194.092852553153108
131.129083281864183
128.966673856992429
120.811268471431802
165.106866059492148
172.783643608886109
180.891968342185493
193.090503370471339
204.172367249605060
213.657658011528753
217.263662390704013
143.948168136108507
205.619615711827635
216.490285918821229
226.116648259614806
250.106133269318718
251.973621697639032
237.788152298851543
146.044463474849749
53.082825367618895
128.835207361075959
100.165277348359439
159.309208002418444
118.640050793606491
130.127345130518620
100.525133590267757
103.041826979340470
111.601014805993060
192.595290230886008
111.160987982440318
115.803893169851534
124.059328215099114
141.869744317050703
161.988082724202627
159.919075469424172
168.675394322062857
178.447378971591121
190.935249008381277
199.384773119714794
205.292117072829399
151.402103889252629
183.752086332585634
195.692937107401860
217.060119873037053
238.730378343020419
239.483342680656506
232.206526513712902
157.495801906651906
216.483419420044527
96.399537894535598
134.087807292254212
120.077984173969782
120.187188794184735
73.302177945569667
74.883547343154561
86.364581992998424
100.484150351122295
173.804720009969571
106.906182861755440
105.284888693649179
136.782178839667296
137.152856874714303
157.509742462366148
149.782781535300501
157.776763508994890
166.966348599334822
177.049608055292310
187.148390697453976
194.519231838547000
198.889424851846741
114.843733401232313
175.615486241407865
221.030074733254253
233.934076986479226
231.196612480897215
175.461840927952949
232.044629606170190
247.218795470845947
242.756097526592441
102.297619250213558
99.420982064027413
114.045821222208247
76.903673508085291
79.507548222340773
85.137527482283474
147.343086837094262
91.146413588375182
96.527517150121696
101.965916694939921
116.588856681061415
131.301837001755956
150.497399410793975
141.102935602208618
148.812244263510934
154.789060455010144
167.510837990497663
176.198613949110040
185.264585006572986
209.791567827112971
182.211471665736383
210.657997135381351
220.571855187891231
152.257833233893166
180.215410493599052
198.419431396166033
178.531511463904224
230.729888844977154
241.145945419107704
244.162549701580645
114.568888277585387
109.664182742375147
122.135298637974856
134.465152278217118
81.203937979392506
67.951815356073340
131.072583603523611
83.986876388601218
85.784533339372658
95.329629855570545
121.487931633312144
150.059562551131052
130.104023461404665
145.916676275232589
156.181388536619608
158.242859831539619
162.252954443508258
191.197576799555009
174.876296890028556
198.964754911048175
200.293818930776240
142.605153957402848
235.676794324796390
226.591266151188108
215.238121620520076
165.932293009081008
220.099049757549892
231.032629504867259
230.522907483335501
226.460360005011694
132.802895891134881
120.543640987338591
80.681546558923415
76.953787606824974
79.883457991277623
117.168650971685594
83.085107707275256
79.108968173863900
93.210580180327284
139.016260145663125
100.402213443087646
121.044255187063754
138.604794127427340
148.038922657796405
151.070585814375590
155.717537812699533
152.945940106209179
180.201559901279296
187.051971080375495
181.741877934901112
188.574883986619682
184.818819542242352
223.004082450572525
213.221796992214649
192.299373176784115
236.801761882189368
244.585807419973264
236.870004463425715
223.820653384220009
217.868071815264130
103.378392492843531
74.191322296291958
81.038094870321842
93.547774928120504
109.070517177663959
94.727341943953604
124.350397953381673
97.486704838650382
95.085632506313473
109.891087223269722
103.537739243452577
122.777778407747348
137.084547479925703
142.670443765850621
150.852887970829499
151.383396910716556
164.652459492830587
173.060418838851831
198.483160358315700
206.684396814903579
199.417718277174913
190.597720506459098
202.432349736824307
196.026072240495523
230.853160627879646
250.068254587474144
249.163237230028017
233.746414702352610
252.578149246869941
151.876640537029857
77.911110098639057
78.065145832309724
103.079854580167279
93.495098463979900
75.814127980787191
71.490248101577251
80.366040192021686
92.289036789625285
85.565191733368479
95.622208701863940
113.489349373798220
122.060875256204682
132.670825169323933
144.306250388504594
146.474311671175172
145.844724820258051
158.964842211463548
184.344369665770131
201.829152054141417
207.317771043853242
202.338275019634949
209.258814060950357
201.398916597942133
224.731787670906641
242.186849150004178
242.309380492300818
230.472952931899840
253.616647150537801
240.436085355343380
133.247473833312938
101.124244756837996
98.325082626622844
67.373075638763467
66.780437074718478
76.517078066456264
91.242516765606894
102.158718795145958
114.369606931680693
87.514409769285592
96.741260589298150
111.243709228129575
124.847081524175877
133.282488241976381
141.283395607180296
142.852844558608410
151.803997433229313
168.212976923024939
182.840927531521999
193.871061745753764
194.542414416221391
198.941936684391976
194.629162488712950
226.384846366813036
233.982948351987659
233.121618439504175
224.620969920973124
244.983228400506590
241.690348623620110
198.825434604199927
217.683542781328072
119.151902922032775
84.145280113674488
68.052630672955772
73.038471077600406
82.486396524897373
93.495363420890811
104.344355752624409
112.910173616990249
89.436456894283211
98.617962192440757
109.892942861310971
122.809174684885065
131.190039723897570
134.986702592889401
156.623588310467227
163.598266899142430
172.231091867363432
179.843430732769889
186.533869029774479
189.192710255081920
183.627059528338549
186.648807581010004
233.567227543714040
227.211876239644141
217.787005644539818
209.525051132678186
212.756534835376613
225.073907647146996
226.995171259995374
216.810429029900291
115.014863613238049
70.073643561188703
74.120396236110849
86.421335661326921
95.202075254283173
99.993892333475145
106.591252963623759
115.426632816929754
126.838052894666234
101.245240310109523
110.032383840635873
196.646790194020639
149.702286124741477
139.101934361588576
134.296250237321630
166.398534764918850
171.585502255603728
177.581930315676800
183.792260977957142
190.746929307121093
95.050604835335847
237.279129725538070
234.369472286524740
226.086760472876392
216.134482215486855
216.799758651634875
218.227510175736427
233.130239669923014
227.862538812065281
172.103710186885223
141.062622993911845
80.736066674388724
80.570944076745505
87.889941310877347
94.173908133876054
98.494663171852181
107.471238534043906
127.018213419518133
103.009491422712102
95.076457786846063
172.640269552925133
133.519287702632880
135.079624958522544
137.044288291549009
161.066420564379740
158.412091074753874
165.658454121176277
147.734053840404300
153.600157017821829
154.317276464084586
155.041393756522666
231.185131790953960
221.990554598868840
212.551388215779610
217.077740082439675
213.782160269246333
231.272909678512292
227.666685683495331
213.164499435431026
213.762312907472875
136.401455774661599
81.596923006493682
83.852899464017298
91.680337510524410
99.251496453953678
105.118007968668707
99.453245580410709
84.553480404101464
92.186626435928872
172.297024869669741
122.747332837776057
129.277164478664474
161.510634727883598
142.741309240858754
144.741277803488629
147.899533827557377
169.554782204109074
168.340363216594056
161.338733889363340
153.148358972421704
223.310022499823049
211.530573117398660
205.200473695413734
99.068845552850092
207.486275053902801
235.212228727140257
235.779296432317665
222.096018357779371
242.427655020565624
145.276675704805967
115.775177632810824
87.455670003650070
95.689200585962055
105.023918232449390
111.578054860923118
148.766873980807389
105.690745825055473
162.138549506335352
92.987703850167605
95.564474082860826
120.433578299120782
171.643094589538975
150.762178904655570
151.461906301399551
150.295511144074737
155.897849235733531
157.318182372419443
161.489242204703885
161.003408321421830
160.442775913126695
164.984413894678880
173.298428012344601
185.370875882810623
222.020977311949594
229.557424175705478
226.311893102135230
251.633638488670329
251.017476258126578
179.766904869308462
234.468295924361485
115.507388895650905
86.600362607449796
138.235907098028065
108.959389259923441
96.170251488241405
153.066382662123488
88.768930579912904
78.705799174778434
135.548431673735507
116.179564856174281
108.337983743468385
120.120711129582304
133.109981546444942
142.229405775003727
147.234978655539322
162.053916480942320
198.454984524016766
207.045292853393363
210.525840912096868
158.099992702619403
192.912211657885905
206.570288867609122
207.959210345095698
224.576110305161677
248.030470677196320
189.985906144308103
233.406895226647919
245.714173987489261
243.126651173854015
235.712716561198476
82.535812756504427
122.384917958662371
103.512484310043959
133.360455562518439
87.023156597039275
77.818426550703109
90.559210244324589
96.916669722611715
105.107034706039116
94.950003936969495
105.379686411914719
124.802405725229079
137.165819991460324
142.030737872570825
162.128017211796504
171.965790579663974
182.604059234466177
161.529189042242365
179.306812291637243
188.308476045942001
189.109813532506081
157.957506916665352
235.909484122445804
239.795364865102755
207.850534608397766
241.917442949134852
248.372524138131354
243.795404705952876
233.972507435794995
228.598098362998201
108.487645420130335
119.196453645021961
84.868535546382461
81.132735344802271
205.247843491566812
141.468939066466902
122.892089538266390
92.795392053258396
89.151627860031184
94.218881108175722
114.155848698520501
126.585501038193016
133.546325718577748
133.348143994758885
159.957357407608839
169.930498139104117
170.120964287608388
171.303922904151335
172.612600413339067
194.748497362701812
193.023439727236337
234.931969704104546
225.379873133978009
137.614072344121070
214.358703536389726
232.806109068940543
231.153307414813241
223.443926470308952
215.736719534779610
213.485776001588533
93.282654895022915
73.590640826584476
84.636951878191070
157.465963898822110
117.932483228954936
105.101474295824460
88.741005764107399
77.732301378717921
84.508541021162642
102.421571017268889
119.044499924138563
136.215226867835554
120.840944523176304
150.567557514248051
159.194090654591776
176.816845916667830
164.704999280509526
164.414678104749839
198.586533620834274
191.843822530460329
230.356531355151844
210.508274302989491
131.459390504413790
201.978446354808682
222.312004705124167
227.841603612902361
225.567850647358341
218.864895130280871
214.576125547573383
137.697353746688208
67.620293721789082
76.731547217856530
148.803192021747918
112.787267890075128
106.885486122522749
86.241577515087755
72.209414211144392
77.764859214583396
93.722090952157799
109.789640541328083
137.268806062062197
112.289016116236667
145.395933847484400
148.877931890977862
178.763365587078994
161.120989350891932
163.514625613828770
186.426099010251846
183.295404911391842
174.241005332133881
176.567462510276243
138.193302375691587
195.602844112619778
214.551601136625038
221.176422293456540
221.799894330096009
219.360019217158879
202.974319405030315
193.142041314556479
145.965193295096554
84.985532061397095
132.356399072623049
104.702441081253426
106.399079312503019
174.912038914258545
106.677270116358912
100.249740962632416
139.765379342128568
94.971388411005989
91.532163391588639
102.941461451170483
155.048843983771661
140.350737226288203
185.481771314368018
153.915102802159453
149.192847313806084
177.541395803164789
171.874696647546557
169.549035204859479
204.215449013177192
158.421981254895059
196.674864190496635
210.689494924722908
213.760424666417322
213.011763690300143
212.209952359867685
209.942259627115646
220.471076475874327
206.868359916247641
231.156741543733887
115.988049530482584
97.190894395928851
146.677400291622433
77.262122097981006
152.194950676248709
94.130619057151861
81.695082940011446
85.964534077060961
96.398919004746659
105.989053515180757
146.161389310655920
125.512600935710736
175.193425073460531
144.773118727257582
139.453323231226676
173.992319314936026
164.038041122943440
162.410519131380596
159.523294988683347
189.295018424440741
181.854936576195087
213.599918612839360
224.642298272203362
228.552739146514625
225.563678904204977
218.648754697369213
222.730739005569717
235.287449110498869
243.296247615044763
236.781383377088787
99.534339367617761
82.598503426837723
84.891381011692800
96.974289921021850
73.434385866769063
70.838455400988551
77.721024076595342
92.008235875445138
103.104867500575239
137.064458909078155
114.527596168972849
165.864076581420051
136.468528316920242
135.982142533028792
177.165373026818997
164.586787078444871
162.721954820688325
159.455500382120988
194.566591818703614
195.075589120956550
196.940313414284901
191.111434591181052
226.848930858498647
222.240782140012811
219.144617317493811
216.407385446995335
231.441970531684035
246.258045510763850
238.283810335542711
168.480759421442514
86.640574421695604
78.283395064241205
95.221628091465163
110.368619236620191
70.943177728237544
75.330832152083502
84.708839130043444
97.415042508840983
107.472729984512966
118.920116681353036
154.687330251657244
126.037163790800832
131.326087249648992
150.459849309245072
157.306939780209916
120.143332905272658
135.623323553108122
169.275689256681261
200.020506660643548
203.068177486283275
197.958734795139577
190.291502740080887
232.916875895339388
219.164609357595197
111.381888726253521
224.125306946683509
238.198259946689348
235.162588524469840
187.449148816003515
229.361289644617756
91.683159539819769
86.300528018915429
102.718602922106641
114.039207072793545
98.520555030810129
91.040254687989560
89.693079606485469
98.926964834379433
152.459321696410001
101.603448032515018
110.208270756719500
116.077538440055505
132.369361603942565
142.528475800929414
148.304289147180612
149.087027700926740
172.690332870728355
187.966591956616583
200.326913657156098
199.857951185614468
197.926662214997663
190.445582549623367
208.602223944415641
197.893729586638813
230.105034424401737
236.009313498276640
225.522980874939122
193.003257746739450
234.464911891391040
183.879244939934182
140.393241906418012
165.903213804517208
115.417238348727452
100.963040684749075
153.452717750852997
113.682143881051601
103.638347381019898
106.619952816052390
116.994785514271243
131.844428418116848
147.830307320840063
166.991251964037815
139.737039799484819
181.425839221354806
164.388787034724544
152.516634623024430
141.763959735855735
150.429919327987079
160.479763950223912
166.784601554798968
141.759611198267237
157.668227188787483
168.886285247031054
174.835025948636655
173.853036856326071
169.602453923936537
166.706499440230061
166.039019141138283
168.025313179904828
147.735895870423064
94.382075253851312
74.937197538241861
89.561758360165058
158.865404045792815
123.554736890354150
114.140908974775130
114.603686005603080
121.911372887243516
156.936828246671666
119.141352649830651
108.996821858410584
169.922154868558124
143.267981434408426
146.819978957439645
151.214610340773163
144.987162549456372
154.872540243360135
158.751292051946535
97.029562311674624
129.938224635146213
165.530612545518267
185.024981100171118
192.849186829277556
196.491654247859628
197.245944317154652
194.542553774672172
191.565155046906739
187.730174632439713
211.265304716935788
228.826195546972087
54.202245168035489
79.672547379872640
137.245463873483288
112.741806654062586
109.832707949853926
111.611126500087650
173.712147650295833
99.414281431496562
124.307127331615391
114.007343226617223
112.424087275739709
126.238970505506842
133.065910986979247
127.969580949355304
159.989598022994471
154.242244293355299
155.292776190967004
106.538260343696891
135.014172130727502
164.279861472690470
170.531709560910599
175.646100442937353
185.608044745275464
192.819051459367302
196.207986099732835
198.052037714270085
197.639284805620946
237.193034175389073
159.307041419461257
144.674130758777636
78.460681670946542
127.105208885934076
75.885213219540418
62.549813402715785
67.598291817146489
113.979854577906082
92.703081561897022
100.505093582206456
117.163820512343079
119.265648678954733
122.691449496016020
109.447113293274029
57.988896336040966
180.655016860571379
151.222754165084751
144.657766188241681
63.731697496998862
116.921367497180213
164.914051427291639
185.889324839752334
201.676285498723871
216.548794772170169
226.559670431389691
228.500561318784975
225.842521258878122
134.508206475535360
237.133885007329809
245.029919956581267
213.389904855950761
226.365755443538376
103.157043308053119
55.853833816450930
50.704680408328755
60.974689977257370
133.803533743318525
93.524765973487533
94.101458584879438
109.030522963690657
92.117690845553753
78.751762219593658
74.664478090705330
75.094372299869661
175.637881790003348
141.229996673349461
135.036092920608667
116.670490689217701
153.300611776369180
175.691942800232567
181.196312484415330
186.367324734149719
200.151884834489294
215.587791680624434
219.262123881486872
223.532792777537480
157.100626417146771
235.345572392359884
240.174366442080242
247.330199353291306
252.842153902712312
230.351774524549967
57.346235869880516
48.231113151730682
63.423014330247810
127.345663366754906
89.476146830587254
88.936823653742337
98.107413055287424
121.888248696072566
102.245687822271236
99.320861285087432
90.754371402448200
176.695942810343467
130.410088060399801
130.871046161332913
136.262519371272617
156.406292546667999
176.084433489565185
188.196929655078407
193.756397072217112
207.192809832430555
215.162322718825635
222.586747434651102
224.314736437282136
153.169572358394561
217.847380876672361
226.530732979657387
238.674893446574401
257.484841871872447
244.763168241914826
124.584330171980753
50.097986709209039
62.410654476462256
133.354935010469632
105.973758624561611
97.702279542946002
96.884286396032351
88.197571649535973
86.687120208248558
91.917861882732439
92.670508579974694
170.100922881898327
121.859293059910485
125.383639083242826
132.359423360983811
135.776026020372910
160.737520391850410
171.929407252544138
178.990641513141185
191.448841822705162
201.168473112193482
209.110045275248780
214.551670585205954
194.489352418185604
232.845189608811495
248.582180585525720
231.190325084014461
247.277465748644346
241.786581041654870
103.805011404355611
219.353631511050139
63.477917647983247
76.387929461493329
64.925569263182666
69.956727566776294
84.669524835714839
180.098659661221689
117.272435418964349
104.846087306196779
101.531821328734964
164.049657895157793
109.730816920765221
115.178409700680533
140.586065735070321
131.486732009516828
155.233492761882900
159.067015696972447
169.768020245455887
180.756137168471582
188.349672120863971
195.176324304848492
202.379874409369506
103.036946540801495
156.030081955006096
242.176842693606318
227.735518713136287
235.257632467984791
230.052484202004280
146.923648721101557
234.721151498252880
244.719144694696098
156.642980278656722
106.564039390270551
110.851337891105757
117.360993684987164
116.835414545306747
89.918236535407914
83.534245431354464
159.245757699107486
95.535848996689907
96.028284024352558
90.793754666687661
130.254056094685041
145.346020117553792
125.317807926341004
141.701160557355763
151.955832542219525
156.433974820157005
160.780810053750969
181.270114008310600
187.292264826426191
200.567392175627930
196.894855362422078
214.186004005954715
222.847980856053937
221.062971017246014
208.242675353117477
147.873287245153421
229.116870551715664
242.417782196108988
242.555979800099294
109.198975817122260
99.106690246255255
116.003645608086984
122.354987841333440
91.458056118228825
137.702553274917847
82.742003268111901
73.052781886104981
109.879476085556462
88.961838077499607
116.859618853285411
150.108148896434727
143.881026376137982
150.533222162745858
160.104068218282691
164.321144246501007
167.337357904018631
178.393044974179475
181.207071671508942
171.728836485464484
209.269008540994264
211.071593739028657
164.335506562221497
217.285283257196852
230.882444451707670
145.215157176548189
218.631790890216905
233.837717036198285
231.171362931870675
227.198364790018388
126.828190316003827
107.932370616475993
129.662763807494514
83.477659370410493
71.059720246842147
104.374839706031239
94.250606966266233
98.654901459529498
96.570490991550599
104.858282097968200
97.973350037922700
117.609217704477004
135.784472774900451
150.771896926282011
156.530852580042563
163.558516411121218
164.464037102026509
167.631248152819950
192.987020002420024
198.999495571298155
199.517734735510260
198.832387418707071
219.026482901460582
221.302634844139050
177.109282178111187
228.469595531129926
241.460392836322796
238.583960095406724
223.195976832681282
226.067680740316149
129.521736766986805
95.015368294374184
73.394996831471104
74.447550714440098
92.598416688843571
81.991301863015309
89.710517887745482
92.627005158486938
153.252854148406101
89.533397121819220
100.911802852142543
120.853152241369926
137.205363467838595
150.080682651838401
156.624743855741769
163.238872722931802
169.953968985064705
184.176126494428900
187.974465334229421
194.740138475329701
202.251110074931262
199.895604543779598
205.270663294811698
205.835546099532621
208.627281489503901
239.704262055555489
241.632279137947080
229.344102377161562
259.268914494557634
260.274243550232200
83.804451307440672
69.569484122823809
82.600660933669602
90.572082721629926
77.846320570991296
123.834814761922445
95.256686828446220
88.442716305384806
97.546449854328486
88.384690807185081
100.082403685112965
119.606195378835523
137.058080402426754
144.804727400474945
153.196102672313344
157.718666384999324
169.599228453178085
176.271404187846343
188.488593610219453
201.784441755626460
202.796214326322229
207.162388931650867
201.505103229468972
227.950052395850605
245.985718005419812
249.933821226062946
233.804148801183914
211.414958597003988
265.561680591590516
127.392362598406137
89.307920128512748
91.352108928628340
91.795610877213846
72.363534793657792
70.695582000222927
80.622845101438116
94.634027016383101
109.087395778085636
95.891932302391311
94.155729154310833
106.153310967492814
122.509474706789916
132.345920543139925
143.525689757603118
149.113976189724724
159.422024429276632
152.451806690751766
178.689343652061467
187.731637592404297
195.913599894142749
194.461909363919091
188.271040874678505
216.819793355173715
240.702517985455216
245.182710075813162
240.907105992283959
223.361228144981823
259.353122766726699
241.723943938577037
185.312897084026304
98.767516698689036
92.336142172497290
67.069279598813196
71.185312963983932
84.339310509762058
95.180694642033274
105.996963910710349
94.502308827741416
86.584279545113418
96.675642701412002
110.154678850204348
120.460570034164306
132.078717130940959
141.439822695964153
147.279162508592663
148.186438792866284
176.112634695755759
180.393090553059864
188.739204208994039
190.251517926863329
175.814406330758288
177.397230867798640
229.120479156901524
234.833280805340223
233.480467899349009
221.530603702124893
248.883682058704750
199.839732809936777
206.475122356240746
213.876887368354090
108.053458012704880
70.141795875941369
78.516735982697952
93.024025724652162
102.506307216851397
106.090061879535881
108.546190107942181
92.249029345628401
89.882173544120789
95.629669269500980
110.142673926747165
121.428015877189665
132.113124076072324
134.930361804478679
156.442458834429914
172.401299158304482
167.825305424394571
172.636020529961002
184.402765672731476
190.800629152240219
115.200704358270798
225.806706720674697
229.014449405365042
225.231551343433921
217.503932620539132
209.362477072257064
238.856238270303351
230.028804736914026
232.176265475997724
222.249808112165425
122.375193522677762
79.741064015209801
87.033188418069557
97.857594007515971
101.892319406796048
103.423787837856537
108.141398869933738
88.426579529981069
92.999452267757079
99.729385476229538
112.625143526978519
119.203071241404615
182.053509815566230
139.119147314357377
172.304928657522225
156.636984667412548
160.200152094409447
169.927468062705969
181.695371043584970
138.470273796467438
221.509996240680465
227.466380856997347
228.921049814976982
226.310138633586007
217.056196375988804
215.801719972382983
224.562563255744237
241.793773865173364
233.846697470647712
222.773413834743337
113.623538040701789
75.326244893491975
77.940753746086642
86.415942405060804
94.490087811176920
100.335973766027976
112.571260890713177
107.163062247796390
91.476631057483672
140.679771924338922
178.445659968941499
129.105259122114774
124.970481247405417
170.634166577369172
147.501095173652288
150.630155161366673
161.681602432844045
170.733181502210442
162.673326114659375
151.156044570273934
219.479972973634972
214.022251316033191
210.639761345729738
209.097833113928402
204.456453799537655
230.778498415009494
242.134982220657463
230.890773110930127
242.284311412770762
169.590359211260761
113.482323875019389
69.216979351865660
73.757841082461184
83.780310880505894
93.712548080290929
145.740943697185799
96.218738993653275
177.440844123565967
172.460522683440729
106.631634008002933
114.460825651052929
129.030663101216732
167.825480889100845
167.452967954951646
150.503847901956021
140.443412286291363
180.936975155623003
173.712738445185892
161.290258709200089
217.292668455937672
211.052365265684784
101.864874447629802
163.222826297783797
208.572656522288582
229.198050761491515
231.443386792762226
219.432220079254193
245.690476640586127
240.055421089309846
189.528283378746693
121.894430721798443
91.284350970447591
98.905181801195852
106.279832977715827
117.281784560844855
83.551505444862769
173.203719623441174
89.994088916764909
83.154287926454430
151.994172245485686
125.020511255139269
140.504499444911346
136.606801916479185
139.805820946285252
143.685472509107313
158.720943907340768
165.663218524641906
170.596260658104541
171.072739893788679
167.929777851811821
166.633520916502931
195.972983936661763
217.899574955444990
222.149947157696545
218.541877658549055
253.285348015591978
259.055971317784383
225.012576730904527
256.637104706679224
257.857738375317012
90.680835471138522
83.171451625919531
139.024202812292430
95.427261512034150
138.552726668736511
81.804235040879291
73.083696705599891
89.963835856501362
108.804797568732141
114.717545836800554
108.402129037807484
119.630094059736791
135.036417249884920
143.261188982406082
159.575218822358551
164.547066643502603
178.683734444659677
189.722940586077812
161.043742639027357
191.842473764691562
203.669366826585133
200.663547298947691
222.258086647417628
239.601122718706904
245.564802587516510
219.125245401651796
251.384937124940734
261.600922541105035
255.293359106867740
244.068321682249177
217.263650505950181
122.530637495959709
115.594322669854108
80.837022994716548
75.047113406529093
72.582587906709449
79.686796023622335
95.236436414805169
107.412407115567049
95.831872072282351
107.593525102245451
126.491410046471401
140.643168200137495
156.455354323251100
163.708440238082090
173.798361671222068
180.766972283126108
175.507394720210556
184.430432694993442
187.340793212948569
162.360425796630153
230.854798783354738
230.228109564265480
192.869694383977134
241.659307538253529
255.927424782893922
259.981937366745399
251.319636678428878
234.011095041133188
226.307659586801037
121.315073615322589
72.556809517619911
80.056027787355305
92.382986500515074
227.982370968096347
146.479037265433561
106.068898929741721
82.910995441370090
81.491486922286143
93.193423480166558
121.900970711976854
130.441648773842587
135.928755462251928
146.898071943926652
161.324306648525379
181.180087423582648
168.191366141180680
168.936481174429332
171.011873689929331
191.307261457713764
227.436846242508182
211.818548257320657
201.865020939106756
150.089120526908715
213.958069082210756
234.503546587409062
236.922090695016919
229.877850840609284
223.579072244749540
97.933329862120985
73.615152977564549
73.312167959908336
88.967712867366487
164.871283158548039
118.854235647890306
129.941385157769560
94.036902363196532
101.197621808623765
120.517379490963123
128.080377662639052
121.681155173827023
136.343397480998561
133.671823428088089
150.642763903750819
184.147638810815067
161.869973969909637
164.458329881316047
174.102907216991412
190.947346377672261
185.315614649237943
216.238632668129895
110.844584755311246
155.380138733779177
207.296475762846654
225.560036756045008
231.073962297691821
228.172451389585206
220.170039085872020
132.509293252013691
139.858241607709971
77.336102204159246
82.956103269045201
152.861976221684927
111.862635536401399
131.066026182552292
88.465711058160934
82.183367997125146
99.635395867007347
111.710022848624703
145.667108041034282
98.227109282862955
106.974307574340415
144.474723767171525
188.367018476568802
151.890681202294047
149.644747346698495
161.034560381795842
180.675184809114029
176.123472485101274
152.127221769617790
163.809933772661708
159.106919407881463
203.424368550649945
219.885534905653088
226.534318226477097
226.238107199910417
221.314726556972289
179.720539394535081
197.432260708587989
219.859031296885348
98.929049452541761
137.113791782969770
137.255186697894999
112.812230055944838
108.270413085216717
61.402162744703560
74.039888342257200
127.747236602363529
98.090687288016326
99.569810527212127
108.309917386846990
137.540824667309408
182.264900700145176
143.656808004373715
139.941254430514704
149.256629483112874
170.608020922529761
164.641315192896684
165.372403227216410
172.630109461825157
178.386622880319095
212.977479366733007
226.779449345741284
231.057515551848127
232.208287075643511
227.110820707714055
173.530607030192982
227.785590619081319
232.228835215261938
223.018600482237446
116.592801924334594
74.249779216787147
76.888962374157785
89.770813282224793
101.624062889793350
88.259718298476486
80.998204843683268
87.985442560857052
99.588876046017091
110.487539940523746
147.916174306836808
125.925344898294838
168.440577982152917
138.856333136530878
136.539929096859339
150.915797525928582
163.208635936797862
159.810002421369859
170.302765628965176
185.965187138758438
189.776399703191260
199.948544362022687
199.241654538157604
222.602081378131118
222.372027999787093
201.702204813054124
241.136773534347867
252.473352279014648
242.315556028617664
225.376731693313843
80.144784971712028
66.394646161330897
78.644528656345258
96.277330375616657
70.882323342833985
70.654879356922137
78.610414158840513
92.580372469177931
108.652247940735577
137.625674582440183
171.388645479020937
125.256798385015927
128.791122215453697
142.013720926742934
152.386358257819325
154.491275912573798
160.917298976839675
184.422804321272622
194.217750854588701
209.355294692895257
214.041853306956057
208.456316541047272
200.080790255793403
220.135778897712441
202.573453333753434
221.442853952123187
245.949907269154835
245.844405192556366
231.379394622177927
166.210326796988369
77.862898848573167
75.757568541213686
95.502275868738764
109.463010170817000
68.254899335611427
77.332639076277047
87.209543865933384
99.034522069534631
112.033402899811108
153.133300091857990
104.450325560535603
121.024113286824530
134.440379900019764
146.826376509736406
152.042965469659435
153.823538198316356
156.301951592380306
154.077353049666954
198.852864470259249
211.239694167374182
211.435375470725234
205.160527476067614
194.927279691183287
192.223345396501770
218.210529649937200
242.139807267525214
240.891173172058018
228.728563018099351
190.188087305253475
144.091128339466678
73.944750779874042
80.594541446436736
100.538604285441494
82.412719355392440
81.731003515856244
88.580035027690840
100.371349248224618
114.295542431509759
143.954899753194638
102.724035657846969
105.220266776849300
121.200878727385714
139.215850665080893
147.771609279019344
156.227000734825936
159.322849780581237
158.040268392954090
176.366304514779273
197.143098962640693
209.054858355664692
209.128982288687240
202.079214285783252
193.990932842270212
215.803376779461416
235.100515564194012
235.183570365670704
189.545935470808672
233.816156952629456
238.865703846338647
184.496124650151671
170.162647849858615
114.051315530702311
96.634338956774542
100.539100727052542
169.218095435375801
116.580587835322149
100.253311021179968
99.446746467828476
109.897661386956159
125.332937269243715
176.953024478500907
144.501495594034822
190.074035746948056
159.376753669304520
145.701577438768709
142.423270335474882
146.419471623336392
151.051498762601852
159.677855688108764
156.991087991417402
163.926595200222465
167.576691418425241
162.491502454957242
158.070305488293883
157.882171626943119
160.342830745183534
164.717476995148786
170.524976448076956
139.738174161819558
192.973127626723368
65.116787423357565
63.860280932593653
92.971046290396856
171.915427029946045
124.750379410655199
113.096333128015317
110.291843954116615
156.118345709931248
116.989988919316318
171.679147447610518
135.921577626063623
125.795165680909534
135.131698757081836
148.987370830405894
161.994934712737063
152.095322404801692
155.865012340275513
154.860570545458131
118.055728062617590
159.444171742532944
184.461004485540229
184.119704413864753
185.557664432115700
186.820296027707144
190.768436718518558
192.188469788594489
192.735233661800436
189.226014747957606
230.428167576455280
135.704584465760803
70.297820172971370
72.179306752100970
150.136770838231399
117.878299146189406
63.176616773947359
152.508657210676034
97.902368676054891
89.735189467029045
101.480608180389581
113.980838441828951
120.383021331661951
167.740645342798075
126.362977641777860
180.206281581175659
154.097848435305792
150.120861329417977
150.949712112051515
105.034770798243756
146.765125003795703
169.111831878732545
170.487057813097408
181.534377363101669
194.982691110708487
204.792556061033935
209.163752734209254
210.739444760927626
205.130090466419034
134.545185609875602
201.373636369118117
215.607439728748886
74.378675945450851
138.169678631943100
57.123327199629699
52.421442780458563
111.210713249648137
82.222500802198880
86.642301273479532
106.017679833017056
120.531505083241541
117.523582763319922
139.249458360323473
92.583992590357141
94.757046926588714
173.994740111043086
147.974862908802606
142.136955585523481
82.123313022288883
135.878948457811873
169.641523281497257
179.497136141244368
189.196512710037553
202.760120141800087
215.373712297935185
222.902909718075591
226.630567023687775
137.588369598194191
224.686313319486544
247.610339121237985
246.064261464938141
218.952961176013901
109.595733699053952
52.777836045979541
50.861876604807662
137.407791526243500
89.254284270857454
81.115492978350233
94.868191967436275
107.543126925913100
100.331554222101872
95.892489079986234
106.030251882563036
106.718387810923232
176.760586478946152
137.206787984988608
136.945047305038486
149.123525390915063
159.291358928541058
182.220995731517547
183.428590391900201
189.712962608317383
198.066523963698330
207.126104340772940
216.810824056012478
222.238382885437915
93.081471911923373
155.115266622140496
224.139068308888199
260.898473738790472
248.782274217095988
221.928541273560541
54.448833833269219
52.814736649040796
127.084136448449044
93.052972498743245
163.067723883481193
109.914040391964008
142.255615694048203
85.072609322290603
93.558762749932328
101.185329580297605
107.261944355623285
171.994883016357107
128.198858405242049
133.175959668505897
161.366853584858518
148.057142667575420
170.606849742239632
186.212036834884884
199.555365563488380
205.513409162938075
214.097070957822382
219.127281729299142
222.454288622482721
148.997780790872127
189.986022156140393
198.252338503640203
250.414813705802146
260.163776389787017
244.801435206226216
121.458860654497187
53.940753683306269
142.296140780949798
103.838275758813751
84.792545341375231
80.427439021172376
89.770296837531362
154.416796743988556
111.520687891962922
101.400310161654374
107.257245204012776
157.080204849883273
118.819812085074943
127.276464510850232
165.500017044823892
149.172580827877482
156.762324988679893
170.146662417401672
182.700223503705246
193.853524257299625
201.063853216579872
208.423289643667971
212.313798646080386
217.022347614693444
217.447696212294062
166.602449967681991
241.702954672856777
250.318235636612542
242.196954938411153
158.084724967209496
240.672586500696923
79.374180271781114
93.196936942976649
91.664809093585276
105.767965600586749
115.544431983481232
89.879517495722041
78.138178099412755
77.512882714344784
91.226323282148684
148.402271700618059
110.017603272442528
100.205373634979907
143.425292716333615
142.806609918401080
146.784773949377211
148.396203794814085
149.265061757918005
153.285330084069557
192.177535229125624
196.709993613954509
202.155453326531159
207.311275329653029
211.009428104091882
225.704967734299800
239.442093244609254
237.908004548253814
184.192550672175656
167.783659360125057
240.893748366386603
245.573969829223415
93.556511578865340
91.977669126217137
114.035259822093906
125.632208265095898
122.120433784861547
88.310388702886840
80.786459426235353
79.986763949123869
115.580851070574312
118.879759452939680
106.665966825566557
131.531760036967597
151.439732706983818
147.613851539628541
152.693800252227987
157.560814974456406
162.750213477404429
165.240675058920118
166.779929816898829
188.198485536875580
192.005117525158710
197.173147894247933
197.281614568468513
218.454966074252980
227.656284350587839
231.013355898355201
132.445212653495815
226.807019405452536
242.216664885933454
238.849321765577827
109.305576555183890
102.061966575992372
121.909500807826277
124.791750955055761
158.021821099363706
86.477795092457711
94.388758132044245
89.611515076258328
82.665214285505570
104.129647765615175
107.890869252160130
123.031590564532877
136.388909811905052
150.965102650720183
158.265493594518546
167.137872878064599
171.331667024905812
176.833784204930197
177.650333920166076
206.334718351337358
214.143486187019676
186.067465601253787
195.352874648680597
224.298732968289130
224.968817192932761
138.393252802367698
220.681917873135376
240.725507211251056
233.564174161688925
210.463780758955664
115.705061210881752
136.142169152462799
76.338434400314782
71.547758505616017
72.410159768257643
100.462154348584704
91.708570751185789
92.128344920636394
96.668759852762406
100.737242981973793
98.291756333219553
115.687675088897080
132.049040488718902
146.360124053481144
158.887557209878992
166.627076442204100
172.216933814623872
178.896280299038210
200.694469714564718
193.460663690027275
192.766069040043561
200.029672185532490
214.883911078456151
216.517055556536491
208.830200091908779
241.286230215629473
250.652041553920810
239.980557494209222
220.470393762952312
264.102836462924415
90.410155943215273
63.449800463121903
71.354562202764157
108.477964132660276
81.559149338441841
98.107413532180175
98.990092128716412
184.058917843395022
111.269948831639581
95.498706959452250
100.178055214650556
113.401971007752692
133.564961108438524
146.704318096007768
154.487846626850086
164.600516012575440
170.004671615201431
172.648105468541985
178.018357179784118
191.783545095752402
196.737934303687069
197.353372568143158
201.650731758465611
219.535714920033882
249.141322483600817
262.369962985764118
258.828192455246835
235.895677894277298
272.391345153774921
151.602889648752495
60.140235738054585
70.290551553893152
90.330644125042994
92.942614973059364
108.051219090725922
87.175850733356981
87.695286764937748
109.371738476258884
91.685642063337511
95.890575849158012
106.644691083982750
116.185670987576287
134.300455209009016
147.176797259577370
154.882215693416981
162.143120138677176
167.150311924802082
181.268013764891805
190.727986872568636
194.891219662565845
195.195912852203890
192.378902882812127
214.293536390757822
242.559501252747395
252.347768409083358
249.613029578157864
232.320536123693444
267.342684073011242
257.117973222810065
140.355845108078171
81.998887868034231
92.388330926629038
79.618554708396260
68.428997338348992
75.755383402596621
91.047050592180071
105.430064715548241
103.798992656978783
91.272482861444757
98.161679793303136
105.290258148422112
120.847847399482660
134.380470664641649
144.523008983164772
151.063431754385732
160.494257031112710
184.603631595060165
182.803388848920605
184.640128810709882
188.095572735680946
187.849401187696088
171.248712978055636
231.085409554732280
240.587656110166392
232.399337252826911
223.089728526351138
252.985902990817749
251.543976862341822
200.148604077194932
217.005731385317574
102.242126905559147
82.709761794430847
66.928820339490443
77.413876151386702
89.765323310413109
102.581334437292867
101.715695813022265
88.560876026331428
90.439111137965057
100.322064261528496
112.357117348268801
122.111367459686448
132.990710921111997
141.780031083768876
152.224042623323470
151.318129640699482
188.587405243788794
183.510741335247900
182.302522404843671
182.935615932201472
177.120110267201312
221.101185138132053
227.340713544603517
222.251088065658735
212.962283483016392
205.944539420325611
236.439101168381143
224.702067561793228
226.566214660242025
217.192841339186145
98.382733481759615
68.905643953134472
83.393334454931136
98.715663233837930
106.994299237058868
108.234659287171681
94.343560426632024
85.994090871254187
91.787334127798886
106.458941495580206
109.191246237313067
121.238168681433763
131.250644228601800
142.124078438036946
160.936762190980261
188.939192392117633
176.206320238096140
174.064879899783620
176.595681652994017
135.997824558991283
212.592257309686829
223.858423155820105
224.821487839799204
220.554569192593419
228.937127181197525
228.647794100191390
238.051243018639326
243.548234040016069
235.818921712914204
218.233404690060354
101.907355413471606
73.012196705001358
85.005312189404563
97.052561444267809
101.877845293340755
103.687033811330636
89.390065768064204
89.862495328924183
97.325593627850878
101.865857731486244
107.948019817918350
186.297125636040818
142.777438067189934
132.362387629171764
183.528730505823972
162.340260711898054
163.176185204960518
170.011133308313504
165.388622794362817
213.114820689495247
214.650362796592162
211.675996969479570
209.995057632423368
206.776767952686839
219.447983906164751
214.981910831408470
239.462816885488536
243.806591320237828
227.588364616002082
159.183570311788941
90.965853042730316
67.630531995494977
77.372007612452165
89.496736351612782
96.096866117715749
105.044208638733977
161.806810731381631
100.107140305563547
204.813134545838210
168.739209423393731
120.069280400247692
128.848856470246204
135.720068596141857
186.959364912752932
162.543564144886005
137.907997166038228
176.831288485501261
177.464167555050437
163.873175393831474
218.254091823692363
213.124946950975641
208.463546825345674
205.411393153671384
212.971509588940165
213.984319821567624
235.217110263797906
238.975967811548173
243.317196765889207
205.123392113945329
232.708046392704603
87.042626777963790
63.674166224567045
72.461289202038216
86.437065288508990
100.588620596962954
146.933814853525007
128.496302232058753
97.519541486151496
129.687680234501670
101.982944053231293
120.483792057403974
163.157080949496844
172.924830561126925
139.177344497544368
134.873307549412459
139.664014075561369
182.939602097526517
172.777988595314383
160.980078371495523
210.025511597035461
118.127571376150485
143.133786640480054
161.551694410253361
223.984792033219662
233.860102193656985
230.477931139441466
247.036705335418048
246.860578244920816
229.999938936398934
120.241585094018404
129.705349908735940
92.952696273612048
95.517422627431102
126.982248693324834
87.697476661764085
84.829801595136487
101.860311615235688
125.463413905797978
133.171246551494534
130.483893247707044
163.096025751723346
127.328335092306887
132.233934145604223
141.724478355611836
155.756466533824039
155.570468253924673
169.481377504978298
179.813611130756271
183.662158269892245
178.612916121889498
169.900959861215085
165.229214132274961
200.333249040329406
235.003040968665431
248.501879515067060
249.486023185228760
191.611176179946597
227.916346173475119
241.820977302197235
245.500075733300207
100.097163884703576
140.002239354465758
116.454066902978440
180.242580746630665
92.466179136063573
72.012679582418997
80.018578924777273
94.506006579928339
107.156271499837189
119.442362827061118
107.775001855980221
121.779053492953153
142.420748619296461
156.140802954422298
142.256050737093233
208.072608324768453
204.510183461856627
192.583805615440468
175.419781338521631
200.325646052446274
174.384764106986353
173.607078393519771
236.247877496083504
239.297285128086600
187.698802014493509
239.628298152850448
256.024009868714757
253.985421125425660
246.980016558490576
139.943415810177612
193.446778340239831
115.913782675127067
74.517016113576005
73.282324336376092
225.170110508908749
128.472347586495545
112.595754348531955
116.972397147302104
89.087120034682670
89.352633574508204
115.931806239350934
137.884177381751243
139.366614640685839
123.668885453854898
186.642139575502512
183.619931702956592
177.950775365096035
181.077565826773395
186.901531629236359
204.773122206718085
190.679651438649358
228.656392410337389
220.959723905512845
210.625444184486781
203.162398002265917
233.792601613919771
241.969428482141097
237.568790817610875
226.426152677961738
224.493722561568603
84.264758485314658
65.014417233595793
81.990445844767834
183.772964088506541
132.766906607608234
116.290351312228850
95.208413210686629
74.969838489421278
80.384412168868550
105.689211268824167
129.656736987602898
136.202029113728003
135.851505389752873
158.729682059812063
183.190656720401762
166.762211988684015
168.966516901331602
177.695177030145572
201.523307125060342
190.446017643279646
219.703056572149222
209.399071088594383
127.463284339501968
190.174854865911698
212.411522962006302
218.677566979742892
218.567522418768021
214.763837860709032
212.818778708511445
125.441004814233168
61.594842647831669
77.090898362595624
166.010384031673283
119.323992754365321
105.320798221290730
106.111768149414075
80.499138242318935
80.992617466667852
94.609087105905019
103.627066946753757
150.769748367976433
113.017452770006798
151.130460157961437
153.294745643778612
176.503991474343707
163.335562991099948
171.154676375638218
191.176538175935008
183.211069222553647
178.762366652834316
165.595408619208030
136.593195104777834
183.727047627700443
204.223224162133590
211.837071145070752
215.424728965141981
215.303831637673312
211.087412820776478
210.394057354570208
141.995528602572591
81.756239712276553
152.781370998554166
112.027866069878471
108.549709594065718
76.871499877155102
181.746229345566121
120.144942673445655
86.111214551040661
139.704433388598716
101.059021793009109
109.500875061058196
134.548085601408758
137.532827012337293
177.697070109453506
149.673498070554444
152.203471425287574
175.236269761600937
165.712404959991744
160.354606211188099
171.517981302474965
154.240140719477182
178.191324403392770
153.233111951881369
206.318700005120490
222.782061826326185
229.059736340922939
225.371182675707360
165.524387446458576
206.293560185475513
222.345648281980203
119.083710469125066
112.427805117949049
74.648588606104326
73.449288796536834
83.110335526139238
94.149134447219353
110.085765009013258
89.077637957307928
91.285046240599939
106.410026357104286
145.538213844144678
125.032757491724141
171.520073644064098
136.925548096525546
135.261780141929364
172.359014542759695
163.119474241788680
160.767861579879821
169.765527342705923
175.619173313784756
209.761340977713871
217.122171885194064
212.797781298035176
209.362858794732574
230.332984140139587
234.244998038898359
206.701697296640049
245.815227481886666
242.631574211289291
228.778468345338638
110.367376449784885
74.936462403553008
67.512309070593730
76.660157236270905
90.622816182431592
82.827467811134909
79.997356639798681
86.955678849511528
104.481967349299907
117.265089866195524
137.966603380956627
163.253823244632144
129.795970986686427
106.041640075933259
144.027273955543308
153.891906173295467
158.058934408919328
159.232263893740850
192.860943619265953
213.307902120194711
225.082231977847186
221.457196447187215
211.617834395354436
199.198905873039990
211.737026647995521
215.514642392958478
240.804833850111550
250.856820757007483
239.887214000312184
166.049824890311896
81.300487518428497
68.390398307011765
82.616388616767438
101.490584544412201
71.773674846171374
69.878374653037767
78.199948796588245
96.330924280499929
110.973789249254395
120.089011877465495
143.879710476858122
113.859458351893551
136.326418362631870
149.925218227958965
155.749292086517869
161.043253087907232
162.111205115976645
159.294689281254847
158.275179807809707
213.980185149781477
218.689558880630841
210.420538187352321
200.963738096739689
215.364241209498175
103.526370312452258
236.902253018828105
244.373570644614460
238.368912538275850
221.250170328916994
191.151786800757094
75.652860940838991
76.159287688107213
97.859197724469610
112.610879219094699
103.553940543318234
83.898016517914343
84.326761030065597
91.989412026266734
109.376172903966335
146.117692999327147
95.962225582418256
119.321285492655463
136.526540621607666
153.677235903920462
158.774185688050977
165.599619744183968
167.189637306784135
168.218974983314780
169.152479263830685
209.680585446080244
203.580867192548681
196.667541779703441
190.464337216310753
165.722583908593776
230.020902698240235
245.075205075340989
242.020310335693068
186.486371818743663
238.870145222268206
205.575295432714483
79.649691417144098
87.894659834850842
108.249250828685945
228.611624211166429
96.888608857036587
82.898574040861675
83.739431020532621
97.039201632929846
92.977680703853082
95.183823325660597
99.030009642327713
117.921043489620843
132.954528763074450
148.712342806828190
160.147025481803524
163.009613658960660
169.418758798720290
173.057038429243704
200.440112899056800
201.754528894687951
202.139682882792187
195.756092928111798
217.868404120513276
165.267623782731562
164.508844105153287
229.034916850136824
243.911871248475222
243.398402617896608
226.304794201312518
251.322342987741820
166.591567750460456
105.228666544786918
91.627593971443531
131.299484651701476
106.572741392438004
107.860885022775292
116.888006659341514
125.032052503599061
174.285177571686916
141.668456896631454
133.873672072947556
184.128191968984140
143.715255185074028
128.761861496540661
128.389021392656161
151.379579890839409
154.806101503261260
158.775956356842983
148.618367926562911
154.575858194296273
161.845743531287241
166.196429092252572
161.975454179199943
156.690282100894194
158.438323977484913
161.803282288052145
168.880253272936500
176.120908037690697
154.204285659484498
130.206420533118973
75.637205084836637
68.995329081737992
176.144749237793889
126.001516210304388
121.789967514428128
122.621604123752007
117.006916707609037
165.121691384886901
133.266625663555743
132.869922408482381
126.139097460199366
127.409981651978171
140.105308782748125
132.318339876355253
179.155677529218565
159.288481157471239
153.622094274122816
116.188852834964081
143.160396346233426
170.275955506859361
173.909570303962880
167.749978900959434
169.867479215705202
177.349613541725262
185.162236035834894
193.632455917453484
195.060168328753718
204.952235686804244
123.611213032761952
156.258826855507920
64.119480074181510
153.497603682978308
112.495629180219751
120.475028497684491
60.884220371365416
107.362344385947907
83.054269671232362
87.191481840636257
103.275409926510065
114.705309967284023
122.156066831709367
145.038943656270618
102.820373939344933
180.055016604285015
150.955816355723499
145.176066284866010
81.690704999249022
130.596278795231001
167.243129795460021
174.109500530735801
174.812407459892711
179.212896295643986
188.971785979560337
202.347470033519869
209.939490322360740
210.646235210515812
117.160570303146628
195.553479285072967
220.569150166015902
215.670553587646452
76.168202581396429
148.591146389487818
50.583499638853652
53.714176032137544
150.674311253716866
98.209579508976589
95.596843527200619
110.158698931601378
117.869036282472152
108.511023882717069
99.982440540304694
105.969593367254248
163.707230685040770
141.002889503515462
140.397514181974088
146.478807250995146
134.883074356064242
173.343873560357252
181.367134390495210
190.015524724078631
193.090905143497764
197.248085363396399
204.126671021557854
211.816763618564778
215.141363111122644
169.226985644974150
153.389984441922138
255.526145427348496
249.794768107303582
221.044186283631831
118.197308921095413
46.516602306126032
51.779445614846409
116.757541227804495
80.047106469646906
85.250110684320134
180.413662800197500
104.777476174138428
95.421743554667884
96.613427389542281
103.366546683157395
161.716211806522466
135.595813927894483
140.593973677349567
143.627902918417078
150.205599614102681
155.017450021507187
179.080202143952022
185.574003724363223
192.166927469886161
199.881458392363413
202.998215877647567
206.749963381947452
199.373778437527506
237.869704154659757
165.745329612549256
254.562845033952982
267.097786348821273
247.810675486312959
221.661553081250304
50.068121705430599
53.568160092994191
121.101999775248032
112.248843894741356
77.640662920277904
69.666681029891507
85.523657809268911
87.433323330842441
90.257309186801137
96.063572298562647
155.247562692024331
124.244554977945654
135.023042074839594
141.133747138576325
131.261661640300474
149.027630768766812
171.056593676909415
189.248013491482169
200.655903832345302
207.203591256555171
209.519963470641812
211.944905032276893
209.996402002801062
239.281236056174805
242.401793294783943
237.176066897461425
261.381606890243916
263.537840373681433
242.285315470811753
168.310571507579908
56.883518135442444
111.550493059292236
87.620146187696065
80.937448982704012
94.819410834377607
113.433702976986197
80.633464344972083
80.049380125545298
85.165628785414384
96.448569785515033
142.783409722644848
125.565858727298561
127.217862908599145
154.771215315724191
140.967495126547078
150.362749529334195
151.031160349097320
152.038748496234376
152.545663107733077
209.349276435936389
211.825596121134026
209.288226670621896
226.949817266293394
223.388232851338500
216.134077014123960
252.199386008118580
252.212278256470199
159.252072582459704
251.556441616311133
252.077773689044164
108.028040288745530
111.644793254071743
106.422320475736541
122.368778925376290
127.297646720661760
87.761702368492863
69.588751068170552
76.189397089670621
86.438641025630403
138.407453518780528
88.955097826320454
128.526866444412917
142.343688886123260
152.156232371610315
158.576882225947287
164.995245930548720
164.901859472515781
168.559354092466350
170.912200851256500
170.672478542611515
198.243690784727193
212.712703593037872
212.584962019800912
209.594925335311558
145.071999666296392
206.197091190598968
144.695048494182004
231.674579952372881
245.009658198975814
239.744758706513011
110.215806153882170
102.408870494938995
126.755258042980032
133.823643824211160
126.582345288239168
82.740333368525540
70.367837765298134
76.842320833412032
113.973538775362414
106.035232682706351
99.062520596170728
117.557495975245530
139.254696125794624
149.405274481535400
157.900409472687898
167.058546459510922
172.516771549233056
180.212732366630206
188.060060967989358
185.195074468518101
202.466087999567208
202.835900147407585
201.593123736410206
203.171527262483522
220.907580469368696
115.920074131702791
215.555798118372934
234.388746176859797
235.773632575927763
227.579348217806796
123.559258381906261
109.898403438863113
127.470803393395116
155.280428647623580
87.443930669993605
71.965117528329472
72.004607396902088
103.250780760101037
101.719350039610930
106.082707749376709
101.128035696047021
116.592991023743934
127.578510097934014
142.881182665500091
152.896801987274756
162.788050961508674
174.790819885456784
188.324731973772998
189.350034359888980
197.397671619278867
205.266581872666791
206.419201208737149
205.373111653277618
214.812329074633510
217.850560394367676
165.430450104051857
232.324865782567855
251.828389373596792
238.412256265644999
166.734841849178309
146.534131642684997
62.387503634390825
71.559835105616060
87.288799050674925
82.411521001427445
72.190429320267512
99.864043524209251
85.310744096143338
117.882003506720537
99.920976618052009
111.754534372023699
117.075271869550335
123.952697433108312
139.747990319353846
150.964078569970042
165.157535653362885
176.317352492747432
177.269390489511068
171.948444404382712
196.983126956860019
200.872233305517881
199.732790623737799
199.378822908815039
211.061805283393596
238.167956925172064
256.899353731723295
264.725329148492960
250.812701254219149
240.203463628526720
233.819628202821946
56.344324137511407
61.670752496677153
80.917667891656208
84.821616791820119
72.098666695266644
112.771963982670286
180.197546329907851
107.489143947929705
96.089793475047529
106.669454333851618
108.731254313727888
115.208425394555320
129.696225097883627
142.228758731000795
154.702082211103544
167.343264477358531
170.669576422832364
171.649172257928910
188.710995565908092
199.637230513353188
202.202578299764497
198.895328411303808
202.090314676634563
233.530101893555496
254.780388335232345
257.184196773106748
245.018514556654509
219.243650208182032
256.022618108179245
148.216452750619027
70.850516672743183
86.995546594445472
90.783325592297714
74.422132165459203
74.697663643508491
85.932801536633150
93.264035707835049
87.864351065127067
100.463188281845163
107.093942309461298
112.610086611113815
117.115731373688746
132.571908689485298
145.645796306356289
155.094989590899019
160.266433434966672
168.234237011538482
185.893199723747244
192.705367979413950
194.611264272346574
193.884447369065413
191.045028585535647
216.326956788962235
243.778598214213844
250.566489363859148
242.808813930733322
255.070232407573656
255.758050212145520
205.976401208374881
226.452854486529759
101.336624837687225
67.909912753917141
58.555545240625918
71.019374570891301
90.930822082681772
88.229567150887675
80.842852164114746
87.519731766526974
99.267534152487428
106.969091639424491
116.607575290227203
121.627449033842680
131.949547082057023
142.910076798600073
153.344992264137090
164.227692395132721
191.481620207233277
184.847033042601510
185.993714889490548
185.152540949469255
183.093528613214687
165.665145128349536
229.294973580389353
228.669036585888989
220.286212559352094
210.813544865959443
237.487278939136559
228.234977431723621
234.245634963556938
221.291372243540764
120.574846147535766
64.475486916243355
76.383929834411020
94.594307383109268
106.099300310129223
85.587676794296698
83.167708825284080
86.616670871738592
98.552325770066432
112.286318302648652
116.859196228268587
118.383182447296960
133.196014156913293
145.721198298953396
158.742692329623594
193.503014355350501
181.872947004729184
183.426455905864572
187.161443148713488
187.173217191839910
201.961907955642658
220.856190235458143
223.745839772103352
218.787824295017316
209.216548417897798
219.939837789461535
222.828255831744912
226.915122464411695
223.372895847610323
215.899191227076159
77.997214221990788
69.131182985699041
88.021472975871390
104.432301458174976
110.469670997485267
83.766299662111450
79.098405494168432
85.030852493428611
102.205828712565804
109.538662343790250
110.308165355934150
119.808428904470475
138.577409253175091
178.275545346936099
145.452478162699180
190.400996600098580
176.308183037236262
177.903246569183722
181.538019291510636
147.703138453596324
215.967707580277676
217.914868392610742
213.638960165286932
208.426948092943576
222.055230816269273
222.050533005295790
238.125421741040441
245.723637059745300
235.853494733930575
133.687175584121661
82.345980650412173
71.406866718349022
86.833399183154995
100.912790841930132
104.836144134114718
82.933616812058588
77.534542888767191
90.829028196352880
103.489460412322330
104.855127714096682
116.466108863935602
167.489050818638475
139.199020305068046
194.702025509148825
157.944843714311304
154.432695210601935
167.988255320996956
176.094710799431056
174.889553715387819
216.541061047560675
217.008553506821073
210.937995508294478
204.942592720810126
221.498321637994593
220.032595167851809
225.286891970187270
239.260740032468448
234.615926658378328
237.730910323945039
191.555276775624463
75.329225719419654
66.813647683116585
81.860926234949247
96.123747913105689
101.640006707382227
110.757632197978921
143.603878134715018
203.256975846714369
131.323634577621789
141.930099289717674
121.034786033426201
129.775059049855258
185.463308778092795
152.584357688710327
155.992189057935121
130.123795044043987
180.081851838889804
180.949734651473108
211.632519529488150
209.541335443602975
207.286302919567675
225.757132755538350
221.819893746129480
214.069854399652286
206.520921764274220
229.065464052143653
229.481311133240126
251.026197449969573
233.200906069129360
233.884626619084003
81.095340096506447
63.250636253138950
73.054416389666670
88.866592190346921
113.285725624654560
82.170853840004611
75.835351374752804
93.373028457127120
114.841677612495459
125.092860499944095
127.691794430095527
131.952566813600043
164.380418806362627
134.680240378895888
134.996980195266786
176.945543325331329
170.972483146928113
170.706829487176151
165.466660869899812
154.870503742700862
144.669325428396689
143.632182156240276
152.697241606949973
226.271657701903365
247.081292042999280
254.553566313868600
249.493533074510538
250.566260564925869
182.517815171386275
97.749447140877734
119.717785422120386
194.950507169015850
105.834975985353296
75.681124137536401
74.319450064464377
89.333184345912017
111.145362465707848
129.181259996920744
133.044034008907033
155.908218496533152
115.664648694266077
120.631057774565079
133.446454256937898
145.224825986489094
130.173969263448271
155.811092761814393
174.120151435521393
188.765523961224318
195.403799796424408
193.455528225359899
183.971086787313908
171.783603020832288
229.241460844748531
246.303456001599642
248.503918120884578
238.719642449541141
231.788392552534276
255.933535061286193
256.535347698679971
149.788627003115863
106.426743276101433
97.527003032850146
187.826637673755158
95.972577287473115
107.531358503714301
112.705105768625103
119.825477139735554
125.378348567758934
112.023495327857205
93.030278305695845
109.478102851705742
130.139959247793485
143.635613613315115
126.396638459853094
162.479562554124698
155.857129666053766
158.582508554739888
181.920884391441035
198.635101978882233
206.973281219556441
189.267322351335082
222.762874126533575
236.117021433026906
234.635276324925428
237.936302083209910
260.113441531526405
267.090309411647524
261.558127325219516
149.181719318944516
235.048177273311097
115.364712311618902
60.788384053303545
73.335724644522202
91.259834518545517
144.130782380895511
120.194775624376888
115.454824108712728
94.370037018020270
83.403482843956482
96.812850222619716
124.791586420772433
133.305971678600656
112.682669853379963
146.037362697279093
149.181368789106216
180.067138214608491
176.453276478242884
183.735035755296764
201.202326823140822
186.752004594635793
174.669712783541797
219.464254468001343
214.323031577728159
240.901376174790300
258.784983897218467
261.407851676001428
254.150029528943008
169.344876946011141
241.466489034236048
113.437971762010505
59.531198464544062
64.390674612959842
87.490815682341832
233.241185207746639
127.967554216468315
104.437165322748427
151.405447402613845
105.753215197799449
115.696018825934857
113.808578303982245
109.047249020171307
138.905412349575187
137.205650426879117
136.165525723339925
173.875821205834058
166.096171314208959
172.841977277500717
195.045996980466612
192.570402149268688
182.289051147744914
170.253253687100880
170.321972966336688
170.933944460433992
186.323975424646193
192.498528112972963
200.492040777942748
204.106643736122066
207.810893386014271
159.999366238082388
160.479508718355902
68.689854484923387
84.081613384281553
181.702399848752094
114.741308212474650
106.705350686535667
166.315693769143707
118.570213807564684
82.535762420218461
100.452651187117198
144.503850110892159
106.403624436204836
116.849174140601292
133.122945697033487
174.444022917423325
153.735579202483279
156.848306224521025
169.393702778979531
183.446243399776478
171.048949505238284
202.248094018584567
154.580340395944745
144.453229986249738
166.189753899172047
201.482087733353097
231.189611736886633
235.362634485015690
193.259956422646724
204.824603679553718
205.478584304941080
222.621466886145868
93.568585724571932
138.036372759625635
102.020984419122883
86.721797947042418
81.693328287130015
88.939116309745998
101.289632344553141
128.429052886773349
94.057385062018682
102.007654684018846
118.505207235835400
128.654312840903941
169.035846186286932
144.160638526120152
148.063039478389129
155.924917856327056
170.790283115100010
131.796630065980594
149.290018649086392
183.745275321461975
189.818010404823042
225.807252927991783
235.414812868833224
232.987408433264079
229.128629763998958
220.892839857716268
201.326818662578944
231.918135668268235
238.975176763416670
223.775897411165261
77.461112719348463
77.035679102839595
74.915585332691478
68.345905852061065
75.223823950236138
91.839315230577512
93.987101263648825
87.275069792782006
94.972743761338620
111.581053969134075
123.647281417613115
131.558823523164847
165.110203020945846
97.835480694778482
145.165907772053572
162.197172989374707
162.921481646494186
157.829835946640742
153.420957099817599
151.662599634702616
211.438480644163718
230.020312570225343
234.510855182247496
230.054773779848631
220.172626150587291
219.669956527590301
248.261836599525623
255.860644845611006
243.011258548448893
222.579673401812983
72.822923192109187
78.731343942969829
68.010723445105867
75.265782935410385
90.218493676601909
79.949885553769235
77.800920255044332
86.764707377000477
104.646268037305362
119.861037254958006
126.664180845435610
155.425514102580223
114.438748840845918
151.600514403616614
169.583616697254030
174.815872047196876
178.364941339673720
178.495630589480839
174.315912769332186
167.570425340338943
222.867597490666668
227.481628145931836
219.621247767134264
209.703167588867359
102.698407135197485
183.681892983023261
251.041430666776705
251.818219748955983
238.154040590159070
161.827208719790974
83.042467917982250
68.379329188125325
86.492311718971379
103.402888217099033
204.176607422403180
124.072500151392205
86.076612006640076
80.219525334764356
98.579449589110581
121.516711433510750
71.401872472369064
112.310476404857781
128.832738735293731
147.486097382752007
158.845496525637913
169.525936960454629
172.981416396725251
177.264819466235878
177.689952490437861
175.737604830539681
217.727714838965909
208.903335993992755
199.245862397539668
194.443048810281653
185.146212544149989
246.662736609330324
251.426928152517235
241.841758970190142
194.747969640188614
235.237237186310722
81.635615375655703
82.602049589690751
104.293467396636743
135.461813917025268
112.643340231220563
96.500821917393196
77.709066308349065
84.914950944616336
102.110895197363419
113.842717318299520
98.696585415849114
110.567493082076567
127.103125691319690
146.728918527865915
160.329611455557824
168.679915686985311
173.694640149273880
179.513328852745957
185.604520248544702
207.022624161421902
207.979331917319087
206.198144789285209
199.894894038916846
195.941930770993679
146.967808291709616
231.045900395703484
246.500255082164728
246.494593744575468
233.758919594904455
202.162814022184818
107.172784532867780
109.121111596175211
111.798598453574257
102.516123958381698
95.526289995934007
76.500225397537790
74.524763862077947
107.515422730771462
106.038069363700544
98.695540833046238
106.388658000837410
114.712717976715581
131.792368719291943
146.062916580990418
155.940686174035818
165.401285043832559
168.420696417132035
175.864315228687104
174.063215976421418
205.983633878501621
202.512223498595517
196.648862607405846
189.145520404176011
189.170106114099440
200.285961968605221
239.717316781416741
249.542782441793804
241.870283316598375
223.343719022038215
238.011350568031446
171.280754299523608
99.499257099371476
124.499420981291962
100.224910754145156
109.464417838534146
119.170184644586186
126.493927192404158
165.032465630174698
139.378026485797221
138.309803100581092
177.113220246795123
142.695805934810039
118.694976260408808
109.540763299730457
163.756638289182206
160.194731092409540
159.114066739118385
105.709433855442327
141.371173303632645
154.857197707084822
163.639464036272670
160.245477367488746
149.325995501822376
145.579686020132272
151.629942896914201
163.936475437714762
176.134947610871592
131.525846820770823
182.344371419041750
125.995079615643988
72.217527255618421
64.038433469805426
177.148351680441181
122.280468508060011
118.902268228301409
98.162939996158258
145.396629357779261
114.395050491373723
114.946481162755092
128.853569224814436
133.078001534613264
128.951793813098391
150.047928238891444
175.255161583313111
163.537713379468613
156.972144610618528
153.832681225473323
127.407084875957736
163.556639151617503
187.157272778177060
184.128038269888094
175.369924484875355
171.202405387201821
173.296842045484482
181.631617864849517
190.725740652145930
194.360403526079182
126.800036124529257
200.529250751814459
208.334257617253854
60.612306088411799
163.998499829969631
114.648634103827050
52.308884699758750
56.230433529206891
83.488974398587800
73.054075470515727
80.999876976898577
101.499549962566817
120.356583709883225
128.474755164567881
110.397933206786092
159.408849022140430
155.835702337118477
153.367211025420573
150.479679200870009
113.728227249707402
136.481435090655822
170.661380635758661
177.423336742101043
177.891559787191341
178.745194266586367
181.772302140146024
189.394711563186149
201.346181130209231
188.956223738908648
227.119087558773344
255.780001391116400
248.307517364651545
218.860162229907871
122.359457532743249
53.124518150924416
44.647601381802104
81.825483390272012
55.831343541155221
55.625530445467803
69.062618656507965
176.405455389598700
110.607831968884824
81.472573844709217
94.831265830000959
113.972197068018488
163.092544055615178
145.384387801592965
144.002314844275531
159.627590286815320
145.297554388710154
173.548912886703562
187.635935058388895
193.775625705937074
198.189931621464410
200.769391909777653
199.895196659574822
202.813436732324135
232.164920448349534
245.809150010538644
245.752348116633584
271.122502972002849
253.605685309744842
219.096164462380386
48.612659502192940
43.476919596351564
64.701574481989027
52.544783177033878
134.238318523308919
79.806464257354634
69.432016212461633
92.031986615813864
86.498587497830428
98.935794599063300
106.505003269670894
147.716843779294805
138.934517516185110
141.965032945636494
171.168763462795482
139.515003383030233
164.371506266193222
178.017255259080514
195.038943135166903
207.554051229698416
214.175748813550200
211.917066109586926
209.678231708433827
238.329532205636184
250.830992620308052
248.077842566060127
266.266826631428899
268.602368850392509
249.954440494712742
131.196620028607185
44.645759810083831
65.189083129054239
56.344004215712005
81.521619427775306
62.110089096336225
67.052116030235226
94.621325577634678
171.668311687682490
98.484894641909335
94.627268158978211
117.882771063164057
138.870740140960550
136.673292041759510
151.745386113402020
151.842063651532726
143.811861791743098
153.518356563810300
156.408308566220057
153.815247794417331
155.494493824721218
153.994357238045723
213.773399746973865
229.088805690069591
240.790513972031931
235.541412011155217
255.950872972844337
261.166683455516193
249.848463355207201
134.132363323251241
249.921611241391162
68.900015161500718
113.926555329657020
89.338823095874957
101.439965177141417
117.334219683414418
124.395084028969450
98.193403255950145
77.381195850157411
81.342088728044686
138.843544028769088
117.156665962364727
122.740539134693904
111.293607421275155
153.186522331569336
168.349040773797299
177.461602218344353
184.329135416453028
189.899477999565022
192.461346308110336
190.821129662508469
183.865269967373877
214.373270075212019
222.281463167788331
217.644698458956157
212.525505205553713
110.777524205070733
222.991077165251198
136.344989046479895
240.236903844283262
246.333722226127946
115.940490010245966
90.672178927277628
115.235168352954730
131.674262253031685
130.713789620323126
95.877538472511532
76.987129424992162
80.763029939941191
104.663605146885800
110.839451062985731
96.481981054535481
103.928392526941309
122.410543518718214
145.019650873687539
157.008163049194366
168.012949545155323
174.928499906390698
184.273498067887346
193.760016269409675
198.522607764416108
153.851302701404535
210.089494868227234
213.051375876821140
212.564515971583575
210.477737163699857
220.816569301008144
128.317116757820514
222.842464254337870
241.211709805025578
239.362371144877756
115.482072507379200
106.980820160105537
131.429042556062029
137.707880134544268
94.844358248432542
81.325785087529468
78.449888994674126
88.213578292128261
97.229499465379703
128.465390684076823
99.590223625806019
113.929229397249685
131.584371085163923
143.277507400475542
150.696088423300210
160.974323959438493
167.352638424531534
178.604709824457842
189.625939793881344
182.152720433971069
202.679308544479568
214.809172757430474
216.969180741045989
213.170173718851117
210.188257495398943
134.822601229671363
219.710124163845080
243.118172809030114
238.098644748530205
151.715312492290536
115.406975514501568
161.484608608378210
89.935507762423953
97.825709766334981
77.353121896521316
69.514294922264824
88.143943430681404
89.907909249891134
123.339637487618177
98.008155070984785
107.987496421938090
125.555937861421768
131.279997466602111
140.284581537061712
146.694364391057434
157.850285315050655
169.599998188600438
182.499375178568386
180.910382460593212
194.288387544898796
208.896768286562406
209.645071880277897
206.695658903853030
202.081810398301883
214.429491205004666
247.109736155258872
257.231631975211940
249.202742322892504
226.996789889530419
195.712531664709957
67.770043928546997
60.814995061275241
83.634871874593543
87.996589625784992
75.049791919831677
91.574695192647965
90.002583103252675
101.316124346055091
91.940697298974044
103.676777487058928
118.833634015195628
127.345536356079720
128.095639006476091
133.928990797648368
147.478147008011888
160.067315690501943
173.238182089540032
174.104833085420864
178.484294712816052
199.199193258151467
203.789296743747826
199.442493984274677
198.598212031902733
187.706920553222744
246.670312794773992
264.349313969597119
266.880458834811861
245.991360568205863
238.023422164950830
162.413107686512149
62.027381098341550
87.259180213521773
87.617673797074545
75.358070675838292
96.938821574285825
181.057380155490534
87.472360018442998
82.489805585500164
94.669716161032483
107.976639618486473
123.709973381546462
123.467276900614948
126.629573320944431
137.433359094808111
153.926473893810197
165.161357710757017
171.662342708442168
175.628749323282364
191.850526268475960
202.233388331772289
202.717419608342652
197.931321854147257
191.005610220427997
238.652513438394010
254.620601473821580
255.148662568770192
239.136109069754866
238.949889148088459
217.430585178829915
230.863782209170893
98.751588264578729
107.120407275247899
85.509462081604838
77.250576651379177
82.543058665123780
82.670434314480531
74.650334828788417
83.099815037334878
99.037660075305951
113.745882076338802
124.174738200871786
122.210994302412757
128.010973668094294
140.530518475077827
151.443702855387016
162.640126186329496
171.704653745709862
190.064528581449622
192.048252165058472
193.556159644515105
189.952507843653677
187.316234936587080
224.709227916362977
239.700436363208183
237.595046089954423
223.462198893538215
226.983445662855161
227.166542697436142
213.543160057113624
225.339363588866405
106.704287211770691
59.104325858866687
64.081699532744864
83.105524503693829
100.132714958025346
78.195786589089138
79.249515916774016
86.373265429739462
102.869874807666918
116.797358598684028
120.251087522308922
122.844936796041154
129.325845760023270
141.490589850097109
157.260741304591591
165.393040185109214
198.523707824488724
185.679487465324257
185.387221458944111
182.210465831121070
184.834113719102760
212.054908485488653
225.530990715476776
220.708383101100424
210.427063340668951
230.719534862481908
230.953431942365427
224.910925743453816
232.863516379531802
223.002452993054192
66.749267420624022
61.038649858159857
81.814650533537574
100.991747137117557
79.937421993444644
73.436778326495073
76.157870692674408
89.773345988040944
106.873442061951707
121.408013547386872
118.326270539628723
123.660778019743148
133.913353707587902
146.535219863374692
180.602926084394767
201.052422911795134
180.595059802049605
177.968223710674749
177.203881470339240
151.990071750880929
208.974350524179101
215.789054021411715
210.863556550006138
204.022421463945562
199.247224033049235
215.457193243762362
240.773947427527389
246.130351781749880
236.713743459061618
222.498271522109746
62.492415247349157
72.138682364637944
96.544539625975204
111.146251564209933
76.173663716358632
70.210499935095157
75.121338920193736
87.112862609825044
107.799652858445469
114.972923637080569
118.470756586476512
125.721654981358157
138.976901042709301
173.561006430468694
197.514534852700535
168.998383766872792
167.389421424710889
173.519066369541804
170.708658400133260
202.430450958367430
218.140663606213565
219.714884710691308
213.501725214873829
211.119342824088847
216.212888796213150
213.557353780495419
237.366440150334057
246.957407361130777
235.869019654314116
212.234713608410914
64.163145920760030
75.387516168622469
96.583159233855511
107.444407891500504
110.759082702100045
77.386114563557499
76.667957988857125
88.085717181740790
99.098405137764345
109.568831243991553
119.770395424177394
158.073511183611942
192.750074619125996
150.178071971624803
147.785426999294913
158.090782823106963
168.210192799088759
180.336715488794937
207.452901408216377
212.338378204677952
210.499725931801152
205.160187774864028
200.218482295712306
222.946949737806989
215.705747347130142
210.315693609591960
237.888503495556506
241.570599491243456
234.122958048342440
234.494770312664514
70.069932737322006
64.360712728121825
81.541076777068540
96.987138316483509
105.150736846971057
168.554122035127506
198.129060852456519
125.381373428587651
121.740734795266377
128.288679910414004
135.100084138064176
143.925353509970790
149.002340725626539
131.480386052809195
133.569979552391175
145.662147614948822
183.589868614387512
191.911407259740429
203.400998096859780
209.993601597993916
209.758111216948976
224.895316684941292
221.768722480425907
99.243373134662065
235.279314421495371
251.402533668626319
251.913526617867603
176.110167865923955
216.121920260310645
83.618251761489844
97.971452815253684
84.531401545333821
95.640266795506307
109.350709184696655
126.920511215830217
95.145259988146350
100.555663776804309
124.267134025537061
130.467531096820323
124.211980387449287
132.707761490848725
160.012031268387261
136.936346536554140
136.724047108582198
150.187249163520079
157.437535210538499
162.380892899670243
199.905253936636058
163.640429609463354
164.766801282378452
161.364744064505146
158.239016510625873
160.316480148198906
238.080093516698184
248.718869090862995
247.330614776889746
158.490159836685393
228.382906003612845
134.692839718734945
215.807018196520687
177.873637155765238
107.510824790691913
130.832170913041125
94.020698953759137
98.259449186398868
109.565014717185377
122.565196328643310
126.739478300065826
126.009053941347958
124.269541827015559
113.719414003968154
121.827312719056607
134.955612611386698
143.415304927627432
154.639342812518720
146.806672654192880
170.839774288272594
186.380518249697076
198.071837613497848
200.369181503966786
192.555107778084277
176.007979990424957
233.867221724721674
239.749658817892339
234.315685937586920
242.981236482903910
253.231243943202230
119.695207857991917
219.291039473703790
223.508355429217545
186.593414129087989
94.140005750925553
99.410766842648314
159.522046050147594
124.371061399378320
116.237448067546381
113.366649685742019
117.503668968300673
103.701435312435777
103.122361300551901
117.990197356487073
128.977942334699748
133.403181404137257
142.068433713216706
141.136867919363823
167.773333748066761
179.038657540601406
191.929002493567481
206.504236656718774
205.215813731743992
189.769751980785884
221.932506503608977
225.273765805442423
218.375502151151920
245.270468572255993
248.299840921800012
124.919530934549996
215.788098147245762
225.030876716722048
223.024229362830255
58.271228017628403
75.531564843648454
95.718688628753966
178.991991362755385
121.738738901358957
217.669213653017323
99.079088259601306
77.163501268374063
89.193843263496632
129.907231101532091
114.442955011735449
111.858350696253865
142.255730448226956
140.726164062299915
163.503137646104278
168.324138707174825
178.441019253613433
187.125847375025671
200.803668109986347
190.072955268440097
207.232580092862236
189.775541388094837
186.367211242176751
208.938001136006477
206.030574523155053
204.913063844565357
174.334392056070328
236.635233220722171
243.794633289653802
179.590435750746792
65.809776220970690
86.244708505226043
178.046551614403000
97.114163937698720
83.334803560235059
84.110127004646486
158.753562752879617
93.905256495189860
130.090171548164903
106.697682806044170
105.032063110729041
142.721084872815368
132.640849419773986
162.930311823942105
157.144210907064945
162.205422492287255
172.141284495691082
187.385384328639077
179.344016327844315
166.799322494492856
227.622093284658035
200.169595275498267
157.422767883359569
220.190831347179738
240.354595651143768
245.048167613831566
241.616300655808459
231.321327555932328
207.643920499787242
231.696473987889021
92.676430511772736
83.408724599833960
65.431473424403478
74.298072847204168
97.951918526994518
81.265038079828173
81.376243959778208
97.358190239355309
104.005089012886344
131.153975504905361
108.048940321329582
123.516075672226663
132.617288662981537
169.957310360554089
153.125094050411462
157.443834716510025
180.220190487790347
175.104080956006413
166.074569152697762
223.847691102482116
187.952342076310430
181.721447578259358
227.534439619254812
242.420292068905013
243.976928794469359
238.592304803692883
227.847273977049440
233.316894817129224
241.781699605929987
229.019279608858142
120.326748094696967
68.860085480857833
84.691876882177979
65.804426542769335
69.001442623522465
79.022936584839641
97.095597872557150
125.208894329362309
90.961563443452249
100.090737709005296
121.260705686971164
136.662919558799757
161.088750632484420
146.129851737225948
149.243457584425357
94.973085378674085
147.650799751366861
157.180092386523199
157.153779943866226
154.429079694780114
179.538484464656051
221.919964963584732
235.741745017973301
237.675660213928751
233.543548586836721
221.846098856420610
130.281521138611083
234.094487632633189
236.694105562440711
226.472775017646967
72.822274190085523
82.854638434902100
61.732251527117057
67.332465504273983
79.585571973748131
96.596462171580839
131.190318571805733
84.663033492415778
83.000477434756334
107.913162277013953
134.756366844847776
152.422302247556900
101.880631314553199
152.610822523733020
168.275139807073714
174.688816581955734
178.155388717428622
177.028644309908401
172.442898305244483
163.766348538114642
204.823917902758296
226.949389252847368
233.606478484471779
228.741183973365253
216.532343450759384
180.209652855986178
248.606614271325896
256.125798203904878
243.596391635222574
222.121322309544354
86.236789196722071
56.996882398935000
66.604776657284390
86.443895055477782
99.389944914842005
111.718669044979464
77.821849196816899
75.030651577224319
92.413324656628646
123.352433099701841
63.579860369382587
106.263352781417467
132.594030819938581
147.326451682377296
159.628623809439773
171.001141457625920
175.660854363902246
177.519599943685620
174.265198803501676
168.687176537456764
168.500580131306776
225.623682360449862
217.543963463832398
207.846661819804183
183.865115571339800
195.534631826312420
253.453717631768995
256.472002060396221
241.356581295170031
155.070114651129870
76.532809320575168
69.166444870806743
89.213564761002488
105.260238966934978
208.347707715759242
111.771399965819938
81.178614662839195
81.195129903879405
101.797734705875115
101.153177824701345
95.560412832410847
101.570483260101142
118.388775181739987
145.387545003581721
159.642034774416430
171.012670732535781
178.749171084110174
183.790783715098399
189.748486123465483
189.838583474712323
217.181122370483479
208.115981326005226
199.241484645361453
207.818735229704629
200.861339725237031
134.292314073723702
225.575426416725350
242.730326993582850
238.142143190717604
209.740520398947410
108.985032522492759
102.677184322968102
119.120023005385491
149.227600352188063
105.940976058707065
74.474808851403679
73.230528445661207
90.901693553877749
131.507180582334172
103.187060582980109
99.984374688562156
111.048809330215448
126.643311020231835
144.217992949078194
157.217693595243844
167.200530851970115
173.854305314277298
178.585069247016349
183.547908997651547
210.692191246652555
202.372727730943694
193.658598091331385
207.670216007460397
195.331625180606864
164.542925167293362
228.060189780569999
240.243586269514878
238.767370623317277
233.254049038726208
241.244311649070880
107.736145868030064
114.631167393978373
139.871108265532058
113.780751321161830
90.000640594771170
76.759022140814182
80.207728240744842
110.456858335282391
103.955750528473857
97.544266282017475
106.807887892482739
123.363718887913805
130.888550778131957
140.997902974768408
156.999335976212137
161.771222347650792
171.751386376820193
176.973064398059648
173.383415082162117
204.591456760706507
188.768086450499169
181.429828408687939
191.422172318815370
182.035482205442179
197.666528519831900
233.698602718262521
241.346524447171277
231.402591262954758
231.456080833591074
236.244492333398853
174.699502995717012
127.759437296381606
96.435418934427673
108.550278547249519
118.446916834271036
124.666703687082631
165.071485381812494
135.403655517104937
134.307897067987113
164.659797126094475
138.132390394449288
113.353690609577143
103.267495972708190
167.575751823250670
162.966990633727335
166.032274256709286
84.798263794489216
143.938019062309735
151.935150167414236
159.755510037399631
158.601734472898841
148.371524699330166
141.026005754971749
142.333529266896420
155.118651083049599
169.478894482772091
179.144532808169799
148.116307049257188
141.715438508671497
185.107433518965934
80.321961537082231
173.072697093520532
115.834588647515332
117.579018659507767
63.103415138813716
92.703770617568225
123.394229118118574
99.549118577847693
106.145772079495615
121.832668065395183
122.281806754670271
159.461078392697743
154.524232527875796
169.969764493127087
170.431576369612685
158.945834124262831
95.377503591974403
141.531334180021702
172.085774117266709
181.740782065298561
178.153096503444687
169.355995765378111
168.734131932715030
172.588742324470161
180.977546618800289
189.967386504394341
193.231576775807923
240.486491210706532
235.309942132371475
215.421168461000548
75.908127415048966
167.269498938263524
94.989055936224474
51.518925855470656
88.253771062317639
62.899854622596251
64.527287940076306
81.088169114015528
170.715243448120447
119.604244086169956
89.968057721179264
92.932379493618896
150.470019823748459
156.041073070679914
151.899850260980145
126.491816824732879
132.638618017111952
161.855090477141630
173.331791067747446
177.167767245314622
185.026815630161337
189.791939577519088
192.253253669041527
193.955752949677901
200.709764610580464
94.189049385406264
209.533347614632618
263.457598326713025
251.512863699240285
223.253468535623483
126.996079179720994
41.597889510838883
46.660820717290662
63.807499426007681
51.432093663820211
159.665922575204974
93.159737378631888
80.436437786099702
113.022084753755877
92.676849046077990
97.243269909665059
113.919051734368352
157.431110097186377
149.253493685115018
90.564225888919097
148.114094882495607
166.998395113139850
176.598859693081778
182.748008631503922
194.175573624130521
198.649592198837183
202.695133897819545
194.997761820572293
194.512125581341564
218.611735482510653
242.791843501051147
242.368205169283243
269.478309022193571
251.354850500022650
222.441238118936894
41.770251786843687
47.147945374461017
57.045572191904796
104.372237255116801
68.283261280425165
59.763549114782620
71.245648277311545
108.199099556313854
91.115626833843947
96.110500865442916
110.067413192094946
119.766882889735072
158.950135456198495
145.206430107490235
172.755796111604610
142.924960488260638
151.816297191953822
164.267356964329707
160.710977597015898
161.958446446494975
162.044094479012585
219.298483502523823
207.315794920492095
233.754156204323181
248.516476385151975
246.202779955180233
263.273914266218526
269.233276010266877
251.080783318780760
132.260021259573023
49.059957539195580
61.171564174058076
107.124344543509466
85.767627738109255
91.440871567624583
107.422670523638132
124.357645960642998
86.027778614795523
87.959077838082010
99.083154292743401
121.618650055386667
122.204178661051017
148.632334349615718
128.542355148372309
168.419822865103470
178.639585791335151
182.648637645714189
189.848060784731587
192.388079838331237
188.095198380815077
179.820364619533905
213.539681853083920
226.341624012551051
238.313023899653103
234.408300792774355
224.705781984789638
88.358052889563012
227.257284920737021
141.634169470815834
248.068332460106035
111.112453277257629
125.363462119654059
98.086858832602118
109.906858682346126
119.511737486979783
121.554994481058600
81.239579856449481
79.434374166324787
90.800753714557715
109.676517373182335
124.203448162573480
83.261075543639137
122.251234557787342
144.911037340463878
161.920648568328147
171.796980752972388
179.059767365253322
186.769917918057615
193.043949546642835
191.338422970097071
184.341912156728455
207.447586576284209
224.948810128285629
229.163917166603056
221.205705810179182
214.203138019062351
213.189066635612306
127.291025194349288
229.220696967827564
243.462522110398680
132.211403160740701
97.003455568548475
119.002097199429855
133.594433353834120
177.321428111832290
88.314577819690214
75.601862087903655
81.340106857491676
100.879284482584609
103.927050180620896
114.077909807997898
106.480371682900909
122.631016471112588
144.096045399346252
158.038921038643622
166.298559645267517
174.415943908321822
183.451463646920189
193.710593929162940
193.256555803669045
188.590193824133451
216.688881642386377
225.761866800221213
223.634129212763696
217.182349616489148
218.451079717927513
152.378301102651989
222.625484713936430
242.737854125059414
237.071927938902121
223.228998064486234
93.796764886464260
188.546420004900881
114.191169758348153
90.797670630233597
75.218157796677644
95.370783854948911
84.671826713899947
130.267635456508145
101.338954386640793
104.498188179849507
114.571879670447402
131.600577678255206
143.891853548921290
147.314932601173268
158.860391905383921
165.848787434087853
175.814182269127144
181.756721326094123
181.117511418521815
208.269557688169130
219.384150407605034
219.782892173886466
216.053566427169898
211.423584478878212
190.016712131572916
241.346934900983968
257.788173107872012
247.710076373109416
135.332509979554999
55.765368859798201
88.042306825492176
130.952175052293398
94.957793818093165
72.977836462699614
88.592893777049326
80.275891578480582
109.642106025675915
98.228558344413443
99.662935557457132
113.353789634039146
126.334462196969511
133.741670802840019
138.421466793529106
146.296149738041720
155.292868247260714
169.125817620222250
176.266707754478091
181.037756492275975
199.155283401866143
210.482045593959924
210.269205913611216
206.586891482729982
204.182781400956372
231.415146814431182
253.951870285090308
263.286534163457077
251.355917982288418
229.538983987254937
161.815299130144183
70.750903866167050
112.611529972439342
99.751194312212846
76.057098491414251
86.005177570696915
80.197353103859740
89.932047075719851
85.814172265661824
90.466515040716331
102.574587751118159
121.899034801062783
129.736774452239501
128.595080977121199
134.161538165105384
147.355119321722668
157.806934517558460
171.719105226914451
174.384679334382469
180.399096691784479
202.608516751908894
204.554535349990573
198.946037525934202
200.362281451375793
228.261656351166636
247.832316183540854
254.042677394708392
243.475291314253411
254.138173144521971
217.346004606463566
233.763075268508658
100.386199068909946
90.987606099571536
134.732721608877284
107.526487555077239
101.839532582341008
101.332764191791284
85.507447284670334
81.222430146829097
92.336389430688357
109.623701493919540
124.905838774887343
128.658848198413807
128.685053765481200
137.424830739146103
150.617615684075588
163.219906114751495
172.985289094125534
177.636075192913694
198.387016186365088
195.922038717820612
191.067736622285338
182.113945530014405
221.977752800540003
241.147617034857859
239.449273033268781
229.428095700183803
216.047272772985593
230.581011117522507
236.551854686065695
235.152979778001793
127.731123629970838
60.848397462384128
60.419893982567828
72.408730575589999
87.316435917493976
81.404657214228379
74.037432156074928
81.700082870914798
96.653806096675552
118.892807924079108
124.460213320317933
128.053185742011635
130.003965939551421
137.493176341954040
151.402391016741831
163.929224905970955
169.743943131388676
198.154761500451144
194.043477840679088
191.891134749936498
184.305233140642429
157.444027354510609
225.243315265995136
233.906529722455616
229.379279006638626
217.184630689491883
218.718248839684520
230.173787383858297
243.632941046681140
231.471665314649925
69.311258175883594
57.360169479453333
73.505058750213351
91.116340434080342
100.610169836897796
80.805146752951927
75.966274016273161
82.391826625039272
100.513332584192369
119.754517002790777
120.847134572123863
125.425232201081357
134.315767686122598
142.606119635171439
152.267944806917399
196.009549453271802
181.224647715433974
183.573595526564645
187.445751795787714
185.273639931392182
176.584044520305326
210.322102715025096
223.233279299113747
220.988582542911075
211.721533969342545
205.045110338810787
212.585385369132155
250.800693468964909
241.036502262213929
226.370247949010263
64.722841844567057
60.485110656564714
80.713740386276100
97.639840185123546
80.954100111146175
70.463181048724593
72.887017299100833
91.662690195379540
102.614617239160495
117.073203206828126
124.431219206713791
127.974978388457487
137.602380425946762
144.696429108532897
184.132506658296222
194.416256038571134
179.874929254884478
176.832098801554309
178.631198412366217
188.193905634936016
212.864375305067824
218.460763221961145
214.847460717200818
204.157257296028092
212.973327190451471
217.349959542991428
238.554469461501498
246.693280859821982
238.381884048520249
205.537082177837163
58.393249565514481
69.706943348217763
92.963458566893394
87.685660957420993
69.483383624729129
67.251718539481615
77.298221252861168
93.046911922262723
112.581310387197846
120.219170014642430
128.122314080664495
130.974313901941002
173.406769294134023
193.930976396364770
161.600125754979473
159.337312865253836
168.907576639770298
165.975484803126477
196.867247704004626
213.264678430752696
218.647312549549014
212.793438415258208
204.209449568263324
215.680451488959079
215.778308520353335
146.194333234427120
221.312958741398859
243.984429231306621
237.075360730283109
113.387855750931251
75.359800141933434
99.751811933378860
115.564780813310634
117.727739323194569
87.934816954243729
81.210151279800741
93.660626595001247
113.199842621143148
133.187755591757082
185.034565011462860
130.151181013235686
138.768591388740077
151.867774260338336
158.308814650532241
123.096946989116987
138.869854424147888
156.759324488407032
164.754625533845172
214.775553407758167
213.662654900780893
210.120494283919868
219.058389361468528
218.449898896811220
212.095147570245956
231.646194997825489
251.313913881548075
255.847453737949309
219.754066840323219
242.188872616088929
161.424534031201034
65.679809380905425
88.904360377079286
107.842211533829214
116.232747877010326
118.623213575619644
112.638037488616135
166.382987101167316
96.304378104554104
82.876922221177637
99.589929070031573
128.593001986694816
151.031660984044663
152.264823665178824
143.927322425186816
141.834849482168039
158.987360635511806
204.956558272444738
195.524514830198370
198.524266457626197
201.475311179440212
226.056957238686408
220.488584640289986
204.773911753000846
235.905883564616602
250.284744152122784
250.259918251961665
231.537517884363012
241.534924435374876
80.513991707603893
199.097286519123884
66.372490016818048
64.878310573725528
83.688515856142601
173.071022944380729
116.620108871690945
107.413946826212481
117.554144820311706
125.276297870610080
126.215269641897521
132.160533456461792
127.825725200954253
134.952317296701352
142.917757251539598
141.506810929482441
160.386358766484250
161.234622535210889
199.947943491190188
171.352407727167474
172.341255377740424
222.798785982130937
216.366473362948057
200.129027144040322
231.639737910937896
242.007588656198322
240.530347434436976
232.638451776711918
169.376437369079980
124.788153248155396
210.946116308472654
214.791962107361854
161.864419111492225
95.348467471247005
154.516272937478305
110.678775602840886
112.164935379831860
116.127613058295793
118.750995047913790
122.537144168441088
106.810844641952613
96.416187673536342
116.862578223665125
136.144319728629426
137.843721969811440
141.771396649120248
133.569504578772012
167.195959320624098
184.159318797435333
178.594930152565723
166.947358969748166
157.822214920853071
150.672280702750754
146.292576937154507
230.405345794215293
225.062985240265306
222.467502213607133
227.323599854801614
115.260979056788742
211.670553948485292
221.451382708276299
174.962981779364952
66.622685853656662
86.159464811667917
165.539048501539725
122.562429817570262
114.093448148767720
109.454958218095172
109.984820669433091
90.340139820356043
80.717121992355118
100.601984535020833
127.984000160080313
191.434247527532420
138.401436207112226
129.342703170392980
175.459444498169148
174.813222749696820
182.239014167843891
195.481676358120694
200.725103002189826
199.763077018607703
181.823677664399042
217.071483668922951
223.245852122428289
217.546100784110138
233.784606419909380
122.226987620732316
196.996658305940088
213.166306797438665
214.771282935640414
228.094148537721424
76.573123181863835
100.799319607587023
179.633337134958339
124.503946671102184
108.838833254877557
226.402579710283078
85.480497496255623
76.714203447197121
128.755119140928201
102.072791960278821
115.377385345013096
130.477135543752922
129.347895460525308
156.626195164818938
158.929958143551460
166.634871011542884
175.426234145068008
188.882781619666730
197.167180782644863
186.411468432489215
216.187904483674600
222.389421521734647
211.273851073900005
204.860388224336532
145.272150091167617
200.886530913358058
212.393211044715372
216.777878413110727
214.346976373613757
239.616277822994903
96.715870485786354
166.679738106037007
147.627102422451657
83.811537354998649
135.814677355706067
88.912179360690061
78.406701678920271
84.513324664482298
115.811649183159858
145.883115830384952
104.312544011189715
120.105865587183416
134.749332981037185
170.164028232969486
157.857836475733990
160.399028879517232
173.743595284439550
181.408182107436630
174.964497887065249
174.245078037961719
211.051262302470690
176.938526803671635
169.525494742791835
213.726040308667677
222.397030691209125
219.181262209114919
216.606555075435296
98.553928761163689
224.949511360200489
233.099570909616318
119.168169821702861
82.615032423539489
67.300105848701094
78.599824618929574
66.405938520053169
70.595694415290751
83.533425709322856
102.014368566281107
117.965112129856806
99.091121523094714
115.402377149966810
132.285711696710962
154.062798987019221
149.244012386037809
152.442157279250637
134.418287871010932
160.355975304512555
183.155793451155603
198.835979554687583
194.324042062984006
173.929721699310619
169.443847501773007
221.653768939405325
236.875714036360819
237.367626836298030
227.261375763606424
160.316004764619919
229.487312407622397
239.257661434448551
230.425365671875625
65.890837872636851
64.699660702343309
71.798535260546402
59.631901557468836
64.367606710790696
79.886983566049295
144.409619300640543
110.577214430939677
85.575125029680720
102.127157471680960
129.579464898361721
146.567040009855475
161.152408702202450
132.618339134956898
154.023801715726421
166.574566877326390
179.690245197475633
193.395464312265545
197.395421298669163
181.832595375841095
164.449475218837875
212.567375049189309
236.579591492246664
243.037012282078678
231.197690497998451
199.482604078861243
209.821031793833924
254.190880514618840
245.970528219893595
227.408901367904832
67.826288452204906
71.222187219780523
61.042094066329938
72.222017209347939
84.743031526859809
118.984501505018557
109.456616790726457
102.401030435148925
87.934074205125498
106.787376724847803
135.367489888712896
93.286996812165256
121.061038423457546
144.445541690492746
159.383090769200976
169.508577303006916
182.609441543570199
190.778147526804474
188.737354895348091
176.271010047083450
162.110209376118007
223.141283555844950
230.946874537470563
225.198588815342418
221.594991412662694
216.214890749483260
205.225497088222369
253.966884763675637
243.484784578119076
147.597000811438932
85.509720751067462
71.590667239966436
89.956219258346366
105.559757456680217
93.061895075646490
96.914291348540218
118.260170161675092
82.137404138596906
88.224653208085812
114.580503320645619
91.050439594413064
101.857101279459485
125.719076904431049
146.804790390205454
160.811012634497075
173.211924993782191
184.394936772538642
188.488728201703651
189.397079454188258
179.330340357478406
169.949305975674747
218.501910611075516
214.700968099192750
203.965248239955258
218.106113339505214
207.775214925895284
149.425284185289058
228.436625156677195
241.713143618325944
231.352703326157211
119.597934693224289
97.096216610344271
114.863935875849364
93.198796751169226
128.216494380874593
80.984643154615028
74.170285739777171
84.338570626083396
129.024779901531730
99.076630692345375
94.783601248307292
109.300040566680408
129.547075187983580
145.061497263619287
159.711649259059612
172.212871247981070
180.481887429829300
186.074290971811905
187.115375732739267
185.140122444042845
210.843462818667319
213.046254122204886
206.207189063634701
200.016799513717331
194.662765059906178
169.243677955331378
229.087434697667618
244.046467796791887
233.912113120918491
171.068085695649131
115.502005011945670
110.561587173688366
126.799760262383387
111.781858557877243
97.903179370734051
78.621400609612166
78.460941744743423
108.782405463064890
101.861023932769314
103.476137003031539
111.855845692715945
119.963686055060606
133.126334890034400
145.350120551075804
157.539800109898607
165.248129875836440
173.853042512296952
177.473507931085692
180.796800334273058
202.568300363764195
207.019254964744334
200.331756315592116
207.352054506096408
195.051665361158229
182.962896921173353
229.348190934722936
241.216698746308992
238.807532599833223
207.881987534111317
236.571473474333402
124.238246454807552
118.874280685728422
105.834810525312136
95.759241553310389
75.814917788953977
76.962137851276111
84.693069547567816
83.155513749562274
94.403755556959410
110.386392634675431
118.541111963763399
123.587627348086656
136.439929562647507
144.733782904348345
156.708028262526369
165.151822739948784
172.570731205025851
177.668918361064726
198.908769076228737
197.397872529067143
193.308318243338164
206.231711843325172
191.375250551702663
200.619691293076016
232.253904828555164
242.923596317244090
238.867586309944841
219.836699060062472
245.220314509101428
234.008848128891543
172.583902708076863
135.255624237793938
107.300737208957159
113.263397299668895
117.032105812844108
156.378443894215167
121.937616377542042
115.762622675396614
150.311737598794224
133.416932368456600
120.375593002152186
108.864826009675681
159.377105836421634
159.982229117194294
167.403452677187943
79.883693513572325
151.737245383234750
154.072306416654953
159.182555427622447
143.614145680189409
156.149517891672474
151.112531691983520
145.600760972319790
150.185643627757031
161.040508651507082
172.304533234487479
177.923718090745837
156.456216526937396
192.651655048859709
200.654978107285046
160.736705868032686
102.302703020061102
110.810912625805912
87.995276363936668
70.035392863971509
114.614977177306628
87.439056526497737
88.763271005320718
106.664334213834735
123.083700106000904
173.353873236202418
118.744769705110400
159.347186966149934
172.946367644012838
166.856545015471738
86.584374653628743
141.754500865109321
163.321145611590254
173.472402526764085
172.222290239862701
169.361099328328947
165.281178316589433
170.405562180758750
175.982116298617768
182.303963177289802
187.742471612481722
115.966305497831925
249.833608123962364
242.429548311469688
167.818825757066406
135.596821942763768
101.532536979799374
47.036937919645709
57.861020272323259
68.630162656756582
60.306021089932500
187.817515568353599
118.219399361364424
110.084539843548981
96.522089797089208
89.243994960378743
95.577667442552979
154.624594901757320
154.339264262186305
115.970362043208013
151.147082849293639
153.676975815860004
174.405724722710715
179.288045679900421
181.848835498658872
186.756921253576138
183.475625516278114
185.115031072983072
180.926481518065913
187.054306997913216
206.080188995687649
245.085814385484127
254.405826157295394
231.758126508927944
89.119298941799897
116.574765951115452
41.093275190898254
91.236741986534597
77.733479522587999
107.255606845073643
78.687056048613201
74.447566616700726
92.167283705514535
81.524525587207719
97.971176112278314
105.248738494901744
113.540504630596331
129.929531200755520
145.203942863770351
178.788323947152833
139.744389790335703
166.327199933867973
177.577425845092819
155.097683963028544
173.838626585829303
162.519757400963613
202.522618687521572
199.384544833121595
184.694452070984227
243.503714321551882
256.816826689490199
253.466739118650281
237.806716350437114
199.002276431111170
244.425043027487675
41.559798713487140
56.952764162533498
119.669243880922551
75.037175937481635
61.859668442537171
66.568692524315054
89.455476434723920
80.909630459930781
91.352246264556229
98.713899680063719
107.114040673434886
122.678446668245641
132.762546926843953
144.018960489638602
146.820015021838174
161.614863213328192
185.729451112082529
195.434687774359247
195.354483979807867
183.220124667615124
165.171436478836711
151.516083407958092
193.258484648393392
243.464292872777435
254.502656003767498
250.115500871311866
235.951577792791852
230.321667702953846
132.399119151219679
128.062631620787954
56.249617026666812
111.682501346692163
108.533214151343600
97.426445175638136
105.686562993940669
115.449714963578231
178.611315632167646
128.683640488243867
85.857404922878857
89.229298539216330
120.724325302684690
130.000325492581851
68.725139708717052
135.930398664279153
167.820972414500744
180.556313557834471
189.839867127128798
199.805167924454395
203.407807366162530
199.595516793535637
186.460630885119656
171.627246063473194
223.988479617380221
242.344275781365297
241.940963472817828
231.735866030917464
207.108632902412921
136.294961619960105
237.794409029019846
242.059709026228120
223.731230275647476
149.183202032212108
114.626691000479923
121.415787210528379
121.401614920396653
115.137201401132145
95.589176863194837
80.223141502245198
88.777316403938698
121.681149340076061
107.507380302111088
95.049191775517556
114.330154730918153
133.699343432572988
153.376372501052998
167.784801435810124
179.076643463392827
188.236504524836533
195.917491984757305
196.085769935882269
190.819006377550210
209.395489077869030
227.216207080908191
229.432322383999065
220.559123310797929
224.131274996650347
172.260842933121666
142.487385696676711
224.902922421078301
240.903597278908819
89.791732656358491
88.918782246203193
171.022036475798558
136.879682257861987
101.537877260821503
86.117989497351061
78.674402276740892
110.720624239648842
101.506714087448245
147.103456787557747
103.404884374040947
114.393956463011904
131.314881123410487
140.784677301977098
152.937852659479972
162.062052464545673
170.240053500337893
175.413481724606697
182.489745672308374
186.911551278858809
206.554683433704781
219.331912683518425
219.592397999267035
211.650905332279535
205.352307128055315
206.012058248582775
176.309899487288760
232.625094154584986
243.007034905279454
147.894912541444143
84.688564858722785
104.896654998234453
173.833729883648857
102.358192096083883
77.839580563721697
77.882191682817989
105.442700370371028
87.966426812910399
110.955201139706389
101.347312380951251
114.355167923692250
129.257435424451955
137.472722853476171
144.195144117058987
145.549824477583343
154.260220858818343
160.138342905985610
171.056504213573191
179.907785090977370
181.518108270087538
216.853672313228174
222.190675139849589
218.000758103840866
210.063921053498007
181.561262222943640
195.227400611146379
238.906769113621323
246.339708130131726
210.243535301658824
236.419789254996431
104.279665089511965
161.861518736411313
116.879935463274307
90.053096458651837
82.647866915846350
99.870638248937553
88.495138261166801
92.419864468590532
92.185032934593039
101.849912234197575
120.117587086627509
135.443880696987605
139.054338138859663
139.720103094892352
143.647721946912952
154.162213585927503
166.040921359683040
177.239920546269218
181.911271648105810
207.098892070809597
214.872596048544722
212.356334300576862
203.093792812543541
190.070086812177351
180.288035934164270
229.814682250503722
242.152317924435465
233.164623108924928
240.943258041971063
233.432603799381468
129.957296547422231
108.216472099207593
94.695703491027288
141.306593339375581
113.366915172070250
105.490339139568874
79.350227734261296
77.534841457258722
90.655327758322414
104.271929876561188
127.453139004849746
137.127423272047736
134.532898033363409
134.980455041538846
142.944530561087475
154.987566726765294
172.002230999807978
178.440446312660725
179.724235438847927
204.258392572200819
203.921077028039491
196.540810122588255
186.361191322690388
217.071800301611518
240.800097342887113
246.696219215024342
237.513953962706466
245.458365051291281
248.975663122446036
235.510513900151579
97.195166633436770
185.851247040298972
62.957371616583330
72.972719309893407
85.647510322035373
80.919203385142424
72.235570600043047
77.829489896877078
93.492958000170049
113.847098512709138
130.790426102199206
135.075605098978627
132.655944044800293
137.057098724571659
146.918854263490744
158.889569086146309
170.138250224873644
177.634271272846689
197.025292464729176
200.643077437822342
198.667024961484600
190.388750472169249
212.475757119786266
234.641026872844861
235.743095323741699
226.601956271873604
146.717462260077241
260.625700769659716
247.350834513666598
228.814489032472949
107.014201930082180
58.006946940631906
66.075825069336275
81.665256548553870
78.465221732777295
69.654512037226425
67.622371383407483
79.437822675120074
100.675958772850166
123.409525461995287
130.911961913730153
132.310159416294596
133.578530201685112
140.195179360392615
147.547193509430315
160.620834149504248
191.138832973486757
186.439522540737897
191.764533566548607
193.985462235152369
188.801557686338555
203.832420021922729
223.305560482733483
223.513969887855524
212.108073380037126
201.496403092416301
213.111334078322272
253.595993897037289
241.329252853913999
143.665804316875182
82.688226442960101
99.548793605185864
100.689626555694275
108.753330929765610
72.380891200302756
65.092080134461668
69.690534385324696
87.014860881729462
104.004719510505865
120.763663824951408
128.349588217145140
135.745542048183239
139.423559660790346
145.758548840900119
151.041724786851603
192.387016074580544
181.518990858346115
184.382837920517176
188.362337390603386
185.485854299824808
189.721518139992014
216.733900463430189
224.528679826005316
217.107551479298849
204.549147129124719
216.466301595182358
225.531062361775184
162.696082554287017
231.640575654683829
232.991645005155220
124.148412381447244
94.094266518034971
108.718196592543677
82.156083867966487
67.514335815680184
67.725776760459055
76.059563980637591
92.218768580276532
108.743692691405556
120.974262946440945
130.548085454293641
137.966334327229475
140.053553381626386
149.099441389516585
189.684294067400742
172.717654854818790
174.003874510193782
180.866560360737878
160.865141633764125
196.506931659646938
215.814943640857223
222.325677754004687
217.237192253142837
205.190736637697341
221.858665098322916
171.088590970613694
221.993584949082191
235.468727067875250
219.320297720931649
91.588779154354071
84.576683582242723
98.442436844210988
118.021530762301765
128.857595436498030
92.642234889132681
86.201668207545595
94.355388261447132
109.413719564702461
126.047470231326514
131.984753312950602
136.492112099976850
172.479487068625730
150.120076371504894
153.740515558002016
159.012093017352555
169.451640323756322
160.520480973864608
166.548011870025817
200.387327224574506
213.915187733494520
221.116532262482053
216.279286993049993
206.277593252543454
212.159404019677879
215.995697482167856
190.337524800461608
250.634404409567679
236.113100608649518
148.035924501897000
206.274430643119018
116.069371165520508
110.220808745328341
113.834412449926731
115.843235746332851
140.584584672260945
96.022029048118995
96.077129028095115
111.211205940578395
173.064144623532286
104.928028441431707
112.796353768141756
140.882179276022953
159.503624549336621
164.770382782060778
205.957781372491638
170.468111751290337
151.908115386171829
198.325268009558044
205.883126587425210
212.344237169261191
211.702866458912695
217.078006728977471
221.910102452696975
162.099398955417939
241.474313262289741
249.038218113009123
187.064568528327328
239.739619406819571
233.682633505641292
169.929626686365708
152.866825608051158
86.522637524548628
95.678036740966533
107.618103044844275
113.779148904164515
153.031967976339160
97.645070677357950
82.401160465169383
86.307094435356788
106.041485860717628
135.475899337945123
153.134828679131004
195.794170691650834
136.112493481984956
125.034006519253552
158.731508955365513
183.418181074031139
203.560346593122745
198.335506212799885
114.932963641560022
224.306521779867069
215.393622138870597
199.180889031573940
238.103284896430381
240.492688393303780
233.625917824335374
206.094393337594568
93.380710574691449
186.595190654834596
180.500968963860828
79.767426365064807
91.437638711734280
183.316733433647244
115.063610605052219
101.518659157351408
104.538302743107778
111.994719257743171
117.532883609639185
124.434009285853449
138.108908216792202
173.382380313744960
136.282502071699668
130.693556779776145
186.972309730493549
171.051878372635116
174.957888462462819
183.505991832263931
143.527303722521964
168.503161772076055
227.125976634475904
166.113419743857122
169.607445542792505
232.484666620123335
234.011053509673275
226.657369433946599
160.227944107149426
226.320334295713423
119.420152654819105
226.237967330665697
249.299123138795835
81.006579419172724
106.423917787700731
139.325691055104272
96.498868947785610
91.987194354610168
94.424250042449373
99.557641262020212
110.136409214724196
131.275541360651317
103.702201982800176
110.142121384621760
122.836013856462657
128.536429667444594
158.859900146632981
162.294097473852531
169.780765482483133
158.360810148773055
177.243144124759226
191.708901797249524
197.683844973396162
186.853731282512314
220.255327691342359
225.232102867062906
207.452046082713395
224.780748111204332
240.506201552850371
119.190941569932647
193.293783114359201
228.291538736182247
243.343401935178662
94.539824108336305
161.342903906124860
107.416458713760790
104.079206526305569
105.510752961999430
105.673868628168151
110.738071788888888
103.264636934468157
91.354222210239072
135.985636603606252
134.690195536793510
104.797041467531116
127.886308856267533
171.285652938134433
162.096168265834365
164.471359742038828
180.639051254560400
184.095303314565655
190.486052132581733
183.803484596624116
167.048767421733999
203.533856722885560
210.946687589090544
147.112315191659661
174.523683768804062
181.407483841685291
183.513504358142058
190.755672273750122
233.341696315713108
238.920803807266566
175.821563207680583
107.567458988787550
116.220689431777203
120.012096171328736
116.450032929424509
102.869532698452872
128.471237457336997
92.665483316155502
91.486303780941739
117.193334539163175
96.802809496421503
139.424833700062607
159.174526216821931
154.591593961406829
154.683827583580296
173.748929572248926
175.218306103470042
182.859974642426266
184.951232740953287
174.740847594171328
225.637170231285154
204.464200528326501
156.387824461005266
178.499812118437944
178.005682631980477
176.563264679643339
182.743050383382354
251.275361373876109
248.984121827364788
237.517270716525218
151.278113782353216
103.497506480655062
191.999980341677457
112.813404003974085
96.105102177638543
74.728089595437211
76.495263892152224
89.383530822739004
112.511080531412333
157.696471653070859
109.283493705850873
134.596110825938922
155.699218095186694
150.263537903007347
148.317717489253340
170.936384077450043
168.361891533210098
161.811992226842108
191.631731461763763
203.278313622260612
194.296798192931192
177.170292932987309
182.646446915429522
203.114068209290650
202.753135729675762
198.207721266288672
198.633381657789613
254.033780603015771
246.109875121118364
228.661640437465678
176.904545759254773
85.675005998016900
76.511910950284246
73.032810201060400
63.685679949991837
71.039066608568731
83.296512750491786
142.132489948502382
96.296934292078419
124.025677860231838
117.801895787626364
135.737931320232349
146.268080981915034
124.828725995271881
152.248985800780986
166.172558111918306
176.479514099140829
192.123343150242931
204.808257675079574
205.270364098280879
189.147996309203734
170.741168711915748
174.125902539514584
211.650826453145157
223.259750189103613
218.301484655248458
146.570630841508972
253.906124659174992
243.774514603027825
112.045331634802977
66.451110158046077
112.416649956408918
86.658581158982315
93.461259882436835
100.711539578574389
106.815720376747620
129.237592359227932
103.931044570917152
103.918020682553021
103.074715828777940
124.064126802454069
138.169164671684911
109.224068487473744
137.051128793626447
154.775349691211602
166.842317698067575
178.817025926532494
193.199337819906702
202.704714035169530
198.487672688799478
182.984092330787604
168.997466524452676
233.595372850252346
246.292938076652206
237.037410445429430
211.731959405154072
216.361085276687277
136.672697416620679
228.076648819176569
232.774561974412450
129.767108298909704
91.998600447054272
104.207885177892564
112.738260488102682
115.863549177187053
115.937537935438954
111.950056793873969
91.525434067637661
93.423164998696109
112.105669622472035
116.648308229342376
102.506929101421790
116.923178890364895
140.373888364786382
156.912815391824608
168.364437481179550
180.959244296622529
193.093432861552486
200.061382568557150
196.169816801807997
185.629750437537410
223.301527191272498
240.145318850815300
234.091788168727334
229.877972189228871
222.461904427528111
139.260139696203197
217.530476283288152
228.039740769970649
221.377295403410528
133.829404716618797
100.234792048001879
110.725628616445192
119.326417445073787
95.540765413618217
100.186731994574245
87.909660865617496
89.985371751049001
139.601426013495086
102.298266239538577
101.188997995030476
113.358115492696328
131.174916626996918
148.748308819760382
160.460154596029724
168.249268486073589
176.203833342935212
183.537726141475815
184.827647887147975
184.533877087020187
180.329581236927510
226.122446471542276
224.724681161169570
230.197321264083598
220.493831650107524
146.011133053559661
211.775695004078244
226.052417012847911
223.653226131027935
218.663006615888833
137.757615667833875
106.145563089713875
117.269851122841416
91.662219338111072
96.468814317772839
85.360971825239261
89.466378959349271
106.181687898903618
112.566110298756101
98.398394919359404
101.881337253943300
115.300720168085576
136.570957709942945
152.635799213874094
161.656396454024673
169.924342491224337
178.694594283076412
184.817640329886842
188.521235571422551
190.043088039136933
206.082883945058484
210.733289393568640
232.996554753438204
216.321784892751907
150.054912144705213
212.187205562736494
230.105362569770250
226.635583661805526
219.659476068269839
152.468165199810187
167.747652822922475
82.470372884958749
124.743692485053941
73.750032204131557
69.755168920779568
78.234801297828128
94.732445638829233
90.063214346671913
95.925336941419687
105.377670841885745
110.100154148054514
124.187382217846007
139.050253871203211
148.736847839643445
155.675380170317851
162.484180455518668
171.383002787709842
179.254570626921407
185.279456651526345
198.053568474326482
197.214764676393514
188.148612055809252
215.404221798700860
207.626107008068004
242.459697254949731
254.087839057353534
249.813913916240153
232.993785433595292
219.565991056141769
169.414128679273801
79.407192249550832
126.481100157413294
113.465445924515748
79.938314373781395
84.258884625324413
81.108811439825104
75.379416319972236
86.260809532523552
95.200682263274700
107.067459328888475
119.758317996359381
132.135528517615711
138.737741125624609
145.872763684836599
154.587073425551864
161.951730490703511
171.031690375423295
177.596717372591769
202.302399333003621
193.888643429845160
164.695603176494899
209.950720465822258
186.361716680201710
231.580147925952275
247.393708070895912
245.692728981820835
234.373847483786108
203.941561636052086
237.609094273054581
228.617098850166741
156.827018784072010
100.499787020234635
101.518413378309333
110.341015049053198
155.291222926647492
120.013734368671905
140.871635348376117
121.112529812350161
121.361715280592136
127.148750236285238
124.447248796250165
182.896849619499392
158.672466101285863
140.228499570431865
91.243725715736275
103.039993529555801
135.225694761907448
148.038707799717685
141.532289827807404
153.875078526625572
149.683988607478312
143.654602818767245
143.737252495514980
151.845026931297610
159.330498023690723
165.468221925171150
144.177269126790605
190.281907389283589
136.516000995785987
189.309658613365031
157.507532676261548
93.887790673981328
122.720121265177568
94.270264255884257
88.987616038242663
71.181824377326905
73.703107391669931
92.158406725156965
174.752923393547462
136.156893933953484
172.952759674097820
148.742373084807156
108.342642461349385
118.760798429092659
136.108692714316192
149.784221329877568
153.987660442370640
178.224244250704800
184.153631811116270
183.677830612598399
180.362301425862796
179.021672968698141
179.829699720486047
178.621510792717913
176.340415356977729
145.441379527936874
216.693416783448981
230.824897956713812
223.763109452085871
215.403376476661350
125.103920580126669
141.318711316165889
48.957208930241961
58.026761708852064
54.297537122514086
66.364741463955937
130.213527240292052
89.062623197412492
87.790359734211250
112.555398119198941
112.073039046027532
117.608065164119665
130.609301704461672
144.319549343126681
153.749043438490560
146.814471889049230
170.981505416230164
182.144352948741982
184.815874821368112
191.080342909761953
130.770749592965416
195.349899256092499
193.467858667188693
185.417994189405789
164.432333359574926
225.455386199474731
240.739261526061057
241.093822621570382
101.053612056902821
209.849371407801925
52.648251115801216
43.630285386360953
120.607191600686477
95.327229161791465
108.023555501206673
71.265819340359599
66.406849363478926
80.455126781130105
96.859489667461446
92.556824417480982
102.653989615280224
117.355683062902472
134.590177542940779
120.237933054312549
135.448309974559919
117.616759572179717
166.404408826886311
180.615036245842646
186.125737667940484
183.946581070230280
169.280947569167182
152.102662275272678
203.564446423905594
211.048076314631260
243.042897492794253
249.764656515469710
238.989334984733489
226.613750717317060
199.183523739446713
168.923202491907801
42.258644898339426
173.768402971767586
95.559031705116467
61.488943273502429
60.728753584542602
70.180576116978926
91.940747127258447
176.331663623300585
124.165349068623698
89.282819100306895
99.971424341570298
126.512336270380331
134.836270886026881
107.404096113992793
163.668552731272939
180.976891008201193
189.783244967169196
199.917346401186165
207.707264051044490
203.284708100943305
185.801588658308617
169.304244905033755
195.170758451536642
238.046078184802326
250.189438695658282
242.973269416132553
228.028545200954483
242.217190156695807
95.131741245364438
233.816263954327610
85.534843599980775
80.782328729449887
150.067803137212110
113.114103576313454
111.333366826221379
109.267903708244518
111.786369875207683
79.083755046071047
75.919472425639540
111.565475407643646
124.713860726921894
74.289266107569844
101.122311065858639
136.860684702319787
157.629926061848607
171.822459492844558
184.133060779811132
192.405941891645767
198.490113323486270
194.566941114922855
186.864462607824862
177.241569550774813
219.911669355743072
239.573448789338272
239.212537110599783
226.610687604484212
231.479798422123224
159.617495085001138
227.535627531559726
159.696827756643984
93.866954022061975
99.046172854268605
153.442922550520791
121.277039730254955
107.149438872767831
84.142150634567400
72.190770951285998
74.329154025470956
118.413915675603491
96.548978841400810
127.874980928205247
101.618539175167243
117.743475634677651
139.821179641403887
156.602405119173795
169.075204012787452
176.204041507710542
183.657972977804150
191.330886368548988
195.572725195841542
194.121591324742042
208.780302789096311
227.049646742979860
228.868509556766526
218.369279234173007
216.654947153397558
166.895637054091793
212.224426725382841
189.519254973118791
247.634851988044403
117.396775088314556
115.644150270304948
140.692978830922613
108.143775806568897
87.231488217086152
74.492210642146020
100.446616080242705
94.438898965835136
141.070454096750495
97.298099688767593
106.174525823356703
116.940826197799026
138.424156095676551
144.777972494563528
151.381764197015116
157.305506539770420
163.070461127509247
172.339654803948633
183.021821057564154
187.952895966434767
190.156488128912315
221.760296379872614
220.562064696574765
211.478253357856829
204.255741504938669
188.048487055785131
217.336716060680345
219.602759895294071
200.946920697193775
232.264638577838838
117.295012773327727
143.423283824881764
115.186162188729526
94.449333384556866
81.188456271340925
77.924957954080298
85.734850153603048
102.634718979337592
92.354149770398223
99.415499503388816
116.712035155080400
128.301155029013017
139.629858276796085
142.463640318312258
145.267812455010016
155.302862170328581
161.763559792635562
175.906453477282469
185.223026307247096
188.894472933039083
220.123408283345668
215.150033469592415
202.368816697049851
192.666258328528272
118.946957087140760
181.754924496955226
216.725756637884587
235.999003292095779
242.909558124900371
232.397293895143804
139.489341112609594
141.085425883765964
135.820558429643143
94.564499957642880
149.008009118147044
89.873304163598831
80.650639052426669
82.267075327644449
87.126403492339392
108.359672163339269
120.572641151616210
136.033412350326103
137.714663056672464
138.558918907139770
142.221345438648257
153.497881429295404
167.872976823181858
177.986427796100401
185.861230736606075
213.612657500197173
215.982534692834776
208.396163549554217
198.274374318831690
208.568323994196135
182.606577474203164
214.769705277717549
220.749379451248558
243.185015941559044
244.201845805088226
232.952103989745268
151.611376128805915
162.001002172984926
86.594784765501601
86.764860103894875
94.563819730407218
76.688619565046949
68.495898289300385
78.355718888481420
91.101495502280713
111.821199212657703
128.499564827810957
133.085347364381818
134.325324508113141
138.510298320715378
143.532743831606410
155.119576864760461
170.050722433142482
177.163192335508342
199.865716370377072
199.912113777428630
200.919537342660647
192.577057019485210
198.524802965821891
170.106397022957623
205.050841187238461
216.943121423658596
216.838877069741528
256.483804032699027
245.627683959733446
120.107244494381462
134.381245981939998
118.954776595706164
124.057562334545395
116.284809431925282
73.619690493402175
67.002537438728808
65.774236140172846
79.323328967336181
98.682115417116989
115.454103455861997
131.526862598368126
135.238163590250053
136.066419113078553
137.665416765144727
146.445245799245725
155.925841377476161
167.433378030485017
194.407878262609586
191.362651291868843
192.592401351718593
188.161423222570249
146.871429508136316
199.507112789777608
223.382609063686544
226.806279469210438
218.364577795889090
130.021636641288609
238.035955892453785
226.967875143934236
184.266037168013156
83.266286822923334
116.995526251453100
109.977025779065556
111.326548159417399
75.289069306613641
65.640427354864414
71.431326888506476
84.206912041160024
101.415757258319104
117.505194573672782
130.034558202687833
137.249751710004915
138.188599764315086
142.356200525176831
150.198776083825663
159.090055203839540
197.399916703537201
184.412602003714710
183.393328122892285
180.838344723967907
177.023759810532766
196.128038080051198
221.126320939814093
222.429593210775749
212.136911044333374
192.425043015625249
229.483631631699581
147.500777886733857
222.049443881775204
231.104809419779599
140.830025810871064
107.041390494619932
109.575620154075622
78.850750699403903
65.657819543236684
66.046575376066286
74.072769721030966
90.228505622699203
106.238725575259522
119.728342799912710
131.281744138927735
136.496195339203979
141.061512529612372
145.423667873986858
149.788669997966082
197.364852268206647
178.697812035873341
174.312945780619543
174.629043248057883
197.802691557537884
199.593095443655017
219.505265173841934
219.545307286913697
206.371464404226685
212.916985228269766
233.657121374651211
162.054767565913380
211.820786104851777
218.621755332211563
83.955116256492133
132.072041858081917
90.948915111621858
141.623069432322865
136.463980835203984
96.984962413475188
87.661830673769870
93.260874495758770
101.942703946162567
116.272290699477793
124.478054439798171
135.205013227234019
145.969398855371537
158.557194650278689
196.182826048616732
166.152686550126020
160.811572660461593
166.350701357263119
173.347209543705532
180.796718266592251
210.005968102570307
217.714101160116826
215.028694687670679
203.323028492837466
215.462368029499544
231.193388577457938
194.145024416269933
215.815662743160118
235.965131708671322
148.510856151870058
199.306813529038834
53.050982206636462
164.232055606695155
151.896485755676338
152.178302911051674
96.202465822000207
84.452961802027659
89.565153862981589
105.499746586019768
121.019738304382656
128.665519770114031
140.238916316802545
178.472439935045344
152.551779153884809
151.382634973418277
155.974561639565792
154.065442417990624
135.481379123172474
196.314125983419075
207.779651960719150
213.612484197076014
211.039499259671118
200.740223120729468
219.051063660555826
224.227297296597300
215.981509100947733
241.587321386467806
248.695960585243057
232.605050390291609
243.264340648903698
148.851984945687491
89.753921480413453
74.148120212297002
125.521628298736914
122.526896533801818
83.810994206592127
78.841181417913887
187.726635458570030
124.050838798498376
111.310704786359054
117.553867749335623
139.022244237486973
159.469084969244904
168.271559354266003
186.614911009845400
143.465314911789477
164.895836780102854
178.380926946204596
208.751381363609084
202.910069897507356
201.529050614389575
213.397265936591168
222.748550898356200
217.317290672693787
202.500343627894551
242.161720527324064
244.564913216970041
230.517865060410770
237.321375542429337
103.530519985348832
175.836550191313989
64.688514732416493
88.541217617388895
120.545250298799218
115.164776381692150
154.656559429359191
104.845899885456348
94.676737251253385
95.518729150031291
103.360906679669156
116.182795157889757
140.854501637883658
143.367658671802246
145.869148573836355
141.741999051431662
159.115386133879923
164.323041490893445
173.095016342856269
200.864472162102572
185.011668706207246
221.338294928854111
221.576003174767379
186.534650267403890
193.324161817148308
237.641542689722485
236.619944172373238
229.985504014831889
164.007655873401291
151.790400180872808
178.122905116269806
228.324439645599512
88.074938585974834
89.076114462005478
141.107261619976015
89.508887774761078
83.803558967321365
87.672862993184879
99.418853537366545
112.394381306182240
126.128443841042596
106.191375400646493
118.393475818821571
135.234156998296697
184.210380662803004
175.489286839090369
167.469963884744999
165.360383672274878
98.913970197271453
207.637264571026861
157.443481323321720
189.424111254078355
200.632304694369395
194.325710669085083
229.930590083292202
227.240844116226498
228.051443971658330
147.050631001101863
190.575900202571688
198.308067037281887
234.225791920705376
239.612003862365867
115.521179710804930
168.266130341035392
101.717878634281874
95.106664115866039
99.794438183594110
104.741382352701208
112.189855919011322
102.184757664090029
85.273425685551430
100.740106237606085
124.164894042937661
133.400699476811951
150.940026848339670
156.287165410249628
156.893255628415659
159.361086429322370
166.796069391143249
181.292519055813443
196.395370680658914
201.265238574558680
190.795601109467668
173.797277513006151
219.504807325958552
222.147467069189844
153.567141061098113
179.895255864376622
187.851848229002485
236.915976411115878
245.674978166116318
240.745154031575368
162.139844975746314
92.388678283618688
96.886585299765059
106.278665396816251
112.618158767684548
115.188137633514813
93.720125726418217
78.366782526364460
128.368821702947514
115.603506741282303
117.798998923410096
122.077534823810964
164.082918212848227
159.413977342936676
153.216073565302310
160.421750068362030
176.981183156439187
188.941499866508366
195.335163298298482
193.061440343208886
180.925308389696426
216.056331619764251
204.529677123907334
158.560500741314144
174.159823637883306
173.307126315437614
176.690320623863016
253.704840067494558
246.815099276917550
232.494910438752697
152.056501883786694
94.639313900694788
101.466490755082006
111.965998856806607
215.623165350778322
122.329310922802151
86.977239185058096
83.180183160108072
97.137691651635336
127.970749475479920
131.447478526490556
141.398593365693387
147.613924624602561
152.101566598981748
159.605637286947285
165.956075805040371
172.261159225540837
179.580059808984743
184.558274485164873
166.508430092413164
192.709870263742516
196.114002253860008
176.253106116169590
188.582220877087622
184.071297836658175
176.509036875311267
247.367099373101667
254.558107226744681
242.440512185529826
205.988365324187214
119.367195033338689
91.902040687673662
130.335604671047150
92.500623582430350
72.376852337307781
68.278274440801226
75.374303463915993
93.660513621825643
165.404173475373256
96.232279896842471
116.088671593255143
125.783798057608848
157.309283560762481
161.293795268108198
154.375178688882244
143.838780600839726
171.031419422348193
187.702316352020205
202.242548559722110
206.693105716314591
198.824852559744699
182.484500993608037
195.186714348047701
201.517082090862658
191.670841912147068
181.744647279160745
182.618611311704740
236.909240650882055
225.178803019666191
88.245986537524715
132.403675556253717
101.826323544150000
126.753485801953843
100.251956985906162
99.297483530918385
102.683438910918596
111.199041154113246
132.869645054193143
114.150186349121071
101.633166346593399
116.920615773871219
137.489549028275121
146.468588866937296
123.452320251319151
155.534913161167367
168.759815069776295
179.606853311576089
192.235865850880913
202.899883104353393
203.115336042296008
187.620717484184524
171.744561633878249
182.601019078381313
211.911889505665243
217.754684272842837
210.011032007757365
227.397068543843659
235.494014892292540
138.495724312353104
225.380683855810616
88.607225561803517
139.444106867665681
103.080292852855194
101.803510254823806
105.205642351805480
119.798614356264849
106.202437307871406
111.578509921712282
99.485351765460479
105.816134356973834
116.848589313455633
101.213363398844479
114.880339974489459
139.129944289186710
155.581112012121849
168.579572472071391
180.239740830895556
193.018961644877066
199.138136787879716
196.057207176175837
183.585430883518939
170.370585456416137
229.929994947547527
240.505438916434144
228.148514521932924
236.404143285434486
232.406878219815724
152.531097300264975
221.207873140971543
229.056993155011781
137.211433270915762
98.974300465749806
108.833220927969720
115.791085518997008
115.609180774284496
95.644472008712427
92.006107476257341
90.556687090078697
102.866972796688430
140.613994083889139
100.915099551252567
102.314974730685549
121.195500677412056
143.879066629710167
159.008539981970216
171.331560547750399
181.351471572918797
190.029267076100297
195.010870984494204
192.273004728842409
184.777629439139957
222.382079347654042
238.219655887416536
228.614417955558253
230.680310989176689
227.031467136439517
138.307353713102003
204.593356658555820
218.881510865912162
220.397807015570436
169.599645213003953
82.604443373087349
173.367153656825849
118.797899049102398
107.426543711416514
108.507355980302947
90.740187609432368
101.357700683704351
125.141117556841323
104.941128493229314
102.344180664071416
114.574996251925938
133.326102359953296
148.255396139318634
159.900254594046260
168.050689930162690
175.190270025855312
179.167098173085691
185.563424515823215
185.712149887323278
183.826821520031615
222.972356996654412
218.540902976210248
230.033654010062463
219.801025092076031
174.929728387766431
218.020014396384369
226.887909373026872
222.992649386630688
136.273971855055322
61.978759168852946
74.110488144728706
129.084072504221581
107.203268032364775
80.510764603932870
82.612699536980585
91.648290664094176
107.487763125921873
102.504659006930112
101.719699614765801
110.753681698739683
121.713173240495337
139.165394537695988
149.324862686149686
159.645452829830305
165.584946965263129
172.223574824310390
179.411564141136182
188.382819875581333
190.023895001154955
207.564039075267260
207.385221286838970
230.472406533683852
216.731175879087203
220.110012627542972
243.841625081133373
247.205752762215525
235.334919831091923
189.627407565303770
158.646345758258576
84.213485987520599
101.683378353663770
137.056019952035484
73.583438169332425
81.131618611289269
90.434087790533255
87.335206867142404
88.328281849205652
94.706589417955968
105.851190042802330
116.033479682401691
128.233077217987187
142.434020356774397
147.295200512246538
154.134299470132362
161.568164706350530
171.210228739485984
179.317719499328803
185.062706975645881
201.598554532655726
194.366547124800803
229.768328880879778
210.057425462632295
189.663639941572143
238.387214820976936
242.702377325219203
234.238003627871649
219.510430612985687
205.165387256909924
237.828547117854185
111.245881445336181
113.861421185104533
108.368941532555198
84.700310106129081
89.627199849992607
77.528132816466808
76.375659632883426
81.305302927635594
96.571604890283652
108.415821425312089
121.878572537324871
132.766658810170668
139.066585677455521
147.317100751153902
152.177492946179257
161.557076476247914
171.358464423401870
178.245343764078712
200.509047298978487
183.327821525917130
168.188411772857108
221.386715492706315
199.396898284574320
231.541522045230238
240.826914627907655
234.432402701845604
220.200738098509191
176.656418100225835
229.796132892679140
231.784123087140813
153.875977245200232
106.961160212084337
102.035134155251626
110.896916045990366
155.146566369210802
135.277911872355446
114.508905781701813
116.418816413077508
123.343342294747416
127.520139353512434
179.738297704067662
174.390553993344838
108.852149534332455
105.393549899242956
115.619414147251220
143.742649596593196
134.030360290971544
151.292876275343190
159.791152178475102
157.378804389001203
149.918121181299767
143.334586837207524
146.465133584427093
150.678529587613497
156.658421484247498
150.682693822788139
187.472946103207079
147.874033175429673
189.304039375470438
197.261941759086852
141.645774273700710
74.743649728701641
155.041763296410778
62.584219497675107
73.269385086930384
69.583537889949667
79.050071728440201
96.999242840742184
175.589438935354963
132.909022509574356
123.550138038749509
114.486472949752113
117.785286225527273
129.352484479402364
148.561442093957794
142.032176352627943
178.302987700881658
193.867468263680280
198.812913351444365
198.174646463390332
192.197376043367200
186.148517530913864
181.688497340955280
169.683953741754266
163.833663471681234
177.604676753672805
220.158569269839830
225.971702636159250
220.429400572447776
213.288999732008193
113.535010132565432
47.707617221313313
53.941710749085047
53.648738297301591
155.088440445178463
88.828632659946791
77.357701371766353
82.328767089075555
100.308309891526051
105.617923071531237
106.870121481347866
114.954314206063827
131.278802620033503
148.802844501337546
115.934515549488665
160.820270468154206
177.042328811371789
183.957727850914438
124.249763170398523
167.818909420300145
171.495230395462698
162.999436676743102
189.522612846795198
155.098599301237300
225.857657806486486
244.126087725169356
241.842457699971277
230.212038187709595
219.148849937215061
89.448576137674991
175.227158340296739
167.186106391312705
97.414043311371799
83.640836471542528
62.544259659710377
63.565202192544021
75.657170345820802
97.906495065681185
88.608030852704843
97.423341536730618
104.315643334469669
119.601760500057225
123.446474981026910
124.440863141899584
150.905977709255609
152.022033961832761
186.541268149241688
197.673283698857972
204.417206552785558
201.905743156370988
190.112284439687897
173.755890580892185
180.984954460733519
177.668669328009059
216.738481537352897
223.178403663092240
223.067853226728374
182.856637785395208
242.572226170369731
97.869555145234372
79.426948441778521
75.697445523005243
93.467766221359355
126.566734923968497
100.000436172301093
101.142853050835683
159.277810328785051
79.621324390844904
88.712503855454798
95.294768325260065
120.949241357609395
116.794892010912633
78.905577424128182
120.317341952178708
159.911479182166602
177.337563025416472
183.806730356429796
193.203266245904132
199.224294281676436
197.886622936838506
186.833635692213051
177.779695549880643
204.708394198039343
235.008392266301598
239.099652066658905
227.318967779537132
213.672057085191739
161.170250524205443
230.251600531294685
234.438047534849034
50.984877764026749
70.116521678424519
159.867244119740690
107.382692731443612
100.829022132494799
98.691459574141518
72.058431014108280
77.312200383872920
90.332245212455632
112.186194100273681
117.156325979451395
105.287848888457376
108.029991261663042
134.335206518881819
155.733802360058633
170.389885391283457
181.790916372866576
188.009138415926003
195.859874355898341
198.143790888965242
195.444335851523846
192.638958183302265
219.983724749721091
238.906818631989267
238.526661038033552
220.703939576773166
222.127610730946685
168.910724173560453
215.116051543696301
152.856585335335780
97.096958601443234
106.833986565474206
134.169767334803481
100.529037251188129
112.759679511833170
80.674707137472438
71.252290890793105
102.773965105768667
113.474231265886090
151.170567363852086
104.063930038448618
106.957405073249433
122.757740517674279
137.862022715278187
154.846996265034306
164.088080367880053
170.658312794152408
180.222102306183160
189.896154232254958
196.087364862111116
199.522953780738277
210.369632012939803
229.541129846485831
230.839813216522884
217.277370839691940
212.740085820645675
200.317893640320108
223.431532204915612
184.595172334026870
238.455691005062761
125.453793535533848
125.063838649503055
100.761093534733760
98.966729545392241
83.989446258566588
67.233592979256912
100.833133982190745
117.615695848258355
97.810504869093691
103.270526881969531
112.157200310241933
124.481773743345215
133.636982396873492
141.867170269431426
148.322791245281479
152.467050962938430
162.585595954477611
173.311479189148457
183.839329759084791
192.183200749401124
194.823056400529623
224.933948390861588
222.521352222450361
213.139311518066165
205.805064775712566
192.408223388922238
217.894124971925237
217.589482340442714
235.929317247467964
233.126538825375377
112.659362614944243
101.835264277203180
95.632068072445463
93.384248068188157
74.179182995379009
99.758193774532600
91.235530578351728
84.385405015789686
93.445271304138416
110.227240431921302
120.266675891737776
126.873436292541726
134.821713975230978
141.732289477439679
144.331006235026962
154.758728635560857
166.046942338079845
176.433481361988981
185.068350170019130
191.965888308954788
217.894624069438407
216.161933830090675
202.431291898170798
191.247364272940274
177.557381641113437
209.366620234120205
213.730557299948600
249.099027163442173
244.597531245431327
231.135268035920433
129.166395648212244
121.089853852901854
148.066191873090844
130.118738518852496
106.377517617500416
99.899486283127331
79.578534824302722
84.662751905494574
95.532161507769118
107.644010126062980
122.547065149557653
130.795374191714870
134.389534359167385
139.047645115693285
146.883801574940179
156.194001114624683
168.791478126166965
178.744919437612737
185.313133701896845
209.140328319995149
211.138811948890236
207.232181044726985
196.775842858948863
163.089085385117443
195.659970186870567
206.263360881009532
241.919517897917899
246.323375706997155
238.945448996227356
227.058031806186818
118.487523607724427
111.881495153510201
70.822202191905674
78.528867355002589
90.578625053284327
76.371353123713959
76.120947587298403
83.101229811461749
95.342931067195678
111.805495966058203
121.644061607084353
130.732279898633294
134.776628213072939
139.639669837154855
146.261247806647447
156.764306174181030
166.713275779417188
174.934671353506616
197.169720462063793
201.331673724036960
199.002113045022668
193.916211648161777
185.315675549708658
209.975424998530855
212.833673869817858
229.936499010852856
243.879687018693687
244.346009853977250
102.213752478572943
215.670290134500874
90.832177552550178
137.847123804033458
117.128249915891431
112.701930936134829
80.979173005763244
71.477331732093077
70.788147608052753
80.719976782364839
99.086878570136847
115.641332051142285
126.290347317090749
131.213115904170849
135.895932365419242
141.076966100495071
147.534851046408306
155.151718265233939
165.301669565319543
193.778806752412493
190.632612263047236
191.270112512926801
189.314262118655336
191.928457782526436
212.126014092649882
208.279245490050869
196.988384960689444
131.622675259632473
200.190220661855903
149.808148770892387
216.595132992388614
227.991659943681555
149.903962773610033
117.268451253392797
114.353044993162143
114.947324687209516
75.476678551707309
68.951911256506833
72.928798003021313
83.303738074707965
98.136639125628733
114.155179975548933
127.760756535919967
137.412379132244553
142.664661729960898
145.329266664151532
150.154432464194855
157.630456171853524
194.652695968187516
184.022869095644523
181.871059280678111
181.774536936205209
191.038573064389425
213.988493540594277
214.005225262658911
200.766240488461960
193.726043625477757
225.650725431915447
226.934254254278613
142.651312860973974
206.024899757024656
83.373355271462884
132.766313584213265
73.608697117680663
80.113679808705967
148.948290376014370
99.387290368873124
90.067057921221220
89.881227370835148
100.859019971879533
106.461000453619775
116.698985903280075
130.438890830565214
144.090634341682744
155.165853574470248
160.287754235744899
194.372450983485749
175.147939179056323
170.831063288777187
174.144189192119256
179.308756109086772
201.685615562168834
212.715427267558937
212.843960163274261
201.646658838834156
205.965675324596219
232.599846213990759
228.540606108783209
195.050131045982738
215.912668352973355
224.874133139829326
124.420008222708319
56.515987353417032
166.168776262706416
101.584842509546235
133.975642476449508
91.236204042896134
80.493561172645514
81.370588226250334
95.508277702971895
108.346992855899416
119.090936216440070
131.668082617341071
147.007417130522668
183.970311875509850
165.082722196574167
158.804669917774135
163.563910251450551
124.136136150249854
168.497386147245464
207.756398954602105
209.848702798667091
204.572549809012685
195.696450672969377
183.800152234497062
226.232205366243619
221.638301971010094
223.118597041244698
239.624951987675587
240.120223566143835
250.895617087740959
144.506564306513440
85.949602068402896
74.652621562028429
89.098454273414461
128.263932760960586
85.524981719354088
76.127116997085650
79.941886064895215
98.359284174428993
113.864404055430214
173.468580875082438
136.234978189560024
139.855123772349998
154.949618019887794
164.647287861326276
131.305190401628693
151.997994500799535
167.724427243955830
176.866048855988538
217.264526289850835
207.977762386432460
200.017982628676776
216.570425369311238
225.270128479011305
215.535574842826520
217.650792917720992
243.637509680152533
236.538707755514253
244.032910727268188
170.642303813418778
203.694751816772850
62.377991276198316
78.047260293216908
167.343673538839880
130.283094410488332
89.056570309108906
84.319119399511436
157.840804572471086
107.025728685723720
95.105908276074985
103.048729371717940
129.946343617910941
156.570697349112265
137.789186702565445
138.793209140311859
156.559845944121491
160.952615280008956
166.407857604456240
203.710912135382955
188.519929948436925
208.242521676357001
221.569926740129091
221.400792210361232
208.298281296115221
204.350845127499468
240.522943431296795
211.729164292778307
222.570108855309172
223.477574913842489
119.246525737134249
178.842121668193641
68.338163708671345
91.847414310288428
104.072028448214027
158.947535468084908
99.969644258556684
85.998424874191016
86.684392475498669
98.899032627660574
113.733796947156762
132.996949903378891
128.057753978823712
135.615904213564136
141.028664053629115
151.784500259806549
149.774044489216180
155.076768598595010
190.950242212846717
102.967703624952975
211.486344821990855
214.352562246131384
209.637522864287803
207.513154280183301
198.628928033791738
234.513888418789492
227.158383141719014
228.626437466988705
158.912990751864697
198.664535440509837
170.414607726886885
223.407465095220061
100.315421569737225
88.158491091854117
137.045432967735337
86.435135396026496
78.901684116287967
84.247128903461004
95.633090472059465
114.392260977605702
107.203213695145621
100.558401303155776
119.256817771944199
132.950576871952450
160.756119479006998
158.709178377437553
158.744539218416406
158.496861598003733
148.849352606382752
204.661246251915344
193.490672478325990
202.811058731793537
205.696047017238385
194.705938882059797
225.225940857535790
229.389005717937891
152.110821157707392
167.691418766350921
194.585537831051539
226.616758105949799
243.891935774503963
239.692393101273296
77.786790935872432
131.465850656808982
83.671139701310224
82.161664519435718
90.836704737097378
101.640460680025399
111.352118158424048
82.033271773210018
79.601388469568491
101.544242996313400
121.978853626485005
210.961615535519343
164.753630466144529
161.033111965133799
156.151346284568660
150.449746548048608
173.179676329103700
186.975213264349804
193.876167775807289
192.825198678151281
186.433516819734763
173.975505483193672
221.580101714447608
176.951830106841925
189.916022950639046
186.807400957083161
238.193874934088512
251.226518931989233
244.135985065537625
230.792787045147236
133.179306171546926
81.269380845892400
87.622489252707012
101.400186388335200
110.998661211026274
100.296268654281135
78.288533508498119
145.327246263504946
110.537889801455151
114.241326083353997
146.871586905635183
148.116014680395438
151.585010950543790
154.272762916917230
152.282076229481959
172.413368033213601
184.264647323233703
190.456853804879074
193.551153553071856
193.553830701440802
185.902173776604315
213.662692174403475
184.564363706385677
188.584734691748281
178.286274887606140
169.618197258732749
244.620629494188790
251.410962358855471
238.974447716506404
206.681572456042829
118.764694256632339
83.672827198800036
95.747385442106818
215.249902718140845
92.480236531972167
117.327689696662731
89.480443764169451
84.819573732306566
95.897195823810449
140.894641885089499
124.475879232066731
134.208334224451306
148.300327180385125
143.041270777296404
161.003115598806716
168.086232003533723
173.224600436093510
146.151167414653202
177.748511235439935
191.057923975282733
192.522039808850025
188.231769922398371
181.769901576871888
181.211005414192527
178.867661132886553
173.785490119952726
242.956969812227925
238.395122204940151
237.028964018758842
246.768180831094298
108.678940584149927
135.979961029291502
96.640032027438536
94.648509102144018
79.775604677346209
78.649172638478191
84.087977659937394
97.966887848165229
137.742842297136235
115.955632912264718
104.901109326811650
122.167098236843231
142.022354418167396
153.160964531325163
134.124594208396474
165.559090175987961
180.091171829508141
193.313510198410881
203.959386699624702
209.904571552409834
207.709932723204730
193.766514981634884
209.490712202634597
212.117066898886208
195.787649091489840
180.939015678342997
236.862372371677225
251.529277760025877
82.077284166366894
204.236817237837755
84.448880207400009
158.886103297598396
110.000194542167392
105.356276378952401
106.691294123334401
108.705115092921503
119.436185364859142
107.136748406789906
107.844886673912555
101.411360202406996
114.720985319948525
134.926328931467822
112.036872808972532
134.879638048817725
154.622620325466272
168.109420845806909
177.906176203379715
189.809506873838018
200.331951573588412
202.930140967616978
194.181288492355009
177.928788310521156
204.849991949488754
232.473581715461478
234.581543039786197
232.909668573576880
243.591748280225545
231.762602578765069
137.745271608207133
212.141243840411050
77.547841786300580
142.993573364871793
108.191434056993984
106.250054525780698
107.163642449870082
98.965882647592977
96.757281505283103
97.379793153946466
94.848349696848061
108.937080429229269
130.357454575708914
106.211318409950934
118.081570460758314
140.664680766777309
157.981582301708784
169.162804180208298
179.163341037602663
191.498242427944774
199.319305479317734
197.072137367269988
185.786807600411066
212.238708652605396
237.002057594208679
240.225777234983411
227.471443522192459
236.495283961189017
226.286721763533961
150.925059261019840
209.794292170473568
220.667988381508962
165.044077418373348
82.386603141459645
83.551969640171677
93.078314581669289
93.504454089041587
97.422552415628616
91.613613109943898
91.935614540033271
105.028086599446539
134.414830204253406
104.874570098685552
110.879375181488570
128.401893226547514
147.981840611679758
162.558874173825302
167.981077601364376
175.639911603995557
183.750380109475827
185.709190266741132
183.973563090261479
176.004389220291529
228.720093917844906
231.912279249452183
220.435768152488180
229.642691166027390
221.460170229892015
233.626419716393258
248.444589186029589
241.337788489945808
227.876687046194945
60.447785122242863
61.988333146833796
83.190833053163473
91.636150778827925
97.110342770749540
85.258223352292845
89.206624109611170
123.160202464401479
104.557895337893243
100.843655007296562
104.463850425759631
118.779687444178791
139.668686256894546
153.502337949324556
159.954533223758460
164.234424605512800
169.650935263584245
177.489811526963763
183.394585816993924
182.347128326879300
215.487214551638658
223.405693640855702
212.348829868679275
229.189761757446547
218.484334785511351
220.326097758377728
244.630044904548242
246.426008663293715
235.219249347573339
138.941989601427366
82.900157442549258
96.892901068154174
88.602616957800862
92.872027464114694
83.933861873978728
90.496849590893149
99.435203589985974
100.865149996813102
99.367654196580602
102.300704397140748
112.829378015231299
125.432269604121998
145.609151446091204
153.305778921024796
158.785073287073857
162.934242993570564
168.787118935227568
176.995033172750908
179.701837305529239
184.633240766048800
210.639220439489975
204.488484547031220
229.152670718455170
213.140475217148719
216.422070589071097
240.270300084386975
241.576932688964035
231.452243007705732
197.856214275795082
233.116868925863230
120.144093712433403
114.608057570281161
103.892422187887149
76.943439390263023
83.935019278520059
87.447145249820707
80.336272892902684
84.955932234347443
93.980541181862264
103.785542827540581
119.753122685941946
132.261733870423512
142.550777221662997
148.297727016047105
154.922241238748882
160.947701108600540
168.352177037527952
176.899576017739690
183.078031099828252
202.036566034000089
193.357553620858141
227.129403360817889
207.535851537853574
215.152348174122864
237.515503240729743
236.612639193460780
224.370663152665685
144.265964701419392
203.775893599558401
227.322800897217633
120.655989424177562
133.920740376330912
80.381618324083931
87.364087468140497
83.060009849688626
73.425862553015691
72.418947586370933
84.360601058327461
97.828784403695778
111.071329954798060
122.021011529011105
135.474709469923823
140.693544835721667
145.688080754585343
149.953595275924414
158.593366479903040
166.212146561564651
174.840781943736800
199.143922090545260
184.021275673845111
222.132302462833195
199.612086174596698
212.572131102046399
233.598345630052961
233.920554557347913
218.723164393592015
190.684184149869367
223.909276890218848
237.884829551025916
230.468412486744455
144.910175397591900
103.158319488189790
152.778426689620545
113.024398107267970
102.000659437852590
124.226291675426381
109.406046683911654
108.766115502215442
173.022428987666473
174.210682934660696
139.835894954685273
132.076299554312328
115.588917118494010
113.626505066699451
152.033546990878932
129.679324954026498
141.917159637495644
149.378142352421776
153.390922151470164
149.765054110938905
145.340378224304828
145.624683140528646
150.281242124880947
156.990351176337271
163.170362170148366
137.095636688356876
137.056034870458888
183.129935816644632
193.229440906190007
194.007048414430983
146.091439418688566
145.034459149292786
57.793051256116073
83.660640291136104
74.091740502708276
81.417715102634233
95.668961106498955
132.232332893342061
108.736751665783046
107.014612608329713
122.208616230669094
109.539855867851003
116.237323377957978
128.596028315420767
123.803317962718410
162.614451097183064
187.713114781264807
194.199628432911851
194.805054635246961
189.203366945010202
126.495249332654339
179.299585940817707
186.322318979351451
184.064909679763360
159.734668061300738
209.061011804397197
220.905281829194337
216.765052364177450
211.108349386740429
206.373361294001910
146.715147085119639
48.621127843294303
152.400354123140488
57.161651100057284
114.560401985312438
108.104897409050153
84.538818492631663
84.973355484868975
150.648572066808384
106.842231233329002
107.270773090258530
116.174181966961555
128.919891548678265
102.881759908833558
145.069887503927418
176.045771191754653
73.419345926876503
152.360626218731255
179.742944707915967
188.368990233903702
182.011177383207638
172.246973718363705
166.995048277770309
146.164931427140516
204.642682150789994
222.446093175825297
220.624898730257542
215.418126322119576
89.843747625947060
203.700298873902284
44.564688462408753
74.058072225019160
65.375007240706580
77.375845574796656
81.251422845319553
71.871948439872028
78.827773503106002
115.067282980051260
86.995104315914205
96.375871505298704
110.074001561697955
130.471498320036204
116.180644076770079
88.158564547406286
142.355473295384854
177.892014584786835
194.234124243787392
203.187170602396407
210.696700780732129
213.709989960898611
207.344190782972703
195.496208128261173
183.264961931942821
231.705454209741788
239.550108782440873
235.885947402982993
216.832670945757854
230.129474146115342
107.845247607301332
206.912505259717591
58.672513321373785
52.381131035231604
72.474226850364133
140.159547174941508
97.172821595305848
89.382736049291907
69.984568009460531
77.352177019756951
87.334472172708971
98.453988404851231
118.580666479828423
105.579231390835005
99.384410301252316
119.417392836939115
144.606859381854804
166.747750288503966
179.164098227352554
186.317584059178586
195.530829240161580
203.011254949373210
197.853795112045503
191.496443083934309
215.729279700567645
240.412210948102711
242.599789035762143
226.344957893149711
202.542655235375605
202.811144938061631
224.103655901652303
135.345101082185010
92.814739572723667
90.219915146194154
117.328684887209164
84.570461894856479
81.357180439330378
71.228627783590014
68.043550920120538
82.539122883593080
114.449737617668319
113.644685800668015
148.420494355960926
110.840446446821332
116.447010000231032
136.624982678411556
156.007355011295687
167.168546441315613
173.287072603082493
184.380431741758088
196.972220742604065
200.837037598215034
199.018428479032650
190.493416173911129
230.143638866314660
239.527782953857468
234.105229232458328
214.661316022382834
206.069612635839746
225.966249794853411
184.313582138311432
235.259122822465713
124.708451478458258
108.702696415042283
82.874528858566919
87.393835546225020
80.561065984451020
64.147679960941247
70.568298734357597
101.910573593517867
136.668571613991276
107.417672291829888
106.721596947778366
114.912464543248092
131.854470662427900
144.960420422838069
152.203824668658683
157.749769653325501
163.855864640839826
175.361460971121971
184.135430141651455
190.732381068456135
