0.000000000000000
10.000000000000000
10.000000000000000
10.000000000000000
10.000000000000000
10.000000000000000
10.000000000000000
10.000000000000000
10.000000000000000
10.000000000000000
10.000000000000000
10.000000000000000
10.000000000000000
10.000000000000000
10.000000000000000
10.000000000000000
10.000000000000000
10.000000000000000
10.000000000000000
10.000000000000000
10.000000000000000
10.000000000000000
10.000000000000000
10.000000000000000
10.000000000000000
10.000000000000000
10.000000000000000
10.000000000000000
10.000000000000000
10.000000000000000
10.000000000000000
11.997523921563133
12.615824363193575
13.209105658915876
13.738703627505487
14.144046935141624
14.272245374408449
14.260023828496198
14.702363061082313
15.359710122033896
15.627360783848776
15.539543583957409
15.662931661209599
16.127877704181611
16.361758929133565
16.543472607531903
16.624275240339973
16.139326287651514
16.369318220287884
16.249578327723160
15.944633780617973
15.762984334279768
15.672434636676332
15.516232103937396
15.421298227837337
15.357835032565351
15.107063323908623
15.157227203673983
15.578792756457394
15.825295703296048
12.831593776612822
20.330111534936741
20.030662049435954
20.134013292797079
20.376201048635764
20.422018678389119
20.121983844450831
20.664294597962808
21.777468160901400
22.333974134533896
22.464492202832677
22.515722604579935
22.988721949670719
23.471220466648411
23.594418174396232
23.733350516660877
23.468979956627766
23.447685672962514
23.062684118741654
22.881926738045582
22.378121446191098
22.142214507361054
21.931525117097930
21.652929367736103
21.375327015148493
21.204842315007820
21.315214614100007
21.879176085212098
22.252788704789150
22.656282340857942
17.341885216926652
27.734728056172138
27.350704517704763
26.762498302025968
26.450905497428202
26.150548956427425
26.418559000455797
27.778862509434411
28.930287809172253
29.522219930778682
29.597074554117672
29.959019104322863
30.303800916691955
30.816168689281426
30.945784598308911
31.087911624008726
30.620819004464305
30.134461599119753
29.605574882559182
29.102924214045409
28.848880852286040
28.246100793605052
27.830393618884649
27.311921923692765
27.001178318861346
27.399307943719332
27.975385640503699
28.467982918011078
29.014907985422891
29.537583170486059
22.544524230781839
33.561174067715115
34.318795884810797
33.449016836364763
32.828275442498850
32.008453378730543
32.800055275526297
34.498284185171769
36.115397007097727
36.797252495700249
37.075162597986562
37.486398330800249
37.888208285808531
38.324006032410345
38.471330249439177
37.992382887298149
37.139634266061051
36.633026394135854
35.893768600318992
35.277645405310864
34.637219191018104
33.828065966229801
33.207309600193035
32.908772586486215
32.965973422892347
33.492461927646090
34.431177605543304
35.154050490267750
35.950337598073922
36.533173690216451
29.088488965010136
39.474292198578027
40.895868151066225
39.232241199421210
37.834997063911970
37.869098770262660
40.038971614491302
41.880391892917196
43.323994579803703
44.164869191266547
45.172817162258681
45.325331204707638
45.463374737115572
45.120942351168679
45.067881609387307
44.548146447364985
43.725006583791611
42.521373557846161
41.269660827975827
40.269626667261235
39.730691776500251
39.191608048572860
38.500295755864649
38.529602992892912
39.080043888770597
40.104478382398597
41.022994266918595
42.055879650271677
42.487753449813383
43.280701603429065
36.816831204942872
47.336660456079642
45.662633330566550
42.814352556017610
42.571513332890810
44.318499783659192
46.901964926738891
48.596635735388084
48.926579363553628
50.221769078078353
53.567834169144206
53.773169013516068
52.451037968322147
52.079852617913104
51.687447089445783
51.016367920168349
49.722804284771428
47.710033809371957
45.118237953950199
44.453773839300396
44.542104414760978
43.996368949803518
43.533728476241194
44.226459779783674
45.321958889337850
46.965455649538690
47.763743944197969
47.604265782853680
47.777892576546364
49.248197307413378
42.958496975662172
53.009943511491457
50.166312281738136
49.080466795101096
49.427657991669413
52.331491604153527
54.377352459528595
54.612615256711933
52.571121607363651
56.619132261458134
59.387105338818294
59.683828838518224
59.305794566244515
59.244247177473476
58.558272729306481
57.568566625014086
55.750385762263605
52.769248078599290
50.246914296354333
50.224965355186342
48.909812674154537
48.020871874845660
48.512389134911011
50.591547750848783
52.320260224283238
53.979023163889686
53.638897941849564
52.688171950790348
54.026022970815170
54.870820544446680
47.305377499448738
60.045820820917399
57.993043081852932
56.661134769590369
58.914850427574123
61.104438589446076
61.130275659500498
58.866811340866896
60.045489844322979
62.334068565512624
63.241854070722241
64.009940257384883
64.633335366585669
65.208193088225627
64.633489724152255
63.860831996834314
61.041769826818509
58.559678794155602
58.148064917967474
56.596334335449200
54.947135090222609
54.804671916642370
55.287512344010018
57.286192913850009
59.031615404180570
59.407921299238453
58.637285882421629
59.362997012603252
60.648224853847630
60.640323210607377
53.502291044644238
68.634905860106329
67.478722936971749
66.601472983579157
67.599558363516266
68.191871028785329
67.632737908097951
67.053587584786584
67.127576514137843
67.582270129793159
67.771609485208344
68.328734055600620
68.868679526251313
68.941237781413122
69.167607986366960
68.311218229162606
66.807042779518042
66.310933534875403
65.276733391790273
63.776577726251183
63.321517491380447
63.870148467723538
63.844900169747461
64.630255489075552
64.214482863079837
63.931879486134392
64.317963657029068
65.610568275641924
65.967568799742764
66.445198844083734
62.073368388741990
76.081987998511437
76.017704749550546
74.270906914877770
74.546113896024181
75.505262432987308
76.019016370983223
75.278998677589570
74.611453482601689
74.335199303615099
73.472219893181972
72.812850316746022
71.864033440494282
71.812852570554327
72.205067220194238
72.624695460239820
73.202162216461204
72.853937716073020
72.775396594493458
72.509464839183650
71.940841867301145
72.937878561728354
71.987117338113663
71.862385719528561
71.009202297554680
69.940945185161738
69.902969017250783
70.321823259536032
70.908511861084492
72.064595730361589
69.783211486165243
81.804800758018132
82.431524607905160
81.977754473014528
82.532480159757739
83.022012872870718
82.957734980793575
82.384116168062604
81.904188232395029
81.483500898042251
79.657167421979736
77.389698371249722
75.582178542388675
74.819613937474372
75.128056711558600
76.146268818039403
77.561083957003248
79.307217651565821
80.442254112366328
80.828013208956563
81.174680958648807
81.196760746702779
80.128463294789668
79.578085705682312
77.671127118299580
76.414209694999855
75.242291980508696
75.795773107328458
76.180506292046502
77.133001447379058
73.822752462434252
88.235251360096925
88.066398812312570
87.656834059748704
88.644925351829116
90.231765163436066
90.694833270106329
89.759068416102437
88.326327443637325
87.106072933105253
86.580833394395029
83.866654376672628
80.744438669902493
78.670204445592475
78.971095732344494
80.380875996334865
83.189028508581586
84.960200963889918
86.431379303617433
87.849210526210854
90.308363343479868
89.441482329004458
87.530043162348136
86.018955315066634
85.171347638482956
84.026758778016102
82.572978905074606
81.406221482835448
80.749028542697687
82.444478675410139
76.259606208305129
93.638818908008815
93.214603402061016
93.159372005277262
95.712816858344851
98.002396102032705
97.701539149237377
95.870661193365052
93.128937883629519
93.489504769308425
94.257438621171104
90.110487294255037
86.540668682342911
85.825299642457509
85.974905970560229
87.044970608926121
89.235648625333027
89.096020269109829
89.400595255732426
94.652506965351691
96.625864372781791
96.081433035719826
94.537226582418199
93.413975877760862
92.884603065658141
92.645730763096452
90.526929022141502
86.795880718711203
86.032324585302945
88.508063835686002
73.006805903449390
98.798144776113716
99.830231527938494
102.058425857138531
104.604302428544642
105.596134715321938
103.792851963653263
98.970397611618637
97.091356209295867
100.592246224047031
100.690152652788413
98.101274797142395
95.332342995168275
94.919065054877905
94.666734191195133
95.629725958241451
94.642164339606438
92.050364522284838
94.733120727834674
97.634608272284993
98.428489547785517
99.729752973716131
100.622386470165068
101.507329084964169
101.053870822376666
99.718357344584291
96.881550645878718
94.933823570675841
94.918169282216951
94.230717280139075
69.008329098584852
107.717333714576398
110.886065331130865
111.797296752616660
112.512818093682256
111.401813546250423
108.255158668246750
104.674435673990814
105.522147449355202
106.321607683903181
106.437316257938903
106.291282654524252
105.291095445432958
104.926452058848511
103.536583294320963
103.066791390144161
100.802552731684159
99.363924423274440
99.226293023317993
99.219108091641814
99.373233470800031
102.264633533232470
104.857846905206088
107.192913167880818
107.937271184106095
106.098795060922939
104.099170326523776
104.090449512458363
103.383250590507160
101.092809825513712
70.465121074205129
120.272978245415601
123.460523256698849
121.092688789142301
118.953495201236862
116.738099765597539
115.687269705915114
113.705513391293906
113.023593319606320
112.350984975327009
113.651312900766982
114.357319964839292
114.269464891457176
113.234051610637778
111.953291120885851
110.411048584134051
108.499673672591058
106.558211526248314
104.632769699322068
102.467796825621491
103.051201797135334
104.814372707555933
106.843168345064981
109.941353738934481
111.866453057149613
112.991627419083073
113.653282595350845
112.793862799715868
111.580726696071281
111.024740701773794
77.855803812554001
131.185231280300911
134.960047834527302
131.533179590443297
127.954705278461944
125.263031546962736
122.962905965096866
121.659506046388316
120.076806762714568
120.480245638350965
122.346199995681133
122.187215801065136
122.191306894229342
121.625573184364868
120.034961246883725
118.030736091697435
116.064455318959304
113.879758288097150
111.060658563690168
109.255116679637865
108.048126065434445
108.338844646985478
109.348531980093043
111.779500607546964
115.518829038000746
118.334118594326100
120.522346867051652
120.714102296864397
121.441939955578050
120.370988046508330
90.238009941417644
139.123413372737247
144.086054972024755
139.650799315489905
134.951100273026782
132.292638787804066
130.861024850574864
129.783039315028134
128.918322075112599
128.246199226374358
129.627179637969533
130.063605969514441
128.608806681658280
128.288058875233020
127.082075949975874
126.099775938526079
124.826172072396531
122.073753254056896
119.958719802170663
117.467992556486791
116.408891509653003
114.572392292191168
114.324044439956481
115.510185932087836
118.318445191411854
121.717439420528962
125.579723827750797
128.343542587273703
129.592577598799721
130.361648628775981
106.988274418799975
146.947289512787421
147.042293987263093
141.196308759922431
139.145190565965208
139.663684890833821
139.419428280727885
138.833278824011558
136.813372612146964
136.623080599218270
138.771199209928625
136.367607375360734
133.907799140233550
134.224480977393057
136.583423312415249
135.363889367482244
133.970341174276200
130.592967625132133
126.980629830372507
128.020661738448666
127.234099666207101
123.942530021033406
121.743734810439719
121.192866749906102
123.181460945467833
126.479917644677386
130.177534705520060
132.322294597805410
134.475552410278169
139.414496292048426
120.225390650805423
151.604079708276544
149.520057953089150
147.038807860172113
146.032901853386676
148.226320864704292
147.256518632070112
144.526695310619687
141.601270687371880
145.411050344659429
146.840558718632082
142.152004432463031
140.269712081607906
142.704231980796862
144.840581097167984
145.126306723008128
142.844966193009583
137.283663720823711
134.738476684034651
137.642940882560879
136.602249430659725
133.312888507648609
131.306518102309298
130.959717565668257
131.199638331395619
133.630172464099473
133.480279179199584
134.085292963628433
139.483811757750800
145.106698562873049
127.692502919132409
156.076602637534222
156.634668396487911
154.301233991625168
154.398272313712738
155.178265584300505
153.541174697967875
147.776292410093617
149.023987650571200
152.328631982432739
152.263824009957631
150.269997141314093
149.486084559908988
151.673601771591848
154.239988947167717
154.093840990043532
149.936528863784758
144.958170689720390
145.560460327795852
144.945572167236833
143.970999811167815
142.781365989725941
141.995699700422222
140.489100935288576
139.549662674395790
139.220888405155051
136.732156917954001
139.717971748362430
143.874370225168946
147.424379544157546
129.620018148518568
164.645624592845451
164.740568906899853
161.003666221229309
160.803859297363374
160.616216106577127
157.988507947912353
156.380678716476581
156.521844083270281
157.887507070305105
158.959840974570909
158.679443547906999
158.999472406421717
159.973651000936655
161.174742671963884
159.757193287939202
157.174512981088981
156.130394278240601
153.345559740898096
150.768602335648268
150.064686472987518
150.284918718706564
151.047480097976774
149.585279810007222
147.087669570746726
145.243338067546915
144.849678910885160
146.599792317608859
147.842733556827255
149.368672837324681
130.736706973165525
173.220824999779239
172.596354312294665
168.176247753492419
165.693146325318622
166.475092332950595
165.130758202187025
163.268133749358583
161.218529771640647
164.035757853029111
165.864176648103694
166.802098197558450
166.745900431317409
164.840695133134744
166.196663904737619
166.671427312260676
165.043023048023429
163.740828168664137
160.539242488622108
156.359826135917871
156.426366128467834
156.259844483499194
156.036884878351572
155.596649095826024
154.184355012554420
153.499886353596168
153.595575251142407
152.436947450763085
153.033844321458986
154.431239137969442
131.689521762443064
179.058964765707231
179.075098602370417
173.553069175808389
172.335441281791020
172.802019315044959
170.916752836825054
170.598491468212899
170.083925312815211
171.001997352973035
174.454183675074290
175.326795407306520
174.838174417416383
172.862864745620101
172.321669904656687
172.305799086798146
172.093732039074723
169.650079214118250
166.236402553207455
163.311285380344856
160.393576536432874
160.351770090174028
161.137954272483626
162.088885162749307
161.233820824351994
160.602676535068724
161.076851404001360
160.560645771610240
160.374594001939670
160.324085246934118
134.448540555511954
185.783561828028951
183.857098746085626
179.289756575895126
177.120268252840276
178.114547164749069
179.012685305796424
179.151323279419984
177.404789472990728
177.913166820790991
182.036494401375649
181.001978161297359
180.166075316104070
179.054608293879085
176.920943068119129
176.649614404313127
175.247975386030731
174.752382886662645
171.264492567380955
168.652109941039441
167.631315777230782
165.883989419218267
164.310305694110298
165.754476029449762
168.277309412613420
169.754256061546556
168.180370448927249
168.061620884383785
166.704512857625872
167.058734397585397
140.704073651097360
191.875894400105324
186.328090806361388
181.354362753443922
183.510432582172143
185.558489472438509
186.371144686559546
185.120626105700666
182.562429021248988
185.973419233523828
189.403826289185275
186.411007135199242
182.787383484809823
182.814400312914131
182.297133263117189
181.675283426949846
180.213477236548101
176.377397426141783
172.730291107392105
176.253625808537095
173.901051669377807
169.768540328010999
169.271842794819889
172.096080302766097
175.547678364344023
177.854353053153716
177.643715208184545
173.065676301283787
173.437407746620124
175.576636135913134
146.517231175271576
193.184722555874657
191.816558862182774
190.205658272452439
190.655142959682564
193.080771085044574
193.456511054231441
189.390938473963701
188.491973447681403
194.779352336375382
194.697202648994164
190.523797361405883
188.974333179920393
189.047275821487830
188.464123778996992
185.626450441000571
183.000120206281423
176.588902674957353
177.264402994604808
180.825897269777329
178.896870230749698
176.539200612196140
176.746391526854552
179.186566539354914
183.866532649907782
185.211059742078533
181.226592769228631
178.774408931532633
181.294138984881897
180.705822522411694
150.423665518281609
198.735782200825611
200.238326866761383
198.252191014843390
198.903809532338840
200.549712205523576
199.710858997247158
195.081286778649059
197.731752985466102
199.204476850957548
199.590741078829069
196.663610733160624
194.670857811435866
194.812260692720258
194.515326388137481
190.767795600482515
185.067842153815121
181.188943414336592
181.463745284042403
182.289103708704857
183.755926209419897
185.847739967094697
186.419839823997108
187.401439768920625
189.334586429010756
189.848986872263310
187.075562441003854
187.975560813429752
188.330580015936306
185.277063888247795
148.122303048892888
206.300740016320759
210.652296900537891
206.901064109351694
206.723256211522909
205.668677569321602
206.557991161370012
203.742121341139011
202.570352249653297
204.224661464354597
204.241275483734569
201.860193371337971
200.410139933973142
198.270752793822226
197.863824703284223
194.544182355578300
190.642640678007098
186.962721183068226
185.775136072652515
185.527561335417886
190.652888311112804
193.719885101391981
195.343432578487466
195.004210328894203
194.365114576034983
194.007573628286906
194.970153039207474
193.507786882563920
191.561496343544491
191.891520447853281
168.327294001349856
89.831317907759967
90.882137339175657
95.222180948740771
95.809424000207699
97.427629848418945
104.671012584384982
120.181448174521464
125.852547223875462
117.313920582888670
118.186591552249993
125.883810205803172
135.056778428054542
135.199974214203110
130.772645089835407
124.016624894080024
125.338589311844430
129.883349556408234
124.572460322396822
119.833081671894050
119.120160369411664
117.481064740645905
115.031962097205792
114.973779312216465
116.267951629540946
118.345543871342528
121.207841262464186
120.838706587095913
116.880925607062167
116.144512337739229
111.775885241889370
64.173284640951820
71.504629733986420
78.523366318128396
85.440593582241576
92.869367252601506
102.026025684017156
113.373004772039138
119.509477218580713
117.058746145290797
117.118400053432936
123.080882165224494
125.637510442003446
124.137608624829738
120.063510807386365
119.218374160692179
121.783554507976220
121.595117636016795
117.741129253277137
115.637945567765456
114.606678449447486
115.568450955035459
115.900231919646899
115.443025546128496
117.277872096378076
120.433308303271829
121.287887926673449
118.881792507328612
115.874160771811177
116.866952132408883
125.660124974467195
72.969379924302160
71.941254108779901
78.656156542299840
87.461465248103138
94.912719229275353
105.952477500066109
117.326613040208656
118.230945395864850
113.105766579230846
111.977532642951076
115.263245251218791
116.856868110996544
115.402007939518398
114.535135572649381
117.625942151590777
119.147380918598316
117.389238647157740
114.644986420721068
115.029876183553199
116.523081163065626
116.325951981002333
118.073376823671040
119.376685919361549
122.112359455581355
122.888904194322549
121.999181050095132
119.649344264928729
117.080368153323604
116.309506752236857
136.174370034593039
82.797821732038329
76.696955243482932
80.677035517245059
88.422934472012685
98.370953409568571
106.297165224626298
111.697777808835781
109.569742891429897
105.343427978116438
104.465047400691219
106.589005412036883
109.957069636764885
111.732751777339303
113.213682530549875
115.176973548173464
117.767518728013187
115.895056941936303
114.368744930386129
115.541450136273696
115.179537963487135
118.961199190279061
121.336776303977175
124.482555974570772
123.368679491092578
121.667485600816860
117.734068845435829
115.156726744678963
112.913063385558743
111.583025638884862
134.433317205702593
90.710839205644405
83.231929593613145
87.191671412424569
93.399444715986476
97.502732497598558
99.406749340970777
98.774961747142129
95.627921722153559
93.683418124920422
94.257597410361512
99.630762331792837
106.917150813348513
112.861760776539711
117.682231204143591
118.615359868498373
117.647761143585129
118.286588124800417
116.494031406770802
114.827348560529614
113.812455734752461
117.642297220221735
121.081504825018953
123.741806051674573
121.162234455475726
118.805130951166674
113.821329210901041
108.387776002743891
104.427345859864673
101.578358783551707
115.103286590910940
90.408538612588899
90.656855085226340
97.026519637248853
98.235177781639720
96.378489752173920
91.039473358685456
84.938186033195763
81.862934762673234
78.134781439561081
81.876274244585844
92.209841028736321
102.933558586835559
114.774364891886208
121.295280721359958
121.102732590613513
120.758691455835319
122.091533908075178
120.748185601851787
113.847478493552615
110.000237238468856
109.974127151599887
110.747192831914489
111.967307009011307
114.393247501590892
111.449405673778443
107.586512746390511
106.138660171084453
100.612074571859026
93.164467437972291
87.882914705502841
82.782804889567487
89.993070352492254
95.589992517850206
98.980899376673420
96.717644545293325
87.535012408080135
80.274415594877354
72.035873403044221
64.376238057308981
61.943742344964164
68.956707759371710
83.515633641079845
100.221984802195720
111.508871071517959
118.377155475249623
120.571468363047615
121.344655343032045
122.286624574651015
112.485045299257180
98.775082198192607
87.729886626048213
80.799468580652785
81.899231099212017
89.272636681265482
91.774562075515149
96.834046715877662
98.669795446335257
100.099717329926506
99.295968616835239
66.547337747435691
68.678808927683548
76.785136259404055
85.736345452731754
91.004837095377837
91.941137514039013
87.370228496898491
82.405961983168254
75.908093725633165
70.815938054820208
59.697604393160688
52.171873921966579
55.261578744538085
68.606404279740090
82.239342606025744
91.793133674758707
93.597754583174805
95.406418216001953
102.148137640456639
105.598979845240663
99.651658185502299
87.822476037126734
76.251272198705493
70.015152601337618
70.132423449081941
74.288484566226586
76.657216909462818
82.865952624110406
96.229754646998714
104.394384828818716
52.750032760011280
60.392719226222042
68.699333614766431
79.266723451500269
86.969088167987877
85.137198911775272
78.170863092313581
76.006092486575866
81.768972983677912
89.316588226546074
82.579140604758337
75.216423795606019
74.281832015840791
73.584056600304706
74.928144241668420
73.970669049312306
68.888467456179114
68.384209228404202
75.454277283603290
86.004876576841596
89.054201014434071
86.429150486354928
78.477047165540768
76.814543883796134
76.220436890615730
76.774193004567394
77.514840812276930
82.345977936334265
95.309504324765769
105.300908653767237
57.043591566592198
78.445358939317131
93.557939954556076
102.744509362931154
99.428122728292536
92.859321884968466
87.407686339996346
82.210809690507290
87.532096883012429
89.405021192837694
90.419650252566115
90.160349201388073
88.270342701946930
88.377765652915741
86.245235404265742
84.941330054456586
83.291025881725830
83.963414977054214
88.443105491890620
93.358770211215841
96.166853774298744
94.319300423385414
93.652187088811615
93.251152776988050
94.181623753113570
93.925708791005221
95.217382222298184
99.190972443590709
105.999138856388555
110.899130815453518
78.016646565600823
102.393419682696845
115.760925352889274
119.346904288263445
114.990644575232650
108.392603337447554
102.627491554839111
95.648418739948539
92.382507298837865
91.996167202497233
90.823389382528291
91.173641696459498
90.998564242080761
90.997127794102937
92.466211605947692
95.071798463031854
96.810041132482311
97.654532848417233
100.251851058843357
101.769730609899057
103.624296131861342
104.889748042001642
104.974708635735198
104.334892732666816
102.977389531942791
101.636370063227474
101.756803737347610
103.054107571253894
106.275122190277457
110.670096954551141
97.607324083193106
119.776037531184130
131.396792633023693
133.518259924781376
129.326965165555947
122.516915895126289
113.512531523187462
104.655895801076639
97.605492644605008
95.121009918079295
98.544835841129071
100.974182253510861
99.946438824655559
100.390685281529059
100.405785204397120
103.622734634694311
106.310845309470849
107.723569591680373
109.620295335608418
111.225868861999686
115.017777584598136
119.138189817018571
119.440761879151367
118.713787294258594
117.573780301899831
114.361044213811525
111.293825602723118
109.761572081325042
108.728551784020624
111.338166466310980
124.284942928769496
140.195442282258540
144.997493177876663
143.251822141312971
136.723128018031730
127.532167503367020
119.785308297502368
114.586529622579150
106.685961803899119
107.176546618381451
113.366527633332538
113.876184506221094
112.794041367418899
109.734086869855275
107.468671895006338
108.911384669016371
110.198888912877322
112.310307992815268
115.021901996562349
122.222824923120896
127.949903325818596
131.090623814957013
130.471546001453135
129.254677989765298
128.071728901997460
124.637744237243268
121.096475050227582
120.054365533606358
117.797634465207807
118.677268193814157
147.929452349258611
154.985223001831855
153.916629414781283
147.822442794066376
137.755139878741659
131.787510925959509
127.942772064733916
121.649965723526279
118.987584958127414
119.282804261033732
124.034396196561616
127.071372273367771
123.514461075369439
117.663723259796001
113.134138364165068
113.652921330471543
112.851843904426943
116.133678304943388
120.458080622905612
128.271557009131243
132.551135032632430
136.471395349964439
138.022421387819122
138.272440461400976
136.664185424418349
133.310270890633518
132.906219522116373
130.026046626214054
127.691124558051698
124.613481001557005
160.687800170460918
162.345301443605962
160.108359747368013
151.833849731903001
144.213911877927757
140.261397749497519
136.060731010330329
134.203573634515067
129.963353148108638
131.050062959582590
134.598359554684606
133.079108808309257
132.918994390359529
128.803773273566634
122.658988455456594
119.535063649942927
124.090779410553026
122.228866065767804
126.454996061045364
127.622364935123287
135.116992513651354
138.895515446873389
143.818090950147933
147.735822955386709
146.042243095985469
145.493499480748966
144.731088124631441
141.547785240168594
135.864721934009424
131.524246513262938
166.763443537400377
168.052374670372046
163.400976470728779
159.509302824888834
153.528796256812228
150.515294030622243
150.736282118454000
149.706790896620248
143.484285233234203
139.867968575989948
142.086965503801167
143.232328306386336
141.379757265699823
137.457899137736888
134.621832759875559
131.719313748116747
133.041201828983020
133.326443395561967
130.812820309740943
129.482344748448838
133.954108005367829
139.881899528797078
145.981266981331800
150.144998786684880
154.330864122927352
151.706911936594338
154.251441157715419
147.862517723918842
146.676037909269780
140.575311464246795
176.160045578017673
176.730324090072088
173.169284406972281
167.895940321643423
162.957674807569958
163.012543308836143
163.193656488446919
161.969758928649384
159.317337556401242
155.549956564584704
152.523944198672069
154.505999940261091
149.146219336725494
144.880038108423690
142.126831803178362
141.044790552639768
140.100269296121979
139.978371950455227
134.355421920125281
134.251994977961175
137.451692756256705
137.828943269854193
146.198499333747407
150.492661228595040
154.782680909401762
156.491485731154313
158.979465655081583
156.753796713062741
153.499238882985935
147.583937542385257
186.134761088759717
186.143237663816080
182.495717671842840
177.278382064917395
172.572172456063299
171.544326274111683
170.804748874988519
171.414250925863826
168.687222880694833
163.302834947352750
163.463749236549972
160.537501734811656
155.399955897083089
151.256851334773330
149.369615572446293
146.610201608507822
144.698850806431494
143.787745606157387
143.373728067319945
140.213174105698045
140.223777443942737
143.115811225109809
145.343521154789045
149.126817029604865
155.975228171281259
161.200746221326426
161.656868476324462
166.218123139073327
166.521138697949169
161.915602792777520
195.633099235555335
194.563488031238535
190.962026110375490
182.593091054923150
178.243123194026822
175.377657074459904
175.501622580664417
176.296976072922348
176.713011204574769
174.659932494025156
170.816928500455759
163.886350000640221
158.601287489031961
154.450071133209832
154.844003588727645
153.235479606481988
152.085938468274378
150.410896750762078
149.442588581714062
149.018389259237665
149.016932499508300
145.998627044134594
145.164727745474977
149.281860343053552
151.844253128543244
160.587391923500832
166.565322574170608
171.415715542452659
177.386182351025440
174.897214759514469
201.866998657724992
199.856653258961359
193.858090073583810
185.747466606284604
183.389219967256309
178.956383131245360
181.159505821649873
180.221521471068741
179.801453592701904
179.149759167590787
176.908076486500761
167.671512933682124
162.531119560838334
159.614964143509752
158.544815111809299
159.045367403773866
159.029675925217418
157.593549016022905
157.256147609484117
157.786067625203827
156.739246197695252
154.498072749673469
151.735352166434893
150.784599484177875
149.869325731821277
156.356299246276819
161.860813309927693
167.534657070244492
174.284662742968720
183.135578406266376
199.568887753363072
204.004655902249937
200.591584563151969
193.016099327249549
187.281654166481729
185.163738701699629
182.341217148496014
178.971585902930173
180.537486008735158
183.870424773981824
180.478428356252181
173.779171670691085
166.223657712569405
162.846295784448785
164.559759663958317
164.656862193483391
162.383039779890225
160.995560244939497
161.948653351958001
164.032694402731892
163.108397431011525
161.409472437453786
157.164929161447958
156.078004130072060
153.463248469842796
151.838971510063118
152.563862125303785
158.220849671175301
167.696898791020772
176.163046286782105
186.764036830992552
201.689237493244775
200.282389365724839
194.002766904243344
189.428934473275035
186.930093656710085
182.501378449978858
177.779950575568876
176.351682844295112
179.086563303944331
178.550280012557323
175.008915516962190
169.457804254978839
167.324474860567790
166.128472785681765
166.621451293724590
164.265942903015400
162.724542345564998
162.757579572552231
162.964366414805227
164.270769857148451
163.154054177284252
161.267956389311166
159.349536386372876
155.365250858588098
152.437704493599256
151.286394336886531
154.373829950614549
159.807717987103899
165.264220823770813
175.554016433530478
197.219459245917818
197.422680505797388
193.469071343715967
190.712822893500629
186.183529775688925
183.475612558174618
176.549528402640192
173.720436364228561
176.301626430622832
178.566085995869628
175.755185465114977
173.029740845457155
171.400444717301639
170.129635975614946
170.045672611803525
169.814721504201771
167.520934540967801
165.543462595759792
164.933750174136918
165.579265058945623
166.229425454099214
163.961885530527127
162.616823206146421
159.469608711799310
155.858887055689252
153.703649861671636
155.194530424671143
158.192018556191897
162.536000526342718
170.098350959227730
197.012761178696223
197.110880412003041
192.900315967849792
189.591280376308788
187.838382782674842
183.738366197130745
177.812782780963175
174.994471806932154
178.005987576091798
181.499016011906889
180.350520289739336
176.628941375363240
175.843945564402759
174.426234275220025
174.518924339312349
175.962314774704623
173.977592233383575
170.396816152460815
169.090482710996497
168.178194516493164
167.534367190000182
167.346236292969252
165.491813487728734
164.930655820006564
162.378859546303147
160.351900915337893
159.778631111071661
161.305344855378308
162.980999974205645
169.495198575548443
198.159898261224839
195.978814212581455
191.237443234761201
188.392654471996053
188.067079216484984
184.135440399362011
180.442909076494544
178.815135778815545
182.951410520001446
187.799104810779966
185.741294549695084
181.183372884474636
179.235996386413376
179.426826008727630
179.150561451121092
179.894747623066053
177.367248289592169
174.268023619355830
172.708108165531797
170.947239227881482
169.379006789580188
167.615062851889491
169.741012436437558
168.004559896220655
168.316640677408628
166.598067757381187
164.976975812586744
162.991511291141222
166.644713596145465
168.053997851741826
199.777150545540792
195.237398324381047
190.116481567508117
189.136748792145681
189.390522226514065
186.949716053289194
184.762626283639406
182.085991912788103
189.053063520672339
192.278871839836142
188.814708606313133
184.713634441148514
183.000973551393486
183.859872375363466
182.932625801343960
181.227289544914584
178.567984590628100
177.231531116114951
177.009125226145557
175.587709583164781
171.816152336450585
169.884247670166673
171.691898627985069
174.156164413871011
175.696175629627589
173.203527541333699
168.587201722059859
170.653066232365575
171.639096573557083
168.944957390354602
196.596386912073172
193.730737196671697
189.460079287837829
191.373042151316582
191.249348340926815
190.106979276066227
185.520545564208845
187.411302758679057
194.693056282484633
195.817428072175204
190.681850852726711
188.190507140757518
187.300785194689240
188.261095743314399
186.483655768867777
182.324719863020249
177.163738926674853
178.604492871669038
181.265882896481173
179.121246137422588
174.710221899200349
173.685322546176280
175.963888130007831
179.570239156434610
180.371437307863829
178.670390587082039
173.629709512569804
175.317229659541852
176.641067636321395
165.308447595764846
197.276703800760401
194.657966779856224
193.658687676189146
194.799002472931704
195.632799696082770
193.411470726237042
189.754135928107473
193.468898802719877
197.340975761819436
197.412166961797254
195.470110940484091
191.809164673137673
191.801192124041734
191.023852477879700
187.532777784721191
182.218650774157993
177.960271905247993
180.350464240729991
182.152746234360478
181.815176227370330
180.467497217587436
180.127951898853865
181.771639473464518
183.490601009388058
184.195682490946041
181.835420064159166
181.777356414177348
182.822039494710651
180.491870228760632
162.949623062130797
199.897250055177523
198.667143436229281
196.714880442979791
197.575625739647734
199.123082349681482
198.325235716369775
196.356360442072543
197.840843495795070
201.370680974534991
202.176437393433389
196.984656800130324
195.173816362812943
194.108930374339423
193.431976043198034
190.068519965046391
185.107052448871087
181.374610185207644
181.133386650639238
183.677385903185240
186.371963541767883
188.221573433292690
186.815536884372477
187.325511093450245
188.081284308358704
186.691805642270822
188.065393601260070
188.337749775868929
186.376453123002534
184.583493093081643
162.368401296862288
202.980060286972446
204.830448333637776
202.962086915631090
201.625938117317219
203.552520164139764
204.973264789303016
201.792930551414912
200.817626710039661
205.290074662097879
205.400523657702990
201.378454955181070
197.934811028616025
195.893240203844726
195.012996128542511
193.670779716426523
188.238699914969231
185.678626126108639
185.148894860550740
186.391260861312645
190.559801462320621
193.436816571883753
194.549904423139367
192.723096058973852
191.062591321373816
192.093046058748911
191.155215086483395
192.339834051768719
193.081672891600078
190.085839840207143
178.865322724584473
92.717193009603761
86.034455972586528
90.500019811554878
97.306995725623267
105.314182521349323
119.141870357448312
124.230671825178803
120.257697857195396
119.301446213173080
123.728354115557650
131.612830214990026
136.990242924268500
133.897361542693204
129.987206431183012
129.539614262878786
128.864672235608055
124.770449779102861
120.190901845319473
119.290228903555644
118.274495549930677
116.137588148082187
116.863561916475845
117.416414186237006
120.316089700247574
123.241406860190381
122.235183898234311
120.170888015465465
118.054218163185766
119.419699835286309
111.817861033649919
70.774794983009102
76.631857138837518
85.163858352446240
92.853887848822694
100.452076995639558
108.083150432752220
118.949026795461776
123.772571478074582
122.116569923830156
121.580553584557748
124.385508378488424
126.206279972283923
124.933644362530245
123.135214811619321
122.110548243053842
122.399222317227924
121.702426170514627
119.688682385345018
117.398987053676251
116.591565392764153
116.718480035651908
118.910999453228712
120.781340097936592
123.673670470426444
123.764151854446041
123.516666002043934
122.419745559410643
119.537602075405772
118.276786593733235
114.827218757349698
76.993612827112486
79.258928501292814
90.425140628050201
99.980561456599446
108.716515446558489
114.830198244673710
121.462191634859309
121.190052285529887
116.930756383697684
113.785808234389890
114.386524661793686
116.348726028300320
117.938844743865744
118.929342820035941
117.598012494506065
118.063072847138429
119.828161073353371
119.461662437286193
119.590455070937736
118.160388247537881
119.115782911821739
122.234741759257858
124.815176745847509
126.173475028666417
124.248602659167091
123.126506103003777
121.451781439399539
119.067341706804797
117.062793133102872
117.307857580888111
85.000425026113106
90.029522431746429
102.313447926156329
112.255267214767983
114.057962046145775
115.211399520786983
116.538556130450530
115.407038407030768
108.698065968778991
103.372716454284287
106.627217358589292
112.525153081548268
118.403275796544435
119.458533059981278
120.055153495137503
119.349790943590534
123.593679173356975
125.495780702686929
123.040562126488524
120.906122823306617
123.182661053065630
126.561492411806142
128.179328884974041
127.479585509339302
126.726197521323456
123.413667839734899
123.392550318104654
119.029872838132121
112.772583113650413
111.997802174900187
97.245919801477811
105.089369098792957
116.214699227754011
116.840916832617395
115.465216221219464
111.268129561207303
113.145017775793505
112.842456282209710
100.030061827635819
94.593791301379952
100.970837548334259
110.175837182022519
117.373125087442247
121.699843464124484
123.444511500421385
124.912420157623373
132.270205105226410
135.682167868334290
128.704500454063719
124.495760290587725
127.503451023673165
128.558322940133678
129.366438318379437
127.675780081448465
125.921868581889782
127.141507631659920
127.613552837744379
121.401880571802423
114.958182998485398
106.439352197126084
100.787344229387344
109.491606946741030
114.167470509095267
116.439172439819714
111.200266865737518
109.607290508353913
110.440193270547567
107.665924074315100
93.088647656972711
84.495628051951840
87.931798020714893
100.065840172256941
110.251216975109713
119.133990543466652
123.236857626941656
130.565929746353504
137.615780711244270
139.138837643624356
136.218935269695805
133.620153766221279
130.848043583309249
125.442604453268899
123.211306887750354
118.243124168945442
120.059658862575517
122.003027138539636
122.476303708215553
118.739974677201573
116.854764000754443
93.802737026967634
92.215453603757908
103.421027396931976
110.876137946196522
110.364383956339452
107.200211215940556
103.575728921261316
103.385527769161371
100.472110306306092
92.562728849332487
84.987008657745463
81.529183932511046
86.545996455956342
97.212924690414468
107.269877486986204
114.341059546756711
119.235125993880416
124.569721841608370
128.702720664843525
133.531542445917950
133.903226344647408
125.175977152894831
117.734197929741015
109.693838593069444
101.499760161173214
102.284055808681174
101.042935749791951
103.825305001732715
106.257738768775226
111.025911339799521
79.342713384220133
85.287970299093388
95.737493745092650
99.772279169467822
104.358373313316093
103.513474523692992
99.878558730945187
99.073702334194351
98.882928357517699
97.587238667096400
92.533044885554091
87.834385798009436
86.618746135671884
89.093690475035004
95.425124594802639
96.402960530310139
100.850973153473305
103.533265614257687
109.087562227424868
116.455529798715489
117.569069851145400
116.521308765970844
109.798521240235829
106.117871384309140
98.726816868244882
92.871175023428464
89.256562978183524
89.371049801841309
93.823575911062534
99.982305835400638
70.946790998542767
75.403889298076251
83.862862210176544
92.224842306035939
99.152927510120975
102.680117521385483
97.983575631198505
99.765903761172297
96.991555448647702
97.479198782796061
97.884569258689737
95.857153753982047
94.684966028603554
93.037861798606258
90.448475656856672
87.072275652142892
87.857874770643207
89.548982890542902
89.879934808712761
94.386336679360511
98.875291225097911
102.113744339538002
101.810080435418158
100.946350265614214
98.265967283895293
96.252100019203453
92.607787530838522
92.699817630487601
90.781598239204214
95.720030063704712
60.081778017276378
66.104112735327689
73.340495391197194
85.340145006214300
95.863407512200240
101.776335404181722
103.662311013080114
101.824127994340003
97.237931687078969
93.573863646653223
97.570414517287617
99.568477271247247
103.387591495921825
101.409377410369899
96.670718199519527
93.392639936153159
88.681385139033793
87.140422484247523
83.480538252335549
85.830295497642609
88.867857136286403
92.211951719138284
96.939651263419265
101.407506240076884
103.610653033138931
102.617037678826293
102.247266383518181
99.164949069021787
98.762028805049553
96.093389132694881
51.855448797021410
62.366250789901301
73.037660700982343
86.714185202808849
98.318687958310406
106.553170994434197
107.880227165340983
103.133527955349336
94.351039389523010
91.580751502210774
91.274357402733955
93.944969715016839
98.223415643799086
98.475903122984704
99.118547467607925
96.911758608653571
95.658226380077537
95.514473863844501
94.876594862342785
94.668818871961463
95.701708412794090
97.081863379902231
100.058996498435903
103.687934174220601
108.843686047712197
112.046300577487983
115.705263552110864
115.672345673043438
114.202504338403855
111.148645483206082
76.431839360972589
97.620429657374771
108.404467443795241
115.551262826431469
120.117481900801820
120.686416334488698
118.149969907291037
115.806968997365828
113.366174549126598
108.278101158718414
104.361895928982619
102.195643367924362
100.239449238248369
100.112821283527012
101.474552657385573
104.886129958589976
109.409483453959012
113.142824436308899
118.895033257436168
120.451849642471259
120.859488432615137
120.374875262928015
118.804945742121163
119.274661043006802
121.139791196440783
122.248672492206168
123.446570505398242
122.658974699072616
120.635291187665189
118.479906913445888
124.328853678674591
127.981924217662012
129.809803280413661
129.120973511629245
126.958029621331647
124.358563020477533
121.522700994551371
117.291342672745785
116.616123197651348
117.555953615419156
116.166348002865618
110.740179493071068
109.422149360144857
106.594793903045129
104.720188284643683
108.997673552738988
109.632214701397643
115.167281205283018
122.417628673414242
129.276520498188233
134.471796250693586
134.759092961312660
132.679375548094185
131.311741222080457
129.120948835625228
128.905016002653753
129.802037505748672
127.876042828521093
124.226606995959358
121.861725187595795
149.549457651356420
144.265751004326660
141.127742075999237
137.378577643382528
132.961319312721287
130.331383098574406
126.009810007734416
123.330485282296650
122.087682407572430
123.263858809947408
123.350550166312360
120.285731816270470
117.187878174592583
113.331984228001971
113.687034324055546
114.316896319452468
115.989860233597454
119.995108229855617
124.676742826882304
130.561757411605868
138.353339655470876
140.813918447395167
139.300857732117464
138.464026142534664
140.087839179540254
139.523135321666985
138.553751691537457
137.188219083056282
131.852606397706893
129.245079404775936
160.130849853374002
154.983664756985974
151.007621079731791
146.441277568394071
143.360825565776196
140.577148772499584
138.052525115206009
134.457202925791563
132.889066662367810
133.666809358370500
131.321195671455683
130.651956252332809
128.887557872358371
123.904733355139257
123.997971575130521
125.340256777713165
125.787126264386231
126.380418320846189
128.852304563316494
134.787599455092362
138.175367391858572
141.846597849104427
144.925742854621291
145.111804407384398
147.174942131263663
150.451085859941088
148.271906358985689
147.324064488061055
145.393718486513933
140.598133882588940
170.566842524123444
167.734559005399888
161.436822703839653
158.152097504098549
153.766510498922543
151.826865807588121
147.403994170384351
149.291983299302700
147.216477922542310
146.344395564659095
143.695598989470682
138.353240604456346
140.276177371431800
137.563154294091618
134.899310055579889
133.714337470202452
136.078693509318271
134.906725591549616
139.733676543759231
139.495067340624900
141.519973510920096
142.583685374800240
147.010967115839179
147.344458550978544
152.744166264873769
156.054783609612855
156.158630780873352
156.665210306176618
154.714987751617599
154.496168009467766
184.082089534425393
179.894459084366531
174.421192601841710
169.269229783745033
164.887523306893144
157.969504416207570
160.888052313809823
160.261184776432913
161.948329188500367
160.218379407576265
153.704067210999881
151.597019609376531
145.152122073601731
143.022170842714246
142.785131745401316
141.286680694876821
142.286180077818528
142.832797118067219
144.531624865615697
145.332878231683765
144.452047467478963
146.809523349161196
146.744676450528999
149.493282090191144
152.723380641278993
157.927674137465715
162.234996900205545
166.059721718383315
166.380416332052761
166.394963078952856
198.708983014894272
193.624288100972905
187.567880490430355
179.289914030965463
172.185291869051383
171.745648784208129
170.246327247941906
170.027123943930974
173.209754949777761
169.688200739354272
168.039739246305032
158.107860813665951
155.011874995549363
149.483425096478413
152.590798300284490
149.309541764998642
151.273340046528745
147.861549554732903
148.036431072774349
152.382433862198923
151.894444793174245
152.065055638683305
148.496620417390574
150.221985004424056
157.174076525803798
159.022893515435356
166.234196642514206
171.021139573704772
173.899375193202758
174.425251218855806
211.957389200596651
206.837192141249005
199.055641858650802
189.310892871997169
181.372991336116172
179.489734111733384
175.429337480101054
175.314233951033145
178.253544311959786
180.481573814792625
176.059110169508330
169.825263496584853
162.643754172182781
158.696499775137255
161.257665708271247
159.954732736498528
156.937342270160997
151.460231669300128
153.536756814082452
159.375269654406736
162.318750024325055
159.261250248992724
157.338459286111970
155.109378236773097
161.261296148176172
163.100791173833272
167.544052272277412
170.469760240356379
179.251519300156360
185.025687600283391
218.553946670831181
214.694846381902693
207.078232939597228
197.003966343718616
187.673517319622988
182.137997889588576
180.099819714943010
179.298679160886223
182.048395787345470
184.707702162623605
186.045414738331118
178.781302772984077
173.311892582534028
170.949456284737835
168.506542578785144
166.607325731750649
164.880350017631002
161.614098044421809
163.365985297506398
165.244739719418732
166.160089105107772
167.570276085296541
164.066830669470733
164.193528208782624
161.050800454902941
163.055266993114742
166.399892896263765
173.064813214328098
179.337516070563197
188.753351324559844
218.338748821252580
218.060270562874507
212.279556753838705
201.688328184347540
194.067690849434598
188.107535623792216
185.323965310054291
183.389172205732336
183.302280894228602
186.725378410030942
188.980247321429147
184.079238602173632
179.207421856636159
177.978106118639118
175.350666391940621
174.039455512035488
172.429510263379086
171.230669793400097
170.761057619774249
168.555830564876487
172.677329940553705
170.683333959974277
171.364148920943961
168.542243544842819
164.593466622945073
161.623563825608670
166.756414710152995
170.679875049310198
174.717283070944205
183.394031073226046
212.398111864932531
215.302595067138782
209.190074836192366
201.586435713113019
193.527894779748351
190.151964968779396
187.809333527846547
182.379174470608092
182.001057479913896
186.110978592643278
188.428749848217961
186.243720404467922
181.372878202879519
178.666961269689125
177.242800406087724
177.564954313168698
175.737766842922071
175.749310942725913
173.131194311418085
173.055723622494583
172.790074524479422
172.570994613996675
172.246353636771175
170.224455397614463
163.999054756479211
162.725170832127390
163.984014985660508
166.221399281353172
169.037901585263370
175.575650562946805
206.594396133806299
209.920958533034252
203.108187851725376
194.640792208246722
191.440166636441035
189.749581675808514
186.437738244816103
181.317846059885255
179.704069537904843
182.944866465583516
186.630309478941257
184.119874670576564
179.630018188243724
177.247120034923626
176.587675923418260
176.386872332908638
177.379239720525277
175.385610673115309
175.417702999516706
173.196382735933838
173.401720671413443
172.497860768471241
168.235811688844052
168.446779537524066
167.302083387304293
164.326637477117117
161.513084367951706
162.312659833732653
164.980089010186362
168.317940136472942
199.439043638840360
206.721752082506555
200.355525203184243
191.040363825908855
187.873802483015140
188.669822548884667
184.613872661118933
180.340426397534941
177.463433825294544
184.238765099146121
189.548670986522467
186.273224839611117
180.757420198072680
177.588503258765456
177.876350230980393
179.287378364946676
179.750289310027682
177.051805096771972
176.245530748970509
177.701194838553818
176.098888293163469
172.895772691380984
169.065274605987753
167.324674481857130
168.461723244802727
167.952974829303287
166.165048745255859
163.290586779708036
164.514920249084582
167.442212385633752
195.156122701116828
202.322521295015008
195.630684541006900
186.569715931823112
185.488711907832567
188.910819796146939
185.625557253367589
179.098070949621047
176.000122522667425
187.195981987054552
191.783365575565909
187.939464448406085
181.772916505797156
180.258744892306851
182.310321234866876
183.740060422299081
181.985819844225603
175.407245139635933
175.732884713642960
180.357190889205583
177.804616035035508
173.500203870359655
171.683248537933707
169.813893620123281
170.864295801120420
171.387298064866087
168.951499879846523
163.196403147779449
167.195137018405603
171.209982250612541
190.314630246572676
200.612049299300281
190.829253071869402
184.688303691618216
187.314597380309408
188.330464227817913
184.486419539053855
176.901349499045921
180.849279146901182
190.718232956241991
194.053209982867259
190.460860150847282
186.214543077735470
184.509319640591286
185.448829412079789
186.723997172294759
181.887541502106160
175.725808890490271
176.685887230079175
181.158513634295616
178.820172823564803
175.988259467080297
173.900797496903408
175.317088562121825
175.393148658205348
174.387784342438124
170.816495958654173
170.060111290223432
171.023087489232580
171.667958236267481
181.090884588091455
198.435063041781973
192.431141388418780
188.763835412208891
187.423262347806030
187.522290726269830
184.887367760387122
180.850586989146308
185.358077658415510
192.972547656840959
196.213992642271677
192.780636324176101
190.242487743257840
188.672927665979500
187.841334873315645
186.251425453511274
181.333911928764735
177.289244377140932
177.857536612796423
180.172185882696482
180.167787493128685
178.891841558801019
180.424183917886438
178.210869424964130
178.944000647543049
178.386018907242885
177.253437672238817
177.537948355383264
175.181201324318351
174.967544078885254
176.861277117413437
197.686780146564161
192.478369023960909
190.854182593520875
189.252693384156061
190.431795145118201
190.373313158064576
187.468668410932139
188.244844787912285
194.535631122507169
197.618808512717379
195.735496345578241
193.454856065207480
191.034521190003659
187.971303791469552
188.524401293980731
183.313951112231507
180.658274216376128
178.458149908728956
180.172290598446040
183.136544908253370
182.928254680425226
184.020614923778908
184.340443386183637
182.161169284613521
182.984657153688318
182.586658649449589
182.580195644701718
180.489519362423891
178.888603630215272
172.884580948109203
199.236416653301887
196.330765262551012
193.620909178830061
191.464331903773882
195.292900664349702
194.631636967393376
191.044688617301688
192.202579828859797
196.819583582978538
201.888583228136440
197.374478195305983
193.344329256832566
193.060141254528673
191.255883565463023
190.508171690144820
186.732384454586196
180.876156292577804
180.187768591155361
182.238067711301284
187.059935909143434
189.289563745465671
188.152427963922150
187.276408404013409
186.685800301931749
185.338600446583285
187.226251121667985
185.266114060185373
186.856436412810240
183.778328281722054
172.216750314794211
204.058694127645111
201.179169750805045
195.430272205512892
196.704942221834415
199.357193732461269
200.926038078470299
196.225170232278288
194.599314765649353
201.040468647701687
204.339041544016482
200.136700476803753
194.878612982499305
195.732546574647699
192.678514244199164
191.666560666850216
188.829916671008277
184.775084895921793
183.351749892500237
186.637394766187782
191.853842250544517
192.531158995926319
193.493391728485960
190.718446673379333
190.727475619428816
189.481417782706359
188.800641898164145
188.344495809706700
190.838193891318525
192.511408035776185
185.955178899836312
95.600581158868280
85.653953699833806
94.047667250305324
108.749877690932124
118.319353140325774
120.802387955816712
122.082514377297855
125.322431404913232
126.047542927046308
130.929595159686869
136.419163251804804
137.941443365494990
134.863360929988062
131.249055395164532
127.765111923811290
123.554776361102995
121.645848577513817
119.874390106952490
118.400549292748266
116.823853545426260
117.532750603597037
119.913346493910723
122.052056435768776
123.047231205935248
123.236945935599124
120.963519127327515
120.885584395413474
120.441168845344450
118.407049784521092
105.374976541625529
72.167205819235889
75.442306292579531
87.626585124655406
101.566060700651519
109.645738094871888
115.461733535315318
123.278130993214049
128.592952930993022
128.142320454768907
127.831903006743190
123.066975067450613
122.432273358984702
120.995092428981593
121.443270720020905
122.228711796677842
120.315564272125016
118.635007937106394
118.434455392102706
119.185262399806916
119.744489543128239
119.379473605916715
120.536977959911439
122.762629255074671
124.863619919242993
124.747271685685902
120.409738606471180
121.752037447012270
117.764879746837693
117.943726892791830
100.281041376368634
71.036219821997108
79.794240928558438
100.762337846986412
115.275659601057527
117.938668699132748
119.878756013596814
123.952793293785149
129.952132479249030
131.553333644494330
117.305291647852599
107.056477069318959
111.128418638898367
117.916974320885629
120.304836273368551
118.749036334371368
119.041783148263107
120.562904825416581
126.125994653550279
130.351779333972871
121.889575255047532
120.809806513522560
125.054900857268905
125.254835674926554
127.232611949166241
123.873861528747085
121.309897669921114
125.087166072566632
126.659920320122154
122.062093150280617
102.844113932124685
83.686318092524388
97.949646660397804
115.194305646431403
120.357615962746436
118.794847390095811
114.008487177966458
123.561565185557313
143.777607483029726
136.083019928046411
102.641491780738775
101.258188441243874
107.838429256736617
112.297573574462376
115.145221234106998
115.959879637471005
117.486184592065484
127.466948322350902
140.866966557021669
135.861559180678569
133.010699661477105
132.116726088129468
134.025502053494591
129.185941975166259
126.084436895380890
122.226431112450967
124.185614190198109
132.192264488406295
134.018687377135279
123.969707525290403
112.058441599574394
92.249450366620806
105.451841967736968
116.844420615933387
117.753688686441976
111.945319795884359
115.777365124686014
133.006640606710675
150.651337707568530
125.276520634384070
106.935254317242709
100.554281963858926
103.035061711739303
105.937552082510990
109.275717173620535
114.141103139308029
119.660531848361401
133.426581028598150
138.411278564429352
142.097966858039200
146.509007259813956
146.313120940824149
141.358415531108932
134.591037523884353
130.069080084656093
126.205255194246348
132.088494600840534
136.363468788623180
128.399573989482974
128.263404189221006
106.784233192386111
94.103104284131689
104.580726755351904
110.161496474981675
112.694419556168953
114.803144288111582
121.727303367346479
135.517614737109739
135.910795492738174
126.767344856420834
112.247952836607425
99.663550663890391
99.926517133203646
101.556066829911742
105.381707829136900
113.275957197509697
121.337290849003821
126.506439809932516
134.371632157117233
144.182741146329647
150.344784150758073
148.122557820525856
142.104867871306055
132.063799143645582
129.955412865632951
131.113688896667725
135.062858696794819
124.905799387713259
120.062816066503260
121.345032137640274
86.176506756613321
89.203721727895072
99.051801576000912
107.328605733196440
113.622519372278418
117.081348381283803
121.306481197398739
125.483574393392558
127.490353662250584
122.734379622442759
112.833651797589482
104.498805984293313
99.367755445416876
99.798970673767769
103.113093452191876
108.063141069289117
112.283382490727632
118.257330362709439
126.683722880530524
134.146904825130207
140.466095324034569
138.863705521531074
136.947096676434683
130.857329896564750
127.652267419828974
119.942981643673477
110.499023283382712
106.176501434860626
104.960277598460749
105.702775106077581
71.885608363691475
82.341612216090084
94.769388564053116
102.703396211848201
109.708975329228508
111.240729646899368
111.914884107239629
113.296129698810461
113.154348388048348
109.385987638780009
106.929874572181916
104.294696818665457
102.511187155867958
97.544238753988139
95.856673712196368
93.173451541954194
93.370629537164007
99.734544204814668
101.845251301647409
107.603085607507808
112.091760964189220
114.337871215402984
112.360967528673058
111.072194705826305
108.267096212096305
103.162348101121779
96.542662150593202
94.242765723365565
89.361013737115428
90.552873067126782
70.119653835055402
76.671031051540169
82.183507456213903
90.394341899295270
99.963773125970391
104.746596848138637
105.253180367631813
104.415055188645439
102.527368286400616
100.293043127291895
102.510211176564212
101.386881524536093
102.800185435316962
100.776745854244524
97.214535895927099
92.518330688372117
90.691091848015759
91.128150673252478
91.476340565529142
92.601598745220841
93.061334697867153
95.262405394101961
98.145740701011874
104.612168649310220
105.932658521523308
106.428830453076927
102.766392407066547
97.499617234712304
94.779561445089399
88.811308739592960
58.418644299661977
65.376232484150549
72.035016901396020
80.068868567873281
90.519214945094731
99.463095181559552
103.777330143586170
104.743071380901824
104.194911754112951
102.687064894386708
98.657698545536775
98.378070305477877
102.484781765649487
99.354445231979881
99.054460384887904
95.993351340212328
92.844378689669227
91.890810302876645
92.060773013405054
90.395099639642751
88.297393493237138
86.292352596074835
89.782158342210366
95.799035842228591
102.021756205903245
106.164270147731713
107.503901208489253
108.930327217327630
107.015860469884927
100.665709064551962
62.005438568531488
69.500287066721299
72.258201904877282
78.185671762109052
87.921232804291847
99.069740302254957
105.895611875921773
108.983547601845288
109.338315870081217
107.286549752151132
103.912483113088669
102.186306714935426
101.237723504549450
100.596295778819226
99.502672694652802
98.983352234478872
99.298325229388126
99.684662058899363
101.380741860288083
105.064504384345966
105.669533474757756
105.548694059933311
106.786643212618131
106.396188004941507
109.409297409452222
110.145971768634098
112.112063700690300
112.019368354497857
111.337735501213842
107.984853255876459
87.591984212044679
103.202118318500055
106.260224228441643
110.827201982039455
114.355209182488608
115.511216161890459
115.831207525181867
112.223929650718944
112.322052916245951
117.408049090745379
118.776166476740087
115.176777741772781
109.999762440509272
108.196205673169771
106.129818669007776
108.090687928194797
107.315715302082168
106.832235656195024
112.803311470289515
119.679920525917368
127.735956467543460
128.988782621594311
127.422688724469182
122.561897116531782
120.414448525294688
120.605149326392535
119.847618514545957
119.819656828821422
116.346101693494418
114.455350113837014
116.321793998606665
125.675043123100437
130.067135819220880
130.848117792096900
129.027555307917311
125.417080909503198
121.201174574768558
116.783628321992055
115.203335700929514
115.797154295187909
115.643288272728086
114.271688899245603
110.475641386326700
109.436341777241495
110.368256674030391
110.566857395017564
112.206514533965645
113.747423436768656
118.870907203462011
124.486288751330221
131.192980546629940
136.208661787737128
134.754851126356698
130.704914999143369
131.277475634342579
131.172834045844553
131.694991476425201
130.853276678122313
126.334517131291932
122.417244024780047
140.659117286161973
141.895633599908649
143.911763969460537
142.020226968120227
137.280623294992836
134.882702816017854
129.575435683099784
125.234430200080610
120.878420047978906
119.997592197560266
118.605444105191310
116.586352032775196
114.830244185198723
115.586117661768668
118.761283165319981
119.545623732091954
120.812263097868311
122.699609252841555
124.633990917763214
130.728089117292001
136.039813482097344
139.933234812683253
138.739901939067153
138.253249341154145
139.869388610465506
142.723105514268127
143.991896902731241
141.901359091828340
138.322776673047770
135.488270793398897
157.407324820506716
155.652418078524363
153.217850163061570
148.917973904259611
145.601241886122381
140.994485589792873
138.722266322330455
136.166451348877303
133.284702798365402
132.507635341138922
128.196935702607789
125.387438784825946
125.961447132563023
125.682363726378611
128.738773021019767
129.944268092249956
130.494134956910841
129.630561052270281
134.345378211206025
135.958775800796872
143.020350287818957
141.131830663514336
143.228969468566902
142.979318083170455
145.480480583568777
149.700984670839517
151.452309640158887
151.818312335914300
150.905885958183262
147.460454404366402
171.819907554830024
168.540351123693057
165.475573084244559
160.349993971070148
155.585038905939939
150.075348757507868
150.413642243170159
146.744993796062204
145.098963298255541
144.735971567320746
138.712108990503538
138.033322326079855
136.753897155443923
135.185444270323330
138.197492464561776
136.819825825128589
138.584170509883194
141.001347910637691
139.060478941499241
142.394650715477781
147.265897915766516
145.938207831884540
145.828104173214257
145.854382420047074
147.632494046633497
154.530820816638567
157.223047961414522
162.817753379341582
163.417808837078127
160.369966486305714
187.263298564181412
180.937496073419993
176.549970273656186
171.819750002572192
165.833958184246939
162.484113408397093
159.539758614283812
159.595357226338308
156.754443047007470
152.725523392536047
153.189058327148530
151.270839373564286
146.964359020648146
143.964572228581289
147.408597140292642
147.467428155737053
145.106070720474548
143.930600473445878
140.606207279178847
146.975600283497187
153.345962887527548
150.759778447686045
147.495244754360527
147.934026905277648
152.978158571867453
157.418922589051562
161.205055569875356
165.169742806231994
168.552725626663516
170.381203930673820
203.604307164601352
199.554631233939006
194.196971416248601
187.269787447782534
178.358976011059895
172.606973232897161
169.686000570118040
163.442160190738122
161.742689655057859
163.045054281428264
166.426352273332526
162.303586111698053
156.483748285331444
159.260299367672303
157.386173474397793
155.272786454739020
152.984100394095776
143.674012223073532
144.656588031475081
151.109882537239059
156.876798637334161
156.233687876079273
156.615475405823219
152.507354365562492
157.699161595740748
156.960183357967423
162.169389135150880
164.017960819149465
171.165639942929261
177.719971757546602
214.139910985481322
212.115119549668293
206.556846259693828
199.113151470987873
186.373200886236873
180.044920832462111
175.287171040757585
169.574918095242396
170.221477746942412
168.529152388434397
173.529543160522792
172.420274112715163
171.417156230936996
167.707772343852554
165.413109674961447
165.104865309691803
160.436703172042712
153.443024690905702
151.998745424576697
155.049261586400007
157.128440527294543
160.955744248134295
164.030410054400733
161.294817430551177
159.402593779804192
161.839604097701056
164.193812173399152
170.063757178191082
175.198646269683621
179.763866320735929
223.030531846998940
218.455105653692641
211.846080328428286
200.739477234589430
193.434867464424201
185.649134466050100
183.027513688753999
175.727440158199897
169.568687291789331
173.417973988524068
177.059597723554475
177.950605916157997
177.410245101131522
174.871698249375839
175.905014207698230
173.622424356791043
169.812514691210481
166.580647046973098
160.005923895913639
156.484720978474769
162.104295108074240
166.753560737839081
167.323531452596882
170.428205152404274
164.737243901334551
165.032928467331971
167.320318736951890
171.306708107490607
176.900260397585726
179.897736336517823
225.656987697347574
221.026428900753501
213.185080959618858
203.868307905481799
195.672566405995212
190.558241912715033
185.030647870511359
177.665538457154923
175.541845913082227
177.674721359044469
183.422284303380906
186.335337564723829
184.684046927365529
182.852713047011179
181.676718144585436
182.680348656818296
179.748350228655852
175.967184743857388
170.856141178232036
165.487513015007295
169.337520571086401
171.722834050814015
172.342126216834629
172.486425710944900
170.396129710195993
171.708759209496463
168.438650850250326
170.960222424359785
174.403404348870538
179.845139221435488
223.167750975822855
222.105538142938428
214.561299462564875
206.121190173782651
197.707062873835412
189.294547215173282
185.674193200231798
180.758419581805185
177.137658548507119
180.392374959274065
187.137013624557852
189.108363437594392
187.670407132942273
186.137379645895209
183.404221330077291
186.018048717242493
181.863911263512875
179.641818043727312
176.921731829341297
173.676012805193380
171.236235063952591
172.725144474839226
172.504449197766178
172.554573678291405
171.578058264285460
171.381209521861848
170.390595008955415
169.946267233679492
174.054610199662193
176.287302167815085
220.675787755505723
222.109589208158326
213.731795169303609
202.417356524749408
194.521795268589813
189.576924599028018
185.208150063647622
178.307596711813943
174.452851591708850
176.854353934378281
187.508765895848626
190.363710928304812
186.258995461181513
185.192633887259660
184.837265119479724
186.386932575223170
185.447195777258457
182.619478068612409
178.157259631231540
176.262160636488318
176.426051127783126
173.633717042437212
168.993312891237593
167.808514380977897
168.074308872876429
169.967657159147194
170.087734185251293
167.228473680866614
165.351033492018303
171.789635198344286
214.645360493701560
219.289715977670170
208.483152387367397
198.263062385051853
189.244968856810544
188.173772751941613
183.807211567964714
175.523161277998042
166.061222775811189
173.710394435070924
187.853911286193664
188.025284067873372
184.368456648681587
183.436806672861792
185.935102681548273
186.864847246653994
185.833810744196342
179.093484683117026
175.322708593028835
179.650114951841317
179.247179206166834
173.159244700812053
171.188219488918804
167.619958759392773
170.452413371293630
171.994674531982582
169.917230305063981
163.068063815841299
164.384085468684987
170.589619080743375
209.842859674711917
212.859625814707385
201.271032682076338
191.028945766600884
185.333390660633711
185.106868981040577
181.887323277304489
169.321197458170900
164.809523868564384
176.610628052532888
185.474555370979516
187.136231944514947
185.133456789906234
142.433703782055886
165.617559753870921
182.365735422035812
184.117691876739514
177.480761831851453
178.120832820200576
179.780256965167041
181.501941667257029
177.359822938742070
174.731230385100673
173.899900550317511
172.944896248033530
173.833896830190639
168.079009500556737
164.734136891144374
167.302888971275365
168.662233783285586
195.918031428600131
209.454232780056884
199.700074812779576
190.615333371133488
186.763440790568694
186.266100202672675
181.226970239687148
171.390262139969906
168.706623393326083
174.391573047917348
184.528753192906862
189.279052756220892
189.568099855274937
189.821253315477918
190.163806666745842
187.533817873448726
182.954420965232089
178.400663164514185
174.683437170208094
175.838614421365747
177.696271241857573
181.269406927749060
179.574160198603920
178.242982460519841
177.561423847042960
172.863506169841742
171.030587579871792
170.319275773239212
168.902087540314881
166.690351685391818
185.254990610782045
208.877327012093644
199.467676047912903
187.838397716796010
183.602807698933418
187.340918549202883
184.630137683869947
175.727346475218582
171.231551154912069
176.018419834361111
187.318395888939193
190.396422442989405
193.016283548761635
191.520250040754206
189.907205516948295
189.283839901628852
185.984559919558507
180.907406802498343
175.349895893199914
174.449055134269372
177.663674196525449
184.424538084103290
183.050145503910926
180.913221186633848
179.626622436049928
179.092769306095676
179.219321880508858
175.053386660959006
172.337429373536139
169.054962019895186
177.676218626429488
206.350796113256251
199.444249351391619
190.645169932665453
189.895413663230840
190.097020633351036
189.589341431483035
182.151767794631979
175.931376407771637
179.229688341363527
189.219229106782223
193.733832625992960
193.217365871494565
193.421350683064134
190.055177622529385
189.587858211148102
187.013519779385973
182.098721296062934
177.107895451289949
176.253477330370231
178.338934713445951
184.232079863284639
186.823352806153082
185.668198661026651
183.824805310363928
184.446393466387178
180.710964807985590
180.022495900599779
178.731670189933652
176.433805757196637
172.960510785405376
210.176811448336935
204.530671981861786
192.433662398185817
192.623890835263609
193.172631451785321
192.203305822827076
185.459552784457685
178.431165021872545
182.658864800564601
192.735855149844383
195.119949788898253
193.527386472901355
193.353697600419196
190.854636807254366
190.234288431969418
189.761336360365618
186.101642812499506
181.149098366733256
179.435466885074902
184.499451491959064
187.445213218849460
188.215843313987989
188.888553849905009
186.275762824646279
188.810626378623596
186.442235048339739
183.842214917069043
182.256536172102244
183.854368170046030
178.347374746175035
210.596554574023031
203.330111964609415
192.717467295878350
194.626928732822535
198.324463320011319
197.740692098987722
191.387448818846622
180.658882597515259
184.915087637954258
198.050078519779021
195.467632088083462
190.892987836387533
192.219435213722079
192.372268235431733
192.686682160742862
192.931684389613167
187.059063619504315
181.124188625445953
185.993877109669114
190.569368542072795
188.363216760913843
190.178434005931763
190.017886752582058
191.665071056022754
190.231633995944946
189.299757197529942
183.834649208098341
183.228609070995702
190.328660296462374
187.551382547064065
105.001503074116542
99.751064729087290
106.992762188623004
110.479348148606505
114.721748758939583
122.092324635557134
127.285156393233706
130.526702951401120
133.307128171867589
135.978814231226096
139.970442656255955
139.767875546028648
131.009695765077367
124.466983548638240
121.358220291811278
121.726141635707265
121.739265374676052
118.149470443463755
117.114303960927884
118.700905567792105
122.040443565249859
122.793251733109372
122.079238648622663
121.892401136967706
121.371324775792417
122.637161280686755
121.529851382341903
117.205499094752412
118.663479325320907
105.722680308843849
67.879599500161973
68.118414764298976
87.369170194473838
106.205432954023323
119.947159792368950
125.343423760751449
129.227541607686447
131.118274642300094
137.981922707966845
141.833233994526353
125.148885591385408
113.061381961461535
114.768906237111295
119.323549651756082
118.828506235040777
118.766892230560828
116.700821003115593
119.511381641742503
127.714686296358963
129.117386095806154
123.339224874446103
119.835500724231835
124.208754101179309
124.595096510524883
122.085662428508215
118.282481843782989
117.272838728777714
119.281208762524528
124.859196205493561
103.430864245887150
58.953965474674959
80.033590561708792
104.803500551837629
154.193381684214586
124.574678807998367
164.348713930888096
141.086619122769093
140.518302055141305
154.298240329668658
126.832997642435814
106.964928991367131
109.918693784117650
111.548068382357755
112.489090127656041
113.265010323902544
111.065533174688625
115.545130547905899
132.017556766906608
139.427835439095162
130.979105945382230
131.543623934568359
132.727252652395180
124.248916350846685
81.371412509856441
184.103913910227163
137.369304540368830
123.266983015489672
128.433967740132289
121.841080097286877
105.279357500918309
70.993976382871637
90.180123970693955
95.685576853272991
86.693924751424831
161.462224053090097
121.023874022571817
124.866946715984341
152.524235828739819
154.373359173931334
135.507655297335191
118.487276254075979
154.858309175609122
85.443938427341607
77.991067950448382
181.121084476195449
111.496341446316109
112.210877558029281
118.271722633977134
128.714492214018577
143.118052610333876
148.312922146392680
86.572775972917412
38.858029099134782
34.515858969879147
213.106467375951212
111.968603158566722
102.528830015013313
97.021764883122898
100.757274294287669
120.423853788687964
77.324843891916942
68.979768429157673
76.909509915969863
126.646122094833203
108.220559711892875
110.689042570670097
130.471812049920146
147.222405157880047
152.443297237579742
144.701344143090864
71.736153051218011
46.960481309168401
55.933820591458826
169.378945682859950
90.023454465777718
90.959528807838183
98.478020325649837
106.288393241011477
127.325814281522554
143.419509152258911
84.441471690782194
33.582181143767542
28.869772253193290
215.967061456197683
93.658194909930543
91.451446231176192
91.068430162771023
87.099857674619699
95.922848174819222
102.952466529390989
66.520950869746159
79.104221550777538
78.341079395132681
89.106308578803748
101.839574708266525
116.544588088138681
129.348401376418906
149.263654649202806
154.251227957613423
137.735006523409254
114.994739719623823
105.310223600943544
97.544927025773603
96.526103621590423
105.612874725713823
112.762424393899124
109.133902018559340
119.853030621784782
132.727391116748407
139.765698657526428
138.909138713971316
132.694261768302084
132.178040776857216
135.548900775053255
142.810964981809263
137.690163294807974
131.784540428392489
131.525402792148583
129.752048847070995
80.760362326435015
73.981144608827492
80.847819608962354
93.314058584658312
105.403842661113757
114.287206494133159
124.432288177351523
138.687374424880630
148.238958038389228
142.347845836484424
132.809151562915673
123.519274233343538
118.766818564578188
112.638690124140552
109.734309159792033
109.175020258922487
109.705180063211330
117.407077036268035
125.819163896130789
131.886001597685521
134.494449483900297
136.445604624202531
138.567255755418898
142.492090892727390
141.027396084564771
138.238991835752074
133.259126365916501
127.304382205043865
125.239616440977628
121.310755401232996
70.742219982691481
77.327497707721662
85.011740642254409
94.858572445374946
103.163754559522815
113.248036490496958
123.399941347708335
131.121251629733564
129.864715298086594
124.942147544627844
121.614900224719719
123.111932201455517
116.826400339736210
108.451143359938527
100.822475888274511
98.062338196976242
98.894106526882510
103.211803187179413
108.403522359073918
112.236317285683029
111.254042674837734
109.998522774832125
109.111442580241317
111.178399723864914
112.224097412777027
111.838308441950986
110.801695969925021
106.971958033825473
102.628963493978205
98.704687388723997
74.309446787905387
74.057521660379990
74.803443031322942
78.751152011301343
86.180414366648066
95.969659568716523
102.317347022466720
102.297356313456419
104.503330409689084
107.472409082459052
109.108196249163129
103.218713445900178
99.887648911052025
99.153097254925228
96.207722049982749
96.196123163219895
93.480056615190364
93.320713241759051
95.077465152610074
97.528095834280009
92.359649645835617
85.184536547212105
83.704050264912695
89.487145332856187
96.187509283940415
102.662383008305696
106.178882739399995
107.297904916436053
105.202070565636376
101.975120662028658
64.383774316823093
67.144682936464648
65.324270622520743
68.385246993679701
90.055725391519871
89.160545158473838
86.416785323840799
94.288090664241366
103.500387213258847
109.395138275241550
102.814522157842660
95.361380358381894
93.637789278391949
94.884544925337508
70.815228813206176
91.849464753784588
92.294712779846790
92.835420705193684
93.892923915040569
96.153605137736008
92.993934467633025
86.319878243826992
127.128100503483012
92.002181355796381
78.487211600156385
95.702898455588638
103.966842395101281
107.940228507825537
111.790211119220544
107.500353036557087
72.402955593889288
83.930214848626775
86.866176456983695
82.612359987856493
93.327448844653475
82.912328527005229
92.935153137527649
98.517455119305055
103.599733482092944
113.983804288652294
111.851762045444985
108.635674635726190
77.630059213388975
69.324716562379933
79.905384268953071
93.421636823988138
94.163210942497130
93.727018105683328
100.143435138444758
104.788901279591840
101.358564721184763
134.334442230039429
94.080738208716255
84.999629000972845
104.476757530152213
108.527435918959696
109.765140068724662
110.804535103674453
112.609087694930537
110.576251422694440
81.516498733240454
102.758036688786078
105.368824185376852
105.662290736553530
110.880672693869045
113.750126425386455
109.588836010468043
148.025828798206419
126.297491132904227
106.153335058279268
119.811566251695965
126.058837099517035
82.114890002000791
90.912438265899922
110.839525375740337
107.015036382538113
103.181920497293547
103.866169098993055
110.513081470554454
110.318173778161565
113.478113681828091
134.405730528373937
110.889843209188570
149.985201834323078
142.407229118573525
122.675573822206616
115.446801057083889
117.273792354359827
117.941682023760805
111.739986753023842
108.170678054416157
126.901760475155399
130.512253191854086
131.866330756862652
129.550130680262100
125.443233050261242
121.886469146670251
142.857861670149305
111.087220409970087
114.105877849758642
117.558870285136067
120.690635331037726
116.848842372156597
113.884525727980915
112.686592535366970
112.155490018258078
114.765896204689255
118.132287457760768
117.629823770139637
117.846917030755947
125.488613728622269
134.240521231769605
138.628899521666341
133.054758395212389
136.301850115383672
132.518985433770297
133.218419096610660
133.277839145671436
129.222068971532963
122.809447388479441
134.017903954038275
142.074847205479955
143.728185463731450
141.150904914327242
139.646325712177457
137.702541537448383
134.706215063289847
134.091062862434057
117.495820913480486
119.028976057670647
120.606287174742761
118.325942573747199
115.795327448430555
116.147579532504537
120.453606527533978
123.183842038722048
124.820361621223071
123.398251426320968
123.988055142731270
126.921235187673517
133.299110887838395
138.259985796419244
140.888303605297011
141.494937426141234
141.019594582435161
141.619036302794399
143.690137775344311
141.262137745835560
139.532540399337847
137.015234647249287
155.549499579608039
153.522561541210194
153.790404855730600
152.635532277174150
151.030473989250453
145.244617105727741
140.207169677415322
136.454524222766196
133.226119013955838
128.475838942405460
125.309935519083638
121.492498452224098
121.796054402547782
126.577917826309260
129.182050584084237
131.680486045366251
132.985152984028531
132.648285270009922
132.925009726940345
134.440818401218394
138.087519066969548
141.870989856964997
144.446293069755370
144.798903503269941
145.043355006061546
147.930814835172754
148.343578537483950
148.804308786014644
149.873219614673587
149.283870641768004
168.273231009586397
168.208455326028229
168.207550827876759
164.084906263378258
160.769133640432926
154.518925606542922
150.741070600574659
149.971445808139805
145.756911053470276
136.950126673508180
136.746452555063115
136.564996663539659
134.082276639320355
135.002248206013149
137.491679953664459
143.149209395250011
141.255131275497433
141.568848654339803
137.602190890249204
137.840373862205581
147.087109078026913
148.489452151202755
149.023221926962066
147.121962867746902
144.744485673566459
149.616044683329051
152.809201602151376
156.749104892692515
156.097249863378977
162.446044151779859
185.416874455214781
184.757149818266669
182.169750640696464
134.951994193158725
131.332964183492635
136.764172687857183
163.744599279106723
158.776783248800513
148.972175036923574
146.489448787719994
150.451850854233584
145.477319848001542
109.442357101331027
158.516318088841331
183.885264117114446
131.033931493013455
145.386922707473758
149.600170869005012
148.864329165724001
154.737450127584282
155.962077852068859
156.960724649887879
118.574548093707264
129.152414034853990
136.173512625807348
135.004080757720743
155.826081433670794
165.343497728695951
170.601813065237650
177.481762761059144
183.633754760900274
195.529274197141490
195.458496658849469
162.565042212925221
146.931074241150839
184.451631377598773
173.360741723138119
160.944648313694302
151.257655256603954
146.924010944966028
146.323962408459749
146.413523378754633
152.658215039467848
172.706315970157789
181.446468450083898
133.418893585361502
155.231993946408579
158.969012889897016
159.949154463391864
157.280483623664935
156.872789259344074
155.089883839009815
178.606430526930581
164.320057444382627
139.591558516038248
151.591215775040411
162.914317582605264
170.271908322182668
175.590457036921748
182.043779360144697
202.877851550807719
210.326734032990771
183.878785407668033
206.525596775941494
194.309043710194288
184.202891929726775
178.946029506079356
172.630069675649906
160.920751499816134
152.795971287617789
152.430204265668664
165.888804068957398
174.344195017485106
140.488553393687255
162.232735627205585
168.171230318772729
168.651376991903618
165.324285906814112
157.347311108148773
152.407533596493721
151.036064204844450
206.668700624297799
147.405975135284024
162.267957939215563
164.450154711693386
165.386316675375667
167.220084285074449
169.132535396483775
175.568315623502258
178.171659655097784
220.198639223587094
221.526194462378328
215.110226218800051
205.305078570165591
197.005539186886210
190.546985070317874
185.768390227611405
174.722750321233235
161.796702185687309
154.804036351430511
160.245514120332018
170.992563235567161
173.166681910684105
174.833079839548219
176.091532805502879
174.036836555632732
171.543626814800888
168.955164301921286
161.533012338280599
155.202134672453411
154.050734763389642
158.055742941527740
167.028220585419177
165.646396781650139
166.381754868062160
165.265381234297507
165.930559864519864
169.336913831523418
172.710809602368812
176.528438259091160
229.973816671850869
225.767765741279618
218.392653099895085
208.373293881351401
198.431730401664282
192.043971213749472
187.962687614550930
177.865658277552456
168.141635253153368
164.190644950786293
171.640048559819945
179.522038190508397
181.393917835434365
185.578159655504237
186.286973936137201
186.295465909863708
185.072176291332369
179.375790543263321
172.777143019291088
167.234746036059164
162.816230811474696
166.878604219354941
170.038881115110570
170.247702906555560
174.839861326139754
173.855480555370121
173.177350926891108
174.559155664965488
175.599359875585549
178.026649374616824
228.042510569235191
227.744050767397255
221.055093448359003
212.849784504342665
205.398646925527345
197.156942777602751
189.536306507431107
181.224645069535143
172.290676376720683
171.090759432630051
175.132499579278686
184.786351945524075
190.165979275366340
191.549732742443155
193.428846322525999
193.159736298573648
192.417822298665499
188.848798065546987
182.826242955632864
175.058913967616604
173.831748200931543
171.265812204686540
171.421703012360950
172.048241168146035
173.088716922664133
177.350539733099055
175.827957609870793
175.807342573601403
174.420588073982401
177.486468274309658
228.558549073471625
233.155370276160596
227.004285029726475
215.577081585474502
205.050302477216917
194.951386264660641
188.307742661805520
180.277123080173908
105.437507624595028
145.424547348516427
178.066431814451022
192.179155417446708
193.372094636745544
195.122266924319462
197.754751791393602
198.012999745012252
195.594231440264423
189.740225051401950
182.766388612720846
180.690458762104782
179.167629190466300
175.116142979521868
172.534632085182210
130.532137476702104
176.423387231827974
141.363410937558996
174.740031482852146
184.077839644170979
183.413126789838458
188.984301972006563
225.857188578611868
234.647708994127925
227.501052483732451
209.124808638399372
204.327519071502394
179.736136364228258
148.248210596483148
176.283864087943272
179.917372670854547
135.645621795241283
188.254333311260666
199.173735465443002
183.490591220681608
221.453377145215086
182.268419704324401
198.045938827005727
202.405564446381419
197.711439743745956
198.856113076617106
195.173940797902077
186.147617224088663
182.653775773194837
204.761493106680291
223.797933267964027
222.359634946460460
133.997689613703159
178.081419668434620
191.669045357691203
198.304656660536523
194.597910276204971
219.077817840186071
227.459498855336790
224.307734240193128
211.570497307487500
178.327247516817863
183.366923546710353
183.539050632838126
175.943043567305438
168.239300639106801
163.360453181953403
167.020237048545567
179.386702640351132
213.896260406696626
223.996890955379058
155.723211490900269
196.362580087634228
198.849603276289628
196.113116765544703
191.669395405795825
185.022638850750525
181.282385145617411
211.754429318303949
235.230464542793328
231.112643185392983
116.881287779296670
171.240952859472827
185.548380898703186
190.968025791981773
187.796638520277241
181.067637547843390
192.310008570519926
225.912008702706345
218.204767571718719
204.761605230795595
195.345400827049275
190.910702899290982
186.036644721719028
174.070174296624515
161.758728750770160
158.572130418731007
169.326907445291141
216.699665589745507
160.347328337783352
188.291434530140009
196.474131860856659
195.598268338880786
193.764582760915857
188.547238641031271
179.465061595011662
176.422873028125252
177.887206548830022
182.808229179773349
183.293752895308984
181.483963113974539
176.595759579235448
173.903842705138032
172.587854434250914
170.883889977878965
167.281152470268523
163.855038801560511
186.076961651612891
221.713174794324743
213.058085565018359
196.166233069271811
190.633527263296344
190.777460334156899
187.784097564719616
174.896974433259231
160.660041182891717
159.137955530792681
169.281657420333403
181.711276358082017
186.593248047781174
190.543015724461071
192.127802507900100
191.364749714941553
189.851444614046017
184.421519189985844
177.740642896119965
175.441312451841640
178.012072425124614
182.876842125925236
185.095056866982162
185.065961998442276
183.456902436310315
181.214538208118796
177.479494777029402
173.996977704368874
171.577782515256928
167.764050066817191
180.343234770123473
218.965458684906196
210.691421358967744
198.911025471800173
193.586408411458990
192.361370727270668
189.886037413760221
179.702833722745339
167.200736327719113
161.792455705831088
170.242012441297902
182.303657295071190
187.506372306355388
190.872067475024721
190.681571879623164
191.392185574629167
191.048757927983132
188.447257658581464
182.986716347843014
177.058394116381606
177.765492146107789
182.865056023596651
187.364266696818845
188.540826493884254
186.599582851140156
184.237486496497695
182.698014554535376
179.922250635214510
176.278851117729658
173.516708992801199
175.930239325563207
221.292867533794492
211.355469987429956
200.354587374984760
195.459844082285031
198.039745024123533
195.011707718816808
184.601991714210385
169.143718682527435
164.626314368895862
174.913543528784345
185.037224500142514
186.044053388126287
188.361300529143392
188.820385244803930
192.137632599813230
194.057012526020856
192.125161459364023
184.328366029597305
179.922460153046984
184.852068378250749
183.580871642031866
185.556405361479023
189.817430986523362
189.214882534815615
188.707137130682497
189.270493747107082
183.316782719845605
177.065398146815539
179.649462256730601
177.053537619162569
218.411309224548063
208.843224636371815
199.004768401158913
201.172338595901238
202.572015311582390
176.414544024482694
176.436000780281063
164.422668800171465
169.847569050924903
182.542263108823931
183.789228106973752
183.934582216599608
196.266390790398276
239.409026821330656
133.707428701826473
181.643135044886492
190.588261897491805
189.272958917083088
193.428321868142405
189.925401365704829
186.744462243484008
187.388487620998774
192.142555507777104
203.866322460962152
165.711044841807535
178.737285721485819
179.383917904440807
182.938916563011588
187.978664645453591
187.581882713173343
122.346412074779153
110.624780530407577
104.039398534980563
107.858447171299375
120.734961524614462
129.726626744310863
134.142267577373076
135.654261899918168
137.277677724397336
142.671179100225004
144.720831724421799
134.946167385335059
123.046039832897151
119.519103643022206
120.333865797297818
119.713318950292575
117.296848995291924
118.172936203120230
120.201302952020541
124.888078189575168
128.243389822778994
125.296179465963519
122.772999542170510
123.150441559448822
123.753623638789435
120.550058466189981
119.298039700426642
117.279927348845405
116.330904360980114
115.123559545560397
58.770845357875743
63.808291176986558
91.288991308013422
112.336987439333910
198.245778774708896
154.594267680677291
136.172415700023919
132.537727167456637
149.137768298333981
157.566314616134719
129.101789474529426
113.920498142585728
114.945796457574289
117.372951690613064
181.484249904747685
142.175257201170069
123.863599871313113
124.496037796709601
132.475054025131982
132.579056080609206
129.214708013694207
130.780579176617607
130.496491099234930
161.450295711236208
152.503039381119578
124.724769458988192
117.466867398667972
122.371212209932651
124.031738038464184
113.211173516167690
50.934523333336287
76.670335782941748
113.355172913075336
103.032806424865740
95.503095541402786
184.291391841449354
126.862802003413165
136.671095013412469
157.693457204342224
142.853078961102909
133.716593415266800
123.787606507982716
82.847786895602070
62.040653502436228
62.976739798459931
188.650794680193599
112.622577294471597
117.675598639649508
118.392183844825766
128.279414249614689
135.155373290210036
136.114968310273071
34.225179306558744
23.447391278446446
40.271775995726003
201.852415866217029
93.105210685846345
79.151796305683277
81.967192849998341
150.690136360544784
66.896359938304343
57.378958832927523
69.863900816895580
75.605833211971657
76.134328838407399
178.638238192543554
123.444683546327212
133.267250590364824
148.970979486529671
158.020081282909786
141.289630392489642
51.410796710544560
37.016715596461736
43.584379625446076
185.726586589511527
83.984717139895935
96.904334265069252
102.504917088124643
113.053968583101991
126.147262741195249
105.394075826466775
19.582838520174505
14.227419465557801
28.137591244947629
208.271666021019684
75.333289434153215
73.053089755313124
75.923021330906721
86.746027575485684
129.451957492898714
56.181138754132817
41.406421091232474
50.577151086846911
92.941491073335158
94.349491058850475
103.877652104764067
128.992901371194790
150.607331933621595
164.311161382636527
153.975045567221514
60.857029464294641
49.241120186760952
55.480563718527918
189.466595810147680
78.000300441897821
85.112550579835755
91.002258824441967
99.537719638273899
113.617532185333516
90.076326722061623
23.279774944705281
29.286159884202704
215.161949202199338
94.269484395130149
96.063445227829121
110.028147765367009
101.466596762002737
109.096164765279326
119.924028885589763
91.049663751745868
49.932583705254046
46.211721415610256
56.877963205105033
74.515611232332134
89.784557166049908
107.075483986478389
135.187284302981055
161.142666268790236
154.492014163730630
135.601750531900279
129.287084037575482
124.043294115174305
117.009295133969005
116.355632640567123
117.618989514104811
111.510038013462079
114.247204009657963
123.933407441424038
131.427919390515314
130.092785306343416
126.203994437728340
124.478216114720993
128.673179329631040
134.814322154572920
137.285968589913125
133.733094364061913
134.215826968837973
136.641339375994789
137.680722689380104
75.657147195180599
66.427366397658759
69.995025472845626
82.925427202183940
92.520528766455698
105.276800603316588
126.159558894051784
149.837455078190942
159.278942113131023
149.169491006471134
141.744165178259266
141.852274085589954
142.732613761488835
136.947790789847232
128.721381111920550
118.519106337009433
115.362125832793879
124.149485609382381
127.704671687260117
130.626340063584792
130.026856179940609
128.162025879675298
130.224029960047119
132.984603252933994
135.263650923345409
137.821448588920674
138.400415837713638
138.615122189466263
137.262126789755257
136.383479511027502
80.896771623473711
80.082184651467799
80.698743721711011
84.698481130475415
96.445640296540290
114.822662076408164
131.667656310636858
142.449471888357579
141.326165102024106
140.614662833110884
142.223606904585210
143.955349669821715
135.636755323041797
126.256729113591248
119.015445511027963
114.816132718046902
110.726984874979550
112.136134252368549
116.001856363934962
120.898807161108863
122.450377832486851
116.206563870635648
108.903330969557572
108.820888927580995
111.287772653139527
117.897223240432481
120.972575896946068
124.431404023237690
126.355306822309984
127.504048237959495
100.340526130832899
77.494739292862107
65.653038557365420
67.259448280946629
79.831088677131149
76.625103533610883
108.969284513073092
113.785143685278300
145.874666772977008
133.561482539644516
123.304904246132480
105.486874642010008
94.861903644425922
92.695765786182136
71.385332949588587
57.706993206351882
99.145064332211888
95.747586074521493
93.921076221236774
97.693586999922502
96.496246098745473
88.715865365699841
78.420935390509669
75.702000595019214
74.589083414791929
57.066220808490201
94.215957786587097
105.398125280490632
112.739005667001607
117.130652788126326
86.453118589294945
79.930036091776088
87.498207188342690
58.543269537755194
61.415871115479320
81.607201246828822
84.161085573948640
91.840818633462106
138.299772215089149
109.580496204009137
115.535544413456634
102.582138634926253
93.109664380982537
68.658201136438350
72.084768865613157
85.136147503307910
94.214041320022346
87.448356586422236
86.272191119125736
103.032319079220798
103.017533946728761
92.631553658741836
106.510714627051584
69.390175746739430
66.620083840562501
91.446464334086571
102.913534736683260
104.920892340028615
112.500426887251621
124.099699667845442
82.860779338268145
99.565093484806397
106.066638280112031
84.294766168448120
85.897514415023281
88.997226552268387
89.507546661356741
130.379668657400089
123.472388719222209
93.035089472323804
107.608407368538792
120.677968831618188
94.868823288294791
98.003086526354025
100.561817291276114
108.340236925804874
90.570262034356446
79.421566121648979
96.172245069472183
107.005682685720600
99.414187817577499
127.918531791707466
93.165593612957139
100.281310744696697
100.116710625528754
111.096254367551310
108.871582233373687
109.821728946559631
122.350560336071311
126.354237792635928
99.697746678736635
137.505643399540219
102.061758780332099
97.179497134850166
104.729096814083832
102.787288880085214
93.435384805056103
90.557070531513176
94.929312005013614
88.910190280109148
126.398127660067317
117.294713310421841
118.278843195440516
111.976080730719261
118.467651439662660
112.427677530974108
107.265101439932039
113.002599173581103
114.181493076621464
104.778725830930284
134.133322613397041
111.256931180692959
121.998199811550663
98.259128077617987
123.723532690867444
126.733676084082248
127.177076105755845
130.538946033794701
133.246910791724133
123.697769088346035
94.417974756206675
126.430186893331864
126.840422274990090
122.562261792161706
117.287998106820254
113.503025286136619
112.031481411554950
111.106305906006455
101.111380462818659
95.228755837713109
103.684974116989167
115.514403294155429
117.207868607621435
114.340818747752380
108.230959922035794
107.715073043871556
112.088863977898967
114.889807056689705
112.577343551754893
105.274754441769332
104.732858187084076
113.568266386762787
122.604713645169625
127.199259301449814
126.843715525240341
128.779133301435479
133.548743503693458
139.145508475988720
137.713617763558176
129.620045309556616
125.322763917541181
139.684000344683511
137.412693525822192
134.970582889756656
135.716942519046142
137.311426149658757
133.303320745913481
128.795414333903238
122.353855615236156
120.326170444546207
121.031031491442690
117.547440622228208
114.178618821002473
116.233256421885415
119.630516396113009
122.558316552168037
125.098239969604521
125.033734486023377
123.111192292394321
123.744817515096855
125.674699624325910
130.470263635309180
135.123346640340884
139.019775719106605
143.641932910390068
146.126458338389057
146.559634637624129
146.221403342424878
143.024997279841642
138.155425871099936
143.786068983210811
147.434313582652493
151.917449559755823
154.366704862427355
155.355365080163494
150.829656978074780
145.406044790237814
140.516848957810907
137.354651379949473
130.353391198939221
121.720809048454157
119.684238703468083
119.797186894317932
123.177404734242330
127.127244886996039
131.160403521418431
131.912238999475704
133.496493488358226
132.434163323070550
131.426505460848716
133.178274898893221
139.302526796631838
143.925713970921464
145.315534360047934
147.622763783495145
148.607932422781317
148.715312532192456
148.782731002871998
147.521477055417876
147.323942378860011
161.002021782947935
164.207891207467355
167.955147111872520
168.281812345296487
119.287630476705303
136.078662503671836
157.612309736501913
151.649380725453995
145.600885193676078
134.825663371726989
132.046092323603091
128.994323868296533
127.754425607369981
131.381933351633108
106.670330934294853
146.142673889048865
124.471799588132029
139.192450846559382
142.147324392046357
145.341292779370093
147.728910146123837
149.420849116440991
152.516233200308960
132.405602465671620
112.033658309284689
110.177189951257844
142.320107864000391
151.109707855545508
157.905423165426214
160.647364709367935
170.039896080833671
176.810008334455205
191.221013592003089
159.805365992990460
151.373822043426713
152.085534735040994
169.194605037486838
160.846929046281957
149.453502412617155
141.105401071597072
135.567538446872874
134.890331747963273
137.080796992364327
143.384954470548706
155.677530160394411
123.805359327236545
152.381083170030792
161.397440422064392
160.283801944466774
158.763218236214499
157.572415245575485
157.301422845496774
196.909712969340291
156.544701127369706
144.104149392556224
142.293444181141780
154.908472356795414
161.643459493158616
168.082817677465982
172.743342749238309
177.292997327090916
214.360933143727948
174.971351662824276
162.871129909527895
157.411561328254407
189.932404597813814
173.069792265363844
162.137501372172778
151.165433485829652
142.944822994821607
137.735205543015155
164.907356460963484
159.463899812743648
164.483553547537866
170.293623730535074
130.354117363374343
164.926798723506664
174.131030101271563
173.024234698522406
166.619143271767058
216.572361351170173
196.127330461056260
173.609478177652306
168.822062355109949
147.428544114043603
167.658286417848558
173.775694331642569
174.588499859967214
176.703816654823186
177.819968529136077
185.786199913806144
204.798947455975849
177.617247270507306
216.035637687404034
198.085697974949994
185.864157495537313
179.116179950614679
169.182955673179947
156.247553907211255
142.346549512681349
140.345369099693158
190.718345305955438
133.067933972038844
154.930891156927544
160.632035978063612
162.908565684610380
162.560067187844140
161.748007534409766
157.339469936876071
149.828606757088409
206.341816949414152
189.762431942300367
136.518515206996938
168.320171564309845
174.184650691203643
172.044811329484787
171.416817899610550
171.034130079426404
172.773592763198451
173.089768436097160
216.743602285438470
225.835767614812937
221.849973536414893
213.035913872257510
201.849673479974172
196.672971961136966
189.074993547716559
177.392428020174776
156.323194697355063
148.328043094914079
159.783028247050083
169.280412484819550
170.224023656411418
171.208982725123974
172.714918416392635
176.112375926558116
177.312772871287990
173.268574634369514
162.054507388170293
154.611519884899565
154.788315123772975
160.250409215282957
164.077699494380141
162.374352576059039
163.716215362477556
165.097686267832245
166.811687042418811
169.883024697372974
169.863375620923563
168.265112016020538
215.537103048784246
225.467762152835235
222.195363381058030
215.765306023762832
210.560346506445171
203.273423860798971
192.551439279311182
177.528745617272904
165.633697056169780
161.905149589670316
165.022208024194299
167.040376279272664
173.122443294441695
179.973670358418929
183.416560899948820
186.599898640657500
186.446247409574966
181.667810760838421
174.511602659522595
169.200033910583215
167.372847422813351
169.649841501412254
167.650481066799472
168.784051476912339
96.185326735201045
159.062741213732323
173.111742905523386
177.902005650268563
175.698389460888677
174.903080708412602
210.076450843261370
225.426418569585735
227.010977052041142
223.230185867904964
214.400048263380228
202.915200191115531
191.660406436298132
163.312615187012796
159.598681397892790
163.056449015897300
167.749665993980187
177.003454705724721
184.185104878185001
190.759573436454531
195.988495002287323
197.351385997429446
196.351160714976317
192.644172422814876
185.434850844320010
183.179294206548946
179.710031139155745
174.887874001580627
172.398048833618645
142.578847046629903
156.271819967305277
138.330469947547499
163.231454130268958
181.908868081629919
182.074508186589867
184.070399497598970
220.407762651207833
233.505051664834241
232.587910337012346
226.358314506214526
222.117033020600786
213.413287069830176
181.376274108111232
184.626897856760507
180.960638245123477
174.122550042548255
170.993947262379237
176.746809567135898
184.233598316675369
184.913113292572007
224.236531392523432
230.644358580065983
168.740939950841096
204.753429135809597
210.312887000875634
202.852554634171668
193.948092878595219
185.196719110918536
193.526439153868864
213.745435057026384
209.456659394603378
203.102581218958846
139.404459811962511
199.931969451376688
215.156240055018486
211.308585523193130
194.488459663487049
230.299824120910415
239.287582824391819
223.300261312524611
207.120570179303911
190.147568678638947
194.531587418213093
192.088314377537898
184.931170563641956
174.871521531050206
168.721466394320572
188.014134718051139
229.402177588297945
227.955046694185057
222.351221753598395
160.395604141352322
214.778613512394060
228.377028835494798
223.774218213285110
208.181247417926897
189.904677590815027
219.081271177424185
241.707454776776530
233.427110916871356
215.109732540118955
125.503107554176125
199.636791394505565
220.405941273579003
218.364186026766447
208.074610090959226
182.223536474701149
243.943089469466713
220.646564189710233
205.288157804411355
207.079007989510615
200.544555127338270
194.835856995524267
184.953713409925740
172.427633511181455
158.038115382918647
158.915408393382279
215.855882363239431
231.637423801971664
226.294259330682792
134.681311034570967
209.157265378710235
219.402347466800762
217.667780309434249
208.551906553649587
194.122399781466754
184.414298094577987
225.277844168748572
236.417236631893815
226.385751125264079
118.570583819161200
179.481454195904519
193.663542768770952
195.785573755857911
192.884391565648343
185.850550099966597
185.929278698734436
237.817152331045122
233.516055950571598
217.694508236157674
204.680782128843418
196.974750025749614
192.673560795664855
179.577791284165642
160.832558692411396
152.590250778399309
159.627425352117427
172.230590701986273
179.469451286145670
185.748798052453935
188.556064737969649
191.454340240924125
190.414666856216229
186.634428961310931
180.848190896238748
178.868043595549921
181.893328947011611
186.075493097704282
186.955479547211041
185.786484955325591
180.808539338357548
175.968485699396439
173.134184929910901
169.745748170205246
167.500683199904103
166.024452276067933
187.499335096175997
229.814895983704901
220.087294238084979
204.803832908387449
198.332527247479504
197.186291847261089
192.160919593538750
177.903504667917559
160.815281612970608
155.561923574525821
159.284900953799223
168.877654767410831
177.289847971664386
183.317280654431016
188.363746609957104
190.633917498552478
190.442911450280661
187.312843694976834
182.662843355944119
179.496803740566264
181.029290265540340
184.793809443911528
188.531770887318771
189.548261704708608
186.451418413704573
182.289743121707460
178.346863272676416
175.155271378628214
172.111358128337883
168.714949331214228
179.786084975543133
228.644047984082221
220.964540424922575
206.339291888495040
199.751906691469969
200.693833988535175
196.302450351373267
182.164004927626365
167.005431647239561
158.960139790781994
159.472236552002897
171.287105255098368
177.295680146184338
180.727888219154465
185.816491246150889
190.800616185214096
192.218237000748957
191.706771130909715
188.258133694954381
182.161510528706600
182.521953702346877
185.688992812150389
188.131942491311065
189.320236061701024
190.576629641551591
187.146931353709050
185.514016121661314
180.973895231009436
174.786635831702085
171.234418792787039
176.813197918341984
229.531707496975997
217.301550399803432
204.169774855280821
194.597078577697914
239.219264427946058
144.421813389456304
176.738652074839337
164.458736469040190
157.471051415581712
166.803777776413256
173.678744420135018
177.105280229337012
180.928743731933849
213.128773605351824
255.954983269797111
127.294135875720713
181.974135319029813
188.938155923365798
190.264058172383898
190.003390823741796
188.112873338495234
189.838277359041314
192.527200528075781
186.019008001525208
248.094459867425485
133.389403521755980
173.703680219618292
178.241420366365389
184.627428407794071
179.416242145861304
226.098878486683986
246.630411404508237
251.024850493416238
242.893458817204447
230.045302348429686
125.584226835047019
183.208518896197205
176.682221004232304
174.877191127114003
171.302874160283210
172.639053131525543
195.037438607086642
256.670038454944688
259.056902871572277
246.911418801738762
97.191561038883052
215.019216023217524
226.959450414230503
218.754610173476181
203.016625442283271
193.344180337684691
171.444252563984975
248.153898295732489
254.471439120521467
117.208842808068923
197.815236193425790
198.754085397196775
202.135236071314182
199.269680655390431
190.862426135278668
125.890853874287330
99.305806387773515
100.498469458189362
116.531989077085456
131.863341165348686
136.812155680353783
138.207932851049833
134.132275551658154
137.849565944815652
145.238402641584116
143.442210465043075
127.439329337466660
121.438004277816532
120.792927032008578
120.372293405922278
117.068694571973893
115.898573122554652
117.063613375302452
123.914210131403848
131.111897557073547
127.873601521848826
125.893039614232663
125.747192774635721
127.052239406646919
123.927237930313680
117.504037986140915
115.942955765622457
117.052712540186022
123.087343359106313
128.947920608145353
53.923472851159360
70.230862508569700
101.544979291660880
208.683820503828031
146.186946011922373
108.008018982838863
194.995555815458260
146.477666821859799
147.100071667278115
140.155227386450093
125.280867899101537
121.892480924024625
156.298888112477670
86.199730513821081
77.942182637249971
191.725187099276525
114.111875280429189
111.076994619700400
115.607377878444069
117.135343948565918
125.040654489517920
129.305501075131360
142.374569261864565
54.089381657075563
49.853071860302393
190.243897288065284
110.202333857405051
103.689909897606043
100.786008227862226
139.071719093699357
58.755178287817984
73.440880149468484
84.298417837258256
89.205048547323187
85.467636965709403
188.476979538118883
114.491542744159219
122.798687830143848
138.558153614858583
146.127678705820784
143.690447831869363
91.416951774777289
49.698254834587701
48.045669419596550
54.877936799554135
196.845219490232665
84.211229298379209
81.906299615078169
89.768957543546108
107.129423898591568
122.406180385213105
108.021022851737058
40.724282786795470
38.883510713134868
52.865935958387553
199.451075775310784
90.614058167224584
77.603722788404781
82.748221338347292
163.492720709667367
47.845187704096105
58.110033958500324
68.774459462746378
74.605185971092368
139.125388417201634
106.767767195742991
111.370879613725521
131.754545734665470
150.722644311958646
155.088745759364514
88.498848551193532
40.391345900247103
41.989870553568267
56.147083038774099
195.418019620252579
63.508834768501458
60.977641719636267
70.217082506866461
85.615982651332800
162.779146690123014
42.438059702856293
36.990739039337171
56.772379284984154
75.429925220963995
179.387704413569168
59.735921136667073
57.175126019249944
67.053131250314237
82.397371293226442
132.667820755997525
70.540051603637721
64.639463869850090
50.138174440012961
67.064806943832622
82.501131756453830
98.678122822530142
119.849740821068053
150.117643009984533
159.890472473377116
103.103187633869595
65.715642248814021
76.885494693363356
198.716241898420577
69.014358075810406
69.770739543486158
79.186058624172588
80.557962496315710
89.124076052963943
114.567770639048803
78.128704235350199
34.313583882336644
30.661367956997552
196.230741988043292
85.586968701709154
91.355499814190736
100.348417723679418
103.558132976090775
110.614349113430848
165.589579749345546
86.483708470557076
50.336839483330863
50.905925251358440
57.750056372074113
71.284814380020705
85.986414412056462
113.600875581052847
141.958698966049980
154.642157813607213
139.014251803534250
128.136003788988774
128.406268041236984
137.018245478112192
139.945217699144507
132.070203871146333
117.826436634902464
111.633786057844901
117.854699548486650
125.259939669985997
124.162326937387149
121.980361333493420
115.473521892233421
116.329517174698509
117.647323310315613
122.919594235836911
126.540004268130232
129.704254491165813
131.541961938903341
134.200923607416371
136.241928457890339
87.193781803546059
69.372330929960171
70.592722711069555
78.101015358862355
82.890867141423186
101.224277281133610
126.113994550425531
176.241473835794125
111.378984207150339
98.055912765763452
209.863311930961402
110.892707248652172
93.739890694664723
98.927211434923890
102.316038178265273
108.877190805949866
114.827457735180943
123.044538010127795
132.939776973672593
134.136060571555504
123.836482923307912
114.791879849971139
107.008015326377361
133.302329899648385
120.263457700485134
131.259622395387339
157.108735122927328
118.834790412755780
111.744890617940285
113.787725727076747
106.244403813261243
85.410790411728499
74.242208666558895
73.416474140598723
83.887921965919006
108.347828001281613
109.337325359242428
105.269849852122604
75.265665784359129
72.938564095621373
200.213634794583868
119.758392352806055
93.960148506414200
95.005863476824231
99.892261046824245
50.032990692089655
129.033525687186824
120.680317687058150
117.254549077216211
116.249382723486761
114.755561337664531
113.036967964331510
46.059031343507570
73.082880139790575
111.918816323918321
140.436245142858212
130.961676624305824
115.277793052605944
112.888215157222845
114.825430106264406
94.563421698157981
91.694259361513062
85.121358356757199
69.207206174078792
74.352744253429464
88.227264982779175
101.529679706531951
93.275390266875604
90.111177372703111
101.534174310786710
169.485685569561241
118.793884511061805
102.112758013374489
47.988550267970965
44.219094563508335
64.283616736628261
140.716316969475059
117.208900970573353
102.416714008993551
104.724534520364216
118.862823707870092
54.740617443992193
68.064938928324025
57.514452076866718
54.366102945971136
67.587381949538965
117.464643376266793
108.063740083553299
103.771961917247410
117.218226412783238
93.337829068600996
106.109035668476196
76.275785038075455
69.176172485985433
75.992610231599315
86.481638559031438
90.969915320540295
98.104833243173729
125.096979409599840
128.576144919925639
137.730806473498859
126.933728357921254
81.410963729783163
81.914195732218062
87.632724366965931
92.408488965912227
142.947288276651562
99.154268029100308
84.155731563647151
109.382222302485815
119.275878188532204
106.207345236063347
96.213069008535626
101.712045537299360
103.120104856847149
115.544543142405161
107.351811601366677
99.036498643229265
111.226603808575845
132.066725339319078
122.179287630627243
120.776452678223933
94.318178900452494
87.952829167456571
97.882815155859305
107.747686282226780
116.629441935606337
125.899388495298524
89.474339455899326
118.293161152610949
121.793128702125614
102.724939459719423
105.733497350417892
102.102258199566776
103.116508314434782
130.897064435319663
100.616354044950270
89.148500893492823
98.659087553526945
107.030990059609096
101.523764233978497
99.774095359169024
123.964279177623155
122.657180938263735
93.840359776969365
108.210100628946648
107.845756742671867
115.124456685767058
125.330402044196475
132.584820860116139
129.125855369597502
116.328970486694928
139.572339461525900
123.001650212933058
111.935834192554836
101.688295470752038
98.289878917670961
102.902186904289820
107.041624828529649
106.610818469088073
102.926052152348490
116.235412253439023
109.493773978451088
117.622088093703795
115.667040472815742
109.315514493385635
101.284139637816565
100.535202212875731
102.553057008232059
98.639591456032846
97.050548892595842
70.202479865770584
82.885801230033522
96.103708913294142
99.935881758051721
104.153954409393180
109.662259229049880
111.747563649698506
117.356536433223710
118.160929306083460
120.777364005041989
145.072753635123036
134.990901180720783
121.714846393028637
113.427457747837593
112.323200421908240
109.300997559461308
109.067124371832705
108.163803209523664
104.802421432910677
104.721349432009163
108.378555550200076
112.318021873008590
114.985030673665136
113.162865351516388
107.757818605146440
107.357710081503626
104.680332214330804
105.535684949488029
102.271855351973556
103.855502368103018
102.183497638597643
102.724325669855716
104.709306184773510
115.962506966993146
123.603394928652804
130.678462737639506
132.774342709929016
130.311050028645553
129.693103013297559
114.592325890651480
143.854009995102473
139.644289711390599
138.147451393432135
133.135686312536819
134.500192255774436
130.351284423013993
126.261098477551755
125.474879261978941
121.397705256629763
117.797194642686037
116.306962077164428
119.228964802484171
122.367069615152374
123.079931354286657
122.018139994313415
121.107164112014658
121.714297081189187
124.496440483711496
123.368693769709012
123.956195327733127
121.597814573828174
120.469311758808487
127.149889720108334
132.160393335197028
139.345805394719321
141.555803456036841
140.383572281525886
137.728451350950138
134.458433250662125
121.209449296167918
146.020923750485878
149.114961547899583
150.876542211626202
108.718204002868021
131.029979986184117
149.962876185603960
139.143224155462235
134.751954048591415
129.354951652408744
124.443330528961937
122.631767689978304
124.578016825881008
127.239948936284520
79.840919272995023
121.697836760531160
153.699656730296965
112.719090366725894
137.141288332187202
143.335708078656012
140.221347533750702
138.152477985087330
137.729032879104977
140.656236598520081
112.720925719848950
133.363167700797419
140.521262989230934
141.624265737175449
143.238698874649799
143.186966490753690
124.524904668457225
146.612200916107327
156.311293235145484
162.210621256174591
145.069088550608967
139.556868690446009
159.197005337079048
150.431471376274004
146.046335628433553
140.412103634360506
129.615709723690031
125.747574509751999
114.056336051984843
133.692220701419501
147.507756695401213
153.488658465839649
120.340585144771211
153.917982937130915
164.092064356575975
157.906903509718632
149.654985508097297
146.267620671059234
136.015571009132771
157.237028663445926
164.645881660085820
163.750748681457111
149.006718184382493
155.868093216944430
162.184412816833031
158.022903045485066
127.444493888542581
160.349412259433137
175.457189540224135
146.029411676631327
137.404945461801134
138.426022026049878
167.441715260495300
159.272237068090107
157.180542835897427
145.940526571569450
132.221500705028234
124.952362035558110
147.321368897427703
153.312107534196940
155.662174371332100
119.780949657643035
164.552251923661629
174.666019947804358
177.524008804346039
169.188941255568409
157.603278252589064
169.903146614155162
180.430037489022794
184.197527297417025
178.594607608579707
153.658543990551919
163.887447620145878
169.295129876831254
172.280091328134091
171.959627073933177
147.377998289068103
205.084299559339684
162.489779778926106
146.505028059957539
195.906593318982232
179.034714075723230
169.558868530077177
165.109957031992394
159.707446667509515
145.135354063644229
128.819791839545275
151.028892737799453
158.824637199166830
157.624467756692638
104.601328029703922
154.646195991067401
166.347694914441064
172.404168109549545
173.268357003760428
167.848725820426608
166.469036915126878
190.519597562102376
191.903551668481214
148.905303500905461
173.259133548071389
173.472238071536850
172.030800696232404
173.578729070736074
176.967804508184400
176.571108146983534
214.016005956322090
163.883955090277112
218.417341481683479
209.946173305397366
200.221910163993130
189.610697017860758
184.231336726840766
69.996957158102973
117.161748696161254
121.762531419659609
120.366758034807660
156.867586520277484
163.962094342203216
162.567674995225360
159.843847800886437
158.538259484005124
160.480279928299211
158.640417756259268
155.104489818576837
150.631183468648942
200.501133309601755
146.888096068408657
171.121416038111335
108.653125443790032
175.900800913627421
193.291027768204316
148.676207575188755
174.232102812998562
178.003710504438686
174.521107898583693
201.626118511164577
218.199858312640430
219.768528545334448
212.146035858824632
204.607232289737681
197.334853901674535
188.081638138980054
187.187642276482109
172.351225985950975
165.719278423238592
126.962234663239187
167.257860764601617
178.953258597846883
182.525795663277677
186.827345984540329
186.095978396589629
180.561451157688566
171.099520879768448
162.928550219834619
164.620379229994683
172.353505204915194
174.872256051704852
166.938459291393201
188.897309251132413
189.666952035067709
189.250989218845916
150.254485050723616
182.568966763906275
186.056810422908057
181.595632899561366
188.763689988357612
212.544265896027895
215.965067249127685
213.979048791299562
205.764473571450054
196.585576130824421
200.684416107846459
194.412075757973952
188.040438112800842
122.183416778657460
153.317605374418605
169.228105555403289
182.447664060264799
189.036991032556358
191.801820022838172
186.635497543386037
182.058689568548544
176.565976264527222
175.591274954964405
179.994519897197648
180.252611989095897
191.544186827781232
200.712602458877313
195.659979487652492
185.113287357786731
147.940990479861256
189.148914425124872
196.824957316493567
192.170800509636507
184.967152039155508
191.672021369779827
218.684618442682307
220.277339107162305
212.887057034452113
197.812520418886407
209.664507846931201
214.167783588319139
183.054385710359526
131.399244397778091
155.855887214507050
164.867716635302571
176.067534059340147
187.540947499092312
189.245082565302482
160.875251836203688
225.445466725924462
242.458450635319053
154.669584206864158
191.861295377688776
198.327045752371589
186.135673675800035
212.124973032402323
203.666792803828855
105.390831172549468
169.045414721958934
190.094113443926801
148.384916065065028
199.472091556660473
215.346283932892788
208.040846030519873
177.836484024869350
211.912926379194801
230.257139682839522
224.984267484449759
212.135745321966255
202.333948837773335
169.197631990618447
185.924940218329141
177.900355601694059
167.615126156444148
164.395750381565307
169.862395970758058
155.617283382984539
208.645955619717597
218.006858330801776
217.685855981456257
148.909658101602304
210.369442242288926
219.891940540594874
208.492821516108449
191.022752000351147
200.278113844328345
195.300367762662859
221.513784385531693
224.381630218167913
214.351695350389036
141.139176629216649
209.629908280276254
220.740045004598642
212.905759295019095
152.847007017240372
239.045718937467683
225.924135565577728
210.818833630471204
200.078737718604998
185.590941884858694
195.422449276101588
190.716562270090606
180.189319416994806
165.959542418128223
159.570204467557403
181.788463391582638
221.982831207554568
222.023406740420256
215.479718805453302
141.269749788309156
218.555191532314751
231.490630381176999
226.431255311594498
210.122934297224646
190.664285974093161
198.729787295403270
235.084916068533374
233.996920218016612
119.321936154016001
189.533433625569728
197.855866054884928
196.875772028904805
196.314814947633607
191.654999424079136
167.767413731695115
226.896475520066360
212.500000071570270
201.536736340204413
207.108292168436037
198.510950941040903
193.945912526191847
185.339213837797956
170.706915664367983
158.872551496921687
159.721468300269322
195.519978705814879
225.002511066380862
117.373791464390806
189.518276004114341
202.266450061963809
202.701827049938089
200.853658677630818
195.389881375345567
185.566691258793128
197.940572342912162
242.047391110233264
239.255864794046090
129.527357966054097
195.737886720283115
201.394160192250780
195.853920224214392
191.716593720904626
184.925096459939311
150.285377039480579
185.943343725672378
241.477786537219060
236.525851304904677
221.153497188506208
208.517770468780412
203.722204094454639
193.907116690676673
178.897390088395127
163.184552347467502
159.720703362313827
165.341687637352635
170.256307376259258
172.359721892465842
174.321791856701026
182.250142378744982
190.284727557085006
191.037280674025084
185.278915648685881
181.738349744187417
180.979748780880584
185.903025441255267
189.647925009634662
192.090361943998289
189.137804228001187
186.182811546569553
182.083914479254474
174.745746867797322
172.735813016387880
169.099872995827013
169.061018282988442
182.093527497064940
232.081553915185225
224.919107603436828
211.281946369084892
204.323849170747678
201.607812374283071
198.241730829724531
186.118055861865258
168.772036893064325
161.327079194554841
160.890948789144858
164.729471450634662
169.346359983086785
174.712465824254508
179.385073946218455
187.402988151501091
190.213040095942290
189.147197614183199
187.925196182393051
184.514315705930784
185.157472155387580
189.869726790998328
192.436726351562555
192.889926188858368
190.942412900434306
186.991324405423768
180.953016515918108
178.504940773238388
173.595661773505412
170.570635956152728
173.992996302740579
232.952815013077554
224.582544668275375
210.520014316125895
205.393923201055372
204.184036476286906
199.256506314118496
190.958065083757674
175.121073021678967
163.776337038668942
162.918788323283081
166.924527397816917
169.339573217303951
172.102568759465385
179.666568078221871
210.178241352924090
152.317774139657303
184.883118000570278
189.288141936281050
186.339175574079292
189.427088364362390
192.155131694713106
192.977014924210152
194.583011378623524
194.190489170329158
182.347222479370799
155.875324063642125
173.422625018562343
174.630306391068302
175.167198051111967
174.051099858739349
231.830988470912700
222.086585459448997
216.454523107500194
233.669763238403448
233.841604546441687
224.377256230653018
104.522459922183629
169.330873859644754
172.371168206169557
173.437777706894195
173.083349219736675
173.457029719475514
197.996532627727703
259.320485424565959
263.538577146143780
92.517324320179284
211.816048986653954
212.092756695171317
206.304013383025278
201.861144299827856
198.239573119387984
198.108747258299331
189.939314057494897
255.532572266386808
255.442661856553229
119.606405112351950
188.659174462910471
195.586861305546392
196.189279479406167
169.126136096267203
229.857736019345339
237.482919027951425
238.493637680163573
231.234154079317392
221.855541574904606
126.245195459435138
182.202916399778871
231.497806077416413
231.656219738443326
97.247348762858479
203.404379267978356
183.285079074710751
248.135701868934575
254.370865316249223
242.885404677711676
129.864933340610349
205.799799116086035
218.020662060185430
218.101082281476693
211.784248259143340
137.952822891138851
242.866397173802312
245.612987509469747
234.762732636637736
138.655986399687379
136.723715325947069
225.653630125820342
231.099695374133518
218.256860964230896
192.453762806800938
104.294199002200699
87.447043295345296
104.908777495159413
127.549190288950953
188.096920228892230
132.375569268906162
200.753375929313677
159.096002253460767
147.311917282003066
147.346002829004931
130.597736854791577
123.301694185799192
122.605449115233327
119.813840030021225
159.050697896723790
150.398173128995239
126.714003972321422
122.271688595893494
128.033265928415119
128.671480575552664
123.846704396081364
127.175292338403935
127.299653431444057
158.787199511191801
158.207419447674198
127.773278400958546
114.855733858671726
116.406074076114635
121.890516751502233
135.522383800391879
59.362051221583499
81.204960215095781
97.619272910650821
98.764507726473880
98.403778829283453
195.535514081627582
128.152600332824960
120.655583754810266
136.123307230937883
132.258780660629128
129.832068828089916
128.271880727250647
108.998577223480368
64.188793679770100
63.786266475642549
198.733925047667981
105.805855467811398
107.826252303450630
108.634212346985620
111.682134387929992
119.087032891438440
124.005272248942617
115.059228702927882
54.101084479316526
50.557800830894877
193.289134096472083
114.498371384574995
107.237792204249644
102.038711800205149
158.409179172724436
50.317967758984537
68.417037093133771
80.549845233370320
84.646332893306493
83.066066703893199
185.226250476945125
114.835283345816748
118.990975822584659
133.345143555867253
139.418065170249776
149.075842799855195
47.685970261041319
50.165576174765206
62.571084480857408
203.333964589686929
62.391210417355879
56.205984841680475
65.058079989408228
86.173457962160356
105.946474436687822
135.615365056190626
39.380235534613064
39.064504833195826
59.573389733128465
183.218570846609964
81.926086206081919
75.028792435503078
81.532487835731331
93.409892759912992
146.873484681034881
90.769061608747762
74.373047487316285
73.634147980603743
77.109131345449427
127.380453134087190
97.829096324945937
104.791239477045352
132.486039926008488
148.336075388208030
144.647464070338572
112.412734289386094
60.472541693057039
60.473540056728140
220.374881082126564
82.477058256672848
79.282038641949697
82.640565774453563
87.105821305215244
97.495447523860463
108.516041993701833
86.347075172732801
38.862863233765594
41.428847126162012
186.213851296468420
95.481916246043198
94.100226923005948
97.200297603564366
103.796747901327564
110.084512113865102
109.980558803993276
71.074042775956570
65.339463991232748
64.040013104162341
75.263071768693877
85.029171185170370
95.414741754683035
117.286890789369110
146.959850924940127
147.659923483344699
161.896715102713813
87.329090332795218
73.170911767121282
209.175908472414619
95.231228908082358
86.853099292835807
80.925532440439611
82.533941781195352
90.895908355391754
109.355511501495272
118.681646316296721
64.027705629964288
153.959643200941230
105.146641383432240
102.506965590716192
107.355430947318922
112.837657771187267
117.471680510414956
121.352155563417682
125.269662595005983
107.234303292540034
62.959405796517913
64.395471105159316
70.758777026930062
80.578442528305885
88.437043303356290
105.386606742147194
142.343122096694145
66.664863525529000
74.882727129538225
106.917294976908096
137.669453154582555
138.152431088452374
63.230454410529376
56.923135683820675
67.725234336828976
79.330640377458778
97.447445510040509
113.944138497813228
122.183677634933787
117.191850382079423
109.273558946531352
102.464862305927113
118.045344081471498
115.246943516195330
132.003281927130757
147.500314071872907
160.278809621485664
104.892230650849541
98.092633020513077
111.534740280787048
73.468074418949314
68.966704922211107
71.788517283328446
73.274817676207334
89.980993682349506
146.801227640587371
78.233149773964982
61.818833337637443
59.494047016814491
75.580202714888216
197.631605499317232
92.970146991149988
76.679127433295065
84.100837118234452
95.951090686367692
104.998441044295561
112.326147922859377
119.770833002588816
121.437533059889020
118.940738567044519
114.321506253700974
39.158224750760994
41.466135322789654
62.484937296215989
103.311053656660022
129.681520730815691
142.357010339790719
105.057617050720296
98.330631568744181
92.976000530400611
75.136919148025484
69.429096280669739
71.757565624648294
82.302091821894678
102.984077726396265
89.597349256916971
79.359928863845369
80.436224792556999
88.640587059662550
102.652841123842805
182.669378865990495
97.425684821162577
82.474488215077344
129.390252136452830
73.248036882291970
124.164466671593374
115.870051944490498
114.993489421431207
117.200203456126673
120.278736635604787
72.033735454144406
53.052806411651488
57.845945708605498
151.600926769062880
88.226291879721899
139.585254488636735
119.344602137664964
98.533689481828262
98.328655708473320
81.463345385097711
86.548068115788482
85.111272953715215
61.614322799394330
71.169639555196170
82.445634807268519
76.498877804857784
80.007144096990231
87.018893703492395
98.555915221378399
181.161328684486392
121.949886379950968
102.469165831590445
69.677268726120190
69.467354376664076
75.704573642039293
152.271715575130088
116.141895593339228
101.853285289914623
112.171117590562957
108.185480917581984
71.497308478870991
84.737665947013895
60.298406606405166
66.395333704289385
81.138021999719399
106.987336682594275
92.879279031436539
93.615928879304462
114.026239744890091
101.082716385016781
105.531315305720483
76.731657358993886
76.820121456741816
84.119763919632305
88.640315103303919
84.040678075384776
90.260328880881374
99.828089489854648
139.539817088708560
134.428468871627075
103.535300004827519
77.886413081942891
77.920359002985066
84.407852629356540
152.290435868316337
120.155935129919385
102.240961202758413
102.738968736378141
121.828084308556100
86.803043914412967
98.468279860820928
90.242019101768193
100.179947897475742
103.377793015950004
112.019512305747924
98.018979693782484
95.065787703147578
108.402104659062900
125.573468208649956
132.842500943059690
98.752359782821898
80.616002275087013
81.470651098905762
111.812694959011282
103.918009531019720
108.524296429845805
106.568790879764435
114.611691268601533
134.109155263195021
134.799872083543164
110.405513132725673
107.544685774960442
100.020207246734543
143.149842045383537
124.812894637082039
110.826395615555896
104.526647709179684
109.277163946899975
120.244914714246221
98.578942323897252
106.662261616823869
119.219244387275779
105.411201986465628
103.895387364952512
107.287159515155338
110.363169753531352
112.647511106840696
117.413629368582647
125.938978263699909
139.985843981134906
138.453387594784346
132.550149719478441
121.590851206960593
113.851581390232397
110.047992880960393
108.404076992327560
116.296885828438434
128.579379071712310
131.622606628507839
130.742656855513616
110.946171359610844
113.227503896935204
120.981417264760779
123.031780621304904
116.886770457809320
106.491718589753177
100.184064083813595
104.170905975446587
109.226053020341155
104.885643191180037
98.117862603776587
93.579873472255130
91.510813279404346
97.280703970025272
103.985466487013127
108.103962937233973
107.561171269313533
111.254265052769810
113.971152619840922
134.970595153161099
148.446033215288367
136.750672511319436
123.934032916379508
115.782687232178887
111.624290013958955
112.655235355973616
118.286527984091848
117.133154489442234
111.939189512601146
102.652583066664604
101.246152628126566
108.870502966808672
117.951046913287513
112.382417001118696
104.074465816301966
100.811011475797770
102.348705589865233
104.999719769835139
106.611884993228969
104.886779580394730
98.818570443262601
95.151961913113837
96.419384751969474
104.344620437508468
115.137795779025254
122.579932634502683
125.195039261729164
122.285722458577240
121.044922452005551
129.954887508654764
156.591949064774354
147.779938562699328
137.452359422167461
136.384763007596490
132.618731806232120
132.106375172893678
129.917329898588406
124.068363682021968
116.725027167235211
111.918404680216582
112.392532554873938
115.393778135691107
114.881496885610574
113.355968177427755
113.932717027161146
118.187047567060802
120.910718235043518
123.720420237695720
120.998887771517431
123.742158851234578
115.864911837356658
111.924150368997530
116.123835426034049
124.660534440295208
134.077069348356389
133.617340169389195
132.675639346808083
130.781617051272150
132.673569323088714
134.962193116559661
150.624274175072912
153.574679672665752
152.138343566161893
112.632110025199239
143.392915534898123
139.058199651154894
140.287027107422205
136.878362208630818
135.488858832439149
132.750148689893933
126.099359129809386
125.891615944031841
77.230327107628000
92.915906972064931
117.555709118670251
112.109543939973150
143.513139034316680
151.674642506970429
153.025527190463350
138.757492503544938
130.748857608278342
132.077234485275341
128.763377491773326
128.335271132331940
132.563555478520868
126.503671054855289
135.673154118409599
144.267497515212767
145.060095824927458
118.974053527033931
148.295575908550916
149.576458309821106
139.366678447324489
143.037556492260535
147.582487526570020
143.055290917350135
146.445550796434816
150.638661499275685
148.574330564037041
133.822631895816528
128.885185686631161
141.658191802062362
134.650247267665605
136.389799062952477
139.624010121146398
125.311267402797043
159.630588872280640
166.885869418494906
161.433559358347054
146.414653250530876
160.143089661161923
154.099627936413981
152.528657104806001
152.502036003205404
137.176138016560657
147.888138970153420
154.345273108206158
159.522112992990429
156.335476816989683
116.367492086202489
184.225972240993741
154.072134477509906
150.748592808588569
151.846898822891887
157.325162531457380
160.862140455623717
162.866205923457983
113.589907111064406
118.242374252127803
107.304784985357557
164.146670760173436
152.050832053935380
146.555772656306402
146.034378627866971
147.175817968853266
173.328299193800518
173.420362262830508
168.892170464114201
155.334325193292074
148.200056222683116
172.271143785569564
169.412420260082285
166.323272273560406
93.083753701972682
127.391674826745614
147.720916062671449
151.255051973665331
175.739731122797906
177.713558129444039
142.532363001224979
176.557902258476815
156.552093065217093
185.495406389863888
179.277225368901867
176.656690609567335
194.584766319639414
180.388244310332169
163.233825485478349
146.694556196909986
132.411875158726474
175.980316588178596
161.136216773985950
124.771304769363837
172.324733215480251
185.263395055915851
180.266555797520994
171.303636993684961
162.554619597038936
157.585762424085914
184.159001972369140
190.035426047655903
189.945989219510636
177.164321155755204
171.242398496002096
163.107944844532682
157.792614176209185
162.827772969039387
185.336157758774675
187.690205562341760
177.671261716486583
192.654662358833917
190.466049106566885
188.761686281796869
185.329399580626415
195.131874553357818
188.152027260454645
182.707129099098125
169.584223060482856
155.361401846876163
144.988912239091860
115.185911776742358
169.975836741133207
179.803004342703389
179.593032596359080
177.032275195267800
168.481506714812156
159.493117685720563
153.697958988265697
154.093616480008819
160.908876080314542
201.043438612087584
196.065122237985008
188.751921876630490
180.744413620960671
174.107897890006967
168.651910157896907
151.912714603700181
185.736866070168020
189.071801397983450
185.342925988766410
201.347377293027307
201.468699542452583
198.853861849232260
191.393104579263991
197.548145719027559
195.700130345792161
190.748989352942033
177.299271224815641
163.902261251746694
107.755308439650989
164.721325224796061
178.249682112045491
182.270253124578659
182.697605749974969
178.234118328705591
172.788525880831997
164.590463005102293
160.953693262129434
163.508313146133162
191.703752312340640
196.809705018761406
194.659308244858806
191.014413996582618
187.391036098833951
183.860962215068128
158.071766773674966
191.706444658101816
192.938633028542824
185.767097046710091
183.189423371423942
209.254818109321064
208.524826766769110
204.544831943330337
210.728647467454351
209.442845517734270
200.968052270109609
191.048466294273794
179.173140847450838
110.186378897428085
167.904965649896013
183.470760527525215
187.427985800511124
187.230384106509234
185.365086376976649
178.127978497529000
172.953064970521723
170.872208286605797
170.677076472550425
198.375017638672063
202.850308054975642
198.692685131030146
194.186222894741718
189.476883748739795
187.168095618381813
168.966949464900779
202.822205104433607
205.257635076313619
196.570301813124473
183.766704777951588
182.058231897407325
214.302493861333232
211.371104062238430
196.473568734090605
226.472088985710855
234.651296354961119
227.218328976388790
174.896348931509436
119.055752797811863
170.357130421873990
178.149215040946160
185.533600148008532
190.821686487490354
106.574738496330411
204.621938553205609
226.418853166816888
133.663436004697132
181.698020179948799
196.305438326613910
193.291165684587043
206.637306092181518
205.391896345798045
126.265382081341642
179.870918797768667
187.095970658017961
189.222503385222751
167.488328903571613
212.351657982681530
217.639132081659426
202.617180980801606
160.053256502878526
215.496783004023058
218.503641254248748
214.627225944676383
209.728559587586687
202.093433692622597
164.896583539217971
182.436525069882862
178.874881814474520
165.589926478696043
165.346865672939884
158.020037413443845
200.424112473725160
197.005797573497546
195.947838230988566
138.783722207393566
212.152381229960213
226.606006713992258
220.364261173332125
201.515784472488718
190.860373592376874
197.081617898172652
234.284212348622930
234.989838654146439
221.802961145834843
153.835798028943088
213.155997470168217
227.645978623441295
217.553102449035009
201.573665734166667
149.174766648745816
218.854091194905294
210.994034634484990
204.447358713075090
196.904169254490455
195.463453923716713
195.181286318969171
185.625408202121889
175.889546759749805
165.724013134057941
167.310929536588731
187.606581340774596
214.235648832632648
209.830101263357903
122.378619372380683
200.457597616765952
212.972586149609953
213.556417139270707
204.899536529051829
195.458342699748243
188.029429829300057
211.266338695268303
237.313421857946139
230.719807560864126
130.308044869776040
194.062181928516054
203.185123206120437
202.785707500786259
197.515126940481196
192.375063956288272
165.025865996896044
215.353957992470868
238.849393047130292
228.327757460339114
215.324019957150199
203.995476739632664
198.408235466246850
186.917114707968949
175.039205959317997
164.001600418988033
215.286417386075698
226.745040604228166
115.283405232093870
182.255699387929496
196.843090292060992
197.753914240856773
200.521181707757847
199.888710819014875
187.708800871379168
181.041726254716792
180.043319857716227
238.998657659397622
161.033928645138644
192.314804374352889
191.258937084629167
187.551417515929813
182.623991266559528
179.108499147569347
177.449717552137059
176.006258919800871
174.927395776746266
234.585851631421946
230.816832380429247
217.712169460727779
208.306960215317361
203.592930805368582
198.962335771184627
186.347341440223460
174.351279345568770
167.318863008547339
169.319585367203558
168.924157524558240
166.477680688664520
169.981160965865712
174.592004960267076
184.689853005506251
185.288689082798129
185.767774260236337
184.260840570265543
182.430525759878833
185.894719491217671
190.473835813232995
193.623853030913153
192.814254154707896
189.748103884938104
185.468211381897248
181.132131688258710
176.601511676400264
175.117543765883397
173.650854886659772
170.529163980422339
234.671402929687076
229.046709440515031
215.530802158750902
208.386530689798207
205.404850384333088
201.243025739316153
192.913957092993826
181.977810834281769
171.836408185300598
168.737028127638837
170.812760878879857
169.620015121395795
169.657515189966034
174.541261946784630
183.430161567634116
190.087634953984661
192.291724945557775
188.142639844855410
185.972976959349893
187.989680671603651
192.183260881283900
194.574856278644972
195.639549999878852
194.488998997994855
191.186768083371220
185.693898123426067
181.116682320598869
177.333076225706549
173.697359820687041
167.219260725893236
235.437633180756080
226.864863398412268
212.716882090365402
192.877263899351448
241.682802852551902
255.802400484178378
114.791159430818539
174.587806136439212
192.339202894355140
131.349753307505608
175.407537823305717
178.655659377473512
176.057823463986693
180.636447875619439
211.194801180258850
261.319104606456222
122.162918984215850
190.899292840164691
193.807312848906719
193.642079292828328
198.042162772392999
202.118875276736475
202.906586317197110
146.577602320307250
235.723332025413697
135.751289732208534
182.190989644580156
183.228514300312042
183.571283581204511
168.015492356575123
234.311025746013456
226.403553096249510
252.097144410759626
251.534405777570953
241.508464741911268
228.301754089493670
107.589918632707622
243.376352539614544
253.314668930543831
231.011821157207009
114.337175060241890
154.850128635042950
237.591966034251016
243.000618753284925
239.505898814787116
150.327387461898269
222.105325641262425
223.808343982593328
213.085767397720332
209.027928376065063
208.069755746298654
163.881895092687728
253.468624389457290
257.595718350167374
240.422185961819423
155.389913296325062
129.219595638500863
217.955645472805656
221.490469973013433
163.170048824974970
230.723465749341386
214.603477867846891
230.242929107670278
229.249150167201094
223.852967848810863
222.911940154609283
250.468254579639193
247.564321765936882
224.780280832203005
202.540569381774219
145.813578143459381
230.851933399003826
229.161937692241111
222.442617332938426
213.398529195553579
233.486773037092263
229.301601855868455
221.815971711933685
210.459753838415651
204.740392949485340
149.446638564341526
256.867356532233998
256.823502529014831
239.596246171555691
167.064250132965839
219.295292242675572
142.799559016457721
233.098693473112633
230.599985430405383
195.141472157859397
82.740892220751078
87.739174492518330
115.250468101467106
184.862155063122628
129.494292472492134
204.101881403233079
156.722264467732344
137.779807139445296
140.434685932925220
132.577714917161956
122.245976180836053
123.905775555934696
121.076104155766018
158.496873416359335
97.033967721787093
181.070818908820229
131.185623126482312
125.187399160359803
125.893442998076225
121.570265594531151
121.064963750332879
125.506232488603629
176.231512354257120
71.499501357238913
62.241453278280559
197.523845033357190
116.722446382519649
107.134365907868087
105.330482178416972
146.176665526194228
69.862843391708012
88.773861470933497
114.368495541048986
105.916486087829810
96.371731923203143
196.292917818731041
122.383581355169909
114.985743805621809
125.849217925324481
126.754088515150784
128.766436799756207
139.253758965937379
71.596701126749622
68.789148417369347
205.683983103953722
101.317086478155176
93.653592825810293
98.047530793049646
102.887314263495142
110.553171461381083
119.459120906807271
121.958077479493909
50.718721657371262
49.883353602488199
193.057929441414757
104.512128877761256
101.131446794938569
102.760605043629184
105.822592206062495
159.061765524537634
56.333567487469210
105.543563244840072
86.803433191233523
80.102934233637484
162.777680528099040
109.186899953686734
101.986915101377377
120.548665510812469
131.834607780112691
132.910269198107869
137.502564198455616
65.590997156308191
69.794485415446331
80.147068203713573
206.948457425236569
73.601224621242508
63.940226501602467
64.803205385834900
84.154041402658947
100.374891849904827
130.827107555009462
44.269007887967263
46.752915563033497
64.953509981990877
180.619701326822991
87.555626431419284
77.728974108039523
86.662521335299829
100.169714929383360
144.617702718115765
108.273792496406315
74.656465321516805
72.965563996118505
104.562785646626423
89.276344838309740
87.726090315050882
103.247512244249563
126.581655945870494
136.938668420979099
135.037088776049302
120.129417692801155
71.340190059929952
210.773135305179608
118.942892298945637
112.816641572194015
108.606383017714876
99.030632412497866
100.146092722745507
110.195293628259009
111.528311386460359
86.046720188713991
41.871742595634402
172.246408146459601
99.806034876068239
97.741177615990182
190.669827879993846
140.522166930529437
111.905369277556559
116.417931606283446
126.767819252173851
59.854930186694034
61.628213090426243
70.731808306147556
79.509057976598001
87.022670672030131
95.837736535405440
169.865844916611451
108.301498518530536
107.902286183479390
118.988041729635256
126.958073004450085
148.310805531948489
64.998153012309103
59.277100283019962
71.422100835257069
80.017456949547466
93.404683051886465
111.659440831325355
115.830614117263508
113.393897883540689
101.355481202840792
97.384584245724255
97.578685247528711
86.738016658542207
93.021708411151550
111.764006155709623
132.800290345227182
177.136794204864316
100.252775866792120
124.076092047242440
61.921293280150707
59.776305041313606
68.690016145385144
75.797501127004097
82.505144660303102
94.353433475015208
83.225917549929306
78.214308210067827
75.047207462002959
76.525477845115034
97.710706520629373
173.263052793366086
78.319442676159511
67.003940256066926
72.504566679035264
85.524034041434987
98.944677938209594
110.428417292635487
111.790697038672604
110.049463211916233
107.020945894351058
52.540397778610526
35.999017854717010
41.940166134175513
63.414583209456637
95.269616201990928
137.108985094440925
134.533393811540464
87.177634779085423
94.594409199557873
61.131947261389996
58.268957601767426
58.337018810105832
73.925063724491693
64.029589621729485
65.107861113930539
74.465011064424488
76.234115239747993
72.489257198091167
80.740786286877963
208.368061569402016
94.339145324114298
79.776889598378673
90.125197898545935
99.476856895939150
107.952522272149579
111.549153740069912
117.877356373133225
118.761480165866843
118.666432570334166
85.882682917281159
46.581141119662760
45.364890611076163
59.748334628056597
83.062677139631802
102.498005282524218
117.253409165416542
86.558908543132503
83.459108990213139
76.341417937541976
71.282390215465682
65.068227539977556
66.633046601368861
93.477438869351886
77.058878849657205
68.665074234031735
69.048800496344370
72.112253034108065
76.658303172455163
80.899361764816675
168.710197790106633
89.881108492914706
153.054429026185488
75.828700343994981
56.245954946294091
125.643317660133221
115.372757275541105
118.309262272482144
122.560172191992066
89.920625355280094
53.230900227080895
58.620266730928236
156.424858824846325
81.185517824960655
77.697637863035851
126.914733773353660
95.533443651046966
85.088004438680102
96.500985705856920
82.758396025596426
81.432475277108296
62.759895477877478
62.138191009979039
78.049169782394870
93.455108062609852
78.899060117060543
80.146613757487614
80.822908665776566
81.879532338879827
172.544656998810353
103.351511214138327
93.959530117220808
77.058751295829637
80.404010143814617
135.725996952679793
122.140584207117215
118.048469934869757
120.093843619452258
114.151498619385521
63.695797278042107
56.610178627683027
75.111558748473669
69.976910711942182
77.007029666328251
107.504662383353150
91.455584262253879
83.337952017947927
96.095454652707332
119.763664908069757
105.358807800696880
81.653082521270562
75.438996519425700
83.914563400005591
96.373455730675943
92.439721581969224
88.122925998550215
90.342510446465724
131.966672556943792
126.996811536560074
122.722158605420717
89.043920956012855
79.709253830818255
83.883641811798185
88.053147525627963
147.168343746482549
119.843559680450269
107.417515063629054
120.946975544984255
100.005079121692091
74.393667830155692
93.868703034735603
96.055949620542478
102.787376561539560
127.239013596239289
95.129909245271705
85.254460228321420
95.888774273271750
115.565642904477514
128.411502643546442
151.553581238001186
90.813274613586714
84.562558480930363
137.228739453461600
98.810507718809163
98.046339461267905
111.998894837285562
102.062473912501773
122.814368011818999
131.018131328702708
113.570835504446478
114.082617817291549
112.487757944423251
119.910636948387548
123.921222490112342
120.512006650773401
112.599997238216375
116.536972199526488
125.343921828834738
92.174670547910665
86.013445199972239
92.267894621200426
104.213622368193128
112.701099479545718
101.587930536098099
101.716677787248017
108.750244871834212
112.352308806964402
120.414777161937977
125.382083463597311
156.811557272205647
142.032537552895491
131.043726567386813
118.021174114972979
108.915986328976999
108.370177070034174
115.613238473126700
127.124095563190181
137.282335265800839
129.160755416086403
112.891259253161294
105.648537673190475
111.517259423264505
117.332935689806106
119.009463930800152
112.975123173679691
106.088119771070041
106.891884663565506
112.747596912445175
114.832925028985287
111.891743500226767
103.297853791104217
96.806574437526024
97.912967501521550
99.776917873383724
104.635018985893993
108.210384904292368
108.533871752002042
110.038672895582380
110.839737793345250
153.600070386357260
145.843563991713125
128.816013122579022
117.659203414962121
114.193898776517912
114.026884841891643
119.487607323628438
121.904261699070176
119.678749823960970
111.089421306580675
105.427873481709071
103.642018397782294
109.018134530911354
113.318199116262448
109.846690524484899
103.985206920525570
103.187057660227055
105.422195989605399
108.688025517192386
107.250070373079978
104.108783001554272
100.333786773912337
98.254502701498524
97.767569564183631
101.360559900849609
107.061257356999448
115.109203123257970
115.498754879345327
115.270170165953658
113.429141950246503
132.388802760693039
155.795101477341973
151.426877115233395
148.303015774925854
144.306779774342573
136.697882174474302
131.142479925256339
124.708618985776553
120.970333836882048
114.842073479214520
115.478615509863445
112.280182017949471
111.386124342333062
109.084663405272181
106.990953291551307
111.516286729068611
117.189121833550232
120.823653281793838
119.684199105851718
116.449632073635186
115.000324065383836
112.815193793099837
111.832216633023478
116.464302213518039
120.888897235576565
125.711884813970840
126.111930790535567
120.006750382480234
118.446851069043831
122.669156892990685
126.848548526259833
162.581859256754200
167.742213181307193
97.616749636388661
134.518642143022134
155.596738510419726
142.227720026129674
135.914638358653349
132.607802076997103
135.813266528746652
130.780378094927556
127.345338296719177
127.047392418360999
79.075843165598258
109.540320817501311
129.795871053072801
114.865448094910107
144.057700808593296
152.977331131450200
149.014855669358781
137.184830968369653
135.120907287865293
121.157892261008087
120.461686067344118
126.081733726878610
128.771596694944805
132.035532174877630
129.183153998138863
132.550888377295166
137.215810195573596
118.313157897210502
163.392704383619275
139.027848738845677
147.584371414008757
152.578541866976423
155.342368504541724
141.358545721332291
145.349629200597661
106.617222159653679
138.457744252607682
138.607086459424522
126.904049997275905
126.877838834252202
131.332571284575209
133.502635618112038
142.945784897002682
166.158262895563780
168.687328452329098
159.642060864158935
143.052435521010977
136.661163540880921
159.603580774259171
153.175137647628901
151.006854434758537
152.321433481644959
110.445715060275873
120.217288470414900
125.343390407380170
139.680841608081380
158.917859527604037
140.358617728651467
161.619712424510425
151.306221315487107
151.578245492410531
164.666104049516917
160.432372268135140
158.034611266264079
169.191767392365648
155.330665756150751
150.991215197615503
149.205429161339282
166.142680034616774
152.296105005371942
141.401921155188262
141.896478085368443
176.894223807408594
185.092001107148008
177.044071111871034
164.293767444994103
148.602323858325661
145.339988559559430
178.587445179930768
173.108768868546946
165.060588989663131
173.809960453257929
156.692144388624229
152.195762964697195
151.173803218277442
147.817296660770523
177.399878758932118
163.300816948508157
179.681804658924193
177.214758569524918
171.991820615153586
171.501755460171807
192.767244732018440
182.898219587194404
168.957083023176409
162.360476262317889
155.151180673837189
144.656910270063264
133.288290258892346
102.180822169079178
163.714366771918890
181.067636646503729
182.068900278841198
174.517604313648036
165.958975510840503
151.249668647215572
148.268212111699171
151.406573818704885
216.078233639362452
195.261523358817328
185.601716880485185
178.092977154811592
167.390482035692088
156.786465319607288
178.221560520871947
156.809713757417285
188.389526238495449
186.470598528405333
189.454660731818819
183.152050276383079
180.112362602679440
179.925211300929419
186.459761942939508
185.676341963616807
184.729403239480035
180.032438126169353
164.472988652724183
152.901571604673961
102.203621787650434
162.058311807645339
181.208014816815080
180.767552953550450
179.808114171723730
172.034402092778322
161.084484679303159
154.669988528500710
154.731719667572065
198.700515079516833
197.479099462999585
191.387197569473074
183.704489066765120
175.428718814686079
166.859017235103096
184.838982620127837
151.656061806114025
187.402499839398729
190.283075473711506
183.055377700358150
193.039280347814042
189.731337438948515
121.045350698661309
194.113374379453376
198.009872260833305
197.243770438507624
192.960802087730656
179.758060541949249
170.911960419892495
112.421096525447027
179.950696659480855
190.785616003691985
191.048266025753890
186.514906619366030
177.557571999143164
169.024015401156163
161.202704453374565
156.232985783925386
203.102973969815906
204.775829255378937
195.578203245531938
184.328018806248679
178.307800128704741
178.503894235545403
187.872707876220261
160.423177308049105
192.627090631580131
193.026860893801711
183.269033784010674
177.078582318903329
201.663908937786971
196.698573512846338
211.504173471461229
214.046346898456193
208.023605546591995
199.436517100142822
191.412902490278555
184.054200614428680
111.212105581510343
189.580469560536443
197.018047972434601
198.565170436113334
191.833426362298070
106.452968080808006
197.166701361742923
135.932740632096881
162.084624096440166
171.713133422366326
217.103976751995788
209.817101714934239
198.713726553349943
190.756070987192487
186.229801684861627
183.443423453974731
122.387393192064962
176.118041079695899
204.226005352287871
203.246455791769051
192.744951044217174
175.366016234759201
207.593590207125771
203.112079007345443
223.849312099384804
224.425856738239617
212.924540481959298
192.494310706236604
190.702377365243024
125.893801705361057
180.602665946783418
178.174076181617068
181.662156390155701
176.984174138453767
212.926432785763296
210.648740932187195
203.377560914550429
127.754604463463210
191.460346473043870
214.758587717355738
217.873789964038906
210.387890041057517
199.742869956597104
144.359545338235364
211.849340625933422
221.137008829671970
211.638571624863800
184.515224150557259
219.322456467123288
216.727433568506996
199.393131956747737
153.862180874279005
207.731090690091378
205.366650047761766
205.382260393174789
202.730227046086583
173.021017849591630
197.775515914228038
196.810856405686110
181.376522359880425
172.022525829429412
173.248652727479964
180.182297916195466
203.515227193544092
195.178560456664655
190.093549857314798
132.772764080355500
204.107103454759454
220.468380753811743
213.170082006207167
203.643523682882460
192.395909391771426
173.110703051289676
228.935750278349246
230.365223051357759
141.784941638624645
200.039787492989774
211.224709033053784
210.350617977241910
202.299804565177936
196.109105648476799
153.045630533355563
236.462381699691633
192.195019837613017
233.583650407152419
220.253007350117656
210.375683785647709
200.435396992763856
189.389249865416815
182.874929629902113
176.828991641329424
174.537439007411393
203.910387464547284
202.723077512521456
194.031583247204452
111.138501681760118
188.591307632285236
205.262043584706362
206.386160628556098
203.136469587907186
192.967457052004136
175.302890876539209
234.289092199081409
234.147398749665200
133.376851373303452
200.433069711566162
209.240426888425191
207.105114867746636
203.172130303907323
198.430478728205856
190.829430947645022
159.144511148969201
237.594132548851661
237.737937087777652
227.141007560619698
214.030410282765956
206.704810893977537
200.857270519321617
190.506677539149507
181.184080580465860
175.843665368173248
177.132921028101180
176.702400360319643
172.289267528815998
169.279959852275908
172.252221462741034
176.525256964093671
180.598361364078414
180.670267095922895
179.958018003313100
179.073191132073589
182.704593037557856
186.708436159038683
191.224902234376430
190.191368621130607
187.076427665744120
184.786471784367961
181.370609111845312
179.593478696538796
177.576718349544620
179.632327131120036
162.843969766345708
233.187146431887129
231.767343585916990
220.981607329760152
212.420435631809028
207.631807402710990
201.525865226463566
191.735363900610821
185.253578185288404
178.697023265985081
178.824102790374980
175.560634310358409
172.243954446589555
169.012787971980572
172.713234699012503
175.645251631681447
183.274703912577422
187.139877947794560
184.518362104149475
183.931370856405692
186.136070448523697
190.520498198827511
193.932342591351187
193.325360379256665
191.607705571322981
189.942409011331961
184.549538970490403
182.211129284314410
178.758568810659199
176.562720659338339
162.412041704614239
235.912999107467499
232.643368715673887
219.456191454282703
213.108384443695201
210.178018293531636
205.726860749758487
198.150834795524446
190.612138474544452
184.704408495775255
182.147156128905891
220.307335571796727
135.024634682122979
166.045048079251330
175.068426543817168
182.154118115107309
189.981191154605142
194.929094534540070
191.558851830693584
189.565893391041840
193.253416200509406
193.042057815719375
194.795879433439438
197.237505909419639
197.327685033164158
194.755148545726456
194.413505092995990
215.100272827435447
120.280639580609005
177.397182967580846
169.665670626949492
236.783318577784087
231.717274274375029
223.096954929726934
217.103235176705937
232.911938053499085
184.189607800829037
155.991145657160246
233.899206600385895
241.731524834448606
233.283592821252398
218.354690775054991
133.131578173561365
222.748049768412045
186.810591529564249
253.173173816780121
191.019672659708817
204.163582982056141
198.459998246064458
197.731873591650839
201.867110251528743
201.924862400742029
206.216882350545774
130.110077204614868
239.260471318340080
243.300491440718929
192.018899874596457
212.721896838222079
201.746239772786254
137.169305044687604
182.243377617514994
234.768344681261169
226.468339474025186
246.204334559257177
242.153068190711366
235.198739834978483
204.226404544347815
240.693800215488068
239.605840100980117
224.680621588818838
207.593740600943988
199.323749670584391
159.903327501161584
231.540191561964633
236.746766610305940
199.461889524648257
234.077469405241402
239.053581359073149
233.337214879371288
220.745017075792020
209.651745400765378
203.910505391652208
179.892603554677294
257.848909333248287
257.889005437295054
196.882493060159760
221.074586676093759
213.366044760714544
135.084639496616546
230.174444369855934
171.356651352162487
212.822691992451354
232.603573287716273
229.272222663039940
224.315225826184559
195.836357708187791
243.052290243894333
243.769954331735335
233.962081146172693
221.154276408338035
207.808420506098770
149.137570723372164
231.527495946987500
226.843748231529787
195.415657202935961
237.420618982939686
238.961808262994197
232.495984101736184
220.967079726616078
209.134594787785261
200.674043791792087
167.958920970484769
261.613914890597471
258.224896741791667
178.435768867483716
212.456559443863910
211.435912094841058
167.417423327146423
238.582555142067577
234.097348087230955
174.923741723749231
77.112102267927511
92.991019590325152
121.494540012228754
138.843523156407258
161.311368363777774
168.358512392264089
140.203829501635511
137.413001322271100
136.478888007523494
125.395359025139868
121.251118658742030
122.078497540441475
120.627490124434985
121.886052103009149
120.336154899733017
119.820604976263198
121.740372302475038
128.608030214889766
127.528824593941380
123.733510006522778
126.473663490831171
126.364508245186840
122.036212488145992
120.272366189034543
116.927386680447810
117.578928196118113
120.671085542371358
124.064785163334520
123.060158007133268
148.728459015180107
75.261805165720716
96.524646048234018
111.569578467989231
80.489297021025550
184.866542487169340
124.870288361716902
111.081438490910628
118.351356008563855
124.106589913966019
122.587290609896144
123.779787221963730
125.929806615021960
165.577911561714274
170.096917480416181
133.878312596781143
120.830421844045318
122.025803661340461
121.168954987073832
119.844803308565332
121.135953564909613
121.290657295552649
118.511253817385793
147.442862623766530
151.082101054563338
118.421389648386423
116.458790367402599
120.232948159183024
119.860676197196483
123.545161886288042
145.363507305698874
69.803460846517396
75.782080836241391
73.439409354965477
147.955281144806463
106.251180637167991
95.635539720690360
102.192576280418123
117.702150412984182
125.196427956921468
125.699453226170306
165.688594283292787
171.608065667030957
133.952608339477024
131.184031295920278
125.235138010910617
121.834539284691402
117.375928801272238
114.130213794714066
117.180388429247714
118.954166947938489
138.494294953285760
58.339716572206797
177.411598319745508
102.875774314553524
101.166741243923525
107.741347548617981
109.414127651009068
113.918582606020266
121.998709191201385
138.708945569531465
73.386936165764794
78.966080767189993
87.022369382261829
122.092516876378369
115.141173344041292
99.807056772809759
106.364150878890939
138.670996255030218
59.137389365543399
70.785621096223167
109.506516296268842
135.439864251804863
151.775165797867714
68.531752396351962
59.975781598311897
66.048098143221196
108.319326392523053
123.843351166362183
110.346387386039538
113.162039081280071
103.337278961257567
97.727304396725643
96.929271095199240
185.376180337386444
70.229978623168208
84.475683223288911
106.303681907052663
213.185694434849665
172.806058349035084
156.532830688750153
61.024769975188732
55.050364373965380
65.036295072367054
80.076709457905679
88.250144161052461
91.633862741979115
54.357377744301516
61.707558576727479
70.515784566370726
81.275503516651114
93.306380195615276
110.049839554973232
158.259218968489847
76.610842319807944
64.801585679294988
71.300051639988069
80.806370057581262
92.726664451262565
102.057071233725210
103.675861488535645
104.336791255168620
100.568492952515712
46.028155938417143
27.540312364418725
32.018584394246631
90.023240983470842
100.076507378665156
118.085114204132537
123.021508600585946
100.937349712983206
53.333605861441171
51.066059030836939
57.579562885323995
68.876610006238764
81.948298129441781
66.285711332630413
71.375521306773081
68.972354640732533
68.833967905624093
73.584588343455806
78.943001627812180
198.523404848871650
69.418672424088726
52.487935268535566
63.379885942793564
74.749613107253751
90.234711260351261
100.728302027421975
109.882130882553781
114.056561963040735
95.150236664895417
42.144502474551643
33.546437483556417
36.312477651274321
69.774279214328459
47.999318309539859
86.412676798392198
107.123225020030333
75.116229355551425
72.430988929686364
54.168997301306263
52.937513274949708
55.174341486900175
62.169570423316003
48.661788784011520
57.210301938288168
59.330524955285412
60.763668554133176
66.041165024313756
68.293518748123688
188.060915474288947
85.716196869338859
74.091393876918374
83.755863418554583
95.775389059829422
104.971815947697351
109.405870977922675
121.295058350450432
122.861449437846289
114.755918887430198
47.684595881927095
41.639752692851516
42.604331252943481
66.226015858029186
56.901011359038648
82.859647574070721
91.741977800881116
70.318845203620413
76.333963421015284
71.662164443415065
67.848332624053683
66.493801786707053
114.925737691503315
101.443867526645079
76.302263171870891
72.374284234216290
76.429967966910127
77.046607075383633
74.088304584479204
174.704390130522711
94.954255500707262
85.321570737668523
112.622731747742051
63.202012199134586
124.940013240971112
120.933314790230213
122.253284708231675
125.377216694803082
118.218033541257057
71.163427396856534
66.111281664431758
68.586094174986300
158.418197118215005
77.740949562793730
100.738534136772344
108.880396243731369
78.868334546093152
82.716890458473941
97.902837894260870
105.421306991903094
91.099643602303871
60.446519960774467
84.695482740071384
105.682967388918186
87.963253903816820
85.851663126648504
80.661534732194980
78.957699556955461
153.412175327830084
104.576870624985446
94.014345086092021
93.518294472412407
81.574743546786976
94.836429522830329
143.548112538738053
129.785103259936562
124.538896751879378
121.202862534923597
82.177891353152845
72.095687468357468
81.414206180187193
79.717215164849776
65.448415351465428
108.816044030822979
109.296715396111125
106.880924230642449
86.392393515046180
99.580833900303674
114.172894893481995
136.150730515167169
121.577582690609034
91.618507926775024
108.898944877155657
98.686057988146629
89.235457171699665
82.684217707353355
89.654733030750208
146.633111901491162
120.788351739064993
106.956449007300364
97.366464063365243
100.325271292925308
113.663054094409432
126.468686655136338
130.782273271181850
128.109709915552912
127.991673049164405
110.101112925622203
85.372141554220960
83.626538705091718
89.405007192991462
93.789114727378987
96.592227722986081
128.728048175250422
92.735312512644072
88.919005889046758
100.924684698409663
115.448525649762161
124.495626066660989
146.455785520716944
135.267048835762040
134.622296248645512
110.181519346906242
98.500327158892446
101.884089113784967
132.409275455238827
124.036828729738588
134.090400129054387
128.476481818759567
108.555081644584419
98.151640498424086
103.087203135107345
116.130413908422753
123.856165292232447
122.690190558488993
122.973567294717753
115.177438948016103
102.764648545710443
105.265912965946072
112.893356846102137
108.691140209036988
135.992203453786090
95.794665635093025
89.462465613286838
92.989727703170587
99.088574678418084
106.390085872461441
115.409091153605047
119.005826611455575
164.681096494890369
138.997477791009658
124.518968856859175
114.063890930565407
109.876149771144100
112.553404011233454
121.420747715954576
132.396422894830920
131.401078423988167
108.302640550875424
108.049680294392161
112.082147286459119
116.559756821677937
117.626992192024289
110.532596040801863
122.752734874662536
128.605297171289209
131.943687026105238
134.997337698781905
131.614320834421250
123.310676114597456
113.558215087439223
111.180369792175611
111.043052512456200
112.277955532960732
112.247445014056012
110.774649002797815
111.683424020062489
110.113769033420581
114.951801826439038
148.422210355820113
127.559525920494806
115.359937221433995
113.197014694982585
71.727061527322505
111.998827607060647
118.846897215088717
119.425862673722776
104.957599011222797
117.011681247021869
116.963110431508497
120.329591022543653
120.155371882895210
119.257070094171141
112.228216604167926
125.578086117564652
129.712358456489682
128.701001549593286
125.448910557787372
116.281600599802147
110.756461867230399
109.092308317118153
111.273979971278806
113.304825036053956
115.221341418869883
116.185457486950313
116.679130133530066
110.376199924034353
106.377485470691255
101.168910140822149
136.522689563190283
154.099911040642866
156.241499071861085
153.611033290972642
145.676018050730278
134.364064815479395
124.774291792526597
116.574337698978638
131.575178483429795
131.189112989305585
133.232689830962840
134.970174299764949
132.916246889695884
127.230133508106846
154.797742792734709
123.919821583142905
137.534265826972415
137.580712553997529
128.075598820450153
118.323520515489918
118.919726262355027
119.450113900441380
122.093153603367199
124.076619280093084
125.908559111870431
126.347393441706771
120.397383591078182
112.225708857082878
105.892582057153660
108.399018637104390
141.193590022391703
174.549168414702820
179.105932000100154
80.672587323791561
100.126057473963925
145.446580500182648
126.988886470197201
119.405177102135411
127.915341618971951
111.566119627897734
155.444612860105707
136.396767103168145
141.440040779486026
113.369282772472943
115.552946585719070
139.876296619363927
148.273660059368495
146.284448945957024
134.877887316213418
128.179276847744546
125.220401746903789
132.994168723079270
138.226296172668555
117.851207628997571
144.449187111193964
145.789872146608843
121.138823095237598
128.819343298126341
104.611254769432435
99.431504092763120
147.140885294692879
193.612310734681074
194.334375093815510
114.735533619561920
166.636435483859145
148.930159830815683
141.200788872713787
120.219222701011773
151.345833458535367
148.299304891464743
132.437016890057805
150.901254478852934
111.184315392768809
112.005657768851862
145.219613839283141
162.586702168072406
164.902340203112033
156.781371570936756
142.696741211144513
133.003754767585889
131.919590673186974
161.599084345878197
136.312090178722485
176.471679980701680
142.360177356147432
138.956660687689151
136.603554949451990
162.337010423589163
124.247027679351419
122.364330041591785
162.874464840191166
189.295092600760000
177.642465498610022
165.330635344560221
156.950960954925392
87.257036274744735
141.868983371969648
157.559413436676152
163.310362125565575
155.724322574241540
138.817604734856133
119.998074386351632
114.773510858776007
134.357189651589380
168.554617960685732
179.410357961810462
173.251818702232981
165.083686694091142
146.640353394028750
139.879159262820423
138.988399935050438
223.660934925305526
195.327846211382052
167.683911571428666
144.750113071929917
130.002633591468481
151.194060017824228
186.830147404123807
127.999777649054039
166.509940171879776
171.807989738736183
185.582626438495879
176.291944860560619
163.596516630415096
145.974537440328675
174.110106028294211
178.853248134620969
176.677963302709315
174.834817726022976
174.383938131093629
173.210277851942408
157.023892872740021
122.207671432529864
173.146775635020589
186.710205824559239
182.404643348405386
172.245851924319396
159.728767740721111
149.070211146851534
143.169477048556757
182.895996474092300
200.902442852183668
192.596813600349492
173.466520469838713
154.307962467143113
150.259621628497314
181.768752774834041
179.459893079473289
149.783050761719664
172.790656452633584
180.366602634139127
182.224910247397759
171.386011844765619
172.329160508528616
190.965979460200742
187.723525215406909
181.845182101281750
175.070189512215421
173.772850842633602
175.382577116998306
169.225259171424227
120.676897669111952
183.013440458499304
193.215193291579396
187.898452873571273
177.652897063745087
166.601548864506981
155.941769824091608
150.209541624020403
172.183167387061587
201.262747098793085
197.957443500319698
182.657620063625899
169.238949325466592
160.199414020407858
175.513614480307496
177.876040240552470
154.471368937211878
176.998594982700524
173.243643869018143
179.537707828176707
184.374071179646705
176.823889458160266
199.014492064884109
208.590374221743957
202.464630797273998
193.914724916926900
190.472954496441730
187.552127329092684
182.963367707600668
116.838633210720829
200.178229445428656
210.300064593781656
199.767691083991735
185.485474875008151
170.091116863754905
160.601029592104823
154.238111340639932
170.092414201254883
205.268309080544441
207.602159371357857
197.087812390847546
184.175945837237748
172.108558080616547
189.244327529225700
184.529205701029070
176.686385596989936
190.851408173951143
183.290369846360619
173.000028742643025
182.868655312879895
190.210950774488538
197.381520126392900
217.535531369564239
216.303956184643539
207.759410852818291
200.145913047184052
195.226840173691954
185.467245294251086
126.195232761605638
208.831347870569800
215.214567048839797
209.488677151474633
196.797031433130172
177.419959408830522
163.190518476162339
156.582168781517510
156.534612304113466
196.236299194299022
213.615642163511154
211.517132318831472
195.696898610943151
185.312777701618472
177.063471617214873
186.502674250661926
172.481813872051220
210.814117625120076
211.260617857434568
200.850282242193941
186.822625898349997
185.445032741886990
197.851004011377796
209.833967864907947
155.014623660078001
190.434402205383833
222.946056448087802
208.101787407897319
118.283956245220665
186.039990465112055
193.676760695811282
191.361142077105285
197.987570461225999
196.035493438968274
159.044072395039819
198.001560022167212
130.902217768289603
162.482399896884942
192.610578392292723
215.895148238661534
219.328407283975423
214.384951703585728
201.149806752235122
130.567878109605687
201.494444975580620
175.477016435434905
221.282258496216059
230.104296959522401
222.468624337866913
208.963178732165773
196.771577598395339
153.584815858118304
205.741903184728699
201.337894913124501
198.748789426405637
176.090472171489182
194.960033426756581
197.768662303662381
186.719000833311725
182.151911285548380
188.452209894272357
193.244384329514503
192.341246861375396
185.576007367532469
179.986701601433850
172.499386333817796
170.828862284133521
168.969124903685497
167.660691502546030
211.106698690017083
214.136819940907571
110.090417274757314
189.117592281465733
190.339071640897998
192.690624516324903
171.806407301149022
189.386194370530234
195.482539003340918
192.769942455654132
191.450987617626765
193.238165254902754
166.531121135876674
231.480828537761539
236.979612769653244
229.839849705835036
220.123547880908234
209.896253468138354
200.454201547779093
192.927133281869800
187.010923586725596
190.464801205807817
187.607981945999825
183.246078047985492
178.288358264859369
172.944810310457115
169.167432957763822
168.733794569578663
172.621547294567620
172.765467664692920
172.740714421091354
175.752687667047155
178.470102211383221
181.547554419378713
184.444697514578451
183.198430749719989
184.694918287846662
184.373272376050011
186.418843848774543
187.050429303675259
185.540165690963477
185.157329411213539
160.911814685221572
232.001519832234948
236.666331174049930
226.765705654892827
217.540375963863596
209.983055867649767
203.627585805268325
195.935558702908423
190.294995349364797
186.543987624678124
185.770853521125645
182.784862176897718
176.558763532973273
168.989097333129365
168.244428545956566
170.025725647043970
176.442687544133435
177.401462034359469
178.712201000958004
178.433477763607129
180.651314071672090
186.790370174906855
188.704802265681394
189.050432233227696
187.009080409612295
186.458146764581215
185.564184172696116
183.381432345932012
184.223177191229325
184.753620722450762
157.736094525072502
231.696937678166023
235.075257905192530
225.360490931448169
217.043681863935745
211.203413351506157
205.204208154005812
199.375260617967484
192.526856440257291
189.429792873494080
189.623589288903986
185.860953787433118
180.117361192598821
136.115306751703969
164.377213814597695
175.358229514544405
181.468489732487711
186.300702341988824
187.949789310648157
186.285291267974287
188.603056914534136
191.183334858006361
194.102687629102519
193.220921203037676
192.587482596173061
190.826590129901490
188.756595053066178
187.588411794926401
185.190760273591309
184.635538606661839
156.892446234093910
231.710109881508231
232.615563582239218
221.908647916954607
215.670613948884551
213.309555093027541
211.276422911764740
204.839145644322656
174.491786515390032
238.321299347701427
238.316173538191265
213.020955628184083
189.506364865215630
119.981738677817177
152.094024066612690
221.475053008230503
239.552551178520389
231.028388115637227
214.809357609217955
201.868137114633640
199.234903234515201
199.515607155502181
202.092778652121467
203.463364981989855
126.559696080744814
178.949521240990379
207.117605207245361
206.914764951271025
200.558180155368802
123.333145226705426
174.405877898707530
243.565856125137458
242.282294098633258
233.407980924949982
193.722668571955921
199.980237510077274
187.471585144934977
234.530819816005192
236.830538275455382
234.459134837511584
222.005394984318428
212.374852847271512
196.672115898749780
194.300523668571884
200.955127548187846
196.716886045889396
242.585763318192591
244.509009644958326
234.202355380858762
221.874304898055669
212.919772880205073
207.146759254627341
186.203227401763286
226.758453655059583
173.750544558811896
222.696617257842973
227.511401502431909
217.701693608947721
204.715332737043724
159.294223655594863
186.495668615726800
239.234771021972392
216.291607089300868
241.766651719537492
241.367798935692093
191.262787715667912
241.626299389229473
243.292536767701847
237.991485655199909
225.788599624376644
214.480656527760686
205.440883390589903
156.670621643386028
229.914769602949320
229.041135022921821
204.247746391229498
236.370107464906852
242.418994718001642
234.228095637827209
220.201290274128894
209.079753329985749
249.098706227039713
159.441190241286307
253.216876434658019
216.915495008083468
235.478105537285273
228.713168413875451
213.975341940051976
156.460253385892571
232.422827697019500
179.319556528273040
229.918542341074783
229.261215915744600
223.499225929209558
191.452761455009238
244.730026327504646
252.366110300358116
244.309803153618134
230.938199174219335
220.885361594899507
213.368937645446266
145.724581094661431
219.883422204562635
210.358177347118612
201.960622319901887
238.163314939529016
237.844389666018571
229.395412689821342
217.701550404756688
210.524746586565783
221.364283067657254
265.423433899142196
257.064606324053898
237.207847716506450
202.304527083674884
235.596555331198260
229.112711691465677
216.041441604233796
172.109665705709403
233.084823566862894
162.741103081481754
85.287957600034758
99.130786960830207
122.122044249691541
133.566199341461612
127.102054458123533
125.736946493060046
127.475406375914901
131.571068916954033
126.701445968941641
120.886783832492654
119.763984103917750
119.719012920885049
121.569592482605799
123.701815216378279
123.499526998387694
124.674155641845331
127.639443820780684
126.832321862389634
124.995471398837395
123.723642446115576
124.672510386799360
123.401665206812766
120.391834549147418
118.480692524609452
117.743195548591487
120.176372595350713
123.574171299485101
124.264891514750701
124.183981712290134
146.526131495556172
84.986056688037266
100.449274731140520
114.759521033810913
120.682143315708259
112.570131955305726
107.428106022259911
110.737480886850690
118.909840839148373
121.103359645207803
121.226103621304730
122.671704361660346
126.220786065164745
129.670363975601191
131.416872994320101
130.161119316450026
127.727943383968864
128.264664389639535
123.735161750812296
122.995287824762443
122.422457936419249
120.908860519896422
117.160022500803350
114.107031139987072
113.028106754985117
115.589841793227890
119.308818698857664
120.616845622408960
120.801002688635748
125.907036716384098
147.107472476039305
86.639583065175941
94.575178204033577
103.046164399860686
103.689299011207424
100.079914130194680
98.638085514143114
103.602168178860012
115.374813181263349
195.090741965089933
109.802503807089479
121.220949179288965
130.693958071838608
140.506661204743693
171.497120502372411
77.755671858415312
63.768921135081044
70.436093323198691
86.792215240109158
104.073151826475524
111.203005609446905
110.180631701166277
105.516731967249214
104.463239600238680
105.442745870004103
121.510751434747732
79.934226810641618
151.218439998572450
122.341649009899839
126.301413731714035
186.875946345156336
77.421172035739062
62.233443285752230
67.981937755911986
83.808660712852628
98.858727269872972
106.493875604080927
110.707130920645326
81.036407498356724
83.714869394410954
89.026510137641651
88.514354256434629
98.966236925574322
185.844508478641302
96.057413813508205
82.075020269922021
87.095848470846150
98.155734426269845
103.804695254427543
105.329768473411633
104.855801899332931
102.662206948137452
100.588287827269994
72.823832378450604
43.718104235807658
47.016626516604163
63.835904626493857
87.804328380202151
105.386336540832190
116.811894658553356
144.701046422136812
54.038458369331607
40.800278229631360
50.888713402502674
72.441618199862447
84.030401217358900
51.726391301171617
57.466163054069710
71.717340964275778
75.807867694452355
76.870550239468230
77.346000738052908
90.185312189230530
191.595938351181559
91.675969765566009
70.942973661976538
72.412933669914906
84.486218003103488
94.403077320935196
100.301070477758131
103.227604985861888
115.440041054712367
38.804624578500267
59.585240718934500
23.012240830657959
38.214474081865475
60.315747386214468
73.497683642120450
90.705835959153262
116.848256206146260
73.856880047257349
50.855278250634996
51.592980497724994
65.551267058434263
58.992628549368732
35.358942088057987
30.391240870943136
44.914934509109600
54.562119175774114
54.863706607429577
204.514646970925781
112.306142398685012
182.823252405040876
73.123832346424450
55.886192991458131
60.124721426019306
75.915594058052974
95.044687385782453
109.323057320995730
114.517406593841457
125.869967672951503
52.932948957145868
41.500204767543039
43.054179917161747
41.006143675861438
45.896612882063806
58.933453574741065
75.123708886361243
93.873039029841564
65.356027766327884
70.098301748806335
65.576336258570990
71.329065446029574
79.474621746139178
56.246517132394558
56.694943125352438
61.390575609500019
67.485497710223825
84.718078720668828
65.810816332984174
77.568710219739216
167.955592262177561
82.654926337321598
71.148510865213581
76.790447020558105
92.153482639315882
107.715832654525911
116.797402806518406
122.948966120052830
99.286419780096779
64.766040455017631
63.551965615207877
66.523268820103326
65.811398513840544
67.089871105980208
73.453369716473176
85.403571524612957
110.465591303601400
71.038161029336365
73.734894260493689
89.318496113052362
87.312158853451891
100.333887840463760
79.673204890560015
75.400738335495831
78.989886209064110
85.410433717340311
80.416080980354806
73.946493948273329
86.376143167727363
150.213824706561411
83.526002137097791
176.173566783036563
84.224766101045248
98.446469488535811
113.325006482200564
123.665165213505773
130.270204113937979
102.102314122700363
72.175808931562656
65.913233053149511
71.216988870291956
72.638110162699064
74.239205282023818
81.239969415291540
89.986742290368881
127.875635224366917
81.586500120826059
81.581593604137453
94.055289057547725
117.105296129681093
109.634267902391429
97.041813540667505
93.434941446096644
94.513516263977166
95.211817034618576
92.736736536734753
91.651351197623569
100.925383188334422
142.822490264299603
105.718564595018051
98.924557240862356
111.140533454886409
125.982087582840904
141.004917307296552
143.933194152093932
139.409207775883885
139.345432172620008
98.898004524251988
82.603674694110509
75.323232690575736
76.118726786055078
79.173799778515658
86.459336615292145
91.602141939808249
140.228196136622529
91.791469002447471
91.467049195364240
102.262037161028232
112.270468166248108
130.563701347825059
105.434898717919197
108.940956462336899
107.849739763374615
101.229598215717374
102.946553932308049
110.016847767596730
113.220416753350889
136.448642388134999
85.251725966547497
69.207943333779880
75.631076918320929
105.221881353798139
130.120974164810519
139.981714361019300
145.543772443433966
140.718419360165257
115.943301499940290
94.344373595125958
94.245534866161634
93.991563885201430
98.650756278418257
97.974874302392536
139.906272904499303
91.937061844007445
89.085400585395547
95.238560531488048
106.309760134579790
114.501255512678199
120.781555549232763
147.446174837667485
141.808907511466202
120.265966384647598
110.855777468677914
145.763202094092122
120.181116823629395
113.607706745087768
121.038636770801048
125.921233612475490
84.818719938089529
75.762038371347032
92.819990392886481
116.022916177634386
128.234225137133961
128.927101665894185
132.046781547562148
155.569637288861543
112.923811446914982
104.545553384222345
108.786493850056530
112.298440831552313
148.690009053401951
96.850011836368054
88.623436175346825
91.836664190572790
95.679013220005743
102.688052203158364
107.853195250275107
113.974444827150734
118.577968361056122
136.171451529693314
121.584685229047352
114.133653071436271
114.868847435280074
115.250648094195810
118.866144480973460
125.334774640242472
146.555062610382947
110.698335622286450
100.198713692535293
103.964388062649917
115.156011015602388
121.959337818939531
118.783095889608944
121.316181692142436
128.668662041320601
134.115314835914575
136.348943202609092
135.798459310632893
130.862407270943038
123.962484319915944
121.857996941908624
124.909738802951196
125.244571393081912
120.769047730935100
118.073192585279571
115.087524096116937
113.790937514295763
112.883160730664713
110.593767100392640
125.428667364266147
122.104187234503868
119.919052808809681
121.621441599855132
124.619523856316874
125.488554096351592
128.252179080749158
123.148457690990995
121.413067960427881
126.739246232515114
134.333114563400670
137.005701408868759
131.503063797279566
130.279017397265562
137.128610114989158
133.359540950831843
128.561385074794487
123.865764350793697
118.963122547426195
115.187679131405844
116.867186811185604
121.178044182152561
124.482021885109091
124.227397219366310
121.153342013644178
120.730122562565199
117.675357824885069
112.709755572277984
106.435155127526059
108.760598095461717
136.311087846977955
150.750212351217783
153.915986972697397
148.546221257574842
138.078780362253354
127.611848418323774
121.356479983358241
133.007584225547561
138.511716324980455
144.514045215726441
122.777557987333779
122.573056480267937
143.897620609665978
143.853487024832248
133.788605458038631
134.506338379011993
133.808423154095294
127.098333523484115
119.328880609996446
123.463062375378598
128.258070424237758
130.755174027282123
131.976466161945183
130.118766779593756
129.464564386780410
126.084972779364492
113.817841671573589
163.678640803587967
176.188243824123163
150.200689840448547
147.114380688433357
173.405849358054269
169.317013058401898
149.451670423822037
134.456214413596058
125.275408697997506
128.715425595844266
148.284175450427341
156.810627843705475
135.343787445807379
105.464198226874316
149.051348700314747
144.983406537243411
124.126118012244802
137.604055399423004
148.024752343619014
147.835464544146333
140.082150452919137
136.942053962131951
141.274265593699909
145.486952743291226
147.601588521700791
147.025890474078778
141.643866730323367
137.231269505739334
122.049525737337262
161.637064104475144
171.598175547565177
168.815512057597630
181.329059686204715
164.779126807791641
181.724009204972333
166.523901067552970
147.379338441561117
137.909152210760396
135.234148718282000
179.745431991293231
146.527204143037721
96.232415226171867
165.002209119701376
161.267601376704874
140.310441233554457
128.902802210789787
129.907555516369570
153.706695502211204
164.470086972168900
163.971003962688457
151.667824952720053
147.581994433352349
151.551508756944997
157.512289021623559
159.008288004557215
170.577608839563680
153.519187043582150
122.420864058786393
163.727253399746360
170.011827995739054
168.957150818861521
82.983247193593968
197.504078060365146
173.954721406221239
181.364896091700075
169.292744159406766
155.293492105643537
149.046119237228368
113.188841113660416
161.484069430138248
179.901130225532881
176.181010245113868
159.573388867528166
146.034606442163238
138.042164902098193
135.238364283976296
141.310164613427389
169.613766299650990
178.095192131995105
169.415344479156460
158.214043505057731
152.392274904508156
157.035748196093380
144.044461055561868
170.467267859282629
166.460593166261106
153.502801382460348
141.111507067362226
159.942098364743089
167.319765455612583
164.437621432275193
121.543136163254132
125.297730279909658
175.972466907928549
179.103015724912922
172.168651777334958
161.008190428916691
169.181465211191124
192.078266297432805
194.340411184403536
189.887122811153802
181.118865020263797
174.505902174378122
168.725510034087989
155.598897329638532
135.217882918690009
181.755925539523560
192.858537529604007
185.463748770526536
170.463131812856261
157.224180325887005
155.282506699643164
155.128105022133525
156.997025073868627
183.026128879343759
177.410025738448724
164.757165301276757
175.686999770810218
176.763685693196322
166.849775711278994
156.224805006873851
133.306530748571163
181.834035937119353
177.678619429160477
183.562192751609444
173.416430153335284
171.300145537727104
192.771507278885622
192.621002324194961
187.799424680926023
182.980626318160603
182.347997355819359
176.264765623807051
163.155025073490322
122.007467183986051
189.922459635814931
201.718297424532921
193.910399277999119
180.293956253976432
166.588196147192747
156.508248999569048
150.007968727686091
171.729139426165887
200.609173240549268
197.226533127278628
183.700036809645098
201.441438499280991
195.438612364844687
180.011936733844323
167.085205515528429
149.178368427273284
183.885859280572703
184.741462178966771
178.435574518054239
183.610917011266565
177.445443292812286
200.962023558493257
201.185900115685683
195.837894103829626
192.051459062222165
190.298432600496426
182.735663106033883
170.088228210626710
122.054904391960733
202.546039314268427
213.219974009139236
204.134666302162941
187.177165155338287
171.236179020387880
157.802352987342687
150.555815793182944
173.340977078307418
207.015333576474887
209.381834814333416
196.894381356964686
180.751147211887030
212.676006954403704
193.316372628727834
175.266495097065615
173.404784740089582
194.087593676413576
191.061890139590872
180.151257468727778
177.156843568893237
179.543662372057838
211.573089785999798
213.832162045885468
208.749154352127590
203.639906302514333
199.190640523442710
190.111464585431008
114.918581620956061
198.741918925880867
211.549968253625337
212.758134448461874
208.641821088135686
195.782836322112871
175.271375463169278
162.326040587944902
154.020012223961970
181.670616650302804
209.952124598585897
217.764020554186288
208.340478088076225
190.648003155162684
181.180111100593251
206.440087548040566
166.818926884744542
215.949294593285714
222.502958640061365
211.625459169519786
197.189532084786578
183.100779156820693
159.619554891969017
211.371479350730198
228.512607251108818
224.093400821898911
215.504209071710420
203.238548908705042
139.512083377154937
192.582925880117983
204.083530842080592
202.411001804170070
207.118722526660235
209.446982887162676
201.904506723993762
188.547488139621493
172.082441518573802
162.573340733189639
159.586673473906217
195.128104174037787
219.058887513901198
223.001821976257929
212.098222423708989
194.267405608510245
121.956482629052999
211.280053323312416
225.741433392180397
224.413557830306615
219.622075471958112
205.070019559500764
196.547219725596335
190.686376304886977
159.329456567217875
206.190932152011499
208.923857941602819
207.390045175268256
205.483710123276381
202.142896226620280
197.382147908594163
190.600219476453276
191.421887158935533
196.272463996125680
198.436974728470432
191.206390151147843
184.013925795487097
175.810802324500997
168.642192083515681
163.484439789638515
163.323907409121205
164.483531038124283
166.614039581261267
170.574713569077318
175.266197808304469
176.906908136969719
176.566443997582468
177.355401532114911
180.841882627191723
183.960129226516955
189.909998297999266
191.093690964487507
190.753261159598111
191.655515560422117
165.168634519660742
228.874582695131920
236.925343234094214
232.116657164555647
224.074666637295167
214.487644710013058
207.126691446284809
199.252565813815011
196.924655744373581
192.952388587684595
192.645735306967225
188.160636789024295
181.055192175530351
173.130668084688182
166.254311455842327
164.557764657760259
165.876871216143996
168.575409187236602
172.042142484334761
172.420126719966134
177.105345447263176
180.102320344679015
182.762206870666262
182.972698468104937
183.353812607817900
185.430830366836460
187.644129760129090
187.550685690250106
188.836922929027480
189.813169732240254
159.357322586301763
228.187338934296292
234.230030744208790
229.073981906826077
221.140061872352049
213.917087200907730
208.413900885815451
202.675158479599133
197.725100552422987
196.725622873050867
195.768673718076968
121.393060876470457
176.682626480063419
179.192654071946151
178.158787991429278
176.268685700951011
118.047506050070496
204.431352926731478
226.733777304852708
224.830037418349349
216.424620365585184
210.125830812123326
205.333480969044473
201.143900823699255
200.607423691569920
197.469925658660316
196.230353539481285
196.068828043604810
125.575898543055331
169.000251358787580
151.478233797327277
230.995668721135644
237.079904776762959
230.018070631060652
222.104768416081839
217.345717552773294
212.057685403599152
207.266051220308213
203.238306267789824
130.513155859425268
195.351744831742138
200.392407487260954
202.656852565162211
202.142740882396737
204.196906653816711
191.891996548104487
155.820421623890695
221.598485102725306
237.042433565916866
230.741391194279743
219.293462010104747
206.312395172358208
203.758016974712064
206.120292531275140
203.826686228057468
186.386675217541097
225.607615738958145
231.681435402014358
223.315372521634629
212.499443568631989
173.451246904427364
233.922181465210031
240.150814326375581
232.513429490336989
224.702997480091881
219.814410712819836
216.473043422027928
211.595650504749386
244.900711766780518
247.680964798937055
241.491079813014267
232.382310275014220
212.891829323421007
235.755390929886630
219.211975020043553
199.986584523401518
184.439801358952707
234.926533048242646
243.735950171016498
237.782683142015912
225.858280538504914
215.282952767708309
211.108232260584771
150.540225732608690
225.991743582100582
244.700964387909863
241.871790417121645
229.351378981279510
213.299022352008024
133.228140129702297
183.351104164830360
241.764117180256818
244.050899976652829
233.626368256518163
224.440928010842526
203.316614208319351
247.856607034958529
252.665045490677016
245.385799022015902
236.624493115451600
230.525838737965614
216.248093570597632
200.074876322326816
240.340514954219628
223.421162650857383
190.328353411069202
238.912592373824992
241.390256140842865
234.550290474066230
219.766737791438061
210.539103316730518
228.811046605106526
248.900612609615507
239.769099779556768
229.048485177840348
243.256243985935441
234.944723285086212
223.019915983406804
210.299672485671238
170.484540771113245
198.523912762284851
238.365187574980837
236.943198612899522
225.537925164217341
189.381879476406027
245.539368274920434
253.337429401829070
246.001589089196301
234.664052455913975
230.989273489519292
222.560699101548266
210.749522509359451
246.466136129452906
231.978758380057343
210.700425045929677
206.287404438419628
238.987775286121973
239.377714216365149
229.551658507599342
217.410432083681911
258.856787253435755
269.349660085047333
255.052027605151693
232.354044929895821
223.302035353390806
239.066315881256173
234.648433716172718
222.554471661161301
164.120415799089756
175.239833621638496
199.380769328427135
238.766943757801812
233.227225048543687
182.030004929444175
243.658043084296963
254.893658146301306
248.606007649755441
242.628225662620167
232.999132047910962
226.631666604791121
173.532604141798572
235.463983567659596
251.177987057599125
236.544257612564820
199.829764458889628
238.983261690297525
237.891548232382092
225.717857466497861
213.964096017695113
222.081233805219711
273.011187015896098
269.903314710670088
249.939329907408478
210.698175151401585
242.726628939212105
238.493454521852101
228.990847012323059
161.337430181621556
236.392517162866000
185.519645145931179
141.807167561450143
93.098407916944339
109.946142882780805
124.663178829450445
126.951564730946302
127.655251446566552
128.945660585412469
128.005635262086287
123.596485726157908
119.164577026636380
117.413709160779320
116.595182148691833
119.653704898896720
122.937130839819346
126.310903494640513
127.382821939225323
128.988626534724602
129.154812708649132
125.277225415752852
125.351816903294377
123.866789342776258
123.006259744780181
119.971359784019342
118.190599174768735
118.636530627955764
119.963647420943673
122.416984017986309
123.239365319851117
123.351613526702408
125.407344169483480
140.897564288572084
94.500301305391062
103.652482063978894
116.253470659403717
115.031988201750110
112.318452307413310
109.283743548897348
108.472070804530787
113.990821742991827
117.055438064796462
210.274807018556629
120.080660541435179
111.877333349450609
120.513506930931470
199.412653665183370
112.948017268969025
95.823007275756183
93.591114450297695
99.322416327856715
107.792738326377986
115.499269741155103
117.926822000830896
116.463765943925424
112.474241247611957
112.521421150141535
115.700422656552519
122.665543783509293
110.767856416860354
117.206618666959542
126.021050566131862
176.131591262756984
112.344429306745099
97.306070433087498
93.841415350982487
92.990784856649810
96.894575023188224
107.260704071659490
110.930471628718720
127.248074821974740
87.160489987430225
81.572312203509696
85.925151152806379
96.642682784813275
112.449038617302989
184.645093659701104
91.547820283195378
76.868285352765696
80.810742342400346
91.508622755290091
100.127900620927633
104.109938364890695
105.962363439963710
105.500177300084573
104.803338094496524
67.898513957584669
45.935150785787741
57.446905087141573
80.135823785034944
102.905309983171961
115.493782039467121
183.498216274502852
66.033637208409161
47.662197133407005
58.147596110870708
78.567747298776425
94.928090701678940
106.587223235823188
66.968555658346759
66.613457686204853
71.895289797835133
76.356810551723783
79.217897160365951
93.461544866663615
208.770708952239517
103.972070978899609
83.814102151552873
86.420257034999892
95.411047304645678
102.698263943140162
104.245152392222948
106.507017616119725
107.557357259193196
89.237288411495669
41.196788473483650
35.643046536926732
44.011038146121592
60.562830435813368
81.316903126275236
97.223620977564039
142.676263094311906
115.791417705673666
67.047338582326688
64.060382734862287
71.862078403092227
80.620137228772791
71.190299213144186
45.364391636165266
43.608589945060245
51.843009338898838
51.621275130153904
203.103929302679262
107.188239502232108
110.503850928564759
174.340785213074298
76.274346509167401
60.565691955081263
67.013628248470354
82.080631180309013
96.809085935808795
106.067122612072865
111.497099308986833
88.186629499629660
41.729624928477534
29.750624882343217
33.551009828277785
38.242790059408804
51.337746945622172
71.170609844473674
90.539616686670200
108.524877135036093
83.859599083707678
63.804129598904254
68.051552412911860
86.943723872275996
56.210329814954378
49.123933702787241
50.906263054953328
62.033372113854739
65.899881548493454
51.693426969674803
51.309809016014881
76.977969588801997
178.815488731989205
82.857245346393228
71.104121354875858
78.272912370448026
92.232499040136133
103.708167285384349
111.616029692665819
116.034524747245086
60.341180929505768
52.986575124363114
55.023553154800027
59.288899514586134
65.149761126318992
67.420625786758862
76.245059459518984
87.253341829765930
97.656348283001634
69.705739586115328
99.418377752152892
94.306011178793156
84.483853339672393
63.690295509268708
61.464423739908341
66.678874040614616
72.428453955775453
76.610986757639012
53.803043040577620
56.836388977252199
81.142571817468735
152.977100814473317
80.696826357824989
197.709965462053503
123.486618220136464
99.309341382093635
130.417126931402606
125.928360157171795
123.725042945992740
92.770271104765399
64.402748782883563
58.328612164324142
61.753094550699672
64.934855281465147
67.500809793309628
78.516633064644481
87.034459996378217
134.049400896593340
79.899002608870092
75.953401542500757
111.146498921705188
106.134116235475219
84.854587940338590
79.812328926325534
80.772140380711065
84.752328308254192
83.746567172338729
72.856403808130679
76.275209424639797
91.201846345267370
137.510233785646051
75.940579148162811
75.325152944586875
81.719124052082307
96.311168127667614
115.116275177958954
122.631561731676214
116.155024232685747
111.195079673985617
75.364076527223460
64.587454702437071
66.391268659772081
69.166352510962184
75.803403041944932
85.129830574508560
91.846019476497347
140.682831405667656
86.609866856285819
87.649342190998212
97.910665737402766
107.522236120165331
93.175253774728446
91.108082677605580
92.617843447400006
94.316559748174825
89.343465093506140
89.211050818858638
94.573591731216240
141.075986156073782
105.964581570782073
72.685645482806535
68.865852705917717
73.811472492638870
87.777234309540503
110.627378216273868
135.289399932881963
154.988909214522266
125.977749889344040
85.346148018276338
74.974017830948924
76.266734099608982
83.174554166083752
85.429455258225758
92.852706362885968
100.571161595865988
89.407710332786507
87.710917646506715
91.782452922076956
101.810437355525664
108.132787976832503
141.883073824746305
150.939105157143132
104.063717358431219
104.301310338426347
100.576426877032688
108.929415642566781
126.748704918176884
93.030927262606497
148.559351285596307
97.419318773561045
82.110987840239389
76.233530492689596
76.758209673702837
89.909243505437288
110.961811810370833
131.523449136832767
141.363747812082181
101.498139106780457
89.286034689083721
93.102556174076199
100.018113958705698
103.062617654707907
104.566224685097723
84.682841506831608
88.341651116629151
97.490137852408125
104.153473065897600
105.334759360176946
108.527518326796169
111.943921940003094
100.576676006184471
112.239188990620249
160.451222705132210
118.817580519561474
130.096116822202248
97.863411772650494
86.908621089857263
129.523389029262347
111.858843813831186
103.609794158010232
96.976745589882213
96.080668845467187
100.837082353440564
114.107312849191260
123.597047761912506
133.104271001129803
125.106521176110135
104.269618477425922
99.820993545664791
105.466678057103152
118.269685737325659
98.235909875083308
95.152013103237593
99.625432579914786
106.128551748326416
109.707297759339070
108.526956660221913
107.008981768008667
105.236867396479653
73.870504163065760
156.563133554174897
145.029921484128636
132.607561491933211
122.455324358426935
115.907182835444615
113.516897658892788
134.871847121495193
125.198000440053136
120.585477003314537
115.975294210323298
112.397529001078595
112.249145188012321
121.621641400715347
126.273700775640236
128.236149716138243
191.209754025207815
144.061967542851107
118.228190099599288
109.537578121165836
113.154002367294538
121.363229751747127
124.546781247635138
124.604250868159596
122.620618207978367
118.632607432601731
114.130309007257466
104.375771096838264
94.559474010348623
92.423081240025965
106.116665959067774
100.900567911739898
119.020022232745021
125.917971002633749
129.110256533611903
129.129392934776689
127.089597031417171
127.446156408625697
128.162150838605271
127.986261288296930
128.022561609585779
128.622821575512290
132.431155988323127
146.934989434048731
141.481275222561578
135.306360677050094
152.136813806047314
126.887130775940250
112.701464351025692
107.088758040083007
112.085201272981223
120.289614946041979
125.807788692308364
126.419823806570690
129.902958150795513
128.144669340756650
120.228513520704439
106.980660245938310
93.976826983206550
119.381116439689606
202.964062439093908
120.316702508467287
142.943886556206735
151.200041326937395
145.527604308277404
135.388878550110377
126.452079997357330
131.410296327482115
137.985586226834016
141.704605592243638
138.944534839275036
125.437178151758374
123.278536546964375
141.110511802549581
142.615642137902285
151.151873384111809
141.934129503533143
133.797467027863632
123.593638156224927
118.747669989177496
122.122132423938325
127.427163751627859
134.488593716318519
139.581620264486304
139.744731425173683
135.676074663009928
98.056580332319612
139.482874582119791
160.718322496118276
171.213989233701540
175.807270147141878
136.018985112118628
162.391710499754339
160.583057791646695
146.534267773486647
132.753645946890231
127.257742620684425
141.304467366953105
169.352707027201518
137.179282725063587
92.458913039445662
150.531229473474326
151.167260808099684
139.954124117923442
134.384420036050699
147.862541955478434
160.670614744537062
159.154488722642867
147.419207349946731
139.611600933318073
139.422296294956993
143.379423951063416
147.832351739186009
148.634490552374416
155.177519622754033
101.802293578696975
135.458789028318279
150.665133372814410
156.886476047949884
149.992572537769860
167.397043384862400
151.382197917839704
167.676980786461684
157.308435892115398
143.585994368118207
141.261360425289865
184.744117285973203
96.615807177708518
141.422820111547338
161.464895903499666
164.256331822937852
155.836486326134633
140.828612558667913
132.911862470707547
131.766481483618179
163.916860127545419
173.290895635016000
166.501311457251234
153.840607588624380
145.482460784998551
146.597319436233391
152.176302582134468
157.036916137711358
153.431105092238056
131.253095270170320
155.542269054282968
160.363835008677853
159.615694085077962
160.908587987487635
102.553922921386487
182.911250077299940
163.702758604006561
165.381783224805986
153.253103933962080
145.952861677537982
149.986324327565256
164.887942055076138
169.085269094382852
170.471446041238465
169.537392294261537
163.552203216352410
154.915885549944903
147.951130867523517
115.306776569615451
162.969689905607225
180.697963666431548
181.493708961011464
171.908944623503118
157.534068594628195
148.467720074034133
151.338611178343513
144.899334461803051
159.674646445749346
157.479488293975606
159.897431304808862
168.696863881634073
169.028671035342512
163.720765994815480
157.726605653475588
88.556287659964653
178.669520863788989
161.937974959880279
165.095573141414860
160.105155009976755
172.724634172452681
181.453402213839922
181.092796969418117
178.508364636995140
176.224912053945673
172.472858040336746
166.047593272912223
156.499487969163283
148.747014858625676
151.804380169955493
191.534578801052675
198.614605596929096
191.873333091301049
177.163475711487621
158.504078073918890
148.089886761096892
153.503746153153031
182.077837439451912
179.693201604655428
171.001918837337030
181.469489883180700
182.093882850213561
176.192442136713737
165.475034713715644
136.740411243065836
136.612634614819598
173.835674963114741
173.739480250368786
175.350150521307512
170.929086254260170
190.607937360573715
195.750654160558895
193.573918120894291
191.105303303085833
187.927703818325767
183.002575956050293
176.358304175120992
167.708703198653211
139.599929089790038
193.453061597490631
202.409139838347357
195.733410840679824
180.327160798502433
163.176176539357300
146.858076567323366
147.478127014736430
187.022961693638933
194.124481872830984
185.918034452885564
190.637208470554469
195.616418731061003
187.793100515372686
175.311628927828821
157.676973827681707
159.577073839182248
180.953568613105233
183.006812708243700
174.296648288235986
178.975354183177870
199.505488131760814
201.420105849501425
198.039493194003342
195.543771659176031
193.106570874948147
189.525594046975954
183.423735689903168
176.467313407678091
145.340548912351778
204.674397294335506
213.373615219486567
204.982811506254393
186.214367252640301
165.242781275913927
147.996656552154434
156.670127790960237
170.267742294268004
201.715183419923392
206.188315505868502
196.967308232119450
203.826522513834448
198.967087135325556
183.864444773433007
168.661701068694867
200.072638770424703
198.870141804507739
188.920329498573437
178.663835867685208
164.286222043483065
196.497189628104707
207.493907530129775
207.151096018719159
204.386722497341594
200.782797896184945
197.481727522013074
192.056262396334603
130.763732782382220
206.265796522798723
218.717695178198170
221.200949350967875
213.891872022632185
196.130539003441612
170.272533409270409
149.799640108985500
141.934376475641614
172.977495657022530
205.531425796622017
213.442946368587172
207.882354333545550
197.758201852750858
191.490338768626685
188.451361376785599
159.575615713452464
215.386943469119188
225.376621987471879
215.178884278364535
199.688449920115374
188.804085100304661
158.118658510200817
216.869021157539322
222.062923157249941
216.668221506535588
206.431942435265086
135.194882636187316
187.813424479527669
200.682923984413407
200.403082700998453
202.423920243922396
209.140395972144375
210.426081229044598
203.237456216726997
187.399170695061486
168.761889096964012
156.865353244240339
154.581682213824621
188.588863944802597
211.395103642308953
216.821505470578302
211.224382432656512
103.232118843400798
191.915129948636491
211.307949388948913
215.281747241746331
214.614312460406950
211.087318387004302
204.572929641682663
199.050313191787296
197.919023309560089
159.667747781514322
221.619025368987650
212.244507770489292
217.657876354346826
218.008540934164813
212.222853208052697
207.440194446271164
202.487906750402999
203.789931771051357
204.074907883345077
203.249668280544711
195.067492131399263
187.236606130741507
176.981858130685595
119.254826696504821
133.157896530238588
180.266415305158574
131.410643812553900
166.419905153231667
182.438750006508172
187.052061887648165
187.543648591942741
187.777128650467404
189.098345614534679
191.019150497332561
194.875839024299182
196.342658235473721
195.997695325101574
197.857851261504351
200.097977863672895
166.090679820397440
222.920935591888224
234.034593552418585
232.954993313439616
226.239871290544443
219.473804893115272
213.472171515330587
209.771328507072383
206.827165314268029
202.092440939715686
200.716001233634273
189.555191130729042
217.796575551407045
205.055761561128747
186.254016383331532
178.162875324028647
177.340707393063127
134.598968092711800
209.082124620152399
230.959246491591557
230.152968750329933
221.498006278803302
212.561192990668928
205.627774467019947
202.281627427861906
201.216757212594018
201.103659786942586
200.406062094800319
200.368745024950329
198.008074557014766
161.346165627368322
221.779042104347837
229.128499951150104
227.463757258832175
222.525610527914296
217.664425286952991
214.800454140848444
211.209166570801131
206.940470611003207
160.357872206135170
244.891058211775544
119.393854537698843
204.739675888268096
215.686107778893756
210.468012224331602
163.626804486460571
177.175294802492175
159.548662960863595
215.891551972203956
229.407021241563314
225.391656291413568
216.184844659700730
210.866883658182985
206.392304492150430
203.580985419843842
202.425708341088551
156.636471714040908
207.227919735266369
219.635978706446394
217.019909397235807
176.741121786111876
227.934315905013591
236.396884844756244
232.611193964591763
225.428753700063851
218.679428172971399
214.744949531486611
184.934655262747356
239.046218351377888
250.166316311579919
247.206890601753628
239.129700772314493
227.111304218139850
204.435076661059213
222.564521822243194
211.318808291248189
159.336583160666606
221.753484395033695
237.490527332289503
234.034902050875644
222.302591071429788
213.393594850957896
209.427825287014400
204.821522288655899
209.902018355672169
243.985044822080738
247.805460758227667
239.113375954299300
223.281534027083637
210.878353625568394
196.288644671050093
237.528808147650466
241.125367646962616
232.878771094544447
223.584487284860813
216.915611001183748
219.976000107452705
251.176521108305394
258.147696291831267
249.565731078932117
241.834018513589683
229.416711924840115
213.857323800329368
196.253502805816822
216.913373361258550
205.228919755615237
182.432229784925596
233.681438719598276
242.226202992124172
238.942911012878824
225.872440291079954
215.552343604407270
149.048634648566861
212.633474142342550
217.023927688021331
246.256286718842546
246.639093845967750
234.016973346420116
220.301009796708115
139.713858081512882
196.481616240905964
239.658915315680133
240.027644789922277
228.375326428984579
219.850861646360414
202.591691331854435
248.993347245145912
260.295104839803571
252.815725374538886
246.142641339900734
238.989407950395048
227.494603913942257
208.970645471062369
238.394519103917389
226.905047322162716
208.358303602057561
197.738289958724948
235.596371067634209
237.281681024426803
227.235337772587286
240.030528102787969
261.450799988166750
253.751935509834311
217.334461503113118
247.648525641984691
249.458072240833246
237.775621691319515
222.473761152314580
213.614402732372980
208.343858314084343
217.762944633001723
244.194782717078425
235.114394694658159
182.196498507234594
239.024956063426373
252.386954040355022
250.357171452921023
244.635016709504981
235.631905746799163
231.200466378884244
226.372923400662756
145.941859564061616
247.077252446164778
247.341683231531874
228.209189190882654
201.615325220600454
236.499473935472679
238.219950499493052
227.911580543278717
196.804868251850365
259.917875396843556
262.398762763213085
216.481358170444082
244.384672489077815
245.981097025233851
238.069743708914473
227.179807950691497
216.787818592328620
215.930499221029834
231.836227372740325
224.768533266423873
237.526365788222051
222.792785609081818
201.889888812752076
246.763672782887568
256.310502364126023
250.754343146107402
245.607772613494888
243.102026778218544
213.650890604003052
222.761792846349863
230.016252741932902
252.094144099995106
238.759663311376471
193.971701257494146
238.494125806939451
237.640886415064358
223.089611998777059
213.034431677885607
216.108200103697300
261.883030913111384
258.541458121477035
218.786244569235862
250.989347382239771
246.647627270177452
237.469340862497518
170.284813209580363
225.081618532257892
238.504852385836017
230.042916831483694
129.636742932981520
102.601095485465891
109.126045408903138
118.421315192979193
122.076759339206006
125.029558322245876
125.394938824808108
123.047054758044027
122.918930294412377
120.081060580061887
116.960114324517647
116.674435717728585
120.247592386319980
173.059089324228410
105.171979709350410
187.816494118701371
144.805241123618032
127.506943392437563
120.570700917921272
119.874474972159419
117.650359194949971
117.403696572931807
115.579681718452917
117.810186956704598
119.131453114919253
120.405730319703238
122.019515385391799
123.441053895349924
144.221836414506697
126.274526002310310
134.918877289191926
110.963104191617774
110.000823176833805
112.410236652688738
112.036759682312407
106.665341526751178
104.823940786561607
111.645207399378307
113.885534539001640
190.470359779551018
105.725567612960560
81.560196397054142
83.918161114336513
96.206110811240180
199.842898376102312
115.218885260532062
95.248297338344031
93.073533417838831
100.032093125176928
105.364799124848957
111.237284353433068
112.699957726409934
113.197518535160953
113.906932490153395
113.043013689654117
80.119970770280005
69.126642814983740
81.597448416534988
99.602776206187372
114.327264254659696
182.816383199504401
95.749758686067423
81.650498078175787
84.634438166942090
89.999183631227595
100.820517482329720
107.651931825321057
118.574447671608709
77.536177669768477
69.348570765806329
69.321228271368597
75.618746738064502
94.493388592541550
113.032458170449871
199.184962478630780
103.423389338947842
80.628146720534716
79.242455162293041
89.473905048330778
96.962448016231605
101.761568574313628
106.186920915052212
110.480619658359643
96.493348757509267
50.412823269703921
45.482395676102726
60.669431606308805
82.564761312375140
101.031013410715616
112.397067798256359
148.225452336758508
65.291653022259283
58.679117741431739
74.680771898571180
88.957291332854254
117.056434859343852
65.430358121430501
54.115014216823027
60.332151472216083
65.794485752437211
71.361600912041808
78.443047388878028
195.132099015018383
217.703316109168014
96.098534574494778
75.662793996796935
79.223655454761328
91.971486944858654
101.729944184842097
105.054198983966472
108.800854940330638
98.229746272504286
56.873784643839954
47.442120183648484
52.418649992387088
63.417801084536947
74.890909216833109
83.784280033483171
97.055993539868325
131.740018337655471
97.994295872085402
80.149396395800991
87.460629761850015
95.366436334737841
80.490511743824868
48.571984952771615
40.923913647920358
44.581019760992206
50.699373101086806
62.127204299982566
127.509315734362474
79.146902420620265
91.523674308877418
174.482918271333631
79.992976174675675
67.437111759095899
78.650451741279667
95.165247846882366
105.859940096118109
109.720049615331135
102.751105279952810
51.710240158059150
39.963548814523449
39.583959988349278
48.518307027122745
57.812911950404867
68.072379466466685
80.209999278411175
94.915027019299572
109.204723032000302
95.346400238793848
91.466475881004598
96.384122710979781
84.929728982507541
58.582777989614925
52.455560827057411
53.336218388934810
60.612540493501655
75.653919441144780
47.467212357196715
50.269783331992898
73.825599781722758
178.850208995238006
193.744798827290424
123.327053996669420
105.231874424443930
109.193134435995958
121.681167663058403
148.456081524669031
116.281732599523593
69.111979610372146
56.273029523936231
58.656541135492333
63.132025352344485
69.378273538532511
72.761368794980200
80.036187946877831
91.546732183369073
106.897671072562801
73.842123712913889
112.937053714981715
108.488812664663641
82.797957593137710
63.272573532978441
60.724298461723848
65.797502985090546
85.671223423888748
61.019391663896215
54.030003000454627
65.892185597822930
85.216605344425091
129.952489663366038
76.097051186076357
63.226210726574948
67.244787394345650
83.620274820440699
109.501133061130247
133.525936471948683
126.354903506029089
74.649071359375199
61.001702359870848
60.778374510705220
66.414805211922157
72.656563329859111
77.929709672471759
83.535826700877465
93.077840926743946
121.144096056652486
85.039332172151020
84.196962926648723
113.748378224068347
88.310237663008351
73.701468811513706
74.665666681917656
77.853224377709267
78.588990656058456
72.970022328087794
76.385720268743142
81.729050447392567
93.636351694480140
121.545572169582314
74.482557939172551
61.596579337464789
59.108492044288553
66.255866393614212
88.078583449872326
114.704488937985872
138.982670645584165
83.998021758545434
68.734140929413869
64.683810019820541
70.552433451411403
77.856978272179504
84.287956291622123
92.968516898351993
101.532226162380226
106.137194216348533
90.875192953032041
93.690131172015725
102.229720250750020
128.303945493516210
161.418036212632359
127.970712646578647
122.618551376747206
79.300313939428861
84.216708261118143
90.800215162591556
99.571912000804218
121.866939473766450
81.450134182531215
74.261350434030803
65.965133258197156
71.361289965666131
82.078336808758266
97.170369005613765
119.478928213927389
145.203403793224652
124.597761360240767
86.675764811324967
75.820074627730889
74.396304692974297
80.555058712042523
88.100200629431498
97.627777787954784
90.300123562231505
91.413482810544792
96.328612053529469
101.562476791545890
107.231936516842268
112.270369992138527
92.080750818885079
98.544024761705771
121.547387743580089
142.921169991496356
91.217997280624218
106.305526218255352
113.358043368615753
114.905576211268439
90.513966181072718
92.216569133140439
82.358617391271451
84.080376565186754
87.826228580308481
101.064332502375322
92.396585528032205
126.507211507424387
139.053389540019481
100.311008752168576
87.247155100719809
88.533154093512181
97.860570373360304
107.661559383364377
87.350782164227596
83.666053377509854
85.847086286879261
92.194754830862905
97.691468977243375
100.214510570328500
101.913440854823278
98.743127261826942
83.745195108143662
117.576832815908659
146.606852840829418
117.595389527009843
101.561286967880562
95.318682707050613
106.005758133250893
109.458789932252074
102.239955053091080
98.432182232181304
99.441617710717111
103.620488481565275
113.110987205776667
90.827673089983818
126.655286245648526
139.084349013720271
198.164747126522940
113.974465391189483
105.619574902714021
92.011883547904006
94.809520408091203
105.437339498021842
112.610145899708968
115.915443573811899
113.512870581095697
108.634715317453384
103.081538452246548
98.293782497004798
102.156358163333579
70.747852357941412
122.008429859699206
107.022063100754451
101.543703567999529
101.410560922727029
103.280052919627849
120.603566746808838
111.495492153506774
110.329425786612546
112.793254437871539
115.415484173386133
118.985557876115749
70.045545306733061
118.187104370681183
131.774974733354384
131.465469003303980
131.112005579347539
152.251917498924399
112.215183069607107
93.511657911649124
94.260865268466404
104.385979043019759
115.631986255872420
120.889447287756667
121.357260179745793
119.796741377352873
114.257037374113096
106.912611722131970
111.601276608104527
102.739329937993631
99.769065299531746
108.770811334220227
116.486773716822057
118.766723682616430
119.543380568978549
119.745994629954623
114.273140301435816
115.842337586361694
122.580536991157260
87.781553057292868
125.105968409792865
164.983224630097084
147.652304620617429
142.142969429767703
135.983509581308795
130.591773736466394
160.648807351793835
139.823714334245039
120.360398899430791
114.415216968102200
115.314391850623224
121.748934118731370
128.845208224400238
133.079718705397653
132.592796066810649
126.898510749988958
120.232650257028411
124.196428875096217
147.379341990606008
165.438520254842928
198.741425381270261
116.983244803514509
132.737868187542404
135.900705908584172
132.820370085010040
123.476086092555974
124.250951056212386
104.982292987778095
138.115869681247034
126.389889650784198
141.572214825927460
101.738410850932269
137.329236231436141
136.979669524973986
134.115884228989103
156.181819830010937
153.199830535105491
146.158957455999001
134.984159454957137
126.926961138714589
127.126356009433010
132.504846119608061
138.184020718865185
140.213759151660867
136.427092875033594
92.944538342261282
117.957040286749191
132.742129511128098
147.950109791991395
163.516550557051659
168.871538115730829
133.813871611022279
147.017304151782611
144.843564754195853
136.547637416522576
122.800594206491837
122.533012765643605
150.360830530418667
152.421510162687184
100.075830391997656
145.967101090897017
152.212529074971513
142.430074457562313
133.847408251395734
129.080112562207262
158.261538936112828
165.150130948647160
159.511488624253644
149.376519171049097
140.009724336459300
138.364419256802250
142.081371826194101
145.241108407240489
192.794154490688754
126.609740490291131
136.400696993308770
137.888467142111153
141.537477756107506
148.801947959133315
180.020569644452195
126.447831964553430
150.026000495967963
156.789497284648945
149.778065598048528
140.005951424626886
129.388263564923676
141.663312407391913
149.377547278959611
156.631157523679150
158.640095692168046
156.755983860426738
150.289240997331945
140.743037897477251
138.883936364766782
145.377806616695466
168.302340524623247
174.387279559643446
171.458600818696823
159.738871997701523
149.443246286362921
144.546639195188533
133.625126465960108
173.867653680548301
153.135093851587385
156.877492994554188
155.034388407762805
153.075072781710162
152.286731454036783
154.170124328929404
126.458267819477413
168.164037434564193
161.863214759858380
161.870076083229947
151.155389736286168
159.220148205488300
168.330745632246618
171.547108798574214
170.968207915984777
169.261471781573420
166.907161531867615
158.915332256913644
154.544168144084693
151.871944401093629
137.995236879621331
171.440526074101797
181.675393595608256
179.541792218585840
171.936764786063634
158.911203591617351
147.485282809864088
129.793859995551543
157.706308247323761
161.130018384381401
168.580854566211741
169.535288761680931
167.819793241887965
163.539040928000077
159.232175010991909
149.228130665806930
167.836311605844401
118.622449962472615
167.274026948608508
155.004561855598979
143.797420883548853
177.001391322953111
180.159013878605094
179.488635849883281
178.229047590114391
175.364437922450065
168.953835444934299
163.099201620895428
159.268319534467736
134.269552165492371
182.798840399438603
192.881247728812639
190.009253436033106
181.618933711677471
168.167676285842361
153.808522437652755
153.233480051201980
154.814341295223670
177.944364913267066
174.973617764436653
186.284408403933469
185.954401292046356
181.969501450943454
172.240904719946258
134.026480625016092
129.013175325779827
165.944505300558802
174.204426256305680
167.909691254749447
157.103731834550132
181.501918820657664
190.099487182644310
189.845519232951688
189.414306976289026
185.840711878396149
183.754203207390162
178.090743518316941
173.533379356041763
149.863478234272634
199.374953274864993
206.419048129097462
199.367581914128976
183.912272771686219
167.350673801692494
152.465741009905770
140.336093906838983
167.443376882786822
166.959030320956884
185.718048464194624
183.636960744683279
194.313068238946073
190.225086356343525
179.680365027695075
163.979822183701316
156.934911609685656
187.181515869633358
182.839977643473873
176.004663792550133
174.247541023346486
185.461221248355599
195.193023956095999
194.290273039654693
190.538986260175761
188.202428501345366
185.987874022925610
184.325416543585334
181.588440852993699
143.746061327578701
201.021963924714214
213.587537520099488
213.163022735154726
198.081058279562257
180.814514338457911
162.532488737367942
150.214977738795170
175.255783826443860
175.263693076288291
199.710676462800478
203.972133202861755
205.134717473117576
208.772830561015070
194.197860947894071
177.046181102530994
178.494227922466649
210.086345328178766
203.972801358863506
188.501097982466035
180.620470859885188
152.794968315374945
201.012966189216115
207.252119191170948
202.436544047815460
197.766180782040948
193.052959403104182
189.329082799915824
134.524710627058738
194.996788448599773
210.732145903521086
217.284281715740633
219.625576708951854
213.742935037543418
196.464261940233484
177.147810471187057
158.301834105559664
150.060351100267724
184.803307163853333
184.718693054418452
206.315715253710721
207.739127984431519
207.497619840550982
203.344618063835128
131.302198401867429
206.489132042915742
225.265731663350209
222.010169902670725
207.801276312387614
193.372178813204926
187.749495128449269
201.836380941631745
217.895131581297392
213.088683372469234
202.438262578138222
192.786237005587992
170.838966375188591
206.975413441824230
217.452422041820739
217.841674975639563
218.963375693525791
222.785575805795304
222.287500943209920
212.067807605293552
193.408195366794729
174.513167336248131
109.111341171804042
158.949559166788134
181.498690174046516
192.192033835904169
207.371748323596961
209.595581038474108
134.343642436911807
209.299182520662356
230.151933111983624
233.756468467588576
230.301432628538890
221.625833231359167
211.377369794657795
204.369524731860849
204.214646376301516
219.909319555558142
161.355549599419987
201.605629091728105
216.234238635185221
221.436804427416973
219.028719598388079
216.400245435948449
212.703770057072688
214.911956771101643
214.783560969054349
212.814221908816762
153.611240259787593
177.206779691118101
186.459804667223381
195.492043380469710
190.033601829824306
184.551374331756222
122.051387514389845
186.508396143640397
215.843332124332051
221.771775530157242
217.125967486476384
205.953941896441023
199.677805459666160
196.102151778740563
198.347770673450242
199.225583116904119
198.122332844014011
200.571635201049247
201.033806779967392
175.936025420180215
221.882788388180899
231.553684644430888
229.965273489738451
225.453538126738948
220.410073019340359
217.285329516424042
214.835665000901486
212.269892952275939
208.814286683543969
198.368703691984649
236.214341903782014
154.720331337244346
210.485673639411402
218.414344935208504
164.235468709351068
172.859026532726631
139.987778967252012
207.651327359607251
230.500698225280757
229.417874561096994
219.777748865719957
210.392784435687560
203.999236579412013
200.746220149126600
201.538633447991288
200.364033062450403
199.669409965152852
199.916226486677914
195.745864327048935
174.848881938522595
223.111966035401849
231.374145078572326
229.131911352413908
225.444929860432552
220.861064098561599
217.526727877016384
214.156499713136100
170.001686853974547
184.936766379718392
236.168393780148165
242.758446879428561
235.767380995410662
222.121963890351196
194.709113118550704
192.250647303863559
187.378717820739496
179.338385859828861
171.538416626529283
220.215169828509460
231.351623327091716
228.277566300904311
222.242421918067294
214.400394112607387
209.176051241745142
194.718146104654807
234.271685421904408
242.893183780217555
236.220678452484151
225.302100024348988
192.159474071714953
230.732602583377400
237.296755903249846
230.989564773657946
224.837388702675582
218.213793059940997
213.009866662600274
228.774304427027403
257.686817889224187
263.422567775021150
256.646737771385972
244.302467747497985
223.911639308913522
204.075516784349475
235.869640861887547
229.185441543453067
213.295450659357471
172.880258575496526
229.941874064288129
240.805884337442535
234.345069475082028
224.603733375479237
214.770888510010309
187.724663440787936
244.828618662200256
255.742545788768069
249.730249208200803
237.151755661876365
223.298997772355193
210.575292444122113
201.847341133582518
236.120421653032395
238.298396433186895
229.634380720587188
219.604041022900105
218.725366301103861
255.526358953238343
264.269633475638045
266.045880836874517
257.876011471337961
244.199758081192954
230.843233379018045
212.554457005031566
242.311768558039944
241.225151557535497
224.854332089804473
191.695240239110092
199.752869244072343
236.151682869430601
238.996169299771054
231.207764936883706
158.795046043965215
207.990283720398708
219.988355058695333
252.907723380569820
254.631329484878762
247.962470565621402
234.493362920834414
221.088456228426395
217.560407380441347
217.920130777875841
239.448747996599423
232.368338300294596
218.785942848735601
212.148643376792677
251.859766788327164
264.777643348015374
262.052699256798519
255.245834677386654
245.694649922450566
237.357092984563081
222.023932531684920
142.133198580243828
243.057407238419813
231.889842898732667
174.013426032646805
230.034514084636214
240.695751778886859
231.687385675567839
218.713601669692963
190.519946683160754
235.932804333384468
212.633473965701114
246.781355962939813
253.173771101387558
243.684571109900617
232.452741056363664
220.575669335415284
213.762098448359296
224.396112036685565
215.618163812511312
232.924431368431215
220.925720344605281
201.509332358093502
150.868866230418774
248.565480762269175
255.744334196594451
251.892871305390571
243.258984308855673
185.277920074618521
207.003076898659259
211.863196638752839
247.198504854150826
240.153544795190982
218.085572939786516
199.798734422320422
235.067240231862513
237.091572878536397
223.620381174196041
180.523729804236439
243.134813114324174
248.260981430555489
219.990685571929589
249.060890640416005
253.105028139967658
246.345117711911371
195.413231229800715
179.971854149918528
221.936531841965092
236.366967686785955
217.415347384680473
229.049702239924358
203.190332577344691
229.859959792152978
226.004683128215788
255.602012455606200
253.189301916794193
238.900139027210770
221.481856990118814
244.039089740095562
232.025554260403823
241.344444038120287
251.487117231014309
237.118082560467911
195.330262207868003
239.543745922766419
235.635519347432137
220.658786438970395
178.024852943596017
244.872659088232695
252.158127700388320
231.074723236410080
255.607763859987386
251.280403960296383
210.470880704440390
209.747291139764684
231.412262071755833
230.032515026142221
242.808019589497263
234.524338504830212
139.016091667189556
117.542351033545600
114.972462853087762
121.857740121088199
123.628693317307608
125.027866816860254
125.740965409517855
123.811069368267681
122.109219422029128
118.381286356465552
114.638406445274612
195.064872010162077
115.172195463264558
100.923127669102399
108.266785839550437
205.622455572935223
126.071545840056785
104.377109290873832
102.454694596884920
102.748846165919360
106.856610232850898
112.754359290874973
115.747394410601544
117.860847253966682
118.167445171025633
119.799751492476076
121.633456773504179
127.089782478326029
114.121484209444461
113.400991907970550
149.386613618793149
111.208975720093591
102.762066937526214
103.397000789550290
106.283200469500528
107.864026495747652
106.874033575328994
110.757922552369877
144.737240451664206
95.186427729071028
76.702400914476726
75.380785973947241
85.579454736469771
103.119187755922894
203.524217492225432
123.403568482052904
99.689336598758217
93.081202666783867
96.225295960007415
103.188220197103277
107.785028554563652
109.389878890999057
111.297299762962950
115.041433975202537
94.672957072955015
66.531527478048332
69.171500313354301
83.663139551931877
101.202114480566195
113.423333492462703
157.634251709033720
76.267723811392969
76.152738745397897
90.463067105896457
100.873806667949779
104.678902132801014
120.956465674929348
72.997921587284722
64.327591406991999
65.151595511104773
64.361510718070775
74.629097298288116
93.830876805024715
170.807785677815104
203.105587646116675
101.209585170816155
75.324674504076953
77.939174030186933
91.927457223725852
102.187424010172933
100.561639960901587
106.451505864683782
102.623369496316712
61.115015048390703
55.118838263651753
61.488952960184207
76.874745638968463
92.985161418134624
105.038161199271954
110.124084331928373
109.939740094409501
70.168387410588679
77.605768411945945
92.204480845783877
101.375327609469394
102.257722913695773
57.078563585394562
50.616674989010434
49.951393810668819
59.116538496474647
165.963836721546841
86.345379966461522
90.789626995890998
213.926643540226905
157.030936501034631
84.593503378560527
81.513544771135244
96.138714386212484
109.858354896744643
103.046264573562269
102.904193571427669
99.571133024591731
56.321058304969171
45.616202003461922
46.219492465883292
55.029094808343672
66.122601076948385
78.929020902309659
94.497827943386156
150.375266576313237
103.455668488095327
97.303473324681292
101.667212696649415
207.937660942229968
70.188445373454471
47.224952543621455
40.847117967470879
46.317655252232782
53.933337735016167
49.981543538356078
42.476933310381128
62.642952575029057
171.750001939667072
82.474546334397473
188.587875365656686
179.313604764683930
125.594399865426738
118.197472081199493
111.040952603258319
138.667288995460723
68.906014687263848
51.514163231588071
176.649560718941672
57.827792591325206
67.464807679895841
72.849825802322258
81.132427169046281
90.520384796323953
143.421447067861152
76.357828951017396
106.733591121504446
107.062653332723158
109.681703836839574
67.214653728468789
50.254202083815500
49.554091911199450
51.631620820639952
76.106771732831490
49.372642507568941
43.613509234125900
63.207220968598094
139.681704168851127
76.097694298435073
76.450278837905913
93.936563773964977
67.905593031644528
64.674136326616733
86.053864902577288
128.773626784206840
104.314026040328130
58.146979575425988
44.444164334117715
47.123932993382823
54.933613229738768
62.103117836523921
72.078741705225639
82.444023996587305
157.876842765793299
78.966252283696292
85.607829781868077
117.380528322614410
100.055523319296725
80.065522594294293
67.158570327365567
62.629149443162802
67.002929141042543
78.184540873712876
61.823237429294636
63.179727174284764
77.149387875214430
71.425474436544278
61.159046502783681
73.505488204755721
89.408165602152593
66.439533569930347
64.449469719211663
84.092290211132124
202.837241252176852
114.477291969136246
68.151923127650377
55.055669413013490
53.898303815805633
60.388676467319101
69.823669868145970
78.977934190106538
90.125548384044322
109.036910864117459
85.231119428067657
91.797171228133820
105.010988681517489
120.794913124326001
84.823656054471144
74.427974415385648
187.966104565914463
141.353320090230000
81.852054555894696
79.574050878363835
84.266428991036662
91.695969504315798
108.897351787925317
86.418207578872924
82.863856934853175
84.438237859340518
71.259596945549546
75.185677397740065
94.026715205457194
134.939570459006319
126.800596688553128
79.209081702087587
64.213296902894712
62.211079630435705
67.802736891216185
76.280951442942794
90.003224824678298
103.619061602617023
81.928495359789849
83.482263654802040
92.968605753931968
102.720158504562605
113.016724580154403
118.217471028830005
102.301299651647810
104.270643528552384
113.281555630816158
120.859845041124800
90.128596925370545
99.596300078743710
101.877522550786068
91.295740851174841
90.104723176603116
96.595105677744783
79.160927969254701
79.359475816510866
90.066119713643616
106.482479557812184
105.278463260970597
127.511647944010235
118.803813097504161
84.041932950634518
71.112358092991713
71.408354033991714
82.366867260179390
97.927445600507127
74.325505695299427
73.003633597090044
79.595045356294278
91.518555291239636
100.025473183793792
109.239740849189232
118.172354328384145
84.164476751561921
94.558819167899173
111.220656065809379
121.060268248454605
129.587630431063616
132.105541918680842
106.106548287954624
100.035374779956555
99.835625687933756
76.667501302669976
89.719992450127705
94.163576720630800
103.354812230199144
112.535193159208177
84.135626147611617
113.804266955632329
130.983101460013103
99.671501581107492
88.185795997984854
87.467427059638936
101.658539653567360
86.829521030496409
76.518655550914602
74.648653034837281
80.961557934797284
90.487266887931668
96.089367000292810
101.350812080207959
110.388204853287561
92.475695340559525
96.273974395215618
121.824696763345997
120.071084878271847
115.521216919101846
116.089361366064537
104.332748663762729
102.163962767106412
87.952047871476395
93.843915130047392
105.797828459078758
110.904560527676239
111.971578126714533
65.878568952538913
155.154342985097145
118.155442900264205
128.968084581117608
203.302229945891980
132.740188593233711
98.807698627700432
90.164288838243507
97.220270740260091
110.425121508341022
153.798583813264770
125.627200008786090
118.836070038103799
114.433029583430056
109.971594861269267
117.712939979041181
102.602725888532419
76.235749124005352
97.156934997082402
99.313096335040825
100.183522222237059
104.296437932720607
108.533055843871054
98.408174515705795
99.052333974841119
107.050136396646820
118.145482980454105
123.222647736999335
90.622490429764738
108.148601846054476
119.308357253434949
139.128966369531213
121.552772111616662
174.314944151521644
124.323640052594243
104.932155488064566
103.824539714519545
108.527071752103495
116.457893578915147
124.708812598290990
126.858838601733339
130.070480881553323
123.264246961041465
120.292684701014167
130.276712985057316
115.458578829390433
187.198206471160802
173.381564318735713
111.138480248952902
113.265885373424666
115.420842707529658
117.744632924052581
105.418172500494009
107.409242591622046
115.150095422083737
126.236318952978166
127.413267823158165
200.121406779523397
136.426621386939587
129.407719145580216
114.284718123598438
123.956024594530135
128.939917325758898
152.885907899388087
128.515530480067923
120.740993736100208
119.509317154166069
120.618133945005468
123.550142035240839
128.530330332448870
130.418596686849412
129.060391047130679
125.092214252217858
117.799722141539974
116.762496428301475
123.546981953862655
141.122868607258511
191.148549240436779
128.716041750993895
131.195638948331464
131.292828799583361
121.468158079091381
119.312748824594692
125.813397153077062
125.981527375456551
148.321430128121733
129.579087748549057
131.542421506468401
106.476673331050819
133.646884454884514
134.890449762855411
133.110727796758908
155.131133126970411
144.213931729303596
139.352608472466045
134.831447619410284
130.036708222778088
129.889124463207310
132.771929276532830
136.072129998263080
134.869645463630263
149.040270622629663
135.439696568523402
130.683421104876857
129.970832606235490
139.970796842766561
155.582069869723483
158.890827175356094
141.543271878629184
142.051950817262224
137.288565262119533
121.014260670890110
132.331782246435750
169.849859001738139
150.003447662806565
100.609489873476122
138.153007176479321
153.828233136060334
148.833376053975940
139.364447926596966
132.514522796572010
151.816521853607043
157.534698876540034
157.669911610899817
153.985692335290281
146.413244547639721
140.537655150112471
137.820358744414591
140.001687185175484
190.767813888029195
171.485056198901020
154.091962082453279
142.577546553131299
137.691568829584725
141.679361938035214
148.620122482907988
118.949079858957546
156.111526578044533
154.966537018114451
153.665595901842323
146.224831288132322
146.741023293704785
137.250914990087381
147.320466909220073
154.566160477410676
159.484995133205757
159.799556336926400
151.456072693751508
144.566947908708556
143.806696866817163
143.459714833440017
157.723567847697382
167.039406160522020
168.488032083983512
162.330089860282214
154.576875011064431
147.431072334822574
142.560689195789109
157.087448936306572
163.890262413261325
165.739649011996249
158.428000779898667
151.290778149215612
150.281495564333625
154.436776118016155
137.558276587567264
158.761559063419128
190.664846699779986
170.707103443728158
162.608325333499948
147.732008227211821
153.494821855691583
166.675889098801065
173.708646329267594
174.499163349981956
169.255114906463604
162.252939567000965
158.122015654074715
159.779918389733780
162.867476785040992
154.107432742265047
171.605669081927829
176.284646311679467
173.785578882927439
167.152595592579331
158.265986283077666
147.011357499782747
155.730590646210686
168.791510053893319
124.563493547353872
174.707862960564768
166.589263903595054
162.240347502290746
162.065172566074637
161.306203506085581
153.277913365928185
102.176784742636954
151.136965457350897
170.954821289969658
152.267382904298699
170.676294751510085
115.764157401511099
183.825282320050320
182.482700118075769
176.494973803350831
172.695724554680112
166.057613880140309
171.526158941915980
174.106876111865461
171.332961231556538
188.789111559993074
113.675293128408043
183.814580393287656
171.882796160130084
161.034793666949412
152.182514524219897
165.487929619574260
178.185323891335742
149.881378513386551
181.802029724293106
101.736984506847620
150.358479375630679
172.365522709146347
167.295990134016506
160.816694892407497
138.384558724690862
171.458096812291075
175.624330925634894
164.795479044417476
147.810842444904551
153.404725039775911
187.864843896033165
185.230101246142908
184.083755777205937
179.259325275454870
177.046493983018109
179.836750627449561
181.293068844296386
161.881627642653399
198.653459253976450
201.701513272088846
192.805527234001374
179.044996213706639
168.271839141247256
157.947081103811428
146.966891251204288
181.102963216126085
160.327182584273402
193.186744561869887
194.577384511365295
191.210500108199710
185.478212335642553
176.997618296580725
172.327146061640349
154.020759131433977
183.385143725516173
178.413852367378865
174.445414622860625
165.477431941806572
189.669572077489534
198.519515319764878
197.010300073923730
191.365043657541435
186.350216713222665
184.536819070392482
185.240915818083181
137.257941089242877
194.833254188316999
210.396888943914860
211.547833385183793
206.533640107601656
194.940122861230520
182.554331808673595
168.250033998219095
157.071195975659577
184.344974575780896
192.992991752008209
184.166348483292865
207.868581502172276
202.304212240211427
195.588469013022575
184.145135411809036
154.109151340827083
208.558120395135603
215.496797613566656
202.388832310233795
188.031602722877977
180.912106546131611
189.172390288083307
207.804029800630616
205.138617483616741
199.074648703167384
189.384837198521780
186.926805528025483
150.860486419347666
200.062482438175834
215.157807480633437
219.063987837365119
223.012070678950835
223.553996270112322
218.538422498112652
201.509871070466772
183.113478357863585
108.495981985546692
131.519971729045665
193.029537123925536
177.621208575985406
205.422602755359208
213.337909226330339
210.529404067730127
122.334878181958771
199.043096368643802
220.653103199518000
222.071368626292156
212.534228370947034
200.159055390357338
188.973467821638053
186.123454682339286
208.995829138849587
216.685614434690365
208.022371931149848
167.963937281628830
200.979522567532399
215.947535125844041
218.165979521711790
215.563898273591974
214.884759732947316
217.149913388672815
222.164820047997864
214.978420946631672
169.908714241527917
164.523016282737842
144.305355883313780
165.664217592007731
189.280462537834552
179.382541909508689
145.918846098902122
132.863489069900481
198.742036232845237
219.670635636060638
222.206071864099698
217.342930471072464
210.433347710383373
206.404580434322156
202.217221051980289
200.972568696180815
200.210251341484877
202.822655350690809
174.108767133366428
211.450457805367904
217.839515623369721
217.914964518691420
214.494291164238319
211.756934236425309
211.313966010870871
211.406186808970403
212.726988738051801
214.395171266627074
232.888637673962592
224.069367193129381
182.682549184646149
205.282539270509972
203.121536162066235
196.984860212716256
191.472329054075061
184.715872167074451
158.470222448055750
210.919338842152371
224.701775467818436
222.704045074279918
214.645660138338712
208.961297819369435
203.921269884755191
202.235963952452039
201.620524122783337
202.350360275854825
203.081159181449777
200.997939058242139
184.731326668608773
220.481628106264168
227.579238818869982
227.135964722651693
224.003940909351371
220.109561835376525
218.122266684853486
216.784677807156697
219.123901138767792
166.779204241040077
115.662009029482235
201.516319955341004
214.427832153555727
185.243213246467747
209.559559914646456
203.942664075587459
196.183396950222402
187.613073295194852
164.924609057286176
213.941595337732849
225.185944368896742
224.323467487192829
217.640192761950004
210.926005524807010
206.983569535880008
204.360754255428844
201.558521382460697
199.150775822893593
230.201733654209050
231.942589148647585
193.124776829507425
228.940261973957746
236.591932275504576
127.396161181412211
222.104492757378040
218.080600500091720
213.990487426322375
173.320912224252481
234.047705934269345
249.245545167520163
241.348032709343158
231.273058948662026
183.039981508233581
209.327626639999949
217.835743065681640
218.338745569322839
210.134175886181481
197.853066339959923
172.953151251561764
224.446407834645299
237.719058687549591
237.231899298355756
136.678703377008560
218.986158951869214
190.940960599092932
233.548257353083102
244.468483518929759
240.830750614022350
231.373657808142582
215.228763606314487
210.970402125610690
232.990839367247133
232.783528988759514
224.543780977579445
217.789605156916508
211.341911225051490
234.020294456537840
258.458098793164254
262.972340762248223
250.786078990388603
237.542311734459247
223.921756985097602
210.487356144192574
194.270583233421718
237.005142708608929
233.617215618732587
221.274155671249332
177.191631281644675
226.244613392035433
234.123734613397971
227.801027464774648
218.590547544497497
133.536262201939337
196.120476171106844
237.803335950203007
248.252883063578508
243.945864247760682
232.185372615829806
220.791515486755912
212.656761695535039
213.161379337993708
235.830284851784626
231.583719524779980
218.759364190726274
211.952444128731429
225.162223381835133
257.418710692632317
265.698701350014062
265.229752002060309
257.783726931526417
246.296006216166745
234.017085681357059
215.724789803214804
244.600029570690992
245.979319331799616
229.706096861474691
173.811866143696506
225.986937491874812
234.721747248184528
228.917045470759206
217.363703239592695
212.772812967201645
192.067514569990465
241.977228460096200
253.538774388732321
247.293919963595897
235.472478530261668
224.744737557153542
184.951009410880317
215.241530608973846
210.354431167478396
233.011930099731330
224.685270269524977
212.495705067669917
151.336780165567717
231.011296849589172
253.681500030103678
256.634755156703534
256.178214142907677
252.049390934494568
172.352329030332157
230.399992735478747
248.042243922115830
247.908554208737769
232.760010519722670
171.344189761805296
229.901597326347343
234.511520320265703
225.463981736442179
212.440768166866292
229.883020437192073
240.906068087217761
233.193553455983846
252.422490973477750
253.636564436921731
245.478308198624688
232.789369499547206
227.368591740898410
218.979213296636885
243.407776829137163
203.885652559710593
227.041957837889015
215.876782432627635
207.553758656555175
234.565920281263715
240.965952922607727
254.252371868272462
254.717269661245695
243.931722507763993
190.828235373255211
223.992184205387161
217.306232085305965
242.203067622188740
238.540138852690802
198.047543653890500
190.321829103191760
234.088038144324969
233.649293959188299
220.250399851997031
176.078241012655411
235.858319423407920
227.400503684348166
255.399296164227252
256.101121493056610
245.761268608061357
191.997408469107995
224.683522030607719
236.954266090913109
247.911856030705337
242.553668129427052
206.411309217840028
221.790196239367106
223.575130009508882
238.481853748404717
234.285268852276374
248.405028274831011
253.319570558959924
219.149827582207422
252.732445257296291
252.716632791433028
235.751914142207454
254.457062522638722
244.637311243446391
164.996866965847687
236.647479363220498
237.813418943340707
224.754614866832924
208.868181227256485
188.937472756080467
243.530551238689100
243.475675685014153
241.975329959129340
254.042657192322707
246.253088252172802
233.000502262055306
212.416600400867367
230.285635707701431
251.217509566039269
248.780660335910312
237.374342724226125
155.960246479241079
127.191952436615239
117.016267904794219
117.339053991040743
121.248138083213078
124.825165163852859
125.654456069155799
124.684491926159779
119.227699063643868
197.852981810089688
129.576176692877681
111.767916413656991
110.908595401751853
116.029007395204928
202.098235394500364
126.314174361949000
104.397680339352505
99.613825037277479
102.173854175757953
108.155156202352046
115.240402885708022
116.707741381996541
115.316282009680123
116.155162350900270
119.166522249140542
120.650243983560870
122.262187013256323
105.547399731595362
103.182825591511914
109.880887838171645
145.959144848101005
90.615959094917926
87.046723942300758
99.276616183633905
108.093655347242162
107.298420705239465
110.170928604374424
120.501048067281715
88.880151092613744
80.969745518755602
81.842278414829053
82.357530292198348
94.291626899241763
109.717520084411831
203.596634695031980
121.712762715875215
94.310052973052393
88.814988295010579
96.072067686204562
108.893421631288845
110.787151979916104
103.734422719692972
110.758591881997575
117.830101067075717
76.529359651048026
71.041652965686367
78.576656604506141
91.651860827496790
106.882199154350360
116.594897477127773
119.297083475957862
67.874536528760018
82.531754032980558
98.297635320347908
161.221415842016654
104.588756192290873
111.970346711806826
73.308164072234064
65.484142100737216
68.983217364726315
67.887591459702946
158.027908133412495
101.699658016144440
202.377502881762723
105.981174993878824
92.973646486045652
125.949167966467712
77.525387138651453
68.698649634348868
72.777812502529230
86.625136736920609
120.945774785574585
66.839852916298810
176.548020060449716
72.314626815883230
76.867928977203960
83.243479480851647
92.667896933704384
103.198862537142418
172.931408086121110
85.489221815858102
95.204590983452732
124.753484180933526
76.224443107248277
61.550730433845331
66.295952068403892
64.208688627540511
53.673176808671045
51.885054955018376
73.182178730918011
50.338953851171780
63.218326287528512
147.595107635923199
93.186441049918898
94.757328370746379
182.512725248526237
116.939008812405717
115.075127786464918
118.882106042795712
102.534350369658910
135.024577361785617
55.813533632688547
108.680864383160852
52.395580434350961
45.035216694073313
65.302423328234710
76.683185946860618
90.890395986317088
102.110646199814965
125.012610966343658
98.926302157919011
116.671780379566812
106.533682134121747
70.871304049571819
69.324899452918132
48.355017470742112
41.823476008083617
41.529982424057266
56.892312853296986
42.246798598399920
54.602337668711499
94.663619041096410
80.820007255424585
89.490902150523056
103.553908686237449
65.545544479018588
65.409358821858902
86.906865630401199
138.131185515206880
147.240124389092756
68.173663379448143
91.960476626263485
49.098645965760312
52.892333649304760
63.853208562512478
71.531556967486978
81.507399898226922
93.020324716843703
137.707753301378830
78.517015498242955
128.157791875457718
125.727540213860621
91.904483946243360
57.226546224471264
48.623472912329447
50.300603399969390
86.144416431063675
52.945956985322240
47.686843261556106
62.093176240675518
86.710877125870553
229.973981389484237
95.761292945412222
88.807423340316120
60.860486570774981
57.034889942361531
79.558830988838594
162.620436865945891
140.805031285876453
72.726514322439073
56.231791840922114
53.693867955689342
59.118328627691511
67.163005684693118
75.191154475071627
83.661295981356687
94.846405807947335
134.033877996158310
77.874824695165387
90.424031464335940
132.131025260792654
114.244547278554805
168.730675583486629
63.478866244795668
142.608715076679943
119.004313679950997
64.810439210651737
59.810029499811563
67.339163709336120
85.428602288633186
101.394575511837772
78.654888190884606
80.331121790592988
58.901602907128620
61.913453024261401
80.611299366311073
109.109665945368377
138.199028531202885
115.656592813590009
74.123793673261332
58.466582744022347
56.075464338154319
59.402647983550722
67.850107025782421
81.323079333114578
97.186511803156861
100.380075280079126
87.349890956543121
95.580178599738204
107.734299797564773
122.307888884896940
80.380421982978703
86.080761939464566
90.693110364336974
104.391789566236838
111.670319356043322
79.872626951411789
84.660312813741754
101.159365146355228
80.323653714695453
78.612869708518360
78.849301920875916
67.508607595921958
67.917567398242085
81.169251150990277
101.109585287923835
108.433342262788273
128.124863975276583
86.456891947198244
73.434318327152710
67.131875123235730
69.492552494780995
79.346280844890742
93.138227683458553
72.886562082853089
70.436751596957976
78.573907822622090
92.507099055339893
104.915273208295488
116.845633605357165
116.083422781639285
84.298441243581109
90.180841882464989
100.452132206167462
111.373752094383036
99.781556839960757
109.893713115917649
87.426498636199554
82.140321638942368
87.073643388779431
83.474182483858982
81.873631079503454
88.284016939647259
91.623395320356877
102.638014538512692
94.408490650118566
118.783689418093303
107.634565419385538
88.333521226126450
78.363423411286533
79.149509620822258
92.100008727837746
84.777758951516645
69.428150293520588
65.313715723842677
71.597845717656526
85.867123132406164
97.510977955411278
115.514239838233493
87.922113384841396
94.978930712657927
100.236380390619701
113.301202193844432
84.026358679454461
89.162821186717707
101.318728871942611
106.087344098220825
94.080218887116843
84.702738527710210
87.183879748023259
99.383602424151476
101.172067821611932
102.202301384754833
124.740930813458959
96.518529130467016
94.709540307997798
120.078732130858342
102.458758507690021
95.564807382955848
139.059925955291220
95.176102704302892
82.717196211885408
124.227226255476424
100.111804937476151
98.405582762308285
96.310547692243688
110.830549084559451
117.852077222012781
98.146576553396756
95.686267281563630
81.821082583495397
109.355226839559137
88.938968374712005
102.366285996532810
115.301157046387402
113.108495143069234
86.585454939294166
89.463767572544697
101.881070605429869
115.619348411562441
115.595912707671147
44.134812813442721
92.530719225887410
96.639186863902609
103.967217413610996
134.945151411748753
205.829812281586641
122.904875826974688
95.816602295494022
94.991805204406546
99.566049641930590
108.186213631343321
94.402380673677314
97.269918866013612
114.854092003215897
118.696634889795192
118.968131475227565
105.847024730626913
76.228619109307999
71.937790540451360
98.198192798249352
101.349049310187098
108.136494334298476
129.167952727963154
94.657600248721195
92.050694925750150
93.674163027338409
106.732921829751604
119.061304347244970
86.188793123250349
106.301667916666162
112.546393447482615
82.971774647299839
116.480929214583426
111.873293078346080
158.750478761151584
107.668951408361835
102.370594151805207
111.356154139973214
116.042567388679686
112.625780886725408
107.705845371951085
104.861127263788191
109.156354563244648
120.813895958780421
121.904112713463704
135.283776333948680
179.605142554786397
167.701160097710954
168.786323247410849
99.464963624813066
102.704500782444327
108.467629117506831
112.550053543183736
107.507798573485331
111.500304405571654
122.075615701811031
127.260973289589657
132.106498717765419
184.224523053826914
146.528473512362268
106.049588551035981
121.004347067118786
121.901997021309469
145.746832380185879
114.151340334954966
110.687549272440890
117.524596374728986
124.008733206585546
121.400725753970832
117.690361362093597
117.801661794041848
118.959452736716983
121.569838304928950
121.997636179854069
110.226057079287216
112.413133766718374
123.093800958141813
138.953807637085077
189.008864734011837
114.690300356985702
116.872174582234905
118.674491483712785
113.458411439152826
119.730500757974482
124.243117011297045
127.897259083493609
129.309612914781667
132.489270033106550
105.945804344900495
136.811634729029578
133.758485669940910
127.640635597074265
126.967412638631970
134.866398277305194
132.300474147723946
136.100852389306596
135.051846256087373
135.019376999345582
130.498481369759958
129.170081659738031
126.986416458537178
154.251034797283353
138.949162617295002
131.381777960798701
127.037219951316260
131.503026819040969
140.331794271549967
168.452161584478716
136.569706852675779
125.734939238011663
125.878742273656698
121.270148052008025
123.994719242503777
136.810297090494856
146.687093571112030
113.730094898474391
137.184536920702385
151.120726834938353
150.130488765537081
142.073660464624339
132.334345604001044
131.772416517074390
153.084570311384425
154.866707365270940
152.607084395044865
150.389610578500879
146.976512876278179
140.772264533419502
134.708809089536288
132.886852878376146
202.426232475367584
152.507083206238917
148.229818287404356
142.947157033828006
143.318279600228777
144.469565898301596
151.898805568163340
135.411158248470514
175.142276710139498
138.256431608263455
150.773735931759006
118.111720389138952
150.979763961538339
144.711867867498199
111.508822475570696
155.363461443213311
159.799801815525797
157.944144759358892
150.713982632766886
142.116822717649598
142.675497464291141
156.750386622199358
163.640834575270077
132.684399831059437
155.526562665531628
161.390971623706804
154.553630743687876
144.380170644694402
140.942916110340207
176.377977060694292
183.174320212705226
158.420843567512520
156.796946846942262
154.778345281830184
154.438442122956189
155.147360918455547
149.791345417992602
163.761963082053740
180.390408766808349
164.550557582806903
161.647402241129015
148.635486617583069
135.388812666400526
130.415663700127197
135.421979870409729
165.791262155934021
168.324673208922945
162.720805667958786
154.337629250146023
156.627858686996660
158.332353930016495
171.788115853481372
116.112608695253357
153.397813330874641
169.032170064655759
164.571402306921755
154.212071606406710
148.096653834407476
156.391139733546254
156.846773894313230
172.300710776973631
99.018485673196253
130.169210902411862
144.106987737143612
154.588273673858197
164.481800959494961
95.746486470965806
145.264788637595586
164.118560293878630
157.306228245010715
148.877846711387974
199.957469898501813
180.165072199582653
163.742446801480838
170.194095421718146
174.879009808006629
173.035726932224179
164.973299707066275
165.292550093729034
178.980340748903842
192.572869487985542
119.133169516164187
146.483881546352706
155.196089639393904
164.857429917671226
158.750649995749228
152.598302602134908
166.664948947599868
184.351388199363527
170.521579951241137
152.738537442248941
162.557426612031861
165.277229146944450
164.726447233414092
179.927097018430288
131.494913932543000
168.001904321964162
167.186090017064288
168.592067392048165
154.199415179553114
185.676097908293343
173.382618443807473
182.738769038323113
184.950639408230018
184.696137373593558
180.136883487333222
173.625469059879435
168.499820097442608
171.513464169468563
206.130452721330670
209.392565134252550
157.465754792761459
193.286508138497453
179.423619480437196
171.075755900927561
164.201677825619299
172.315179085854197
190.581573200005437
122.525915007378160
184.183905689584094
172.968584907647426
187.674499028536559
177.220837826270071
187.490314740951334
165.294815622782920
187.234624705608780
178.512782239996000
172.478694911851960
173.766221369256300
144.925270067431768
191.771409493577750
198.439485952736106
196.933530401070470
190.447439939129538
185.431004318184449
182.011771220351136
138.150761172905987
194.001369310445710
213.703535016061721
220.825862058304637
217.789507206474667
207.164994675506307
194.413137201375918
182.461523849277881
168.631896195285009
124.401102665598316
188.790077666878034
188.463974852095674
186.241553652831271
199.959828244047458
197.024783920502045
183.084415471287400
166.524935556876130
208.963710663195400
214.139776107263401
203.318428006983879
190.120447292353845
181.176416705820401
178.231285441797525
190.931481331029573
206.782687895049747
203.339714203789583
194.509374020441442
186.363593162584635
150.105323346560056
194.742187789805200
208.860009026669303
213.887118547572101
220.753764257690250
223.164443756194942
221.261727628568707
210.935178332102453
169.320023721017037
149.560646766892773
170.927761171424976
188.941909820984193
194.403747315107921
160.220719353639083
194.506705436764520
208.743617983790443
157.532539876852468
208.580932169124367
223.785696067869594
226.125644093217090
220.477633069253443
209.400669221166595
197.151189516091051
189.084994558965747
190.615588700235747
149.289531896781909
187.399088596343802
193.193492731379877
191.818843925571940
193.121458830092109
196.022686528161927
197.063087639600212
199.094129756239568
204.107023104619515
209.944254413004444
209.035943358165298
223.968637856208090
196.455344774705509
187.861002176101181
188.431627428032243
183.001238354522172
176.154685940821707
170.960453078579206
163.848660830350980
159.706236214392391
189.650533397902336
220.984275700697253
230.714454584315888
229.752015869111403
226.841422845076806
219.263095455883217
215.301427585045019
210.917844624476288
211.049406141090486
211.450381750532955
194.143472645156578
216.261338156132268
218.489933584324802
217.510009345450584
175.233108934280096
208.495572787423839
194.612097438148510
209.840250450800397
218.555277611233748
239.687211099750812
230.663041152864707
170.348748819167554
218.030249241268933
162.137363169410918
204.291133600684702
209.805764451334312
203.003401525600225
196.043651442680812
188.002181950029524
185.247209307521189
214.411010372941348
220.457586004733486
220.337250537892430
162.391505791515499
210.107048772858690
220.983435819364587
187.674487393494701
207.045753583339348
217.328093709322076
188.680003174812214
200.588474063561932
223.215274062021479
196.224909745975737
221.053110794789035
225.981006309205014
223.579767974319395
192.866236562947790
215.785035844924721
228.191849143832457
183.482202463330736
156.781354101344959
209.300505813366300
185.131318596166011
208.266070302430933
206.633543239298973
206.073410014975394
209.058988899302221
206.937509730322716
196.877283361913385
186.279949848272679
216.840256038437303
225.642675557223271
188.331945787418107
225.754665587208024
233.164704778930741
188.553948943706132
199.417902157782180
231.258043311046777
245.638098523427203
241.570313150846943
205.959788940826655
228.270502667250526
208.373251673628118
224.044556207452757
226.503363000395126
193.241259512844522
208.576234076956212
211.730771698279653
247.295641079118809
248.739120223004562
237.180737211506482
198.918267238741805
219.573071321829161
209.790540651772318
224.404551153635310
235.252979458979723
233.382315292797188
217.687614924672232
176.303284762125998
222.917554936794374
233.289910858068851
189.104330296994362
230.460913299563970
238.036095280972404
213.405119533156039
244.682725223006003
255.546040814067169
253.635364807085637
240.612817738940294
221.391013123584003
216.687701197906165
227.984666896191953
222.021531597381539
214.864222106469100
209.482856297513479
188.365890510536417
239.983178499110295
258.525381239960950
259.281797920647932
242.522020538369077
231.617757659042070
224.558928055017674
212.379460506641379
235.056346056660971
248.096662761206062
245.636742041808532
227.585356292993140
172.373030857112440
221.136970692097520
228.410667501735020
222.140915311000583
214.340108227514520
187.601808819298981
236.354990012540156
247.790185461299103
244.248021446014974
236.135902966732431
226.809892987843000
215.936912278861939
226.715625089508933
215.196388832311357
229.326631442576769
220.147449559505446
207.560631423246889
135.600999886317481
202.153838055650141
243.019116600028099
252.124531610946406
251.250686887538990
250.092766957336494
240.974774683523776
228.765407564554266
212.374863187663777
253.725242878760525
251.915336940327364
180.250989495142477
206.839867414830536
186.706629360071162
227.854179864060796
232.240666816223893
143.859398881240111
201.840418944734694
197.624737799740160
237.753223463683071
247.120669495843202
244.483599089239419
231.430420848186486
220.104161463512213
192.222935299260854
240.059977193513248
217.830786716498238
226.455459775204304
215.343039735747197
218.071700769711725
238.592154166097146
229.110899422017440
247.020714365901028
252.349271549982689
249.685395028093751
159.743909062100755
236.800291153739892
186.050697605688356
254.518256157773806
248.424631272168057
230.133198711326656
171.494443778503353
231.234276424311815
230.756928294314264
218.682648567688972
190.364267900457520
228.987976493185954
202.570881668154101
248.323351770198371
256.025150210143011
249.983277613131747
238.563419228813643
227.098420876247900
211.856346064057277
238.853084028673550
217.803122660556227
193.399690008308056
218.595335115790732
227.958096706654629
241.610211147549563
241.430332065102562
230.667490177372571
242.975517249183042
246.504771384559149
257.741807839716898
214.242715533952492
233.327537650548777
258.975633609439001
256.637248014902184
239.894806008368164
186.603723035124005
180.081961865163407
225.494679091281370
217.822640773922615
186.240150356552647
233.918050834423639
196.042633206993258
251.409148139924923
258.184583033998592
250.325853665955492
182.564134945041729
230.497330787449727
210.737008213993590
216.965348641178707
249.943165901582063
251.175355449865606
187.365686215601301
209.181756228029485
234.009600674232274
170.879918874661826
223.705118187600931
233.976842488306630
192.058181261687764
246.424525444558583
253.492132552168528
242.915992389077132
243.511849643105933
257.210506954436937
247.269092210344979
174.338129180123445
238.501024902018798
233.638723130131297
193.913754858277571
211.444024290446691
186.091037040353370
226.580595928048410
256.903979202861933
252.216738205981414
124.617914255731975
233.413433024336086
246.556363482835025
214.102635295018786
226.369213443199044
253.386969543248028
253.706725866887268
209.676481688750670
168.380725055312325
132.817936216091255
116.770672900726723
115.037212556993680
121.823756609606519
126.605696638584647
126.954694037420722
121.687365494516882
116.948148771181224
180.447568853182133
130.597631409223112
113.400723846923952
105.853189916755611
110.966372485966843
198.811551267388836
119.813271312606744
100.699906841556583
99.125071617691219
102.031464604260179
111.114753414027319
120.062258542063276
119.609829131856344
114.799009135579041
115.574753995971491
132.114759466695659
103.944482767880899
98.723334526299169
101.770433654838286
108.972014151954099
118.149240420845871
130.214180363115645
67.624751993044683
78.052244278643144
97.788594569794370
157.135939360732266
124.212597104342635
109.803327848987877
121.636854423616924
92.912563562937805
91.620835055897601
88.821745774375813
84.052144489511250
94.519493327835249
181.064686589520619
204.832670602234941
112.050472449537921
124.626048040296467
99.405352251567123
98.959449502810344
106.471343669632844
104.077447986857308
108.047433965133735
114.895270794465887
108.988727093199827
157.450689754462871
84.330101407077279
89.721914925372516
92.961000654662399
102.556462157560674
194.478046615182564
64.428463438159497
88.794353770246403
109.877298912460901
89.178923648386188
74.880625480465199
70.395503568827422
97.500969669850079
68.793567134249031
71.149936439000882
79.562199614115826
155.441782197385436
98.785483612572932
144.439536651192810
90.297525873233312
90.739212192748738
95.135123532733019
180.880687299014113
126.301478571522679
99.638870933655298
158.595898557103311
96.095993685377763
131.466676452930187
139.064371349716851
55.509026767793827
50.881872463411952
60.281866809527742
88.884201729354601
91.994997710414395
100.016488836757347
157.209173519931255
89.191409113611130
111.611593980420892
103.538896853567408
77.095159752769590
68.557155946157522
69.319162525019593
63.106534423164604
51.358682983523920
56.314889000536198
55.364435974390602
60.354950773577627
119.134602339381644
81.327871660464652
84.447602130258673
93.326700848666036
100.894081733185104
71.603169343321071
73.875384441854351
91.386487659279467
220.429216416967165
152.307211766825588
127.860539761620743
51.724983175506509
44.017319960444098
52.577878183190961
67.395358234240916
74.044741993694458
87.266233719589351
141.930315644350969
79.236562536371025
128.901864319063009
110.805310983959004
84.810376785188581
77.450565398229415
60.086933134755157
50.491297590034335
45.709520612688777
74.586428961659038
44.837272253855190
54.237056018766651
83.439912772400106
103.151453922769235
80.760325679399017
85.847413565558597
88.859893188729416
54.902097971690125
52.025169012395196
74.061311418258995
114.907106163130322
138.350058725938794
123.118138751538623
53.416801570280143
44.011229669971158
51.063015526274853
59.177747675858512
73.364823893245301
86.232464165040000
107.180513937450201
68.319752015710137
90.580052984250074
152.548594861835369
126.167761597912786
82.607700986659424
173.546646055815700
117.501034513198462
102.240706194229134
71.223620838350200
47.855642487322484
52.102768293845543
73.764405413913039
236.443144930656103
93.227772623066144
96.480347277932225
76.370118714658929
51.559451387425952
50.873047202109433
71.705833047559665
164.432351536533190
136.630485663311163
75.829460138099336
62.240711031623505
60.472699371415487
63.444316865441166
71.352188512340945
83.020071947477618
97.084365311883147
111.154836296342978
81.194454254514625
95.623363610107191
108.031316229220806
137.076799686734063
106.020559078473894
85.849665949345564
80.112961997754468
94.027135093121075
108.506407766044134
114.369148039755828
67.575714319898793
80.095133672773869
74.955654623014212
72.388414660499592
81.033577113519854
72.834756970522562
58.233227041953597
60.785866566217862
80.231035041652873
103.683183909594248
155.927107690677218
111.250825382348978
75.200100335486496
62.728220951742003
62.262012162750580
66.893699230243712
82.209576773084393
99.317552944989615
66.587531419595422
72.410759785441826
88.587348016851536
102.776790632631929
112.903222248414181
115.959938483334312
91.149844435506765
75.492655259121818
80.792978424982834
91.948449251715701
99.671181310016280
88.088417324700814
87.061691955108046
74.577688356315321
72.631101040979360
79.599496147444555
77.094744284741353
73.460981158082561
79.324675194244222
92.202377257470658
106.410554267732053
119.305659749727596
123.782417422850472
86.452974800048153
75.182209693582976
74.115845826663417
81.793394706523742
94.607956513955088
70.497751628011528
57.550157366573288
56.014075945530038
66.610111753141780
88.031000439216172
104.992014098940942
105.002448327687176
87.393767943515570
95.766234438328297
92.783592112465442
96.988344148683922
98.730216472034030
86.972326694184005
91.630032560156721
89.411271483296062
83.905449030158906
79.326319925550521
77.300396572224372
82.642903459255294
86.665796314906032
93.653563042553444
111.925584485550090
89.849480336807460
120.168738250510799
102.315598582264485
88.764949553458933
85.661722991003572
94.536830238810182
107.095979157134536
78.319442355713406
128.383228436714489
95.936276762734934
93.661102661273560
77.374713027005413
105.128281079331231
93.967699605105935
82.906039244603392
74.362347713357224
88.979453907699821
85.946600026431270
82.855001054768962
90.131619256681603
102.812610067507649
103.742916004677923
89.986354314411599
89.768240823007730
99.896783361765316
101.762858003092077
104.535321301381117
89.889372045430648
87.818285030990040
92.037513543888423
113.875654764054659
125.054597483765392
186.772812841390873
125.279940515940595
103.343758721301427
99.671314216149128
95.727731037857879
88.467447156204940
81.826407274322705
93.867247620716896
116.032368356699124
121.521032239782642
97.335009469922170
92.615659871238876
92.147293420581576
102.020744755744275
94.610208134187587
99.705070507846571
111.636102330746652
120.612019400596893
87.778150770948514
86.335427365246574
92.872809188347873
105.771683098878441
109.411210459753022
32.755919969745094
85.906953493571535
83.910053988511748
97.406506392467648
108.413097390553247
120.698397786247867
135.063285728760917
103.083875636398503
105.545639436335676
111.423891700567367
106.936094012436996
104.205461002230891
91.931430535263388
99.517054662881520
108.343065187599379
120.451528703843280
156.862018796079809
113.201195606855194
85.103400111448863
90.303501937446129
89.922740418353712
100.145233850208371
118.017122866389485
111.370610205547081
99.222600312420781
99.090350293952952
106.374885780754013
112.565021191116415
85.549759214761821
116.762492014097347
175.992193532689384
91.872704045462484
106.943187597302796
109.532837153943461
125.353798976468781
116.898173071113533
97.985250407294245
105.347533887463968
114.896174386434183
113.870018353496278
106.616381088323408
120.411771059234155
96.804517664488031
111.196391762091466
120.331801049567318
138.371917179788369
157.214244073587054
148.289927700990489
155.655865144829647
167.143756359840609
79.563539377665904
94.410430838272333
123.816710766218591
111.395379992447488
113.808856383994183
118.410240051397551
131.048469020900370
127.176808167280086
119.644355857405770
133.429037819061904
108.442169126961332
116.806648173328128
118.295409334344413
119.196015656412243
115.561413772057875
102.634806882178907
104.031914595305892
112.231543748166914
116.828854835338063
115.147251845637953
115.830167781041524
115.515012429057194
115.492569380917956
127.941426081708784
115.042297078918295
114.229261177642414
122.396178662379910
136.572514737751817
151.396095863649606
160.001583252254960
98.307722946055890
110.852395938723120
119.859394568816498
117.849106625861609
122.019972210843321
136.540769246512752
133.315754715104759
135.994434154593534
114.566041359293934
135.829607545819442
133.305935810938593
125.219157847655495
123.754680996984973
140.127224697108829
128.999967118440111
128.313351924585220
131.076556906676956
130.987006504540233
131.771000698058060
130.939888224061036
127.470949166167884
125.541739354901168
147.327293903947549
131.158195147870089
127.751305562268755
127.138352154868414
133.627423983705256
140.516748410733072
132.334915644188413
166.252644220447138
119.912101620673397
136.833650812322077
114.938459070581189
151.512083243972455
137.383562361530807
145.287205275805405
132.864865623804690
142.645174392860696
148.439465927471559
143.559050892737389
135.458766019235156
132.352254968948671
135.157278263105837
148.203646766657783
144.351931488730770
143.643257846943584
143.722549873640475
143.851629967143964
141.273297872207905
136.688734427085024
136.830864009679885
216.237835729053501
152.098793718273129
147.318390429654642
142.254418057896686
142.142893219682207
145.104176509226221
137.326537593637681
156.991374168648349
188.834278942646563
151.367339540127801
111.840452215623770
159.249689346058943
140.943790568169817
125.112092829369260
124.601954979864985
149.716058876894692
157.010553422619751
156.395130068045972
150.007605695298082
146.690221525558968
147.998211900916147
159.558668744506519
119.853042286105065
147.353122736707064
159.358233107438963
153.213824059244075
152.485510080837685
146.556099410654355
182.175709410681321
181.448141144530155
159.251410078785341
103.058771598608985
122.287582007793802
134.258001337330882
148.382319195520722
147.019671619993545
163.675085080666122
185.873173236600536
182.172011858256553
170.951139240495706
165.335259474006335
187.477928845643561
156.738319016724802
142.899367540871111
139.792036356559720
159.000765062109423
163.043446027097445
160.724590774806586
158.653978553887697
157.675608432770048
169.526577908451003
118.206623656393276
137.714722593013420
145.910814232663228
147.214511973066095
156.909984406007936
150.524392637190857
148.526909794589869
171.081346835443043
158.358845463332045
151.514783930891838
157.629767864693775
156.999541999820622
155.292809841338510
164.478754372576276
174.558705970622725
104.963182937560219
155.202931878593915
169.207118603980689
153.505409044931724
202.048460653129581
173.645912150343406
159.410813422091195
155.371039045257959
165.982116862652333
169.141861112954530
169.538157834914216
166.836289060340192
165.418165782090426
175.440932402545513
172.084313651323470
163.951431821533674
159.881917734258934
176.344175408578224
167.894109906291021
162.399408024754223
153.893012193505825
170.567678946490958
160.101085049899950
174.231952660792672
178.973325563157573
171.347792227495631
166.443705175433536
146.372277170443795
187.257497181623478
141.247971494055861
171.379870395080701
170.621198967616095
174.077208457911070
144.129231306292297
148.865200815334731
181.091694464936666
184.207693939953543
180.709609657083206
179.715088635049852
178.348429345676635
174.103701218396736
134.625020477686178
192.274501077119652
209.081105089431787
177.400889443241908
206.206901429172802
186.934303553745252
175.619749297090095
170.200308961214432
160.505082853837195
170.256836592703308
163.229028265113243
187.161808164925304
188.386268046045643
188.179577178453997
180.124419458614284
192.940539407639591
153.022260162099428
190.381800608993444
189.865257854267384
178.469033886282858
174.926849231543713
176.398875786000588
157.118781511772511
191.464688710512632
196.050363084538304
192.292624765962216
187.570843010418116
181.070467407730490
140.091787402245700
177.671649698187366
192.830513648163333
205.675037626682951
218.289166045847367
214.193391206163312
203.307367831436380
190.738043895663452
163.174453388113278
133.250766576079371
168.355180438686602
179.728626979439269
188.365282268951432
195.496413747869894
193.810696835366087
180.915762346311027
175.127460270714039
207.977080932448530
214.987997411176877
211.889437065275899
202.514039810615088
196.274432465645475
186.944148149221490
182.226616436170758
157.704917896102074
180.359242945497243
198.314676556521562
175.143256607721867
179.449001599812220
182.793193308020392
184.550918882707691
186.136052453641696
192.356656591577320
203.520166814977500
206.516962495732457
200.045240674202546
208.654556513766209
187.771985174084023
162.923822322047727
189.864241534595351
193.067761204450960
188.140937699481725
122.606906326521340
164.756459400150533
157.847604060384441
212.583074646003240
226.590153502248540
224.221478038113560
217.166081732944775
214.106805484114176
208.640765080351400
203.743605769216003
201.371314105933692
201.598669733130237
178.496193265113760
203.390938424288436
205.707305442595271
204.838052386890041
201.882770843110450
166.680204718277082
205.808125737287753
182.386334603737907
204.049069596411726
216.132453283109442
232.147677008114385
217.459537430178784
174.053435337478248
211.821912863447892
177.457172525410869
204.254750977952142
192.011769151257425
169.546854442940884
194.569318454599340
170.722452285231071
211.307328648175258
216.009406842581143
214.228639003923462
211.143373583203356
168.174041333185869
213.882039788988152
191.496690941910629
204.496882588137510
210.170713539263176
207.077882060511939
195.254460669419643
214.753038734585346
218.933998997231043
201.008853732677892
216.540667332441700
216.686475200629474
188.073001694124230
208.174484894659514
209.037252513027227
237.312301184429998
183.262331932918215
222.447339030168990
226.751332965803414
201.295286225839050
210.070301867496028
205.536466517547581
187.117060281474863
205.933899439728663
202.004363469833464
181.771827405073680
208.996881045546388
217.583651485805831
166.477763689839890
219.529193462504452
230.559056895630789
228.144319700273428
185.036503665575623
209.144404996610319
215.324473045779570
203.139137366444345
196.722478370704920
221.141102912754718
213.687958220676961
220.561594898149821
219.560577187680735
215.198718516910219
187.673939996719042
183.416387084153541
239.147774701941785
139.540230008456689
203.679108200620504
201.413932724793085
220.787240676925705
215.522026664285164
205.208933016784897
205.934462667334998
221.200395520175562
213.582149858363721
190.711613750542597
175.555036452702439
209.067888480548078
177.370697097603454
224.510367396902353
233.007822089119713
229.348640197986697
176.540375795684611
223.746316746960531
240.533267563787376
246.029549145176105
232.009000757805978
214.105134282366777
208.791015904662146
223.118608708372022
222.182266460016479
188.731377125260110
206.632383254781928
229.510226337113295
222.731774399531361
249.050118004134646
239.006338164377553
204.199011499145058
229.673191205613733
221.291704189106838
157.922972554675653
223.269523950959922
235.892248726052429
225.390756231988718
216.204736949477478
181.841422262205128
216.583199224854013
191.338796780662079
232.536498594528666
236.301368706650749
205.844810681437991
239.907923795747990
249.494342258982357
250.467921520457992
243.825006565725175
227.122805589189284
223.178278166395216
210.667091704701875
232.804464924051047
227.904228865146081
215.637530558958758
205.450447660390722
130.766479906018134
210.903936475253431
242.853673769030536
239.043128380681821
228.284458466596703
226.314635703819107
219.985515850374270
208.128547305971381
239.908381532983469
247.899514855890033
233.974568562007335
231.333138046463489
170.463422623412612
212.580621897768367
214.497034114548597
210.185615993091375
135.840617537519108
198.941485955887657
234.548092970260456
242.658142711836092
240.041080604832985
231.936491878561469
222.332319498092147
209.020315868283774
229.171594114816514
204.287997537298054
226.159174486739062
215.996907417625948
204.143316527365215
230.483021279206667
240.159581072835067
237.230622547663359
248.431620797785058
244.788203131122799
245.253204498451794
242.615661071619087
227.751611883582910
252.513652283913586
256.741798266674834
239.674984411361066
235.922135772929693
172.235853713257626
223.358354007912908
220.362011579840839
210.557506856286409
194.893563279428179
180.393173347891633
233.050612684024003
243.698094833876382
241.693579400326541
233.907167337621985
223.381748312519449
214.335053217342704
236.553362623041608
237.850114418689657
193.674003301494992
221.723220330998714
210.607350749655723
240.007795672420116
242.352937858730257
229.388059549673642
242.270996648025402
243.163251186281059
241.417509891944547
157.778190521963126
200.064051957929394
262.229850522018069
259.447065338362790
246.286086684432576
237.272004799537342
178.732454844311093
230.527911174674443
226.572925698571282
211.562872656982819
195.571454824705881
226.054958220778843
192.892499769402320
246.331578045298272
253.146860743436719
248.345430617686191
239.142875685948468
174.624173919096307
244.767633488172123
245.530038981215455
224.857438600277419
182.225207600976290
215.846507758445142
238.512176599485997
237.835065518099839
177.796835576881307
233.751539976145239
213.737061931216772
240.515995277624256
205.526781313712149
250.635719450245546
263.105382851842592
260.301221576638056
249.193404259904014
238.635844025263253
179.339062899784324
233.972531273375125
199.135736836282916
221.535592817105083
204.562626554913265
236.338378473988257
205.989080779280130
250.221272717091381
253.098933203914015
149.430607263447854
231.340389321739963
247.201745658851166
209.375248275067548
248.413934392608496
255.343573854241953
242.976681037408923
200.410829335114727
211.511444009770884
221.004402105603134
235.884213278759148
239.734359635406804
240.376853812394472
198.775677407266784
250.155213761754936
254.822843267156827
237.071930325919396
253.677644532208205
248.976075400446064
164.689656265653014
232.333990628303127
232.108615200694430
223.537759427833805
191.415256008879169
214.311529609550234
194.591630914412633
249.939667104442549
247.337538821646206
121.877277556117846
234.936553912701697
244.484197945878947
236.914321136022409
217.210230784418229
251.858132331328392
255.926193455494172
245.968610024174382
221.842461254137731
191.047712533491335
188.726790593917883
121.111103692455700
111.793221644894544
119.290517136190061
123.595503938380034
120.219252395931534
115.396806272702463
170.714258976501270
124.125541125272548
114.559776590064445
105.378558580490662
107.168042060129181
199.635589183863885
117.102118544719787
102.103932171028092
102.225911359896330
104.240702851740565
110.800224549025131
122.559324088591097
128.739718012390313
156.818819859067361
145.673568861816193
126.056952181117722
143.479264637235389
111.759807368108440
100.046996750114133
100.932518025272856
108.736298556093558
193.651608922317706
86.535119909044795
64.979077443841135
80.909390112727252
157.187775836599940
121.998037783625335
109.707486143896773
101.823914163677046
110.664588956313963
94.526684306185786
100.282108394774667
93.106005208246671
91.588078562330878
130.345626247105486
201.774539542713114
103.605164986356883
87.575492400511777
136.676444847136935
88.050700138164814
81.610134740922263
103.723652428905950
81.681103410947372
145.921849670542315
127.655364386300548
136.602818781918984
64.679850129468250
62.882173606240073
108.832990729856618
98.686233515634157
103.192927939057867
177.700467115771204
71.501293271074474
85.478555284838450
88.773539104083312
76.572760001657656
75.433383451975502
76.796260998916935
90.531168858388639
72.122849123677852
75.178295857063830
86.551251259117166
79.633129956445643
72.552882417951992
130.076703116771398
83.148927331465771
81.589798577510322
86.966008565143952
139.470412154594669
70.108708039542549
56.063396976650182
80.478734706620770
130.846141876035915
149.378590679812078
121.055129079000594
50.195691606647614
48.637759433413123
78.065091162945038
76.775419030295780
86.211360648242049
140.018536865382032
79.465947929415762
110.009603830676923
89.374729853723181
75.225651006317690
75.654352062464142
80.518746677568700
67.739009221445997
60.950780104389452
64.449597505331639
80.914214694457371
47.741962472044747
58.838714528208072
108.709440658770490
65.077440858951547
71.584930753559902
82.489749649985484
95.778459735767925
53.793011704465243
46.122984504286393
75.119323891238466
87.622391569199920
169.232363723259596
54.192608325780384
45.570357646706867
56.174781081196087
48.555573093995008
43.932665918976298
55.029595406101237
100.242489986746349
68.699634259644952
89.273075746863668
146.535226807970986
97.641332271211468
89.380020140088874
66.390092574923855
51.263852338584840
156.275640777316767
93.703397220466883
83.433958042045958
48.228146020194686
54.950234158725834
109.933337582482650
68.141316337406153
78.139092909467735
103.523441018145647
48.418234866393291
38.443387158722800
46.435456740115285
73.666563052460248
199.059800524958803
162.700003307209187
93.992470171240342
52.893323068836807
62.376319786598145
59.341609484982840
70.211398544963544
84.382851232867154
100.487684722042445
90.189124105855669
85.106274921565060
99.953463264275641
144.989984482542354
113.813098435281120
75.649784330822655
78.398520402166383
58.176057158877086
60.236971758589249
73.674718375622163
90.292902425552285
62.344567073169486
84.019851419006770
235.249160279218074
86.186149517120640
74.458018976413754
45.884290696374194
37.023839117180898
47.174340786444816
72.826972952547607
171.961920913758433
157.991976548110301
86.121666207674338
75.617691762356472
72.457528426075029
77.421750400227310
83.394591152625310
94.473882975379198
83.362841204609452
73.663751564515593
81.442243754749725
97.669004906895836
109.502579678194778
126.227631198049025
101.684277695935563
81.702362131998754
64.044406461006332
63.579817982834982
73.250660931755732
86.984465347749151
68.494452685037416
81.805726376292370
75.751991113147582
82.128309212172070
76.360880952341319
54.353617514096129
52.586006720274327
62.552645323982588
85.243269374718196
105.846586529369233
110.655019660132325
104.174559232697518
72.774983266150684
64.123675202166510
68.445212538825103
83.558436909911720
97.252296220001085
67.064532342141774
59.547518320046834
68.125918901589316
83.247455919150411
99.949724225909520
127.495744058134392
98.429656139760155
88.922663828786540
78.966538143727277
76.871611950505908
84.443389217049827
106.777470869589621
77.229181518210467
81.463785795808704
74.363920214011870
80.361777766765542
68.201647050242101
64.883703738346924
71.679044223330834
81.596284042292965
93.211568976769186
120.669145326830716
84.406542141143916
125.953911157378300
92.095775727538481
75.579344282162097
76.391692542424337
90.052593910584534
99.634968718326988
72.185104878561887
64.159092789429394
68.923794899546934
84.214829008305045
100.404138919040150
86.130611920076362
67.999399043367532
78.733376286323676
87.327668006575038
98.567847287012313
100.093806888186762
84.709765014511092
84.077971667189288
92.004391502303321
83.274212955827394
91.145888375700054
84.113056474277400
82.190261371926013
87.740039099476661
106.372175024883347
70.542359652994520
71.582156675230252
82.152775576951228
118.605554028751101
196.688505152167778
136.205999825898431
110.620107781648628
108.069741435934887
106.152826968871352
133.105419359046550
92.707579216885819
84.828986651527174
93.577702941419332
142.862397454788521
89.080716601176519
75.693503462587131
77.091394488701908
107.299259906095187
98.279769725484257
77.986166207723244
85.173474624956185
98.288827173763877
110.276815706826198
94.843057920791097
92.774885173414063
100.260618107215976
98.630783336149676
103.293361503314813
93.764889723212377
77.649285513621180
91.353615182188250
102.121335506834029
116.401781730253617
125.514690083235124
100.991755578150020
101.624945294621668
110.503544196523464
113.111405548172044
104.413859636584490
80.688716808156812
86.035470296439186
100.376161188443064
131.040613032002909
102.076420677882268
92.812601440961345
147.203697236444725
90.213410383293919
95.407249874083277
87.146347893945830
102.983318644684573
116.863509850528089
125.395945806549435
83.519909600780068
94.410264296798772
105.815129534457867
106.389770989394535
31.716116791814471
76.679822153311420
79.429248253421335
91.122764024311749
105.751890614609437
113.282857049354590
139.833808776266864
93.429115287604247
103.036154820281084
112.572199096772181
118.284099515453818
120.658080011021440
98.547462347239872
99.021438299793758
107.268502435843416
122.130238209005483
125.174723982680405
148.321613442484221
114.705053939925378
116.511185965770224
121.060889697662702
76.930195810485358
103.024580215051301
124.482288813480437
98.882087083046130
102.440961826961527
111.495011378965231
116.948140542772890
108.626774722755727
121.128748642599589
118.161674603200964
109.595744903201634
103.691720625787781
94.912139146179229
117.998978782059481
137.455175034037552
91.583298501318907
102.640061263166928
112.657533034995964
116.187001988041018
117.637345781486289
127.904994088109859
108.659542853322009
110.447550891060217
117.258983815123599
125.760254385320138
187.657450301481504
150.404740920849406
149.704942762345013
151.844824335891445
139.594241201425405
78.970903616200502
109.300339959746395
112.318985011276837
115.459459904446774
119.646667236636119
120.895557087463843
125.030354094787754
171.709032716538303
152.321231200227714
152.643162764675736
104.807616350176517
108.449348934021074
110.360230213976422
117.493428631744621
108.536631141913546
106.554874541948323
106.305555369433847
108.352682392614980
110.487473517570663
112.759032133000261
112.128543513983203
113.301616216335390
119.091583319984238
129.273355870783121
113.825819863335141
115.298902551024014
122.193651191904280
133.256647088789236
133.504168836219520
129.307884152717179
113.986790037692614
127.441904580745657
125.137147612818552
121.813294109178869
142.713344428499312
119.548776273163739
128.323895004319041
124.139596138444745
132.731665598111931
133.723464804840859
126.409969253916884
119.997367979147896
122.200974274732289
120.929472666526962
123.234701259590622
124.918913477627143
128.206135477623349
131.121492897135113
128.594396232122222
127.047027597191232
123.066826628426497
202.814234921349851
153.760821703333477
135.954110768541454
130.908525515162495
130.932294702455266
136.467978440134061
134.203110033001764
145.086146325699133
155.696269284187025
149.671463347664428
124.174196633104813
117.338134468516230
154.344412133779286
140.924787672492101
124.888565815399147
129.386539480775724
135.808446363429027
147.477772244776190
144.196753325456058
137.675158151128301
134.735188764319560
132.389302336895497
136.559229944091840
126.905111403681786
146.322871375170251
156.311590904468289
132.290575423254523
133.052349180239986
135.031055183172811
180.392662649896238
159.426258579323672
152.676349114707989
99.543682415471764
121.527868978305662
133.290847607879726
141.814427497354274
136.087224744800949
167.705645523248734
165.353224836652231
176.629716953795395
111.064703858299296
191.055335363600676
156.501298214636279
139.040166914482228
134.209273722835633
142.606467349728320
154.387304186667563
154.176718286049265
148.286668050624485
146.316166107980223
139.013838569086573
109.679311509829986
132.017886183270662
141.176744560184488
144.620341190805590
132.716517444300223
140.853270238229953
140.157428928131225
169.863632514345227
153.992284747800966
161.913859611763883
119.292994800189049
143.726534880747892
153.875877515839193
155.724013112982050
146.622835660344151
167.688981851937314
173.466161648910600
136.579176914400705
124.735058066429147
197.645112313349983
167.405909794084806
148.415251363234319
143.154305546450047
157.235908290377381
161.786335015898118
160.585451246773175
157.654210946221042
152.665706461196663
142.463337550347802
152.074101177504559
153.063751439965671
149.509053618725886
146.780304752757445
140.367369839816178
147.088364639998218
146.900400782268775
166.458475497054934
152.631789203482271
168.700233123613515
142.076301690094510
160.698402788533969
166.502901409716515
166.710103267833944
166.637091015159484
99.071967973752876
155.692193324848063
167.778765092278434
168.477277686586149
148.055921142791021
185.111793785196568
164.373349565611051
154.799254102283641
172.063242433708268
169.711580844897583
169.772268386188500
167.468715725677100
159.544892627390027
146.432382151500292
173.650139203868235
171.130232575484058
163.908331207771027
157.073965917788684
159.749298255431256
156.502499093595759
151.540134047472776
137.964188610241393
159.634089699097757
175.313639074307446
160.286643047347866
176.160339539702449
175.444030564359196
146.328930541266033
184.327131917564571
137.320328268583211
178.591758167891783
176.032885900414470
168.853793761994922
171.286175867969945
144.272992760343982
157.733408339391758
188.858101672639606
183.368657515581447
179.356220462377621
177.513250581186838
175.586060749232217
127.384839999352963
160.536445726910273
184.776127674339477
207.121046844435142
206.096274343852855
195.000262331934636
180.736996531244074
176.076549091091522
170.400398715777840
133.234529202345243
179.586761992793413
170.701962596086190
183.458953079921514
185.241803913827482
182.187466086697100
169.626333319290694
164.118270574633982
196.260846090782650
201.235386442236063
195.360096740115949
186.898561446868655
182.426161313056724
181.350379652213235
151.837720198137021
172.417268455939166
196.271717091207705
188.277397037739547
170.201824303214380
173.227389703427235
171.876273063421024
170.750254426267759
175.645300792854414
194.088966413491619
204.987026208010661
201.058844240688416
189.532905800205413
174.447911841454442
177.127035749372283
152.434655413692184
184.378387883374074
188.673143300962408
118.627327716415323
190.950706841666175
150.182152517858384
163.659367838490169
208.658648388683446
216.872081434365356
214.712697188083268
208.979166939280958
204.856918255858290
200.971241087931958
195.149936515153001
196.348410544927162
163.905296612478367
196.661303662356914
201.244149686531671
198.950888788507257
193.161243271447660
188.024703890342238
185.172033433620442
186.490973777791055
195.307462751108972
202.756287221760346
196.908274405862670
209.899851748642561
207.953550685164856
164.282956774917409
199.095358676828113
204.104047369503434
198.288261847663136
160.843176353178137
184.627658168029370
184.143106311593385
177.005183135448050
190.975933017088096
207.695598748625514
212.142730960384370
212.374820986826364
211.697398847848774
208.640223025852265
205.536919677420542
205.359625427745584
206.163289285773260
179.886355639371033
206.658028662189082
211.640260192150265
209.454460885484821
155.805231183381323
189.948653031347703
179.973487082751518
199.258090369620561
204.751750834798599
191.511397850889011
224.489151426484170
176.810728880314116
212.618532548295292
180.273371441602308
217.824945581624661
218.923393590054815
172.584280290079676
194.652212275597776
201.483219424569711
190.782115597882409
184.627059507205388
204.258180746184394
209.905778559874477
152.239727296359234
214.644933972243848
228.371370239548270
195.499863231976690
205.652248680335958
210.510235544685315
205.737876665694557
188.398819189085145
216.882003898190135
210.837306703990748
212.776784787341796
209.723075990945091
202.103408303973254
188.764313107183796
168.310383438771197
231.425579689852441
176.055098044634576
225.944999931822110
226.487708947148548
196.465961342701917
220.449998173491394
212.093642255314876
203.276791697081336
201.535101949849007
212.526420005586942
202.035539366462359
176.207726513402804
205.237478120067209
145.468230322408800
212.115948539728379
230.448326511324410
228.612054823084435
185.475265988277158
208.387401107378423
211.576116866483289
210.476045767376377
199.799503283723425
190.125630761549274
221.657878065405839
220.305515782291707
212.530195825141789
206.248340265732111
195.303800497758232
197.986024055532681
196.645947989845553
138.176001871328083
208.985120093924309
205.879321006056983
196.708855084505245
221.175718248065323
213.762896659450405
206.484377011928871
213.060483761378521
222.815340343855695
213.401453237000368
187.110633633578317
164.107291533087277
200.229145448653242
183.611460178375381
222.568379028862410
227.169861280280941
221.332880467300640
189.586014337528411
231.818457496964214
251.815694530327505
247.708103927691297
222.848328328645948
211.995183988901772
214.201822977436876
215.846953586145048
204.766642620189998
205.532285206588284
216.255560277098596
124.418665968552475
208.805539663506977
242.404095753384752
229.879176321894107
224.378817846752838
213.468249241736430
196.968292797137622
217.524423999482366
239.753011125661686
239.276576525042572
214.278538617697279
224.915908454035559
184.830738256128654
212.625487191148977
201.115856605105307
236.080344888729201
179.678840941594302
230.759797498477951
241.572549053177653
236.770207452979378
232.018588740229973
225.731968167462981
212.888944108661207
157.295754735873686
209.309230159164940
230.584878537693555
221.095339894174742
207.099385541565368
243.329930484271614
227.919352866356547
237.652956817129109
234.822966999783716
237.670566782374721
240.507038905628406
240.846749227614566
229.916367509884083
239.797205674645369
250.289318679632885
242.000538411816621
237.979130438497549
235.898839105477947
177.781864494972069
213.314518663643128
209.470278155002575
202.082927208903698
184.235756372468160
230.081459957724888
240.341293392182706
238.245931052202508
230.954844924980137
221.987149198855036
212.913065791221868
220.297669233283841
219.420643543357698
198.249438494480671
216.905157575867463
206.630189119701413
242.185394178530203
239.237597076127088
241.495871551084264
221.174712775165005
233.749022630183788
236.145309122240889
237.326502975197798
163.580066628345463
244.057895176816004
251.314139091329821
242.984830652618342
224.064466265801684
232.217748292339024
182.751222744502655
225.743505828533273
222.249671141379253
209.545815852586543
128.509827507077546
190.061470565286015
235.422289703007266
246.512990757934915
242.682516487656585
233.920938862782720
223.998102109556868
183.323124121096555
224.028993271909115
222.412973387711276
185.424859082582003
213.814525099366506
202.742269306852791
249.114271471496750
251.918919281045874
199.186563011545957
245.242849335384165
200.715834648754424
221.456881917841315
229.790380197980426
259.720012150476578
265.850947168254606
257.111540526881640
240.162523849857280
231.874711227455037
177.549884176674567
229.917330228303285
187.497552383505251
217.152174840763621
191.408071621762048
189.860148699361446
239.828517787332544
247.249054571457009
239.402008536258450
232.459694225913864
187.710740618673242
216.060854152624444
246.154696974025939
207.990900495411267
247.797598574097435
211.962442675195803
218.881003365921941
244.752337081161585
233.890597153880009
249.325237925569240
246.269381123385500
238.205587722823424
209.497447489360127
262.684521911929892
254.629346830276944
263.988306704580964
254.043125990388091
245.523374478609071
195.134643064295545
240.810218163288425
238.834637005786760
194.462923422167819
226.629296923996350
211.358799672454040
201.800176381190397
246.919142880478802
245.313852260242811
230.651271526152158
171.758858154659549
238.643463180431070
248.054855934922557
208.715000175959403
249.709305583246561
253.645584301930398
204.269879710980319
198.369240599007810
228.197642566524621
222.386215197176966
233.243065138418700
233.661767775300405
234.209249643601368
230.443475132259891
259.526286825178659
234.683336665782235
258.054625712170377
251.772046976955551
172.564328548922191
244.672364927808815
241.872680337882770
231.955412428514478
217.221942470259080
233.983498551110529
222.909676442333932
214.031313048270221
249.900821407536966
241.079320636965434
138.210865122107123
237.284016613608685
244.952241258652094
236.496726594965622
212.750227503967324
255.064169024956868
258.361996216782359
251.291617675160325
257.411831271519759
205.629122433603726
188.899387457679040
113.979625462917596
111.564869967062094
118.510082759559722
169.716515262918307
126.331843550230687
163.065998456072663
116.298032917930428
110.476657870238952
111.121648877958847
107.651933704314686
166.087702910494698
102.028002699830466
97.480367183919626
173.899087941023623
128.174147112763194
122.502676473424856
122.295820934677266
148.043265053602568
153.236153477087157
197.962685482987467
130.330268740188075
154.112584046341681
150.031882831981960
92.526814780957736
139.706701304704723
110.478497158660389
175.183481599020610
104.357483323077588
107.000042651504458
76.037461835586569
88.884553040508493
76.869737215469868
80.160026204776571
84.810419062612624
93.167686523523713
82.127174401019090
90.817515299843109
103.096241410124208
102.685320666923246
97.538449773888729
138.615515247301659
149.207811558496104
91.654777162074680
81.488582312703656
133.860519642864631
88.997599346799532
80.954907949979201
93.874360662863481
92.557499110408102
139.076631097777522
138.982734419609642
59.396931321500261
52.801377519742971
113.807773221640915
77.378446094289799
77.510231685509396
142.576947051850965
94.989151739712725
93.171453862241592
94.538683861592034
77.267038844884198
80.925129463290148
82.574011143935735
84.404333480271987
79.944470351330352
73.976388136873595
85.889561930234237
64.497021331800212
65.276621352140438
144.208668812777944
74.269111284636537
74.393650419673406
82.247700281685525
87.371293455953690
57.040742930839173
54.570199232610918
75.747980695466481
74.829437687156229
90.857666599964489
143.224245695774528
54.541478336053643
49.575702000945881
62.041740261830341
69.001099062137513
55.490059745072585
59.769040906312853
127.775882135728097
92.852803099732967
117.739139555418262
97.346580547495577
85.025026189952328
83.098321123377218
85.524476013688968
64.107274934891137
58.921755800499369
159.516621028907252
93.234245260466793
56.854528082573268
82.412229986742943
125.466391123490496
70.060492275806340
72.988458821986967
67.900870759114085
44.154925138257070
38.694562664291198
61.077029118511774
64.314968053168073
72.099750786434285
183.496429131516891
104.362247350143278
46.787457298020854
69.315558983084145
62.278839486256729
68.695901379070079
83.319030178653733
99.119181748319590
78.086111321896709
91.709866776630960
141.605999133567110
105.141424591024460
104.238984502830505
68.260779291754929
64.229264443597543
82.543690687649715
56.784505657128221
62.782653326031820
87.892622437399524
65.032992618695118
230.375537671770502
65.988308926716101
107.998128244780133
56.348263236550679
35.729559841028689
35.466762375468136
55.516338117198032
139.984607595909551
64.464333969534025
151.915851252096388
76.463839060246201
70.181027081211425
71.033830113990234
77.393853560154426
85.546938985578436
98.097961648925732
90.241335535888197
81.420908317027738
95.687492201599014
105.963835032809527
120.908277078541857
86.953686502758316
86.125423950981997
92.188553326622610
62.029076915497939
55.171634142572344
63.598105809156010
84.387955748924185
91.526539181417107
59.781648843071039
60.214955064437703
63.749251601380607
56.461600180442872
43.629350511576405
47.306862656604594
72.617303429985256
96.861206089124934
106.941472771313954
144.670018789042444
75.408685929322502
65.545359369893731
72.170307127798225
81.512241533705577
93.657243671723919
109.289460618039584
64.477771398821631
65.577372686172794
78.482401874100290
95.308797370800249
107.343597633596502
109.042807785100436
90.223838071524085
84.544141923653058
68.643821859467025
67.944793201071661
76.108960105444055
97.269923290567334
65.903189151571482
60.231772679495876
65.037385447728042
69.139349476001684
65.244346882513454
52.603897082166583
60.620993869921762
75.239567368549118
91.775505449109318
76.642444508355950
102.377204793632174
112.349174872396077
72.261736908417816
65.868926751953794
70.864237386686085
86.848507477012674
97.589299524799088
64.891178334368448
57.095333333698704
64.728936123786781
83.673641088335032
100.865089010037622
117.184434082034699
92.180230389776199
85.420556571120315
91.025678035262004
101.853503746672686
114.572912613102503
97.484943807977274
77.027352769931866
79.046356663042218
72.900719759289558
86.132408240687653
69.329860468560355
75.939871529499626
79.163892858129174
84.181277929573938
141.861773663023655
83.467777515927196
107.178462200385951
117.889622809955284
209.988079775094292
136.653588085292938
112.133514001696483
107.251308034267623
105.579646619210465
156.608886471830260
101.397517039654858
81.837247267452497
131.412321874584904
105.763398880352909
68.351100518002909
61.803190914681892
98.272667306360944
93.252313312781610
100.387744950705468
80.745289889758197
78.351395725259664
85.735168050149923
94.351685817202707
79.908232935641635
79.636047619728657
84.160885722990002
93.181393243505838
93.632455115423909
95.248487859533498
83.619869925972850
90.774269096911866
95.703773785262001
112.921918723904298
133.257628416207638
96.815530973487412
96.665022540466396
104.793486172924915
106.862795797042878
93.521539894511363
75.669016903035427
75.964660394266886
135.547586234553307
120.260716336171072
83.203853932238673
75.553511784833447
79.015761401882600
102.685762394585055
93.912210673638938
86.831120532223096
92.589039175653795
99.838569523461345
105.978168454263880
87.854725625871964
82.574159317314141
93.337050163751854
101.419132835491553
106.450806394453323
80.145877195019594
76.614289740191879
90.726993143827997
98.438315735400707
115.677810059271707
129.808541352635302
104.442595538442063
109.574377305080148
116.395615057815093
116.085986682890535
94.575477384756198
83.639425082920951
84.374251081333185
127.711910772906435
123.002066796945655
147.388745992551776
101.602282581978727
75.632114953217084
68.910374825447676
94.878807585978620
85.762981641300087
96.194887956214558
108.299624986401440
94.689838262789152
91.139253730098645
96.454197606116196
104.016864903189060
44.779382225921466
48.889713862664919
61.631774172590696
94.968006526855859
93.498607362952242
102.303432723542926
126.840712979109725
109.573372555002010
102.092751336567943
110.274749697847341
118.103292498262036
121.154782381562086
119.090112073173771
113.917453295272665
115.475803184280636
117.380599884094991
125.383905139931770
109.703016614975468
130.970638814145076
129.908816043314744
123.159173931136280
121.459868849431544
90.302844486897470
110.030504089159820
115.852267611883207
103.648181319278763
104.877592651157443
112.574753752696779
135.162420746874972
125.114302839140919
116.620778082954132
171.285551310601562
144.677646085167112
88.757855469957548
113.995757000246357
137.790519740673943
108.946592907012274
103.854165364471442
108.491066855307594
112.641630072804190
116.661649394661893
114.480304629781969
111.276705705337207
111.106914544067024
118.334910962350833
129.666350792213478
141.174729761097694
173.000023792113495
139.292869509270020
138.548356470684610
120.159383023329738
126.583077710040499
105.724043909650931
133.941087264815962
108.756291702629483
113.758685016304057
119.498671239846004
132.691403902652354
133.000677195607636
116.398010184823391
127.999609675478240
111.908905192658267
109.883023395351927
103.866794691032396
129.689863739303831
122.488090773154113
120.626709696445417
122.410341556791479
124.904546882005548
128.019505788086008
127.356099922401540
120.996907384923915
116.418813683413362
117.595232317710412
193.156656049611115
135.751745089873964
123.473003747383416
124.833451867206819
132.484751714719977
140.020227119842787
123.276958994794114
126.864571582778737
136.479528807308668
121.217160907018837
120.289480736970759
120.799125527211842
141.430680930841419
140.727124669322222
144.301417544134779
130.747020063254325
131.226908946228519
127.535112205967749
116.496442383473195
112.365708543548863
122.266571028428046
127.078675059730955
127.671185664399459
127.762926958591407
130.236087911688571
132.754168261115183
126.159277087295294
121.752997407846124
123.281510651629659
176.353749837851609
142.291655744992624
137.107532389114482
135.274655598658399
135.792532900619648
139.358938251950917
133.481038986006268
147.433904927447884
148.507371565759797
139.686431434709931
123.916757292618456
120.701838673150363
149.717888660408306
133.432818850342613
132.172053076924328
134.866297141837464
139.117386916532496
145.276467679437047
140.107714279760785
132.011384987648086
127.067768886793260
140.800032850509496
88.361813524634883
130.142375550533728
150.584152478766555
127.020278897622148
134.592776212928754
133.706352999998387
136.575941124633857
169.496612579575924
150.638164701576329
151.709985047599361
89.287595417940040
113.425575113726524
130.460786935134394
124.556571796234607
155.193066062701860
160.758341906667283
155.776009890313759
137.142293303738711
125.757541475291845
184.888452509994750
150.096795501282656
135.304929714839830
132.931471517914730
140.297822556071424
149.223624724326584
146.929680373701586
144.260484242053224
121.789000732956538
148.376400316916232
107.604722951256562
132.316402002012353
140.260770877699258
140.984588265763705
120.318708646406719
134.801925584939454
146.185119847458111
164.006762667332737
149.285856512167612
122.779273479112632
144.664284761437813
151.017218534052205
152.824163498989435
138.197847415084823
159.715335861924814
88.768227673144565
140.031852107652526
151.162919598554055
133.083329904961630
197.444962572872271
158.967193339793681
141.324446714200320
138.483948543502322
153.690544837923596
154.538567008720946
153.348723326929274
148.955202488204634
145.192386992099358
129.997375036093501
145.914861567764490
145.769739115666255
143.106301843012801
140.934800324112473
134.562674924738928
143.537825927630365
150.813787889544614
141.620055251754394
151.743028065656745
168.145568924014697
153.855509828732210
166.917150153128858
165.732028347641403
160.222435381433769
108.157382731636176
157.813752649842883
170.195407193670945
160.711039592584427
152.222783384188148
188.333515687213009
177.232611901337663
154.404487750964222
182.233895945262702
171.549129353755518
166.249429864999001
166.164733941014276
141.858753413402269
153.649127978161204
155.234069498417142
165.729838095310782
171.926765782439531
157.774227823436235
165.061413739245125
162.810077126488409
162.465120135544851
163.172319744315672
134.077249195863089
118.510265622303976
165.175485051856811
173.436848403609105
181.190871330714884
172.453415094239347
179.560795019332943
134.448723812005426
181.986947972271565
198.340811949447556
195.709110700900652
184.128314849932025
170.112774208803899
153.670340763600052
158.929595209123676
159.041468304719473
166.334898905385643
173.943044655632974
177.291785904814049
172.859332257179574
160.596832951207432
148.274921894378906
157.797460142632104
183.107534080806317
192.198072265646402
185.348094064553322
177.595002722130914
150.829771428990654
175.856614743509539
151.442499800647198
172.627681136104030
172.285002592286986
169.865862339217784
128.759585130647793
133.214004005097166
188.811412420088601
202.201772775989184
200.390751353749636
198.304084759853993
198.338243873101618
195.486641947625344
188.754051267051523
185.216650269424605
168.868923120974671
189.676708359829433
198.544801738412900
199.161194662560433
194.617902218947279
187.547578122592171
180.870407038943966
175.577242566006504
182.219986072447682
195.109988641200459
193.709343515831421
182.148620401966525
199.209432659679919
204.686257651109258
196.488785782481614
169.254051155055123
191.102276041852690
188.151937451335783
135.971979987164161
175.271503641114691
181.909106799378094
180.493347147467063
193.989033902821973
193.960101193358526
196.870703305458107
200.862651364339143
201.816086062408004
198.352045371873999
195.295402528523312
198.825383453028081
181.147828286449140
205.367683099033002
208.268678605759476
204.325130408679854
195.865848803804397
172.342718170983972
203.037856230893397
171.878817495434703
197.194548727647771
202.220600623424787
185.084160381838245
219.996734716519029
217.787902186882491
166.373865246261943
205.003286343602923
186.773673716538838
193.860807731493935
171.747461700390716
194.340593690131300
190.241983161992835
183.892933960055814
194.677680401567528
194.084164272478318
196.849917822635234
200.286771428844446
201.849324050086722
201.098048854987894
199.992137186100081
201.120023519946301
203.668052416994357
194.666314685514152
213.659734117515114
213.940348077421874
195.987895010268289
212.222222681620821
210.316679928298754
180.167089807621721
199.924024044951523
161.037956588897771
224.890596818185458
136.333206112071878
218.949300561883604
220.949236994011983
187.024259240601339
226.556241115092007
231.477816959331051
191.917088002246601
203.224034259837680
195.830662116594169
177.166880602143891
182.862630621033929
198.971968608770283
125.923067825534389
190.205918491189635
214.356848191576830
215.541227420356961
197.808385739355174
207.962670151143186
210.808929781634049
203.888332277221792
193.084398628111586
217.051841015632590
228.657388718934129
218.110034430678525
204.645632052119367
197.890588510278974
181.777611231849562
125.281160470688519
226.032000492196460
240.544527274683333
122.592361554878622
167.837399714311545
221.364287837585096
218.922640745198549
210.071204673100169
208.234640979114687
220.082228623608700
217.592346202695836
180.570087334819675
174.475736033289223
196.598167959980458
175.064773073595205
216.907354498012751
224.248154652718398
220.180541369229729
185.415956605509649
208.713627026078456
214.016422761419847
210.026976436356506
211.366623855977821
195.645424685929896
217.275292728895238
213.372553058636811
208.352169116028932
204.047108607224175
186.932698750123450
214.646642796939005
246.211869937593207
133.881832275013409
209.642539511880557
212.637295074090503
198.756198972135849
216.952590369227096
214.609776770571671
219.742019132292228
226.082789610025827
219.764282175208052
214.916690467208355
162.615218045894977
194.249656197239574
194.012474034443500
194.495505129074445
224.699190571627355
226.649552195373303
172.416424537688982
207.339005408194055
221.002087093150777
229.393729208364874
228.399721652180148
223.033307552253603
193.283024199008509
223.715181797453425
221.589053657068177
210.594467632758665
200.961122591883878
239.265487717806820
196.852630904632122
235.126640655839083
213.774484110169340
222.285112395779720
220.311771770229029
219.053219501055224
129.201150888081429
234.899141145282869
236.622134087233690
227.548472926942509
229.875130894717500
221.107725375250425
179.853204131434040
204.073457937292545
201.900116475565653
200.708187703376979
188.397889245461613
227.212849817981208
231.991713145390463
227.092441811909282
221.458481523155598
218.846471119695480
237.550272456965303
230.932781710624937
203.936307939942878
222.145126887501760
213.762902461051738
200.718171861537314
239.192049926266066
232.104049344207453
241.554554023846777
212.643819378464286
228.943113683541299
234.507799925238800
231.953099421306916
220.136582849512166
248.292582259088448
246.496655403237241
234.407718020422692
245.457660089494937
230.236036102719737
176.694581835950771
218.156206474227474
216.853241692338713
205.256501662380458
183.398991641061457
224.631419056986090
230.827470963598103
225.379248834887790
217.287627863102216
212.787579583235186
208.468423739870957
234.776369393352923
226.856522907857595
191.852742077977950
218.916430633553603
209.706592285826162
239.500447069519396
239.584588003813906
239.437216218724217
208.708582667161920
226.491308286448771
230.838227802422750
172.782041469822019
234.533419712281415
257.048780539676045
251.863600121961611
239.024247713472107
251.532367017348747
235.145253571604627
185.355450422384308
227.860313995740057
222.438012267948551
208.693255811520260
158.318335931753296
219.584350718981142
229.554599095345623
227.516114906063251
222.474848523647324
218.760909666830344
214.016776283331893
238.768745534341065
235.921565152375280
212.413278642074204
184.115876372295190
216.463807103170524
234.813997758687776
238.382678477354489
174.428174624363606
237.188796784134695
248.749241659932295
231.861747445996713
203.996834969975254
267.410974950841137
255.334351773159227
249.757168468157374
242.903077800317391
254.114648082091378
185.884038548047783
245.852489365882519
245.833021051572075
202.435281634026353
220.557088706779041
133.192809727490612
196.757756858119990
243.067812052926683
246.736955588123948
236.226461792282805
164.476342139234504
160.629121596382845
233.788807865032766
208.458859799801559
251.849093011930421
252.485059947551946
198.491055415426501
211.072278558448176
236.943958225388258
237.392622222617121
242.823013441195968
242.990557127816459
206.891201579015103
260.495673877476747
238.672518228886190
255.477050190370989
246.731958987074165
241.278881195118061
207.434902765643727
253.498350080229301
252.243980029792368
235.527526416390117
195.794645828967646
226.343778263879443
218.341310952663150
213.528547323533985
247.138933732541545
238.343332807063859
149.662770720814819
235.348731524302536
244.253084349896881
238.147951519381053
208.060057581440532
253.248754103520184
253.646278618080544
209.538161252801416
180.495144571045500
235.733591817681429
217.128211640649056
227.503566989969585
229.682726413762879
241.428441650181128
260.146953133926331
236.615323197011207
255.518603697804764
246.986255786598690
132.487697637311925
178.199127519335434
242.641070786677147
243.426964739177436
231.668480834594135
219.180457052334532
243.235039160597069
233.263631925210461
213.695952564754037
247.175164337816682
240.101632955853972
141.235358564858814
238.339832527739105
242.200875362594417
231.414201363876373
209.443481907430083
259.310351463862958
261.304938335914812
253.612367978099087
255.508157822368247
200.803930768246573
106.692426414504965
104.823035982380816
116.394157953398604
171.849817813318708
125.890684883590040
181.149069429643930
151.940085920434939
108.444245634592917
99.145656543161039
96.286506904305980
184.353384140422975
111.723995595102707
106.732273255249950
109.473432345705007
110.477314863525180
109.848207608853585
168.711833531303938
125.123769269237357
120.020906113250575
180.567909270586199
130.879769902814644
175.657104003015121
179.679452533892288
119.094071634956933
100.501970122575102
98.916896550621871
159.520100443790994
134.017580337917650
115.573042682202157
121.820976036817299
68.168353139886747
84.524087275535635
88.635259338719166
88.600953916059524
91.449793436975824
102.864942024723675
94.228256808641902
107.224855810380816
112.973016766233201
116.063916450248954
130.552818076159781
191.863602206999019
86.817157745795257
77.239697366530066
102.416011872999434
75.122773511182146
74.964011117583880
90.440864042074594
109.336742108360767
134.083374220984268
155.124350642716735
135.952893272375491
55.176585685546428
52.288981543916179
133.916314707051100
93.717038321959393
148.005363740494488
102.627343986067004
94.833757733654537
126.359139707632337
91.679651457642706
90.002665124780492
90.763424922198126
90.164742176371263
74.552254896044957
73.938829436025316
127.302102766484438
87.226657711987983
63.617728938007417
86.673362919443377
135.173164149413566
72.262747878419859
74.193461983703315
92.484359758839631
52.980980257311330
49.088482421812614
58.292310630971969
84.737915705274375
94.513324013910946
109.248465820331091
131.122961588862154
48.687071169268805
49.372868906246538
72.438584203230448
60.999854338872623
70.329785884107224
123.035131953323656
91.619751475756289
99.810111501572237
132.005546913251692
83.435825396824072
116.478418697416672
122.352883025668859
66.973584348134892
82.677002806570158
62.890447799335021
72.583539896930930
87.331808592064263
104.540352397675704
230.550262538697950
125.850917648529602
112.257635105396574
72.698024569850901
40.073785422089912
34.572711557287334
41.328776329858570
67.564113954314095
166.883658560098780
74.681679243295761
157.964757664726193
68.367479663525756
60.837680099021284
66.332430637558190
77.622346050086506
91.710402263559573
81.796682481540827
77.278389294078096
91.383609909504301
104.615397749032212
117.762024494686429
71.867884067578132
75.559025710654538
86.559203027031003
79.512833585773635
53.214948717439896
47.378746298358010
54.742527676740636
78.384331243628267
77.747080757655539
94.384192986992900
93.196104302126898
62.017559601696959
35.566036868172262
31.324478931928013
38.212024744408282
63.688250129220549
128.874355462893959
65.254318448150187
92.533232237598796
97.948119733752563
57.690383803240266
54.538467230425113
67.577400821965753
79.054417863239337
55.154391273914669
60.091960524516466
74.923432396064982
93.463996481273512
106.505022447685405
105.662205344506589
76.064072631040119
77.657630204372765
73.887255540702995
57.128063343585708
53.461230323900310
57.121492850347096
58.457826167695131
52.475348903532961
64.864653342663445
73.944426063292084
65.835788252017466
41.806214631600128
43.746674137211770
55.747322697841540
76.733318446132770
97.379380916047694
60.544763140494425
81.051002955426128
218.562470590724246
69.111641935717259
61.699942571249707
75.462819703640250
135.303690852249758
92.332797752528705
85.208336245469610
88.693495298522478
97.075663354472127
102.555751984452968
139.952842813684526
94.273400980655794
76.431023747039376
80.846115655386058
88.694136620465528
102.143184867568721
112.946563059322671
64.538053669900833
54.847486062585730
60.024046833895156
65.725891550978517
77.696257109826547
51.624047154577312
52.477236503973259
60.163960538120051
72.910924152517836
88.057183851025712
69.562402952448792
87.926365026712290
190.950558733679514
127.116407507401192
116.544980306584648
114.072131092968760
114.456050287330797
111.628779505686737
110.600717830592316
109.792851608344492
109.141001808436911
110.868717446627983
82.232041840968549
61.953594757593081
104.814815388984428
82.050866951258087
83.837056364213424
95.126930445340335
114.230910215332884
84.001457887087042
84.929680294423790
75.756164168731587
71.064154505696251
89.994110884954537
75.447225278336305
76.866140841491656
75.805502330956386
143.012078726314940
76.257132130364340
85.297360804774087
96.517221435794241
112.679707317819208
163.302033506281845
100.628478729790501
89.461359423160161
90.288893641322133
93.075039934279886
141.576681441049374
90.537054607041455
129.935706192265400
116.595100606121974
84.556414814091653
66.391539053919956
65.988793171823971
100.316397940099279
91.903739417948117
91.972868114889366
81.256637980327298
83.234265269430125
104.823150639089533
87.542369097965846
78.731289793480798
80.614098374385321
88.395011454496711
94.725664148518874
23.799909784076135
76.500291644747875
80.516981829236272
91.219274026340003
93.109473380078114
111.061855605565142
148.568083965934534
101.024317287518542
99.116214683916994
98.982807765197364
129.068408317353686
77.682935190932113
66.015956958497497
74.193867054338526
143.529315944851618
102.506197298011941
80.896658693577450
76.975210805580957
52.933745621200757
111.354794735459649
105.909033245323997
80.482475315633579
89.052368454554696
97.114446570853801
85.772225702837105
85.260114404229782
90.826417037864559
79.056728237989503
71.810860967441386
86.203758879872382
100.728631929072435
77.211193190847325
94.693009533347634
98.618053233298184
115.803524530659359
128.089092622449755
102.889640995838533
109.395888055295671
111.739473752354385
110.802306492377824
90.188450797962730
85.568580965448177
94.777164218119111
141.377290490125148
131.895455818597583
104.851383800631169
112.607596746311472
93.174299673897536
90.620607183057444
102.555753999305267
109.265550735824405
120.228518091414358
97.882421849580140
89.641540396106748
95.289671718225605
141.768935063295231
106.535157675715880
96.983251384123093
97.746549261641704
105.833674001094764
74.128862588135192
112.650190936285668
122.857395981423082
126.104531531100321
115.393039535304467
109.656442246203653
115.777427701802708
122.129873026086344
120.407151487413103
115.959077002110746
112.931894530225094
115.407882497781770
123.345673533853443
131.625603233310983
116.171233450363246
110.055411408223563
112.207192987617589
110.093940591558862
113.970532808984998
109.265787927489527
123.598285133558093
109.500580832130737
102.982172787871633
107.595439152052137
136.084023859150363
118.102568923586830
114.154170563130577
156.872863802110089
146.447003206662885
100.720121369572453
90.356134438347880
118.688290947872304
134.458716411019054
115.304082931260254
112.815792125811413
117.408682482972893
119.701087115791481
119.734675478537909
117.065423744928310
110.432516990815827
112.279431218888490
119.844229285900099
133.017284844864776
180.888067979176412
145.314852405218147
135.563128379383386
121.431743109797225
125.579898031328497
110.601636065691650
120.808149989169735
124.309672285664902
113.904689868713916
113.105667818312625
134.774812711913114
127.017732513575154
118.129189421589459
121.040764958927980
140.240017913178917
110.662716789814468
105.301986593196560
125.985228877949623
125.032353824712942
122.987900531640278
121.284079273303078
120.830478418167601
122.514880274150329
126.054204113011053
124.116325248429220
117.735277072790623
115.512192337191124
120.428669954554579
138.606895278995268
129.541456163573798
126.736252435090805
130.559831564862947
134.873197396795064
136.700985356243848
125.652402983665041
126.591176566418227
140.057529578581182
123.987769842517991
117.269331985564321
140.847322156107992
138.402835112564020
161.511100778526696
131.304499657980216
123.499797400129921
125.311873319033666
124.901211757597395
121.841632811946937
121.583968216510414
133.605586143391292
130.111482261606795
125.652915300994465
127.027006532323355
129.694674513502179
129.048299494621546
123.998384300657563
120.570729980816111
127.778864505039380
140.391383811232686
138.387989714582659
136.310335937813647
136.084202877989298
137.350559418507061
138.736535445424408
146.217098997624419
143.215780383577425
141.701675717952156
139.599161942333666
120.647895399274802
146.087355706517570
137.274451054761698
131.063425949488050
134.867252017042091
131.012928188046999
139.284734306841131
140.459098131259054
141.131785800756433
118.043277963078239
146.312825374572355
142.406830432412903
90.320595197128128
134.167624534820220
120.445424061499423
130.715931959464740
134.536488484159747
131.851151897225833
141.937956908962889
144.849973267630276
151.377664276122971
102.828577724620530
108.997956195646509
119.560151582112283
121.508152349609858
155.015334388205815
156.761321594054863
155.159815928709236
146.845188899256499
130.066915808247586
78.102664159615813
160.137319547178095
138.660678353863517
134.020936332375783
137.717510496528007
142.425001797860176
143.531704693537904
147.005934241827987
113.411651831924701
152.254457992290241
148.734592531227491
106.929762398776703
128.577127982992863
139.850063328493349
118.447804344794918
134.438794847972218
139.442316352460210
153.928777755486323
147.171310952041040
157.667953277093574
135.848257747925402
141.837383237928378
143.938959303795940
141.275779384786460
167.320102393236226
164.623335782586821
101.715452802490773
150.693112251002134
158.262147066870796
119.116864640715903
196.766596199433565
143.539998382864155
133.442208742150854
154.258500654543042
151.848050594111299
151.698103360593421
154.716170397656811
134.395932159072913
147.325695715109845
147.449809078310352
153.907606463985587
126.652662019006087
134.986534392620172
137.880678193488023
146.936587524450999
150.194906287905837
155.225388158382856
147.389548997532842
133.720844600379422
160.139645930402082
157.816431391131687
164.938957143739032
138.339446259026090
101.642379133730444
152.974298038176499
176.730696114157894
183.070472972081006
174.446499522166505
160.762600643881939
188.595316156833491
171.553675291731935
155.079515572321981
138.704618945961300
152.929530365640460
167.807923633871553
174.863800942829101
149.624214531343085
155.749186381456127
155.520912620097164
169.863212464581835
180.298826262305568
173.604431827893421
163.356283110935436
159.900065792716930
161.103123512525485
140.298272231066107
167.501539314656355
170.579681597317489
129.421522813491549
168.287708103165556
173.584851958159902
126.084439861128700
169.816078700213353
180.450416982240597
183.753785368172117
183.765360555389748
181.374942420907360
174.678758281526910
170.401425676874140
172.675836683852424
168.107268387216095
171.059559569401841
177.597242187381681
182.034595994345494
180.955190387421567
173.904669636464320
163.823836823297682
120.501782183676994
164.571903175262747
191.488794243551354
187.606757195485585
173.408372797220864
134.707766896932782
170.314377194055794
161.429526538054944
183.040908294141929
116.187449791584044
153.967576889752479
167.842516260031175
161.102023904752031
156.152734979588473
161.160015536550645
188.048689513814566
175.733818212771610
199.068399847140086
198.154992663199863
194.940959034832758
188.508117865271970
187.731937482792944
170.735763709580908
190.089334898194465
198.859405056694158
197.225380935593648
190.128133877384016
180.796130090059563
162.280572054600327
171.766749409928764
182.486356466200249
185.226093297034765
172.987491275668731
186.241468659270623
206.580837133472698
197.635336414393123
166.431952045485843
151.665665580824765
182.231543620706816
184.817286465603217
192.032122341673158
184.660467248644352
169.381507597945131
184.073359491565583
176.495858934380237
181.594199556789562
187.400119477091380
197.624871689136285
200.671345016226041
198.249123847797136
183.422871926014722
192.994018380471147
192.883345441017411
210.779923768631193
207.188173651772843
197.753333206558978
187.042559755390414
194.837041531980560
195.952032497600015
199.757307825581222
200.535886576199317
150.606613915586280
218.907752276028930
216.730431444052556
148.241359394938684
209.178067071970020
172.431169750398169
218.138856173081308
187.391257855201900
196.486255660483437
194.711912466127842
180.559124638681624
177.106847981218976
186.637516112476078
189.175841265472172
192.426687190142445
116.725312104839304
198.720263880118409
203.022286024108297
201.426353858964319
188.461240935725641
199.996644515761602
204.697334471612436
210.702619924681699
204.436266809135077
221.844261914069676
216.840406460960082
203.512793913467533
193.359605371738951
196.927051967391577
90.480633637490143
194.989044030181589
140.717009151419916
226.634695264622962
229.145241548271713
197.991506937954398
218.970452521036748
180.766813290729544
202.131096425509185
203.329286272161085
191.399021564205754
162.374104269093266
188.021278927092396
197.601652422493203
144.530009142415395
201.431092989821195
217.217743232313637
188.503967654264045
203.093294563470693
206.764086949359182
198.543583904850493
196.601233199426133
207.660561490886238
211.375054020448715
218.741385682257857
204.641759487997774
192.817723627365922
208.207915771928981
192.228646096530298
229.305316961353384
138.791627205832953
138.505975625837948
236.836116175989218
220.154332319301204
183.121146062332343
213.689832756282726
208.980421990668731
213.987894195170355
213.642561058199618
189.902811009465836
218.278297587558143
181.088119849894781
199.321993491008925
166.544695898876569
213.052224114967430
218.157278391860785
183.301801289342905
204.867864786006407
185.841676531341335
208.578756641141013
205.614121163295010
204.303703437369734
209.927224242707723
216.672568670742407
209.647030628164146
212.673971007137709
210.381814336032335
232.322756698021067
244.031536171439200
179.380073916469144
238.414389905899469
151.923574225110087
187.696815633134747
190.991285467016752
191.389305763373443
190.178584141584992
219.950817888627910
216.647988085510718
229.119111795989539
232.812427440908834
171.934485848318786
202.658645229233684
203.830468812749501
201.166265470235885
202.281828270195490
173.331222429364658
218.595896193162957
226.979692832825350
226.075455917711480
199.382473385402278
223.483408357829148
212.261623100452624
228.926115076399554
226.782635075646681
184.700743662972002
201.662499295931923
244.944841399131491
243.522131070494055
220.773331487144105
210.179240465231203
229.232331863853517
223.606285398756228
218.587963765462575
216.725573414064939
238.732711376847703
234.994564653210603
224.234244538869461
246.360441625305498
236.339626744155879
188.691217178526699
221.434146978931722
219.261890251169547
211.652510215495852
126.261700412705196
199.724508043070614
230.154147335510629
229.544890405206274
223.427531939862092
217.172178803459786
235.873094070466607
228.049660775899213
210.904687273709612
234.719370437059581
214.212315768730321
179.659813018554757
241.173299912195091
242.451678969150578
229.821789352292427
237.032246340016343
210.974129930331145
226.249201382244536
230.340399312124049
224.204103577302220
250.150488887265340
245.346033917314799
230.289501310386299
254.089998046987944
236.629910723849719
133.972048179098721
222.949456193820083
228.177759786169872
217.635097273919257
202.337354752154596
195.516169403354297
224.673122952716710
225.594316455609743
217.051866428871733
209.014980735627177
237.258513584389561
241.198555931295573
229.134707978375445
213.066435389350346
212.300721551625799
211.528569036705022
234.012788887481037
238.514182099648792
233.871467802712289
197.411578039340753
228.318959547658892
231.066775639504243
227.230675549921159
223.776029142506843
256.456426105458831
252.131633962698885
235.296728001921167
257.963817574390191
238.730198895277283
190.824806185796035
220.471619945236228
249.630400219131587
246.118586929559854
227.610125123201158
180.400248278064936
211.959990709853287
213.768587649837229
209.337480858112713
205.128330757514760
203.894861789117897
237.213732698892017
240.512592486997733
192.650854672556648
242.365105054214268
208.216488598671674
152.982932579537135
233.746962961332230
224.880590655013691
196.377069147236455
243.729674524857160
180.166744152966317
205.797153533022680
256.589526674944636
244.075996370193110
243.411217617074016
236.126626977994533
231.984244932339493
189.472553869687601
253.110241409024042
259.362577797111612
233.720202447839796
240.246156659485109
226.431606218686113
207.924879653263304
193.550695780068054
234.546093410068352
232.950479820348534
222.179108304955008
172.201070436242958
231.341774040953169
194.530760246740243
242.566249444125447
247.477444929296382
176.205211787891699
221.964532520991042
234.656207452295462
224.234057233671848
238.821514635644860
239.678133462867436
233.700210301771193
240.743357652510156
219.670875168389898
249.156257078121030
246.790236219867552
240.556840437838503
172.121266690551778
203.295824031812828
250.934216461664022
247.423845448123245
178.860179981756545
219.927076211263511
219.162964421696756
210.708233289831071
198.775161639257050
235.571001649422840
241.172463089072806
156.940819639693103
234.750830318709234
177.292587677440906
236.549293534558046
246.753969881790198
246.134542087839407
240.449717488970578
251.330639003280083
238.465838310872300
199.211084204477515
209.393087088860113
221.300706376956214
215.547308155029384
239.987400576457929
246.410032649966581
241.928512826758038
231.439764766007897
170.149046289039035
133.956045391164764
253.124535059998038
198.275881541855938
236.150171402988121
243.373361856216377
249.082623482520830
242.119342228252549
226.143494176619868
210.381362977786182
197.655033421724056
187.892203055456463
162.566622120725100
236.685572253101043
169.971632768735191
239.165060715713196
249.384939774946019
245.636701345962251
258.770030531458474
258.362982444299519
239.937346491255369
187.867814479331770
195.141399710741155
109.732766336262770
179.052857682797139
116.123895755728626
101.757071783225427
99.623388887336674
115.265987804439874
85.192443254047220
81.966975811722989
197.021112522269277
151.049649385397572
88.952850683108494
91.704332316547593
166.689879927832578
128.634762727974220
122.563674864524643
167.709789625204650
109.456237197950216
89.844963444194718
193.456555391257183
151.329359044514206
125.159193457517162
189.502260517239478
118.494605520833005
101.546966413240554
149.476777378171306
108.016252628599972
104.102253940461310
107.624967815928500
153.584579922398603
71.784886286100416
124.136701960242704
185.420230442069510
114.719657034175427
92.925310133265967
104.911303160691432
100.670059103995101
107.643321338380034
109.983556638791086
180.025530063582721
125.914295848868250
141.329271342241668
83.777108349682933
135.159701544260315
72.109565394920224
63.648415831110825
70.860962197836315
84.905079433881610
119.596527333754736
66.492824116217932
81.815664232624584
149.618978418789737
61.778582008448694
146.660895069380757
89.004657836202625
131.329265806460000
104.514830518208029
96.732634055848536
102.079683043327293
139.354138241512828
79.567044430498910
121.954684088972598
77.909590700055602
71.879956075121029
81.652062437579715
76.709661108039839
124.526447712374605
89.645565243420080
172.044274588298862
166.977978781986053
229.207893771198258
118.204121277668406
85.260590106477181
48.258225777909857
44.827569334355644
54.559144577029031
72.365860230090092
187.970051066240330
50.184273009593454
60.828615253729026
144.695413866350378
51.102966842058336
79.217654469364476
81.829948965912280
122.218334583002928
90.150289143813282
87.873272169948407
92.361253602980184
99.334950101599446
144.732700384043682
77.889090756175648
111.889336775302326
74.853945603493671
70.441816353046050
72.650216288874006
57.483906446891382
61.454453779583758
141.353894512921443
137.607616444607231
99.495471300594915
87.976558238092622
71.242285393835232
37.185632110389932
32.986227788115755
42.347966782137334
62.815187469937456
89.545926818673138
43.981297664282991
49.641602505417424
156.456234930226287
70.879501942833940
57.529011409127321
70.095230504943103
165.838834920679147
67.513053542541144
65.254550483045435
75.636010891019112
92.498747490058761
103.070598242561474
111.476873737244546
75.975122640501269
80.081436317249967
79.762168756925718
74.494862302190199
78.297878189968699
83.754519581811650
92.027043435894853
52.441547907539444
38.074874697541503
53.414645718062289
72.965808415385411
51.720498835031009
34.142403828328810
30.935768228634799
40.845946983518971
65.688189984749741
46.997377413149394
52.230547455052019
82.743157331254594
145.531587444105895
101.260062658432389
94.924701119763540
98.600290226757338
83.216465261844974
56.189496511812564
56.484047482365412
72.731239858322482
91.891290265837540
105.500751866135687
96.144917702434270
75.446251296484164
78.999438001701378
90.294625900249471
110.686816777673783
88.629225262428861
92.807814997865449
51.582697384591825
38.440088301894178
44.281964447178623
60.579566149570965
56.381805440136219
42.749436084411656
39.625844065598841
55.467585643606469
74.232502425456602
93.142899745047842
55.510230867566747
79.341797034771233
220.271466258089845
86.979948561212481
75.922913603878101
84.940014230696988
103.508964960764587
113.791330669235606
126.648275603287985
85.379321673883908
79.539237360253168
85.128986899363483
125.751859262713737
75.552488610448805
68.597617998038359
76.759638697842135
90.591462601432028
104.896519768748533
80.394477416399397
69.182556407824677
59.878501792999657
63.391497534498214
66.607577498034161
65.471856319370488
72.304652749794570
62.830535525071809
61.744141964543772
70.712897133494707
85.825171647094521
68.647538855942173
89.106416584860085
172.214594914048803
122.649036601771968
78.190072656091786
69.615706989704194
79.219620963889085
98.339298818837975
114.935474140740467
121.387680419777581
129.171247962442692
89.620499132913281
84.025178983310354
65.142529444684726
94.518615941745679
83.871568704681039
87.809409664497849
98.170411558641007
99.562726585474735
82.520447202146002
78.581356248130561
80.031340765423636
79.818937651176782
70.103606484712202
86.281746123515518
79.445241536377225
77.461379907757347
79.122748551888805
114.844767536025287
84.005773583745494
100.838334145180937
114.634961078399357
147.116860624382497
126.753475819116716
127.376100542793836
74.866597500621126
71.967428435680716
86.981142555775321
105.578347242994482
120.378381796708169
126.592833869863625
86.187304826394552
67.282899218535931
66.449726921849617
111.146855973785279
116.398945429902184
124.552712938472013
132.391686458956883
92.253255091823547
94.197465399508289
93.042749788264516
91.849547978589840
85.149286083688850
79.578457094132659
83.187321424418656
83.730880248958726
94.743624738614812
68.629747032148686
76.804115751037912
101.097677389858944
112.826718353664631
117.675185327507180
108.744534193805976
117.362180745392237
108.719596122113842
81.148754326520930
74.066901614479733
99.749421562467518
95.181672306395711
114.767317335703638
172.089440310904934
144.874041133329683
53.224467478142827
67.540821353435589
111.222499239252414
117.682722359971294
130.193853105859205
113.233486633372863
91.753084548513655
84.481828357087153
119.672168064404389
109.966018774267383
98.271317418403839
92.052310075454301
87.356193604595148
92.195930345727319
72.534859980478231
104.028490193105995
112.097377999302125
115.894308254338227
101.729539032339659
105.931571914654342
116.127910721990716
121.117686016051195
93.825462450442117
89.938925933714756
96.034863270929790
104.791545466954972
121.783235314833860
117.501788021419344
129.298027979618098
86.426385380325030
97.052303444949288
102.125305761906134
110.166731923447202
128.731756716272372
107.539170606332021
93.895000925555166
86.412058840650076
115.473048416520086
120.488511752277986
117.843424567266297
114.965698489370496
107.008370283090755
107.033423679635504
85.348555345674455
120.662816264285141
124.378134526761130
107.918241546032917
107.887241361448517
109.666096484169117
118.096493178193967
127.752155398554066
115.694342525109363
107.241337410131592
104.870893031696696
114.416385180866868
123.268161208540604
136.406999656793005
138.435521350726106
104.452180916279673
108.717964742316227
111.473103116442530
114.450604171915700
127.378701043253869
147.624376238506500
99.715561602067183
95.527499028742284
108.636234077087153
122.522827048434877
125.624654192722190
125.953070777939359
161.585586737834717
120.575188288778065
88.554373245533512
128.623265738618272
134.000820064915843
107.834055515265547
114.045283693057144
115.382214655275334
118.619958188910516
124.711913403617899
129.469613593189536
121.778591407767237
118.491710216550132
117.202612761180006
125.522953582118447
184.002621402258683
155.540279695705038
141.567854249911505
122.288165932837700
122.437656045413405
116.791698548449688
107.689337084730084
137.501056645635344
109.996446474978569
106.176043283969250
111.901488351166819
127.928940368624367
137.811252421006230
132.477216958153548
130.047550389130947
104.685510612046144
99.018828602402820
115.480552332729090
113.785378265830218
130.321269424427982
131.937521659232573
127.280337174630404
123.225605188952699
123.364952109864475
125.698985063637622
125.422559283241611
130.752824414586485
132.169107512663857
136.079918799997017
135.120002499189980
134.228153049222954
136.696207064703515
140.554155622719861
144.312722112181092
127.065981101457695
122.817357360464811
125.283402612058111
126.910983630706269
115.771170610710470
111.262660507126142
129.706716418953988
66.293875541939897
150.100927320397176
126.493406893401300
119.158637847742952
117.309228194546279
125.432942079394707
112.151563198153013
143.685167209764074
148.488209443474858
141.360633447238740
131.052080558056417
125.604391746612379
124.550381293267691
122.414478398575611
131.173054935316031
143.028317100566596
148.873055986138439
134.636577032393859
138.205471406608268
141.933224562375301
143.546720682076966
164.049041919827999
158.848592035917733
154.825097790978276
150.503260737240083
142.245389869132282
137.951099832162924
123.840047758651579
79.133807313354993
107.383627308477131
107.334605126519875
135.527573303911566
134.176122155405920
137.148782926182434
143.318433592462924
143.705142309429988
124.171566457050488
159.923408751583054
163.050667174744945
150.352576838763468
138.771800754781765
131.546689988059399
128.364562834015345
124.022144685472341
139.428582212883725
158.093419547294047
160.393117158742285
144.941737961997632
152.633468903820443
153.694439363911471
153.474212496364999
166.962945345207004
167.953072097601677
161.803876524889972
157.921850139993523
106.083019939985036
134.478484907237146
117.179773590914863
177.686407178622289
188.462219803661696
153.628442379224083
130.673970415262374
132.233897638161579
144.262589773953835
139.885894016072029
108.963320721816260
158.136523065149703
170.978075524968858
169.758867763366482
158.621631633261529
146.149104493973283
137.414657772895595
131.700367990806370
132.254151026063766
158.029847964991376
167.774034709044088
166.472613168401153
155.054544614385264
132.606859074585145
162.690816537490889
150.398374522624579
143.815976003339642
161.583092042997976
158.211575330011016
150.092723602482693
138.013869319733004
170.207025690179648
157.914071902484665
147.996804390031429
141.205799540455331
157.151643330129929
153.615208630459080
154.002237746128031
152.071932103730290
140.933342145775384
129.217535853066778
131.191796186485874
180.219785504333800
191.596188536597168
182.426811348428458
162.941419756643938
153.301350828883955
144.804908806915506
140.009655843387691
191.273718166005978
196.362772001260510
136.368982293571520
159.614915392003468
152.100556350191681
149.814722406981303
144.184634554184157
174.314997974763941
179.558303008302062
170.595010364210395
156.046655453877236
146.311877429507632
169.439796923157672
164.181982007241800
154.398429549231821
151.415934636703611
152.451880097632881
176.024181618313975
169.718603629573408
161.016965930628373
148.975393284984250
136.223552065871530
125.625509655666917
162.994977650139049
192.623787794093971
185.181999040481571
173.170959797046947
94.447498802113245
147.374424515750547
189.133576217516605
129.246790934566548
152.021821506130635
166.878389687967370
159.352443262862124
163.273878051707698
157.137127963861985
157.524806580777124
161.086084453856557
196.545378485436913
178.268336907024320
160.525937986360020
153.090497957548877
177.781400744653382
176.283096968552684
172.855660046728588
168.144610679442764
166.980273328134331
186.640934049139048
183.486968126663044
179.299442675651619
172.611866425808870
162.690083450325488
147.779314317439940
163.497945449697681
146.235258855665876
183.944053254645837
187.117908388797588
180.838516804087391
132.395589108195708
177.222480733894002
173.388708210018223
180.183115388615818
168.039982690201811
189.294679380460366
183.621769608426291
176.228138949496667
175.014609011683888
174.873973754211789
176.040081089238697
191.138104393107881
171.729987423470504
162.959219056925548
181.322249974390331
187.054812080546299
183.413397728581856
179.126107975694083
172.952914053617633
187.992905645656037
189.238459073305222
189.803155570408165
185.760201084881601
175.186129723065307
143.028807099174742
208.321440941739183
214.490782995242682
152.513332081366258
150.315246972753783
190.142158804790540
195.331284480397954
193.081793711289237
190.339381214414686
174.159819602158819
156.690026709343243
184.265197976346315
187.570191248809067
186.364517176495468
186.591214840543216
188.397540160430054
189.125387817771895
201.957169658013015
179.747685321261059
171.050949588151781
189.506037078407218
198.761262939961995
193.993155815369221
190.268610160998463
191.708849568028114
195.640272021733722
195.244979121153960
191.051046499487711
60.573554081407053
156.805343042255402
194.278047637096194
133.481004203487061
209.603802887813316
213.861516925123311
200.769629034259140
189.018276007191247
217.408816918088348
209.612849976533425
194.355560311537829
174.264552656813521
177.617487497785447
191.229535976230210
194.575204875871918
194.491075808001824
169.304207298151454
187.576553032346027
191.713421408917981
204.522842293255138
189.534323599558917
178.199336843342024
197.027527945971457
204.416891727652455
199.625498182210890
176.691744869383228
196.531532452079261
195.841309759016696
193.049913482349666
189.124935634398042
209.331787013237374
213.560828251585008
185.012925009529624
226.503276660202204
219.492450670362416
182.879292821246537
179.526556723213758
226.603379744904828
113.165195482042179
163.147194417770265
182.460589449390852
168.873649695206154
195.890062655471354
198.766986150479113
195.640649587563814
193.623318395545198
193.397164759519711
191.987287763315408
189.536263158649120
205.886257507349711
197.169393337498150
240.756883971965181
206.044794231087991
209.377865559400789
202.553042880846419
173.989549007843834
192.863729694944396
194.436993595621544
204.980680796222799
218.169284904417111
163.641319224170132
238.654824421601802
239.558607900767299
219.988702769546478
201.978708504715030
195.720038046935741
220.682638986069179
229.420988005846624
221.200290776660580
212.478122473380495
194.137577366626317
175.453107921638264
179.887891413405328
212.646013165146144
215.709749777289261
209.094256586394124
203.507928213025480
196.234984370166870
211.368140283488941
206.904170085279276
238.362039371197852
234.157134499447409
219.227213713549304
218.242708859345612
205.773786632358224
164.134432043495053
181.315526986610848
215.576179743198452
129.192122439066623
199.522331112398035
176.976791612126533
196.722882334767348
239.155160069448300
222.580349338339431
208.094936792987539
220.796075881356387
213.040545726691676
248.404282426920417
236.766915128527785
214.433065405707680
182.819346515466748
198.678353108065039
192.600119367800801
223.695550317902928
141.795803563752116
199.888938241307272
214.742502848362307
210.685534072340147
204.161833517722926
229.564642180488420
232.796639244531832
221.605816369675210
230.194561796196183
222.109932420574950
175.098637461705323
177.201585940431244
223.857961183743726
191.494431458194526
213.569521986800282
199.839406415204337
220.139115333361730
220.827230741956413
221.644562791379997
242.318398190233665
233.949513136478970
220.566670292362545
255.458340548133492
243.696202490723010
224.971371144274315
208.099998563471900
210.309398951665685
200.416605760357356
206.388485806720837
155.859810267406999
209.780776038395658
224.190393778570581
217.572272121943769
208.951797081309508
227.731585936650362
238.118461722328618
232.245693337506509
216.385815581117384
227.614588971627768
209.885505408297860
171.005119102448958
231.816571742855047
228.357092482384815
216.126174817684557
207.069608194772229
225.837675346605124
225.904541355989778
217.713845561983248
250.742546284965158
244.829959397261462
227.381279507216135
258.220909118622046
248.073547418828980
230.664011384623535
134.588670459695805
224.394521070097596
214.717646107618179
213.412720035669679
218.901676467302309
199.097122243978333
225.502671317561948
219.954379260205883
209.569988169405690
156.852426342123010
236.897283577337816
239.355674822897242
228.603623012189587
193.807493178784910
225.805007995948699
224.928532929363541
231.095374056547826
234.358683777602323
250.637467329908304
201.054549402060275
225.207436288366353
226.499281923929175
238.441966103189372
254.786095674138892
243.596543601876505
227.503203121981670
220.163883597147390
248.751416530341544
235.175805660069159
181.123602656470439
215.884789959423614
211.955191024363614
198.462736615527120
224.086010833331898
208.267134949557772
197.259373255232447
219.419242474872476
212.026101092087487
145.161045642130716
229.410789548896105
240.070409465581292
192.170474785605876
241.856065612380917
169.332129476399416
218.577751334773325
229.863325427346410
220.466765033402567
249.389835720990163
212.466135440876627
196.529690543095029
225.205150640968213
249.141334786972124
254.085529638101576
248.139896096433546
235.251236419404222
231.196977547344346
238.943307990478502
212.824672239985091
235.654346370508449
229.346508745245018
218.590158734286547
208.880085755639641
201.855595258406254
223.820657273846109
204.969550123468451
217.269331181332745
146.925419536379223
170.495504554015554
226.850780808452328
181.600258672457073
235.494920311142039
242.842031994538559
239.157506987340923
219.915389217136919
171.401182116190540
222.633583266770842
242.271615839711302
225.310501683337122
215.499654627522375
243.571336067614112
248.596270540128643
244.567544412248964
232.887617135412199
224.162411359020837
134.020942727519952
223.698861900018926
185.790547592092764
233.735502834858210
253.568735386582034
251.246952931118784
237.409999691674813
222.186372397559865
209.456250751427262
197.564817855439770
245.145244056422143
240.877679980914877
152.357293074143968
178.403784859043583
170.087932933170407
232.507249408695372
244.765255789218344
239.815064829463722
224.324090036226067
244.124408796790817
233.548770906515728
186.797776738748837
231.536149144648192
236.632460721387076
235.765039271777397
229.159701129026985
227.258293058768885
220.862993091389058
211.730417770485616
271.461936391480890
151.262263109883321
156.205173451135011
264.726467498411694
275.499931240708179
268.908915844229341
255.515818830321223
240.667765180602061
226.155342474711006
209.565126709890905
195.728820709701893
236.897441547689027
244.203581210656807
223.409437806518412
167.979703593401553
233.946439456678320
240.957078829163891
237.863046099091264
248.813816969759102
253.873381655904552
240.521713985220174
199.813509538129438
101.239783565913058
184.173637266019597
118.860132015205735
105.289834615060386
105.454082413109774
108.396018273139532
95.513040959685398
94.291924438298452
190.953582629692733
145.627367506527094
83.251652586445374
89.571263944699936
102.832492303763956
113.803563640053369
116.900311412341281
166.197897388242609
122.587274073971344
113.310593555984653
193.300720276992593
150.857791443147875
122.589662779683238
152.771266286609517
165.020195474378141
113.262909119735255
143.627780834061554
104.133286337722680
101.520331887574116
107.153252310124287
113.246340838923487
149.106685908802660
70.767482741853570
91.197373787626731
67.009812739390270
68.917563065142986
80.048569210284981
86.908263275289045
128.834607140765172
126.304684736208600
180.096546066794986
98.334983280333759
88.122885474634373
95.611645081415986
118.195648951726497
70.180073613966456
65.329134812233292
75.730187182852902
89.142595711102942
123.505298773830560
64.796253861830962
70.858865806380351
153.713172614730468
103.554432506933566
99.736569228328506
134.595679742887143
101.932253774773756
99.922265425386428
103.929642328552248
107.225238380193119
107.944405625912808
156.000005138811673
76.083616334125708
84.215721763174997
104.453528188050257
79.710538530965295
83.377706309396416
94.491570952500339
103.963186740843184
106.364265025870921
214.655743731685362
140.702741765084937
228.468368530271505
91.208969350422791
49.030034491956968
44.888977704696728
58.751988172734343
76.096556397341544
91.076793899549131
162.366992593187945
53.370451943935706
86.753664618419364
147.654124539375687
106.388088981703504
107.569072845271421
128.562039719564609
83.792357445545150
75.061422225387645
82.075343944996533
89.772398579483365
96.758186009456381
138.077837468378505
76.875836006084128
80.039283269791952
88.466367182270616
95.917010408108396
108.927925880167948
89.271951802786219
86.302712136009205
93.404837315597405
127.647847757499306
98.423068321424338
95.271334047648253
66.216219553297677
40.450063994407060
35.952741949903157
47.323138909551190
69.573494443897758
137.967977008907837
39.027362348592433
60.518242950194335
103.164946298107509
79.804352662561399
92.805536853796227
111.870451825290843
93.656793407492671
61.384427838687728
61.340723998161451
74.527619637453171
89.383227146929300
101.831290888421563
101.669675608728113
63.870487938799499
66.986410188087049
80.178093730608794
91.979408279269890
110.954530186539870
84.096054894890898
64.906668928709635
77.029812536353887
71.003513586601414
77.895216471430729
83.949049163472850
45.398824278497784
37.595353148558729
43.396911922533093
61.501347943275050
84.585512899529348
42.542575496914878
58.272982822424098
209.530085418573947
71.885601892991133
70.229943120351209
88.245025724837021
111.489884725673903
121.906302754745980
123.439321557197047
121.921462017503075
77.615285563935259
71.628810646577236
79.958419970853029
85.152508132043067
60.990841626499034
63.296343301803063
75.400073573245294
89.080435179015268
122.819385019527061
78.707785194398411
51.919676466412838
41.533385006390660
48.184720883113158
61.066452774138256
62.023965874197941
44.469534284341279
45.864423633538962
55.913581130050588
74.323903530146808
93.234142999272535
67.377909962660098
90.655678319512404
172.142702275079102
108.794964295281261
68.880851366334753
69.507360470292767
84.908938309320433
105.695674865458813
118.468869616687812
121.831003373795411
106.318415691085775
76.124414018102556
116.821388953686238
77.802272901514684
68.227373251015322
73.714985946183759
86.701305854233425
100.160793389936003
79.125971752447569
64.542477606407743
58.886089401032592
60.454021177460291
66.345341299192086
68.697971435668848
70.391859364495474
65.291295764433301
60.557548881028907
68.499631944869037
81.696668177594631
93.899319052234361
90.982148211838620
136.188284766776945
118.683544743473661
121.160381337271033
74.948131655872558
68.468506157822532
75.658354220856694
95.355214780937828
113.942934369641705
123.797554047410131
117.951298159335522
98.711054949520729
78.939547018504229
91.051508085606358
88.103548914585645
97.113579409514983
109.725650427445942
91.118073235010954
81.614282295836603
78.818764596029794
77.638066443728874
74.179099966350165
76.273647390233506
77.643904109126680
78.984521343867627
82.502987635117137
87.640848419065776
73.706720137549851
88.268373209912767
98.619054417467026
105.675566195381464
103.170792341121285
144.614003600786987
85.665165216059250
72.452530375923573
75.794460019767328
89.009006766338359
110.382961010477175
123.875123741645098
97.775990426534122
103.729059786103434
114.875482964622535
49.469595756526871
94.073940286331549
100.658568597873924
116.897885659020659
101.468097469971042
97.170833738801505
92.245131367915192
90.824875020828514
89.445821153279098
86.994337155965155
81.093866471763349
73.843285434481231
83.406862149841203
96.411254489675372
82.803477702088884
99.384972761740599
104.002513255251571
110.538820808060336
106.873047676998922
115.585685548892343
109.568998483844680
85.349683469436300
77.599686665723667
84.445443145134206
101.218140158035069
116.688998852941239
130.827785085697514
110.480622393076686
118.055480525849518
77.251018070427619
70.597535801684444
110.620709826525939
126.245332783776490
128.274092735640863
107.762196003740286
110.014557295605243
104.482890940152430
101.662994045239756
99.425461071312668
93.106549216624927
92.024054970683096
89.570883752999549
105.034438209863140
94.876665362867669
115.653488766339805
118.730101369113186
110.664945967040808
108.139874777542587
113.268375037486265
130.400413447852685
100.235304532243163
90.367623371781107
93.071017020451379
99.637294244688050
113.290237795044732
124.644050726729688
117.281671932419883
124.611105525844124
104.406090728476869
96.960887432440700
98.885222007610338
126.063930495233834
145.265408777493036
103.066187523320565
115.694953072543996
112.865421573834425
112.815367764680474
111.450463148730108
110.472053550828463
104.478602931577583
105.453336859892104
68.784087575416336
106.017665521791670
122.557288041115555
122.775486133572812
111.400241039359784
116.041812211691138
119.885815820247117
125.857241393597491
209.743556839555538
109.214791398861422
104.099582865563804
106.384477234852397
112.793205145967534
124.614117415252821
119.250872081833833
132.511867486078074
117.328531793701131
111.839675546647840
109.591476175546205
107.234161639080668
134.291872127397539
107.973259529884245
101.771977268846072
128.030717431721428
123.421344666815912
122.014102414820343
184.082220827006836
136.367529282123968
171.168096762501477
83.682892220842987
119.388875801333569
126.665938283921918
105.142124253260903
121.613086062872497
123.030380428705996
123.623900156736354
122.837966404585586
162.310231254846656
141.917569662728965
141.451961289911537
115.168006687415598
122.039802605402201
129.916602463162121
203.590152418627042
157.564762381526947
139.265626790319146
131.402041784399870
125.238166477194653
117.078244117436412
115.009551848769235
120.776868937373820
113.087067087646702
108.425783009139991
124.987704458381643
128.091758567491695
75.727896869565683
107.949574138132590
124.821579433394731
132.119753555403861
127.205596486604421
97.075245473872798
126.002990094601216
138.413194344118438
135.214652165259025
127.740969230759418
121.450482459370619
118.334590405493742
134.500383812595771
143.741327966051301
125.048735650434892
131.049603952591355
138.265481957300949
158.228734692375184
154.803218066968810
163.789175249514301
154.650165797739817
146.683789344139313
143.289550230200547
142.223263534606730
129.059474520150559
135.217825573280123
123.112329418157884
85.399229415883354
112.113441501369238
135.280012738321744
144.543725247597678
145.619347759264116
179.721504384154457
94.114445361137655
124.440710830542912
141.638939439917607
147.426116694168456
144.488159388176882
137.453190943422584
127.665743579093402
120.044282659221068
115.431110926867333
113.074675937094909
171.226167736811817
128.064049129313219
148.238552399290313
159.398035022429013
165.856006433338820
132.112108169795022
147.392710435048997
152.495743913877732
160.183027674809807
160.542680167080107
152.846835031217068
114.990792838945879
142.025666587992362
128.369751272338021
110.207945899072513
136.686421295255286
180.841662644147362
142.817801734866379
130.830633507720904
131.237641078050729
103.290207495660823
135.176397236225256
151.802806860981150
159.149544011247485
160.615398860398727
153.074777215157440
138.824488116230441
129.290737820972339
124.834175861079459
122.768954359011701
125.868942079656705
127.466697679322834
147.910030537778823
164.326150779486369
128.426341845585767
145.294988061609899
149.484964074130005
155.705914666618042
157.677174181863450
156.746402839765949
153.388868705785768
143.845654810488469
155.101389486866850
160.025456977711826
152.992164273466869
148.027027056936333
146.983729819007635
140.604348026845145
136.771183731067623
136.739025526495766
135.888244192356609
134.710089116015638
129.791260726342813
141.858895328281136
173.231188042889841
176.552809042059607
167.485935410216257
155.387797029164460
150.276246938714138
145.763504111225842
141.247725718987454
135.403698011046345
123.307495587988868
152.730127949411184
156.792819593229808
151.305409892088647
150.188788086008941
139.453476545732372
143.004099746181623
154.641445223212457
158.336605566491897
152.086758306192536
164.216732695490748
165.469361119910673
159.505577283176507
154.214490052572160
150.754969451058059
168.658261180783541
161.055421760548199
155.326239185661251
151.518297685673872
142.238136205180325
129.737999879000029
116.489891570711848
162.394020963002674
180.854720598464127
179.434939476300428
169.761712803805722
160.742163377384202
114.199460279266333
167.986216905261472
136.266979917295004
164.375436900614062
166.785971135752249
160.332208698568991
172.365744818131162
158.116781958870178
152.070434937801139
152.299386234681151
169.917024553412546
160.685601370123862
150.107852638170215
176.538429816859065
176.024214120211695
164.618681686568323
154.863352639450113
147.456008013707731
166.032401563739313
172.944830473594010
174.931349781103279
173.826674659918240
164.763129757733225
146.153864188923706
130.998521057166101
173.509052103701578
85.508446838457189
118.869764492352289
138.158536799808701
151.233550626087379
185.949646687824952
148.732808307842504
170.622432874656909
172.252855218469392
184.484409862197822
184.599015918245072
177.280975198628994
170.238004954365096
165.679638626981131
165.023229352828366
182.471359791898152
161.348077950666834
150.495574092581535
185.863156039827288
181.694475506705942
167.344309668284552
157.820416056201879
166.202743644791212
178.497458138933382
182.714685514345007
185.837665692487121
183.719802004600240
173.836137227848724
157.162615539632156
77.524703563410455
149.997591535453893
186.415439201059314
169.378305761083453
90.947346361722182
140.621352358673875
166.619850430563048
174.970921630010764
174.257822142817105
161.068963588202905
182.581846083998585
184.802591046391683
180.368347529286751
176.949326051727269
177.967004454114800
179.618708232822428
184.325905295191518
165.852058522533071
157.125799983681759
188.121350647824329
179.975664271709235
169.612960425846353
179.617095930851491
188.402897357594583
189.209885675896771
189.620090327598973
187.525801714045144
183.335857259621548
115.276667788302333
189.864723327229370
201.490913140076657
192.293635449786819
138.844152133870097
186.737902053180306
177.846684613601809
99.681464565297190
189.168024774062985
184.979647273471983
174.682484156342014
176.808707078104334
184.728158101554101
184.998188863313658
184.256839162488802
184.780993781352464
185.946688466068423
188.446736545520253
188.684055992499736
172.065857085943463
163.417243373539861
187.975643519119046
183.338624174804551
177.934112426566941
195.468729150229251
195.097851063173948
191.271166676530868
188.423421356781773
183.183137929304735
165.164631645349232
208.093454425016461
53.383007721292358
153.342796057964790
209.115069024243354
207.454553693906973
191.749821109368327
137.429667463772262
119.313444772759539
122.026087369473942
126.056642612952345
156.936519830848255
176.865891803126772
188.227996423542692
189.853746778725849
190.671621208986323
189.185972154120805
191.212779848486832
215.799349199874399
196.871251540681328
182.855429768311438
172.457238412497446
199.281399330590915
196.215325424920650
203.604875576770326
204.756191299741261
201.293662538142996
191.814640776077539
176.312140136219284
208.215972279200173
217.112943606199906
147.289966089187004
181.551663398798439
219.775266433983660
211.683634059972690
193.830650934428945
183.951689443906020
216.397899132700985
211.386291964889836
203.397939083861786
195.953215983694548
172.494327434275135
200.258791177091609
201.169943713305742
195.796523686654439
191.381477161015027
185.775823351405762
184.207454707257511
214.426833118463492
204.971845211920964
192.359346522433668
230.035696119125816
203.908078729383021
200.080592415570749
103.143838128200514
189.580385666715074
189.463198818434478
207.354090080073775
217.417833743098299
171.273250179251335
195.699253758090606
221.539235588165354
220.249808741346982
225.757786032461837
212.436232254884004
196.548994250349949
228.081197693204217
228.173836633697590
222.151830699632853
210.660354123932564
198.489841231021018
173.471432347961752
209.430786481004077
213.225211270898171
206.006523676859644
196.168577116765675
185.005594407099608
212.205487895963017
212.212293896146718
204.638724113389969
232.959816604683880
233.217336409486563
213.887297072333809
206.515144380172671
186.648785981400778
176.287223612702462
223.652520332483391
220.303114508004626
216.499267278839909
210.897525673131383
229.123876423258395
206.521211004182533
189.889173696262588
185.797614597143365
210.396913295994040
202.102236810770478
234.423861387665539
230.598528338514797
220.914036141645795
220.737272023563435
222.291657549076206
214.729752930737533
203.562786252559818
221.486976380438506
216.754775527608047
199.178152300683166
209.023814426234480
216.155641905448590
210.213038175642907
228.411541938387188
231.287695639089122
219.283848059811248
219.889163932033171
209.982577665575434
195.858016803457559
162.455636899723515
218.817366452229578
184.860768300440157
214.076012316718163
243.449122687098281
246.855781598647809
236.748982716832046
217.264308148539982
236.814202344712953
215.440497898739636
237.283665699792834
238.327174099493419
228.692363730287980
130.370326627411600
199.063133776390742
223.964268733629154
204.576114736350235
229.927711774895329
224.601241503441656
216.386855287034706
174.428534235131508
163.478223863091614
202.207664558558292
226.363301242200805
233.661459761459525
225.776934020153362
217.485233523581314
222.537406163970388
227.667825188161402
213.087017158112872
219.210634594708694
232.206893871460295
242.870372232360637
240.549843255459365
245.765457758448406
244.505565095160733
252.493658275808713
249.332674149803722
225.164678783284813
205.838276518707403
237.764436232039202
233.466720361180649
180.904590877682011
213.932080034793216
212.021314570058166
203.171079167903258
195.999846317017216
233.372884092111974
227.669762570198884
209.082009675828488
188.012889574574473
177.375311431052239
224.513154243247669
233.616234027521131
227.901550220772521
177.498991578856788
179.695568904397533
188.739440738298867
220.105990601592566
219.888505748599471
248.214506483564605
247.131451027739928
239.487701463398423
239.966334965602414
237.886150783629375
259.633745429941598
255.541602132681817
239.859907672054646
223.875084099269486
231.376624857031260
243.008589840086017
221.859408294166087
242.602794893913483
240.222341588901259
229.777278222137369
217.151279667341328
205.596144230953598
194.368104624921898
239.686191250828955
232.756959123102661
211.223311794697480
190.753718667094233
224.884542509678084
185.644001629953607
235.227913701869284
244.896433566040457
206.988309440831443
170.674332925480599
221.668715453037407
249.066956938944998
198.028883835953906
235.038123963671296
249.959056823346344
251.800903088543805
242.376184541658631
229.862528020825039
223.692050299759643
217.945806935350134
220.077774497728825
226.710123647552990
194.159647771995083
244.424248772792964
253.907813408050458
248.441000275753197
235.970554805097890
222.510962879975153
207.641863211687678
193.977195120529103
242.433846512879484
237.350624902934300
217.354883436199600
168.891834347199193
213.221334017917059
224.765598460579014
225.825692412336053
219.006083748498384
235.846886634178787
161.765459444005842
180.565875317197253
221.873259810244804
229.789525822410155
228.320875850069115
225.285227889653470
222.592000277990564
219.094160063102180
218.106316764658743
151.956558390874676
131.369284243420680
128.460633909670634
173.229939667692008
241.155932035405073
253.107649991431970
249.627557526538396
239.715487699358107
227.551683192333144
216.155287331857494
203.913220455292105
209.080388038379908
242.456734031342933
231.781235164631141
157.943149760622418
216.214748052987119
226.931774665762219
225.585225448742278
220.428082309461843
239.319112963811961
238.393272842517035
177.749534475033983
233.813397930162893
231.792627570579441
223.779527281616822
182.848992471297919
223.430287705734656
163.863016428987720
203.720265046426391
236.835787524312906
211.529813166280690
236.095939034112519
213.416328862569827
192.419769057115900
261.304226043802487
271.437955733384058
263.233346125336311
248.582790494669467
231.221276866487415
215.509059690512117
178.494555841054563
239.700303086526446
229.588764274361381
128.438842612423798
168.677290407234864
227.886452591201646
235.283043543531335
228.696655471399481
243.950855641627584
244.962075875618211
235.192466533208233
187.174265127344171
193.387082613784031
113.667559293982364
159.123219248099048
124.353496155075135
119.798289619915352
118.089454978233761
123.958909701609883
188.067399603026956
98.499456012921769
81.846769750484341
93.289788707221689
107.299521927252272
117.089145000768625
153.066377277982724
114.628020712153671
112.815765414313859
116.756402793677708
192.341467126739872
137.379593120104147
165.316633914540546
125.322369588470309
150.749226638185092
103.518648610451891
139.764479101275327
107.851837206935329
106.203258066826479
111.432449238986806
115.214273384362315
117.672901460210028
149.248447898588438
99.681901140082957
91.495236764760108
60.889543610892616
64.577604770736457
78.017228108727863
169.100724871253647
111.835066205143491
96.716016462617219
102.599004139614607
108.131667672595739
112.411773962219343
111.086703436533071
64.068705838876284
66.304170348956802
80.230003126792013
93.162263203015371
101.921946643158932
95.753868985020873
72.624459871057709
70.736868237608149
107.224097102548427
75.580807318168340
142.216353872810856
105.353097469968532
102.648760335700402
107.908395397933845
110.447661350713190
109.895628502664039
109.288603604852042
155.663998626316072
74.466736082043866
78.532309480977858
92.133588514466567
97.824859487766673
100.576932241288418
103.613368080828053
109.336803274076715
117.153493298928865
121.615587112241016
230.888560639807906
128.240978210681533
85.218209907322517
51.548099146923732
50.107473971334130
62.191548227277693
77.581397384710328
91.717635751906442
50.512757891896797
52.089091182078676
145.107050981857469
107.153653455635578
110.126158525145740
118.074528483398765
123.220501667068248
124.246632921715545
123.480284790767058
118.621554458846447
113.162286105806643
107.509595007349617
142.942960336858448
70.896922078753747
73.293054673897387
83.631292784427899
92.742153801968954
97.628549551454711
102.168275888238639
207.099448311715122
76.618929652082926
58.740146923697324
70.331898819224278
91.115941046155527
71.929796204626967
42.862518186818164
39.704303575527234
51.255936283041422
70.201492678506426
47.390510343100672
48.169354791014342
66.852437843285159
183.721905503759899
108.393024679672038
167.005608915683183
100.992088337667056
87.610617915285573
94.068415727677817
101.267326631501177
106.125476313370541
144.869893213086243
139.325534096078769
127.121611802364043
59.876428917725747
57.352854761339415
69.864031422495941
84.776793687822689
95.165579001555159
135.920453978378703
66.315827406586379
44.619916473405596
43.790278254101707
65.032630137547940
90.221142316352683
52.365262031746752
38.461871087264512
45.249734323331637
63.244066760134444
80.465695124313612
95.208243413990417
60.483140347754158
129.212409899815185
101.412723539945688
144.507487136604681
77.790098567800783
69.719748329068779
79.124677216399533
94.873556704763345
107.618742991001199
113.944819970743936
122.677001972058093
123.620699519219656
94.928832515378900
66.740524663743713
67.817829777064162
78.049553624409100
105.734753817335474
101.189209160429129
71.613378110557676
49.018460122993815
41.896685435594236
50.518642839699567
69.563014795183150
218.161998714347192
113.623133912499640
102.620957431686406
41.025461251901092
54.101933605085151
77.144274712936877
94.691039531355074
103.501943212563702
96.806593015710831
153.353958120613839
86.399304805490758
77.668338803390711
83.997006098781526
95.353776276204357
110.998737494048157
120.934429293394601
121.310135693503440
198.651170724507665
120.086219751057328
79.521444949370192
77.104377962196708
86.455870477382248
98.920751786209877
114.806787811080653
78.162895935834669
64.176414908503432
59.464887073441105
64.504363683945741
74.994539434712436
70.482878765461237
61.117288790777849
76.502327345009888
96.828184985031399
49.962731247507861
67.769653011209925
87.456618723273493
88.588134471938730
90.953915645110655
168.945459445839930
93.723386693493794
82.691373535541516
85.955015987138978
94.857582318929119
108.102305808415693
118.717140476188803
126.946761960288256
93.975655030483566
99.522837874876032
172.945148187742831
76.925345251831260
83.848023644372873
100.396560299392235
120.865715206177626
85.894325705937959
79.672250179823735
80.870991034183533
80.755867485745497
87.117334099953126
92.974954487211278
63.385795798123837
67.609942370418636
81.529417059244935
101.165103414631062
75.499024032956683
90.649173731716843
102.705352824104779
102.730736278975812
163.824147317067116
98.294809116501611
83.075303275708194
82.223436432785817
91.814006466720912
101.838602458377494
116.486017200505088
129.532889533075064
107.076123802827539
107.857831514705637
86.682335142936779
75.137863541911543
83.776313419009000
105.325570691835466
122.691861724695855
93.852111104888792
89.282981245058863
92.423510155605484
92.695317142491120
96.101221733438891
97.815287846857856
103.360384469817276
105.253537621959524
105.995515787983365
92.025595389384137
109.585004707360014
86.692477100067521
99.762432178190437
114.348203144679914
109.251305132875046
135.561564585817052
94.977351103326640
83.817995262932001
80.710186192659876
89.645328824987899
104.995125257428953
165.724730811977537
120.153851006470859
118.223097288423020
100.308866336129512
84.106808732120442
81.619508853673594
111.036766333930245
136.275052525414083
143.597002485674693
103.167400709050710
99.577031318566725
109.112204638961373
98.119039824222142
96.511301333263930
132.950076570091852
96.249981642462572
103.868480888827065
86.449531679927219
117.183594076411453
125.315223960738138
99.736442640688097
116.059141802078969
112.727798585741525
159.625245886164151
121.629662680763388
94.084868088055799
90.821735385061061
92.855618589492749
145.248587833178192
125.345059969949787
147.614300475514597
131.083751777718675
114.710497774895188
101.152691780217268
95.844328939049390
97.408622817414283
125.518471934819729
151.202742310215967
119.902448119807730
110.631851887550212
104.496978486326327
105.824804516031378
110.612772918895956
121.412786397433052
109.561927330458062
59.875365555836922
99.280585033253601
118.358236792965201
125.194333179845160
108.417810452974720
116.787208257429285
120.756391364977844
122.089665448978792
124.550128084172144
124.337967879825356
109.288830452780928
105.169201544218851
105.250203158727132
115.563398542691189
171.473394826564913
137.785549462928458
138.207536156597712
118.700694988810369
111.594579913498876
107.186115641146912
107.948357977835101
133.187009407353969
115.748851152711097
108.848367217636195
112.451512043858301
120.414595572591637
123.439700531500478
133.896355307659377
75.968356747627240
112.617225923227480
124.133189045451061
121.797893390779734
125.956119390759000
107.535196928736781
124.864995287685531
129.336623792839333
126.821027227236783
127.755230715064954
130.050846523718008
118.468300972618010
114.379657079412908
115.241007810727965
120.554510202817582
129.378179128454406
140.978492645550062
143.565373354000684
129.263768158473368
123.343473046657223
141.972203838274282
122.408229414418159
102.164732831436709
146.277639659787553
111.247707820451566
113.489768126202236
126.238355435300264
84.561968176759052
112.577844362687827
132.959604312651692
139.376646336748507
131.759255105026938
96.245773042314141
116.336411419331327
125.642335312646608
129.890663926760055
130.994226357561757
126.817396267432386
123.050062051434807
112.938377593287640
168.441030311132124
125.070979101379507
122.603035386389507
122.696604339935007
126.029247182132764
132.845957472997839
147.115282392317226
155.654317363824333
148.653696287285186
143.041400575807103
140.748023282681260
138.233473758656658
117.077689061082481
123.966819277902403
117.198272911450772
87.149769034385784
119.480289457331565
140.231396472441531
149.500664547959445
120.266542074318210
126.711992417378895
131.715807896622721
137.292258324827429
139.671282279792649
142.513619705250562
143.886875553606444
140.876332229645215
132.381575500363198
125.595246198465517
120.760119273638949
116.897765956380709
121.069035960547922
124.570606352738082
125.962736880620710
125.652570050213740
121.918956251219441
142.082161854037054
146.361647177234943
150.604473897418671
153.229861844088532
155.125494670253062
149.646310391205986
153.914081069149574
135.269194941803704
151.050693041725395
112.782140476648195
145.468990111844988
143.387133019824489
141.656429616916370
139.854654490015264
109.117014523520439
119.663939276162836
133.947384239644492
135.184119171891581
130.036080929108749
125.494268900306594
158.448136391954733
156.169047021749918
149.652785309468811
142.049824241122082
138.555396506844659
138.617317260689191
139.070413205193631
136.074691147501795
131.889432089331905
128.363879075067899
144.026702857812779
148.896781217946540
156.016569352356669
152.553522448004685
151.861315698695250
148.982374728624848
152.534507925940289
149.905066053478151
159.174037971853920
155.998703303724824
150.980753152764322
149.157097552001375
143.144876947774293
143.444927033105188
150.142980299167419
151.733528179957005
151.680019359142875
140.911440483322139
127.056017336621210
117.624739869635960
161.775757417704057
165.950350668713440
159.694353722607644
152.888181267297853
148.920349494821693
127.123215363027555
108.728261725262499
142.939942432680596
158.101580055567013
156.558945832863515
122.917203988968211
155.010403377802078
149.485810212113506
150.264312552749146
155.292985086792640
155.780378592453019
154.591907420628360
166.125605883103958
163.154512107085253
155.926421464083660
149.387460108006479
145.440465972403388
141.752046810596596
156.235391048652190
163.256104283294633
168.586590003377665
164.409470895141766
148.749863557313716
131.439554425297729
121.213869622955571
177.920853247166150
171.711024800508937
162.775437006496588
82.839808713771077
127.574279069346289
140.893277238527048
155.734636627381036
161.557614480939520
161.007028901309042
133.611584046357081
166.833615295111002
166.823954324655801
164.456622186756249
161.608130850031813
163.930597551500910
158.339353081885378
154.291508317274804
177.866072813187742
171.263617172137117
158.477132904368375
149.530252539641026
144.043960754362843
162.719361030527040
171.833898491860595
178.086904072429945
177.992678348553966
169.954654369701530
155.150851687589352
139.740134575046739
178.199554741543892
141.630446801915468
160.425238195491971
166.141659235442177
163.575189293682740
156.712969302768698
154.332773159231408
165.859776807554880
164.259506586520416
146.911220768953967
174.954052802133049
176.796395388417181
173.699997463781102
173.707701664202517
172.852243232333052
175.568761784841200
155.293113376628810
152.198804972941446
183.835278426768411
168.489019986543951
153.269232853353799
160.462627141850135
176.886642767818557
183.286413676580992
183.352818456306352
182.524446664324159
179.086717896361421
169.973381665781176
154.675393700816727
77.041020548764408
133.765315150718095
159.652739705570781
185.217995017815610
173.141626000693350
162.567650643598910
155.361029857693154
149.974473448944480
146.761759184116499
146.903099360498828
178.193923955692355
182.904431952183472
180.851106336576095
180.226145650140211
180.428349900369369
184.598291378446277
173.171633326902025
163.690418889091404
155.746690971900904
179.417859474482640
163.566510276974299
172.589198778344155
188.568157899206824
193.046501686197644
191.803424190217413
188.234665236062114
183.793436644570676
179.013473213586536
123.551581683042542
199.834383231320714
203.714827497118421
123.505235086802287
162.351627564727437
206.106570960908414
198.406313787337069
189.325029076647439
178.160739555336392
168.816088321839288
160.155165631935176
178.185512488140716
187.826023253454025
183.289853814774517
181.737945254287808
183.889898803776845
185.219371415375093
196.845223803223945
179.533271731737671
169.107427210817008
162.745919585266137
174.484730788173806
169.832567676249880
193.704484755907970
199.639159689366465
197.600825939603254
192.929315783485748
185.557804023810093
137.875772988688510
197.785328427038905
221.439650284202060
166.947279357731759
205.193243482439385
192.822910551724306
171.191493717639048
205.102570441300060
206.882102642722600
198.967824675594727
189.693784114912518
179.709434923966000
123.495441415868868
182.178538294593409
191.328138175236234
191.620423559547845
152.481021775414916
167.983357931505196
174.101083777181088
206.433975968642443
191.724260727474700
178.895468764184727
123.220666947805611
189.116106915747565
95.420240244106537
204.891078849109476
204.313178840067224
195.189543930169805
187.570097372915711
178.496978933218401
199.467240254116831
68.161695543105566
146.594508201336794
157.372892972329197
150.244258427920073
147.223547840732493
155.684617970975836
206.287096512309745
207.162316789325985
200.525628085429616
192.425918437190887
185.237922363746577
176.235061383845846
196.442080977467782
196.726870380617470
184.684851500831115
174.721362152777345
219.158019602387071
212.878539131397844
199.236003021572202
188.336783763032884
181.454809459660794
222.466574620584765
192.518867103180753
170.104305038444977
196.987878157911098
196.686509156081456
193.475717383941600
199.838753416799676
211.546640246390780
227.910563577904128
239.271563704977723
244.432704785032939
235.714827903594141
215.282416726548632
194.862987764693713
216.217869178170986
224.951508402042009
220.617493415935002
213.437615419024837
204.520713493700043
190.651848906129430
187.152717991506222
204.435573313990801
201.753767312656180
192.121206176217981
183.662443868364818
215.752947192022816
216.137757819823605
206.939627164371558
196.916805007632092
224.816793002337931
233.222891237696501
200.351005228121949
199.636135498446123
184.857237724858919
193.857996859469040
211.770747954113290
183.394258704795590
224.099530536404302
230.622745142946599
241.462693628123532
240.929680376508600
227.909210760217064
209.032705351093966
137.899593971598165
228.149883091328888
229.393160994071138
224.637121862529511
217.470208596932110
218.562462931965257
217.882639614319118
199.791997749868244
218.507629054474393
214.367637487492061
194.404797346211240
219.492823815566510
220.005252121022409
209.637195895507631
195.651897528257109
224.831923149195745
229.589757685822576
186.633142737767514
211.370322919952855
205.282919628737488
194.047956046875839
217.340739479715722
231.334967123400475
243.743560683289161
244.413264686193713
237.588120605835343
245.494875311840929
238.734945273598470
219.930759595390640
212.684825432404125
226.390948067897568
239.629404170905218
236.792913484530345
228.334528883963515
123.537789136834192
202.188869564906781
213.128306820640745
209.860306045500295
203.899237384308151
198.147382863265364
191.875302680315656
182.738340074717087
174.530170519610294
169.442624668567419
224.380068933295263
225.659922792662115
217.966914206090735
202.464616154314626
194.487068274207559
210.361382501046535
204.372781017912246
204.569555904550270
246.140721380491527
238.271358190369881
237.821658882126087
243.751987187338017
241.547178933311613
249.843465777386086
233.876922593592269
206.091876696934094
232.187816273044376
242.269065746609840
234.137277502066809
157.230513501722953
216.649503704045259
223.979654244830698
221.040778895423472
215.138921457373698
208.256059028693016
201.566607447528582
146.612574939144054
172.290475681585292
177.105684775941114
224.512375651897059
230.717230954525405
224.374318073302135
167.873867956523839
204.127173987238535
183.464198934983159
214.328121449176905
207.359341047419719
241.751304199767844
230.765595972714891
220.340800732586274
246.248886813574813
259.928485029974240
256.613988128824076
239.017976695189219
219.798866769084157
209.400489248512088
231.257503260192749
180.493839853289643
237.962573139403730
248.766008456150729
244.372429646980294
233.795558383259817
223.840848085772052
212.388895237973088
200.852489488733170
238.136212448354399
237.023666919932708
216.561182402214769
192.908755750048044
162.860454993904995
213.357998956452548
227.448834054176700
209.690078608097451
228.598269359686469
178.417333052162803
212.502822397639846
179.141892561368735
225.055955344113443
237.202202418895666
238.480332371179998
236.778657135651542
229.510435494503582
223.157296102813916
219.813211776994109
141.409321492879002
152.790199217526236
128.104077246012082
200.588830234675470
246.766007922368431
254.153215082677320
248.798959251761261
237.575132085190802
224.219163398529247
212.085823558978404
192.402172247341355
239.759900116976070
238.428199171231569
218.048960186890127
166.755443623200335
213.473132140789005
220.807002572813616
220.680005189222271
228.376756551524181
233.558426616900562
180.563262989628043
187.804803757534529
225.920139973682780
231.734752221788028
227.674216427855356
225.819447927530803
223.642590837876583
219.881975107829874
213.365918128104283
262.043110880008783
200.154907420754711
217.555170842543987
192.740143122641058
246.290772407880070
253.596156569355855
248.384276720980324
236.933056280693847
225.547723239562686
214.803940686983907
170.014706050202847
201.443121109390290
200.511643116067148
219.972374167924215
162.230754369273029
215.706109840949125
221.480001900905393
217.231356101286337
215.147083734882472
195.707163365028691
219.521430079970429
192.393051214179053
222.102183299721332
204.721423273029302
227.555002894356363
230.832659443607440
226.622361506613885
224.909317685198857
238.238154008911891
238.725907689338953
264.921847470234411
248.930475552357450
217.162329613178429
217.975598275379923
260.865300518797994
264.509169258316376
254.953827720342019
241.207397830808304
224.837016545306341
153.658295525851798
245.442181046208788
233.121718894314313
146.436971698469733
198.379677506283883
172.171831890081137
223.157478770738351
226.035886676376180
221.703145625518459
218.826003481781953
250.225441538325356
250.339539132373943
201.017420473068796
145.137423494989832
103.660569173064218
142.466781456983114
123.616510041715912
118.085141702566588
119.598511350893588
156.619015710420314
110.613304683418221
98.303619623703398
103.274027673991839
108.266800652349119
113.495718930242475
121.219311011096408
173.405015036767253
132.388200827098416
120.502143265729671
181.723713805140079
130.418935943948242
162.741120318020705
122.518337586984018
142.529114462747657
154.795129604145274
100.205233171595907
93.109939668522557
103.949191982246276
116.043020891764044
123.075814065246064
123.873099471591090
121.845860693193217
78.614495071196757
81.156804567102711
95.989355160175023
67.777170656385152
125.485823719347053
92.087239484209590
86.039916303670410
91.210551960377174
103.355096041476457
111.190638703480957
114.611766511097613
127.450445682176834
69.206018820270629
70.301098611975675
87.514807780510793
101.521238354065034
107.299750877345019
98.235419241076130
74.684465224476128
70.321282873685334
141.236939695450104
93.037818131609171
94.524332265159828
107.845709868991094
119.114556847289791
123.467367994163851
124.060790393627798
122.468331428841481
119.808500998015091
115.886002804386848
136.791459485961923
69.587796989651167
76.621849282601303
91.440520179375881
99.757001184446779
100.732133823483622
102.918411940891417
108.088407403229198
116.250584216569663
218.598490796373937
115.494064842871737
101.198197366966355
69.981826112938094
53.201298243232230
61.353539568711625
77.090725158272761
185.253295517742885
153.445901107923873
58.791225857599827
70.358533080300873
143.274285963608122
102.118416237607661
102.922317703204115
111.449349879084622
116.241794358617653
116.528067738531647
85.776730248222520
89.880318001015482
102.400398576743441
192.883526380325662
160.502780023920877
67.906347805678763
68.403950428543070
80.989447804218074
92.145761874381293
99.147675035043250
99.456810743278893
196.834758418336264
86.254991040985857
71.659116125078711
83.159705678168436
205.389643244299521
78.468487491920882
60.315841924472977
63.255203024294929
80.334754405154541
91.792125286235091
100.031537047642331
55.985002750424599
124.381828724523743
90.221018026882390
93.442267576846717
174.750691921112633
75.576977069659094
64.344253672143168
70.748474019452942
91.861971296205951
107.483395411144045
124.256340894529302
127.248680251571699
125.781122572704589
73.483755843493569
73.118432860190680
82.405289930764596
92.525606623870829
115.929805835122750
86.747968071759573
56.408126891431920
44.881469138955865
59.080363025054254
88.425549128695124
62.994504772207975
50.370619968451379
67.032984140705778
84.795328089175797
93.176439025703360
65.606707880984843
86.267401810395285
95.587977875225363
111.111254142531848
126.807523146563170
137.578106107653667
71.635261284569538
62.535782016967687
71.998411298094609
91.616073799069113
113.902380824440570
123.442490146259075
118.970928523885647
198.126230410824149
77.855869080057943
63.865297096243580
72.374645681887699
86.717959781294439
107.071293102418039
141.032231496818355
63.665885534239379
49.657727109275299
50.485070294344212
70.771375583101204
75.204483290751895
45.808702589076916
43.726820310283259
57.349906741430374
75.828416455235285
35.982449539737246
47.129422441362266
72.579387192435391
96.287225828113009
78.333519411665549
170.907507467454366
94.084787373847902
80.655781115882945
86.187418777367768
94.680819332266054
106.773249558880096
120.154127839626810
124.845618178479782
98.398813975508119
97.362375598371329
67.204406406248523
70.664582990731589
84.424304206521640
113.450497244712082
106.026923415900072
74.484885115911695
66.362218452259256
193.509624218144808
125.750422721186212
100.363593554471166
59.879091619441283
55.109619086255364
63.913239033575550
128.708877092679188
76.882776770404050
54.709096249320154
72.764686227187440
90.232211114333225
69.331185310591152
155.923291713035411
