0.000000000000000
4.526000000000000
7.981369815049856
4.054412969923647
3.843760977801053
3.752124704077561
3.142651152104361
3.268720999083523
3.046604473934206
2.712853468707451
2.911118984760597
2.632102576171305
2.682315962420300
2.968485207124353
2.403599601045519
2.599260603294368
2.273269677339272
1.993207109496602
2.257716496750879
2.226439572679463
2.056617258611495
1.564691866749293
2.060600950194242
1.823479338908077
1.633015511164617
1.504055587674481
1.467713145106012
1.428124748037997
1.273080014174184
1.592097352067029
1.714019610824761
1.358664644619948
1.768359411940953
1.528976719636106
1.190336493184418
1.420415288134854
1.408646851256594
0.951892029575546
1.415386275994559
1.023451658041505
1.359552214147790
1.923830725155238
1.466795514402915
1.371439672574943
1.431078773586470
1.461374710394979
1.403382929123889
1.501300919735192
1.549848756294658
1.026970264006511
0.461728994851565
1.149888609439818
0.806193028888827
1.317365408579760
1.150935908477941
1.336227012001135
1.286246423890542
1.673706271295567
1.032495582714639
-0.261310109107935
1.024835418899642
1.287202457061527
1.592509826312785
1.205458883232949
1.033330270418734
0.829082438552168
0.699124007327208
1.330023176293211
1.018371663606980
0.272483973766146
0.606958423939743
0.870078338385523
0.980832072698736
0.796668940598818
0.544586966555958
0.486536064363940
0.550557920273988
0.584934884284907
0.462071106693350
1.042989435628225
0.666008352532351
1.261794580600643
1.247232230199724
1.194803184882449
0.906292616592017
1.136230391820225
1.174274791760112
0.828638894192098
1.026910249372774
1.111198495498961
0.913870596441410
1.293701681759728
1.434526639913203
1.118339683943305
1.064692436034187
0.126513505684427
0.715734032242072
1.462464668871353
0.737978463258014
0.928293396550836
0.937335188346357
0.880046735886727
1.616883307047071
1.688511421466327
0.998634025791908
1.562747270507574
1.960526183462017
1.892289794332512
1.708914928668047
1.451307763858060
1.821846149012710
1.539534309228927
1.499334181095319
1.831957995701716
1.780455205113917
1.915655721694252
1.420291015929128
1.746654953992756
1.892366903717025
1.870320174253541
1.950747600677045
2.072250623876053
2.116803571055340
2.136723466819896
2.156076201565731
2.258772682644775
2.756489507755085
2.797120218313347
2.693044617973167
2.985620012019498
2.775026678108548
3.181875170517349
3.023526388419088
2.749321171344884
3.284894240616931
3.105862386475128
3.224417392860964
3.348665981729752
3.274521725208347
3.082313714742440
3.492328658009201
3.209177801445274
3.318648623530846
3.192815855202369
3.170579138471550
3.252985097603842
3.141615030246341
2.991057772914210
2.992024302235532
2.980512070226681
2.966979520775767
2.956498232193408
2.936103071654299
2.884287327175220
2.995727248161510
2.963068366730486
2.728292771042218
2.845152488889425
3.006604961271139
2.828530411005895
2.897496331038870
2.577110432974593
2.678670412660018
2.481543959257283
2.353401297061484
2.462681335646260
2.510541501890704
2.314506606759510
2.543030846268522
2.386197207954905
2.508156855507840
2.455400733174870
2.080843155993088
2.013141828137398
2.543090650690022
2.424317749361976
2.512543900308544
2.348612126476600
2.667953044505941
2.254038760935981
2.221892933911975
2.599101959634645
2.448039878498290
2.398279937308643
2.412812866011996
1.080648395498043
2.016181095341695
1.976863760510774
1.827102916664475
2.052359917000334
2.152190899600671
1.798271416405846
1.774298692073928
1.829935793030887
1.821042328176747
1.236587733668231
2.133402364618596
2.242706526015446
2.083564006107089
2.103920949859652
1.676569935950212
1.747840606081279
1.516596520523207
1.591371003885387
1.099902511384233
1.544768122633251
1.665875541151985
1.629422734743673
1.693009752039151
1.728748385801309
1.878017664586082
1.634879424531711
1.995245050100126
1.598170476518237
1.719238155533092
1.382192957595209
1.947279990865142
1.903864049222023
1.637804827671916
1.710933492360999
1.829124131799955
1.712056794374403
2.337403686617383
2.467379084999577
1.658088869118802
2.365881963685681
2.325219271399161
2.594514573856560
2.463207374968031
2.205098099843514
2.258454711640945
2.145629463441880
2.458137470104907
2.300290007615451
1.743910899275591
1.836179773247129
1.731078855508737
1.584364375330026
1.529900063450009
1.676627336496223
1.475086739855269
1.543391468398734
1.575587751099432
1.613971169077032
1.165310468118183
1.499773973893789
1.590005030639096
1.267336353367192
1.137411264865031
1.175886066717851
1.326565189860606
1.407484617418927
2.306939450470916
1.631234284867937
1.374002757701199
1.342056690916566
1.500473270661528
1.430747282587339
1.222731249239716
1.510875714410269
1.551183606977703
1.482851256050379
1.487099751375395
1.303975313746327
1.286989571427819
1.770511966532600
1.587822553053388
1.598455677409481
2.141791170168382
1.660166990395541
0.965053999638271
2.311275432064982
2.188827233479537
1.988687338176100
2.337642367088372
2.424620857220925
2.247099064938033
1.657071275265022
1.703965568419092
2.280540795267604
2.414004197756147
2.245918275894041
2.810834309694360
1.347207583572304
2.424236396364711
1.451457510969148
1.623134007913467
1.785425656296137
2.412280943128953
2.496059462752749
2.448069126220326
2.498524675419837
1.743925060194004
1.702044859057160
1.594762919113629
1.426966792377234
1.395221514540216
1.538071941172857
1.384393584554709
1.446697502146336
1.312217150770591
2.096485565757188
1.251714685388741
1.648070658853382
1.276685321019664
1.258589029676993
1.251676615832723
1.231359278196649
1.363007032752455
1.275766415162536
1.267425174688578
1.055841304675109
1.084911753759035
1.197101079950167
1.260473367413025
1.174144634102161
0.904381778508640
0.796725322451450
0.918055867399050
0.789620936059582
1.085268242778325
0.902116902649218
1.064742878301885
1.228106173087890
0.928893438178984
1.085419254703602
0.943816572569548
1.060153076652636
1.003607557950423
0.959957842625982
0.627858932252681
0.888770642293147
1.181899637097770
1.168385253204446
0.896328596851692
1.078682428167890
1.070764136184497
0.988610918648088
0.897462449200595
1.786117977004754
1.042409098705910
1.027980794144584
0.925895802202610
1.294367592542717
1.024684898197170
0.969045106804813
0.943633735100598
1.002445003648676
1.019362247299353
1.012429122154566
1.030709587761171
1.006500721660063
0.924749471003505
1.131988989205922
0.974447050213524
1.939929305015025
0.980738088099483
2.138289209901819
1.915161228949154
2.285260800607996
2.109592003103855
2.524380421652120
2.566603157506640
2.181990569090664
2.307772970882657
2.460211217244660
2.501638742304212
2.246940932822739
1.216689967564942
2.001740666614591
1.214019598537953
1.099006751554505
0.952520292580655
1.150321510762786
1.108433059087482
1.174381275936451
0.965648205803742
1.939913561793851
0.913847314948323
0.996642923091030
1.852173086641172
1.115999995668943
1.971298255896380
1.189732006551062
1.082453242121841
1.195118192736677
1.160446778664011
1.269971958978390
1.184083508912100
1.367199764857695
1.274574190783619
0.701877736264653
1.342714064677812
1.144464561768831
1.067983235511094
0.626163143251325
1.421692124772796
1.390186904337194
1.607547229884881
1.463271942697393
1.523619117473180
1.552075847708160
1.884343009262752
2.220355625672233
2.297946468575046
2.266623648455767
2.415204883384107
2.599276482279323
2.501855145641084
2.887187963766437
2.296507311066791
2.511555199897662
2.306951976701232
2.449949701899090
2.144691968999010
2.675856947807458
2.579298143299748
2.694843418901443
2.768360833202585
2.728418649515446
2.782540636213700
2.844485960519347
2.770042465636846
2.738710336934668
2.719955876021194
2.462303707119651
1.691942134790431
1.585119804251139
2.426260624665379
2.524930305972732
2.486504860461034
2.437643537852384
1.528308259523896
1.551300862934371
1.646720519182087
0.977287391874956
1.650890798618772
1.345961501987430
1.557215430086005
1.621130011460999
1.511584024902461
1.303365372844268
1.746905693393356
1.743116142011455
1.564363467394013
1.502206931723431
2.333756911581403
1.719280585552409
1.533747305488992
1.671991742883566
1.705326516141517
1.515242180417121
1.701227174291605
2.522186182016068
1.670306071255742
1.681595916385413
2.705701314846122
1.128241365158630
1.377659900557450
1.431722541311899
0.851099617419087
2.049673436459992
1.906631257036394
2.193116532984236
2.082711269623164
2.437639865316510
2.117615654828035
2.155707577324601
1.968120901935673
1.979387574394701
1.956598460062731
1.998328489833398
1.922632314378219
1.802639581397120
1.896787979090470
1.814920116955524
1.819230882474070
1.899349283938767
1.980276500579212
1.797939640492792
1.743309360538731
2.059615413487646
1.965129656769397
1.926809040673569
1.905424330640601
1.503929878034718
1.995473211000504
1.961551890277185
2.034749113546349
1.858603226032504
2.966870901230392
2.697978654483545
2.183575134544925
3.276290116349154
3.246583630294632
2.887979941293095
2.109245592389558
2.046804058477557
2.034224070445696
2.038861553985429
2.013358978937950
2.183441905259881
1.867501502216680
2.104346152704933
1.805302601727770
1.890047206996171
1.588009707632245
1.771008060373478
1.776038258383412
3.263020943130744
3.638269748836573
3.949334970391414
3.927121782135877
3.399557594518690
3.973351124613699
3.203133485521311
3.425379784866779
3.719776758227052
3.064120587619740
2.971943342688983
2.709511753209667
2.859881410465085
3.142247673615411
1.542848690289907
1.630756096413611
2.433218791728542
1.382979671058199
1.580387149770787
1.473586795267715
2.625344292052483
1.635421780608823
1.667174651904646
1.511829796089964
2.413681478349331
2.291143070991885
2.250913893567543
0.698979059270193
0.696771841616547
0.971493021157531
1.349220766142813
1.504456578004654
2.029876718605717
2.215156735920034
1.555576011041561
1.577990913167010
2.646676788417294
2.481151913656739
1.695731431323049
1.662702519060714
1.763848111477735
2.685721520641531
2.614607985518841
1.635060057499000
1.774596621964073
1.842357297710669
1.789187903589661
1.655957777746939
2.752717418324710
2.802861454146142
1.839179871582067
1.883393581120207
3.034092049778655
2.657238304548537
2.783484145839104
2.455416446266910
1.847410139185519
2.480045382013104
2.742390776889948
2.214589012064571
2.366062671462897
2.118026852238074
1.127144226589010
1.903944489632353
2.171573820160585
2.501102437695180
1.455816877417202
3.513961866380670
3.411568077268672
3.194780502910354
3.250060784497131
3.091749784983954
3.142921624662313
3.349492265419529
3.181639164003759
3.029090334887448
3.079564005996121
3.201082322199182
2.742519601290095
2.557182442970418
2.479359013827376
2.953928425988318
2.690160939664758
2.758649295158558
2.936812948289698
2.738770799182904
2.655749308895071
2.773150517092073
2.511823965507141
2.660823129315171
1.679352410106484
1.718633658189798
1.637244629802644
1.724621335692002
1.768510844831404
1.773003990394508
1.653738238636521
1.841366453741562
1.852363761955512
1.851253077398083
1.502826172294012
2.431593385078938
2.537736274183698
2.653860203126714
2.788398314170669
2.139770629836659
2.530921796073850
2.641753630724872
2.891540688876177
2.023082970799696
2.046981436518067
2.117968200332818
2.451946840766025
2.075972773116288
2.213763023204633
1.632800447207080
1.776198425917913
2.189520044241029
1.590514153669470
2.618994071323756
1.808791531180802
1.903964382255948
2.121498772065902
1.839937721160852
2.189150274638712
2.420926609096690
1.727538743987520
1.677647855997662
1.912843879539908
1.816690499476277
2.022554234186808
1.751588141249048
2.649843590941383
2.008620988976675
2.453829529357512
3.011919125388319
3.047185604681241
2.334727774462114
2.253985091302682
2.847992411371734
1.925326676590914
1.971096339583542
2.024755993602810
1.944486922953992
1.985183643851505
1.630306183378332
1.808055189295674
1.932511940089795
1.824642065086303
2.085957656278868
2.302058278216615
1.693534864191296
2.157486142733520
1.619396074745921
1.719404488387318
2.247007458837781
2.383747165244055
2.220475952402904
2.153687273301716
2.166457731399082
1.694388464636014
2.047162509000507
1.762990788767250
2.258405626297853
2.030130636492978
1.567553304819213
2.250479256575612
2.153217338860324
2.145299758965371
2.144741910282674
2.095735688062978
2.194638785957834
2.209764117807775
1.875625390107072
1.984810017574956
1.662849155849142
1.945959002141939
1.804168422470212
1.841200197257376
2.018727430880422
1.869895670792897
1.685813629494730
2.040652160033610
1.634814032125521
1.812163022770950
1.753383602887485
1.689414631198625
2.086592610578983
1.792465873339626
1.874348536181613
1.494875911513776
2.606499458069152
2.668574489794272
1.740254672295785
2.157562374144284
1.246161314614967
2.367694202558625
2.424428924300766
2.299787011048143
1.805365623916641
1.812250648764940
2.207217012211669
1.823638598444339
1.865914262469726
1.911440619978563
2.005798701366802
1.992212096435104
1.759394159883361
1.884805116045146
2.007648174628161
1.915387738657216
1.818848745633325
1.758179926440210
1.806717074119412
1.647157562270687
1.709896388519077
1.756783074721988
2.356292899682399
2.374304697715417
2.199450291547197
1.763660841291130
2.278421232688678
2.191043179541004
1.780645895269357
2.182223723433337
2.216012768969005
2.554155759575624
2.235944125729167
1.659009281204852
2.247393027177117
2.230164511973633
2.083568992676310
1.966918063126843
1.743545352641520
1.790717062332159
1.687295431366981
1.676753088366045
1.757149379448690
1.795572637047666
1.645242165688655
2.669153321266357
2.069552906321928
1.729751291872180
1.895378996201093
2.096216602894253
2.803337870702582
2.877745169104160
2.687401240663387
1.756264026866582
1.871549231281927
1.652076111261571
1.604672747536076
1.529993815835710
1.881322590687094
1.615745136376419
1.864225967605884
1.877000533260014
1.653848650708790
1.687966462119986
2.150653616009492
2.179997384149838
2.162415137145387
1.478256237300727
2.023699749926668
2.055590093692155
1.674578344873582
1.955278798294901
2.146749978327523
2.054372773250696
1.969207387454855
1.404947081331901
1.509334953480970
1.730537380692664
1.922439045736233
1.489113943335257
1.993417787682995
1.668818725057963
1.961723799739355
1.944123970275355
1.910972392963897
1.782572591393878
1.894594509596350
2.420522782513584
2.163266600408131
2.150680816556384
1.590838835425569
1.693620721865735
1.648145629840525
1.798956870657760
1.841001179528561
1.475410074980839
1.624291166623867
1.919525955007773
1.874681785546544
1.851518895353484
1.759004052286374
1.856411546516066
1.922939481700532
2.019013851071762
1.893862485201796
2.648054690428687
1.809352273566541
1.873473215920929
2.003334881953246
1.696233161743081
1.877634821726443
1.820693062108365
1.889605537167510
1.668476380635791
1.685341079538532
1.852804374610536
1.861392005268557
1.694933228503106
1.814941436900812
1.737871901301797
1.791601226089795
1.778271871025467
2.434465331897314
1.892213582666094
2.374599018277391
1.838672147618607
1.747284505241863
1.607603777843201
1.624882744881946
1.649212745400977
1.692610291111496
2.063322199249456
1.801297776566608
1.914054397265767
1.969411007487201
2.292688941777770
2.174827352552855
1.721643695035307
1.816625011783833
2.224956409631537
2.401844086735179
2.292451952993103
2.410720951050773
1.804915793471138
1.863203445738080
2.320153279240829
1.736756093608987
1.921910609575355
1.651996665931400
1.983662309705421
2.182607608154016
1.664471105075909
2.329335386023497
1.719350298618923
1.827073884199098
2.057275123518990
2.482859597460572
1.856780414083112
2.571316260725916
2.487961616635694
2.261030367379744
2.371959457522278
2.326791681237792
2.572854256826133
2.533725172466028
2.568498202718801
1.641036465071485
2.412592245051055
1.991547528197278
2.491334317341999
2.103911700763198
2.098457730738680
1.954003259473507
1.814868093296990
1.976967442307283
1.976945428764599
2.204907760638056
2.087071002472124
2.019263472258336
2.125267252890717
2.216215665344521
1.865631264144971
1.817763142971021
1.887290955118113
3.299445840607581
3.032108545148142
2.851640296045838
2.947428377124574
2.859942211139920
2.241278308762083
2.927356047754892
1.978084077866817
1.995400032870559
2.219133671246118
1.983555866044424
2.145755873244259
2.173360579669510
2.697250157523445
2.120036442550843
2.005312122364328
2.611041507570493
2.116021700790850
2.602234404306476
2.271545610328431
2.327557745800983
2.391887344479265
2.229124972130794
2.492587590371690
2.627534740528936
2.668476955313873
2.421649278842138
2.375170910462106
2.717237058081658
2.383619579304927
2.322824174023885
2.224142838179166
2.390098215892316
2.380697613376944
3.552754610892364
3.666982642881241
2.326567175335330
2.907400555113234
2.754379507945114
3.115162880933089
3.159895966073646
2.430304428688157
2.346505848307211
2.304888907068858
2.689386182668796
2.323230134281497
2.060263300672528
1.700104549551997
2.386300042663802
2.270745888284548
2.058192780650534
2.017656644920188
1.971805256671672
2.219245677703621
1.850419108518766
2.888071179874345
2.783686521093675
2.210301254918168
2.721965602029199
3.143069906377826
3.139544569068411
2.691731756980454
2.769905172148549
2.629379395372105
2.823804612301239
3.481631584921636
2.683256087570308
3.591002963735144
3.364411615930115
3.244843065597595
3.395119943005550
2.633676971738151
3.187533958836679
3.119571003020507
3.082494190738182
3.098318674241970
3.149609647567254
3.396978588500573
3.225653160839945
3.209523175328264
3.133686807036619
3.000212766813516
3.103325654802264
3.264797480402047
3.434562651007559
2.593880084359959
2.707766565844658
2.772218475426652
2.433123658932288
3.803130447027808
3.119287148067705
2.971211652904862
2.710413929537297
3.231736049091648
3.008719415787539
2.472122473487478
3.121304447164578
3.190278498050939
3.624215186367373
2.792528652304155
3.364789723896813
2.587165072484555
3.405060440556736
3.058963715051045
3.100401461917639
3.289088096038972
2.514835912529823
2.646119412579306
3.591369992296664
2.620949058811032
3.056308375631212
2.595100224564283
2.609929531765804
2.625189171656770
2.605252951734942
2.355948673797237
2.466709068684466
3.131006194828669
2.234903861581267
2.693770553392142
2.229470870242330
2.463226704166976
3.289674900498670
2.572781771507680
2.489235744618867
2.280053726790677
2.399987713081501
3.097450256005490
3.173882984193413
2.546013701789467
3.072416197265361
2.441960927344863
2.130423113060329
3.106802678979508
7.257897127236943
1.072183198029073
-2.493591061748287
3.754870721156951
2.595763640197238
2.332054759137492
1.992217861989962
1.700537845854636
1.691998717969613
1.843320218688477
1.552845375657864
1.134618048737384
1.323867252152250
1.384303328107658
3.605047399624926
3.240491304643850
1.355659765991047
1.321151829997101
1.225924280090195
1.238706900679582
1.060441246055054
1.051390576265932
1.036257846311385
1.023019119059355
0.987685133461829
1.185877700453384
1.214706243217009
1.096153622295686
1.199154552396064
2.651398252256795
1.461610294686775
2.886300114199570
2.344675183863977
1.762250054837233
1.603662641980067
1.458305072915434
1.192055612213978
1.105356125373768
0.870314019184797
3.543623407885391
1.493345250053621
3.180955903968076
1.632583266134865
1.485094864725453
1.335075555572583
0.657631491189720
0.851538916882810
0.957616949979695
1.200505430041860
1.392161853361153
1.211473520893963
2.941374397461082
1.072981044875954
1.284633738689849
0.814177813463886
0.828571778873732
0.855701685342513
1.436366665795990
1.445737578555960
1.333998406938913
1.411072418292501
1.377896810582753
1.369567821057069
1.327859281095195
0.571714221091984
1.226299346423422
0.688443853868095
0.973487417361687
0.971217998099134
0.764077932304160
2.509148229739385
2.381614857390741
0.985907049338763
1.196401504505882
0.934958587202218
2.378524583080518
0.855451116419113
0.976037884428202
0.814272835772925
0.795796398627822
2.213044455787855
0.671843830004224
0.713574353964033
0.658135106996979
0.702748441424342
0.731309539860130
0.738257240515034
0.735772178724597
0.747935827005472
0.903412272847006
0.866932902241623
0.786219884740922
0.936886636739958
0.901361044501016
0.965144881826268
0.996856752361095
0.892465399548716
0.825913305050507
0.923243592875076
0.872075644392706
0.851134185250259
0.940699030441425
0.846303457576726
0.962426117980768
0.937190358798168
0.922083421002383
1.026760105481965
0.923972287043226
1.099255280181969
0.973786568229772
0.866171742586126
0.847377922548484
1.078987000160944
0.920687144568144
0.989485813837389
0.871621413940768
0.812811470978235
0.897648901784394
0.965548894304678
0.912112159443416
0.894992927637022
0.747327302503859
0.829455797856058
0.806130993319117
0.900167858723152
0.547335086397866
0.749071367321930
0.864854122070572
0.939344184046848
0.585413972778132
0.845826851701982
0.824227083759531
1.868149658815853
0.960369962225917
0.913918674217177
0.886338321939239
2.149009836792314
0.996279383594233
1.014963453008198
1.024646597023703
0.900351868253473
1.075394479729941
1.006632367141046
1.116484395366900
0.930121441383335
0.988934806855658
0.835421099383254
0.766444225838539
0.737752420612622
0.812247309127587
0.690570412208286
0.762580416671133
0.781483563199147
0.468296393755542
0.609687492697725
0.770177916526575
0.615998631958249
0.686709835003457
0.594959242114804
0.860269648735422
0.668027484408719
0.889623343113215
0.779423347981956
0.583937985713991
0.552997837602814
0.734033354919938
0.716410976898844
0.554292267479900
0.509496390337931
0.951153230160585
0.760266307090189
0.653649401257848
0.770291013826429
0.536223578343570
0.749633186170310
0.977950682447985
0.812655900308262
0.820660269380245
1.003643953778142
0.801159342407457
0.709210826650049
0.770702863323684
0.900465391646349
0.687301277215066
0.684547658633256
0.854595245667728
1.055738180871213
-0.153058393620053
-0.092809225101331
0.186851896356166
0.225626081090918
0.302165485847052
-0.017891742058485
0.056276937081052
0.351527652729289
0.266441178924358
1.308294078841483
1.267729463343813
1.320089466035852
0.242822732227886
0.514647333116753
0.257498039518840
0.226600619308788
0.236034223481982
0.434681447769643
0.440387637155177
0.334082676615066
0.434885031464906
0.314003314245495
0.406016751838098
0.326658063557877
2.445432767555376
3.203173196772128
0.365933223946163
0.403739873627233
0.434753813024422
0.617414576730256
0.964100613614136
1.429129003732755
1.156368070883084
1.182995976474026
0.786603292255219
0.759568980899946
1.173328922353105
1.375998376421898
0.826970426351904
1.164863180757887
0.820265939291981
1.222488093292509
1.025433868953863
0.889949978730458
1.187590882198715
1.238194854072074
1.079596789891221
0.967374244010564
1.040777951219247
1.508215472988007
0.943224393540145
1.756847145428837
1.682433083719986
1.707632752085003
1.525128433581861
1.729718233413874
0.913129042611508
1.641003169116782
0.906571208497766
1.019132379151885
1.429267633354637
1.007837086528909
1.709684745639870
1.811705689391548
0.812162030271924
2.672586887703342
1.650598995020218
1.771635302533882
3.075315924587029
1.511590160714434
1.687053210614371
1.121067334210032
1.040516769558778
1.153761308587783
1.169771452612814
1.005967883509198
1.023665917836559
1.000270378095571
1.023386432340952
1.796565423312241
0.852437972433284
1.120408791381382
1.131866558671921
1.183219090428375
2.569398642298649
1.652792112020584
1.856349328657929
1.929769683190322
1.832972416624969
1.149111434421831
1.061381365019550
1.090138881661337
1.822689258419857
1.748009091321240
0.884831143435323
0.667874465214535
1.854507152389613
1.832953994252561
1.752965905019794
1.735807394171015
0.702179367119437
0.906241984481523
1.681370776391413
2.602414656173153
1.068096493196421
2.627864948898139
2.615601594067367
1.122264716193528
2.525377601131737
2.567955026290373
1.658918798642039
0.767155478731908
0.955215215826240
1.127271906635832
1.032284471403078
1.002930206787391
1.054034248187943
1.031589612971536
0.897738419373023
0.938463136512776
1.620689750682747
0.773430323939837
1.767294959609742
2.400254154813816
0.858379937595268
1.824661946574962
1.571799469406390
2.535273150385661
1.702583024401519
1.755007000807971
0.840474407870816
0.775442594115173
1.634023828411678
1.712049815945442
1.651572463189040
1.058061748823010
1.556947001712834
2.531329552188200
2.432795981571740
2.319648708501758
1.723192899210934
1.488611033363127
0.825722470164622
1.123750041628935
0.738118313990288
0.911789820653331
0.955973364899893
1.482279002728422
0.922824692484019
1.014656629617070
1.533070326333431
1.064100378323774
1.889425608146447
2.330075722253577
1.227910666313460
1.396419427558396
1.336881544697626
1.213748156167728
2.011746396957787
1.279918479862805
1.248504297007192
2.046429146224595
1.337171871650495
1.378894912476041
1.736961428924016
1.821239680962317
1.403861884081838
1.897240996275947
1.647626654227944
1.635594578513035
1.382951398050834
1.800973231124435
2.343244689148219
1.861150633967770
2.235519598935444
1.837486084766362
1.683318038279785
2.438064566919466
2.579891760254962
2.425573794851958
2.355271298418792
1.892691472647626
2.392454281257606
1.770169141077765
2.470087843175272
1.798880084119875
1.698441947972105
1.638297718032699
1.945679639929936
1.870380914686106
2.446537187119897
1.950410381588364
1.924009159839482
1.951376322683050
1.971505792828252
2.006583872754148
1.712866689971297
1.796800556768014
1.171508591753401
1.047946613601714
1.389060904844571
1.116828938320008
2.012677801248265
2.031317868263128
1.965991540260358
2.450988853946458
2.528654567019202
1.227294040773268
1.258453729043682
1.783409192603903
2.091648935517519
1.272897757502718
1.143493378318997
1.734817197414697
1.211010788605483
1.075338359035681
1.032908218254385
2.386456687685406
1.845668602862326
1.766431555002558
1.497959336744539
1.789378993691189
1.936602242540805
1.817217553091662
1.904792383513057
1.509409149632685
1.278099211805585
1.796965245426965
1.981070175207166
1.929132088132836
1.736494900446600
1.411948681683675
1.434207316093115
2.357206122600084
1.991379673249535
1.829418679112636
2.461114474315655
1.925281119083363
1.845917707028244
1.769372994433910
1.685133831169935
2.513636785468351
2.417018073843334
1.850153141946826
1.814866205222049
1.904266976007124
1.133361748852342
1.647889271571022
2.448797217121876
2.428628217084972
1.946452037907371
1.934987046685004
1.893806131610885
1.680887038204348
1.833113617780856
1.133362004779933
2.289428165317972
1.131995325458752
2.685377200507027
2.336478858451528
2.560483595292292
2.558421878626761
2.410568262224801
1.794110166595393
1.466127181833061
1.336133061939198
1.050980190665975
1.147748762231859
1.102258229725819
1.401302728440152
1.228841929857172
1.770470973512500
1.659418256381098
1.091398310196390
1.249251969738765
2.215730542194952
2.438413565045470
2.602526618806820
1.220646188150438
1.251212982323401
1.297606244403259
2.009879794637660
2.368998209934150
1.829657960034686
2.626951027459187
1.799991861290882
2.491751074347452
2.502061209098557
2.701217192820921
2.802920953941266
1.444467926946656
2.422002931066900
1.899194425750734
1.996589269270206
1.180653151837441
2.475061553888886
2.577431308295777
1.764884060120320
1.945029930895987
1.995080898698740
2.845278799575745
2.754531790538890
2.933176750106646
2.077858587385593
1.905470767713961
1.378480425035443
1.434851133954993
2.195599895073552
1.866825129375161
2.003560159098714
1.999331889189292
2.539398905402907
2.094461617330391
1.912902412545895
2.160013923626665
2.773624207290580
2.075245678774481
2.610047153710378
2.245118583334762
2.513973336886181
2.498715794293958
2.687243864545697
2.745703789008160
1.424971581110240
2.204620018935352
2.143896377379453
2.882193292439332
2.259617177204412
2.530924882833516
2.988660272696023
2.253724485550583
2.697683114149561
3.332774902560972
2.699097262668072
2.706056042376444
2.727604524775024
1.912569346048759
2.682533138542786
2.708066380475199
2.666134794361899
1.998431334547601
2.894183184211791
2.748465758954452
2.846616032380862
3.000667211554187
3.066818547464209
2.713753532032853
3.236282229687871
3.187700495184814
3.152026411969391
2.966570926987342
2.868624822068313
3.516298448634797
2.090045389786304
3.632343921447427
4.194056237478264
1.827815001906292
5.642850984773823
2.895089185224320
3.106873198173198
3.102064356844545
3.145435901672410
3.024667676169288
2.207062352556015
1.535376241610019
3.664377284644605
2.316255260266376
2.323559218039670
3.240058845075268
3.349449037581373
3.197534250390774
3.400947729727386
3.219410455653470
3.974648878489769
4.310068656724606
3.374337728031604
3.758839949317923
4.166507192506152
3.415217891899800
3.521368148723989
3.697798997982420
3.538987022585483
3.916015151643440
3.024484280188775
3.870465936558997
3.561442357930440
3.160822158569109
2.389258519924867
2.296410117216067
3.116857964153472
3.476428206548286
2.321049076841498
1.652212392912968
3.909348520444634
3.119240749495183
1.551449069878287
1.696402148428313
1.811884346702995
1.692643028472793
2.269394594880625
1.776650879601173
2.377578459967350
1.760642043104673
1.710999458331706
3.343443197731258
3.454338966496275
3.255776702316358
3.586081923838496
4.032671398414772
3.569305393893684
3.307837946834999
3.462940087662899
4.250676847894206
2.388911597699153
3.544023329295950
2.937539261291550
3.507116955933457
3.570039448495604
2.497048160741323
3.762691096189462
3.673185174313962
3.543960823744855
3.560573488501421
3.347208307191184
1.507786235825515
3.528697085418996
3.527928727794448
4.327144792956439
4.066647401403293
3.940832560761019
3.707861766909266
2.302627219693144
3.333753081623867
3.464151661556592
1.270016994953659
4.299937423799685
4.984543582306079
4.815606601811439
3.882597465617624
1.310700074837876
2.350472231475648
2.220020318283806
3.559836683339676
3.500960380000287
3.898048786905477
3.817763340961334
3.973605927120546
3.681031643931287
2.406980051192471
3.614742035290964
3.887417570568370
3.210259083100560
3.740983509093408
3.280729055304476
3.608085552455444
3.125641583026954
3.037552106922625
3.012297859595956
3.063343430163078
3.557869528667652
1.565803668918292
1.450984055075427
1.546820205301863
2.989684401990500
2.432279643979325
1.394218055720684
2.383059364633473
1.721671629222592
1.472420339705162
2.470734309920844
1.747943315634305
2.224212864455918
2.407118591524035
2.350000354735417
2.394599771160774
1.569394123189332
2.326967415105599
2.443684770394157
3.051368050826830
3.086173865388097
2.253611325346459
2.977290036911272
2.969611379122047
3.097008363335475
2.230864370823219
2.221270594369276
2.912417868199513
2.904760815478089
3.032975606570428
2.482771135156089
2.790129490632808
3.117444410744444
2.204093878939447
1.741806039868330
2.275636104382643
1.762669071712784
2.273704642144731
2.357273390392758
2.247764094354893
2.349763616519435
2.353769130767813
2.189955014965923
2.116892576620883
2.192743117819130
2.239927901174828
1.343775985891311
2.113530288619703
2.167648595873092
2.098881264685467
1.530816790414180
2.861434054773366
2.040405428830962
2.248275919585256
0.596703813605874
1.089625067586010
1.348838444738535
1.426248729825168
1.323365964467954
1.221250863803948
1.747031699540723
1.982538736286144
1.954216438208649
2.658354981057608
1.402937340867448
1.423210016929072
1.388862515851590
2.073785136793729
2.080094793499105
1.513758788570648
2.029782616916721
1.678406740357262
1.328564999423529
1.952880476261189
1.402366186598140
1.222960784547559
1.228068712073610
1.274851204146664
1.156798168671228
1.069757217163911
1.632804331017805
2.070596749433446
1.468730025904504
1.395636063041266
1.193052019414673
1.325395754299495
1.949034135725705
2.693052002032981
2.104341591164564
1.969653072460567
1.711544988729322
1.537030462058779
1.744736547249482
2.081964372320363
2.028241302052775
1.915852156355915
1.616479228773121
2.020199715873399
1.615393862469312
1.510979905713205
1.555536894905820
1.456949500546550
1.469489704232436
1.520396770151375
1.380801015663355
2.061080845819714
1.613264213151268
1.395310810981675
1.632227467574356
1.295243189577469
1.068238422645981
1.376960634252134
1.276325567618100
1.485430645917530
1.165039485911293
0.998770159574643
1.009551074199106
1.205599870299112
0.936953918458145
1.226498511811332
1.121754082959676
0.997087994131200
0.846980721583122
1.269883169696897
2.159768822193271
2.116179843926832
1.604275745804527
1.051725310085985
1.098044240458467
1.273635405501185
1.144863741926867
0.791001666188325
0.866745079644133
1.245664588069418
1.305728005800029
1.901126596972774
1.099356025174489
1.245241863424840
0.962492217449159
1.281399447745072
1.531413229769986
2.010364600526484
0.868611200029430
1.213580287325171
1.295771961624437
1.423077906389084
1.974618509857799
1.970580048817044
2.770562429437587
2.182759472885776
2.245698609113161
2.912485625189037
2.844129917681145
2.808035083643389
2.980754105623129
2.127429463417062
1.441720876557571
1.165113910833672
1.307428096658653
1.936341302668257
1.284744849209844
1.314620999478912
2.041241544174059
1.987207692073436
1.487138209079254
1.531877724269740
1.952847995367502
1.566800548049151
1.663392114390154
1.444218342259092
1.429554543864854
2.821249972570546
2.276587100265512
2.145570387528439
2.758880778928042
2.190957109123540
3.389404191803298
2.943712373877204
2.201311815689235
2.844157353284531
2.961055615815898
3.486400803652106
2.866795982471345
1.571454065964390
1.392351374376432
1.238954078490611
1.079613179628572
1.187647202038831
0.966522393819515
1.094594824588436
0.898106546997358
1.023820069036272
0.923286864427554
1.085932083716196
0.021457195523423
1.327906123206836
1.296741713009022
1.052943391964317
0.825538920518908
0.824134779324621
0.787667750528623
0.857806237160744
0.928659291015864
0.926990751711575
1.913514312326739
1.192578702573733
1.037591347068958
1.296145970905375
0.913455999563498
0.988584921219320
1.146057531711620
1.644225730712262
1.116642522795766
1.453096003375404
1.357004358956746
1.313668527366943
1.212447158487709
1.152721917240761
1.184042339533972
1.218097664105647
1.073562121863342
1.627830718995428
1.133446218189968
1.150364248498455
1.359954997998739
0.929133458479227
1.101821361079605
0.993596080134909
1.184708546332863
1.153408034353870
0.984128614898449
1.244218140119867
0.933190475821361
1.051340843588974
1.143361775089956
1.724095001057161
1.503428442884909
1.138439871647892
1.603046774705970
1.444303981334193
1.364742750431009
1.011247423397182
1.290591321515119
1.671942258263802
3.256450221981113
1.271798118649084
2.216709065382081
1.686735002354642
1.607158364893451
1.603084788444064
1.288073431239646
1.377469596791894
1.319232181544455
1.424606616669176
1.427913882425485
1.197551052973324
1.469556845245021
1.493618516579166
3.931183994660071
1.754101974878174
3.532726591031155
1.708975919349472
3.276642692404876
2.938990244107196
1.651855717184928
1.556687758147264
1.657796119197288
2.949218902614080
2.965039802486328
1.232670553592988
1.141788508794434
1.723795601158603
1.561149750310554
1.604386589703615
1.674240801383064
1.675623446609507
1.734875723278214
2.926917238189862
1.774826053652542
1.627306947978255
1.857513579390352
1.211793627456656
1.128788298171421
1.239256285050669
1.335356957013130
1.167499885745120
1.232862022412946
1.171898115374673
1.064569670999359
1.269418925386926
1.258786779757857
1.669368943025164
1.204653134717043
1.284649802906060
1.306474875597768
1.709507869142757
1.244400295883803
1.314200382506719
1.191542815285676
1.195907215147619
1.651264062154348
1.662714940726115
1.657527511708988
1.251144513745682
1.649634112956788
1.220833485801062
1.189125629833379
1.192585828953082
1.352321656932228
1.466384940836818
3.172193490140250
9.234480475676984
1.598428070035497
2.806811593566241
0.986380109815968
1.148465046211259
1.171256133115871
1.002383386761470
1.895639392606526
1.756872655129289
1.671050405935193
1.421181663945772
1.510924747891612
1.483871722276349
1.289879446910357
1.339997812012282
1.283914189267925
0.999967083250564
0.832165797711967
1.100755257089836
0.821609895307991
1.169064091788198
1.192766235283189
0.744833711183570
0.812654911310482
0.721791414314136
0.759244140605622
0.939136349300224
0.958607139190294
0.621108497161119
0.965137025664770
0.795463004609891
0.704812633765500
0.615383135733757
1.447805484440243
0.957183566608506
0.604135037492362
0.806802763393741
0.508218238344071
0.585381396288415
0.555592528176466
0.635879340605553
0.670931654994254
0.903271941546864
0.468865956456503
0.709584333552496
0.692907702058390
0.449354145079701
0.539414906470163
0.527803866989546
0.499702736338119
0.667580035798716
0.553267366847475
0.272466742418602
0.804103453497405
0.488623054778252
0.748041913967494
0.685995791875758
1.396772280931241
0.907201545304591
0.729325735221808
1.279406520824476
1.542188951265676
3.311885533892791
1.074379820308486
1.235369530095720
0.839266357662905
0.728033255810617
0.879854302780587
3.206599757488621
1.055108296625549
1.144315555717637
1.482893383330122
0.818944424178748
0.816131080881288
0.751162580676833
0.727781974919584
0.801262445922704
1.295931853522844
0.804743934968026
0.628284382885409
0.998504905575780
0.834527059874682
0.776719911291477
0.909244200492704
0.724484034715559
0.784857079604655
0.780913696524291
0.764535769618331
0.797649546223128
0.883612756111750
0.774578918970754
0.827779202029588
1.007643698671158
0.662820394097641
0.866694458950937
0.774472826208866
0.840521475438710
0.697944397913999
1.166009114954557
0.869204039950864
0.936384105506371
0.792220785243485
1.037330129197153
1.006438895092701
0.818322214744184
0.838471940121303
1.016351868767997
0.764975574001267
0.127272011203127
0.814174383695606
0.787505126803246
0.738634847248760
0.566224662868318
0.394758424567035
0.700448595695003
0.386670262859443
0.579848746636066
0.382040164978253
0.352639881887265
0.740325710937056
0.562853309030385
0.567272778035953
0.723936403014054
0.735727652841810
0.864485686166303
0.468931101945328
0.457012069668320
0.885155466475920
0.302524438121730
0.643020607729272
0.737822321486773
0.813112481079558
0.530550115902467
0.459600882125945
0.441273575797414
0.358297562324949
0.722817744736533
0.804535452752479
0.805679121612247
1.440123371501427
0.410946106035784
0.803964629363173
0.784273123159785
0.699311283005004
0.772320194121997
1.410343896966030
1.374696824704213
0.883005000047139
0.923062029831491
0.773232382565551
0.941452851339902
1.204287687019375
0.800201978460940
0.808912516707834
0.695471830732982
0.592048523250882
0.876210808068554
1.248574507934620
0.850875703004351
0.812205244120227
0.794473978429703
0.828836078704254
0.930493557633621
0.787019388315317
0.786819891512671
0.830836223140916
0.769368340682654
0.819712968273097
0.818697739132253
0.851785495752954
0.371656983057284
0.758633927110504
0.742935625136969
0.752399568736031
1.574031700490419
0.875847909322795
0.757018503372036
0.814538742948824
0.962684956839351
0.897914986918510
0.855858847269985
0.900901932604647
0.918585258489402
0.724337821927986
0.895289411212850
0.810587294422205
0.670638854776093
0.714931783237292
0.783221525642350
1.137710997463225
0.778498215188090
1.154717515663561
0.716196402876769
0.743936369359129
0.776117412054685
0.757198277611152
0.742987978013147
0.696135032887804
0.776160337959339
0.732264531920427
0.687753645621621
1.184757497013660
0.763022803798210
0.652204273183570
0.561339923467120
0.414120575560438
0.692935695584479
0.649194732770040
0.563022084876943
0.399499498317053
0.798198261256550
0.642049317034997
0.769242420524570
0.812588062334502
0.894543479293197
0.465291734233677
0.762768310884302
1.296883109889567
0.574566076566133
3.244883991367593
1.542531994368426
3.075042493712782
1.446441684816536
1.358637490061059
0.951613550282602
2.494533899966715
2.422088320292899
1.335694269326220
1.002664796930502
1.376367082899169
1.164902006729600
1.121179387294188
0.852807913705367
0.828429362857495
3.787527389073677
3.424988970842583
3.388696316647197
2.957136672021136
2.878427216486699
2.341057703193630
2.948039628494274
2.523568409592301
2.375769407580890
2.787114406905910
1.587282680184229
1.538543022641637
2.879308285277827
2.962780837271317
2.900015426325111
2.318756294230738
2.203618931431218
0.962710790981451
0.990138974501873
1.043276110647934
1.306660287243527
0.670074598635252
0.534089423381063
1.265209420082124
1.294628820606094
2.138176095034817
1.104242671497907
1.455376784329878
2.214961772451472
0.906465565666623
0.914896070699348
1.333276633087517
0.932797236189602
0.984257490485404
0.898608807498757
1.031668324559962
2.294212084154873
2.427165783123362
2.362402629462112
1.364351471237882
0.966465011161381
1.002956541645942
0.803987892573089
0.795895856285695
0.882306750687519
0.864763952407150
0.820341514096553
0.511764938821282
0.822623669523861
0.739511282703669
0.767370522022860
0.932807342840923
0.857207186660077
0.858894936355565
0.683493559082121
0.942009577015709
0.801525817465921
0.727787911467199
0.960211152859096
0.793643560227909
1.589189724528207
0.732764247926606
0.689483776198298
0.996301066144845
1.502217929562606
0.898141435197160
0.867325616450091
0.812224981107131
0.706946965888924
0.875408806201581
0.781628355550089
0.804375687799293
0.826841635824535
0.857736148851050
0.716465056708934
0.718139593062515
0.734578338186778
0.873286555242566
0.750384669526354
0.810317707054959
0.804365129622600
0.795610141149581
0.731238864639301
0.692052157131269
0.512020874056095
0.902192210019202
0.858856142324799
0.935333825616426
0.960287599503575
1.323568921438789
1.439943040926263
1.467457713224410
1.429012228845314
1.402812579623731
1.188841930839391
1.341782037816281
1.227655516616811
2.069999595696300
1.443914042001043
1.231177351367869
0.864931464837870
2.579174244572198
1.179981953634771
1.285864159270552
1.951951698089790
0.828327995025138
0.696297461480005
0.712208851175123
0.859239767249091
0.846244327993150
1.920666137855833
1.345888087942370
0.822706433745198
0.814854171775064
0.909772459563895
0.851268950947395
0.792385163618779
0.898750227949017
0.835506692563950
1.149345026535906
1.235320760480045
0.593288689128858
0.847205250794085
1.234796953887890
1.220548097228075
2.077852188325114
1.136564413345521
1.229836258239522
1.337920329072286
0.625208307332331
1.264918975165066
1.111676170640933
0.765503578046494
1.245835279862657
1.071138486234351
0.776609587898912
2.025403178991625
1.066298765257546
0.707298512929113
0.743433423479710
0.515220854685137
1.089169971007539
2.026696691380896
1.202378726610783
1.978679051523747
1.266019026970724
1.352449764227038
0.768797231341607
1.268335755842194
1.962999767882834
1.127142313365560
1.210784086529266
1.357175856673975
0.806780492641936
0.685007458790646
0.597067527970004
0.761569285316426
0.769037562875784
0.556963958130456
0.501726401150915
0.737481355646399
1.009424913165563
0.530137605462823
0.463525348978815
0.344782740155227
0.474578879650300
0.231630762480642
0.591042547835035
0.772073890531177
0.733867072405354
0.785753747116905
0.662727879712811
0.706659404962775
0.937678266326042
1.317382450007493
1.006925665310350
0.991116062497664
1.196850840394848
0.872297908747019
2.260185468168860
1.077105722679085
1.126586961732726
3.076750124483735
1.296719369376386
-0.339081351315479
1.353264374160561
0.827065107567849
0.753876568506954
0.726730192811375
0.614772301581154
0.384853173874846
0.324122366515509
0.338625669057346
0.436716469232169
0.438500815278264
0.421776825751350
0.595937369280863
0.805453543672123
0.837472175409627
1.009868111001209
0.959191766310054
0.417987047137899
0.721635793698477
0.639138962493315
0.362671542691255
0.955527354952354
0.505603906511743
0.647028261039590
0.980498572031016
1.057859419105595
0.557710532408131
0.336491255224390
0.317271763173731
0.563134071782168
0.792565825513793
0.452610638134773
0.383778399345506
0.556128159989727
0.645124035902903
0.661789491339629
0.600362301858722
0.586937962743186
0.816282844636660
0.808560757522545
0.808869557546763
0.968709274384592
0.829636827637113
0.763121570538478
0.675873875007764
0.713251103994099
0.612991499212489
0.464128235228216
0.578553800997888
0.519284221898178
0.583208200537181
0.784630465147812
1.074856964892435
0.829049650160285
0.608239495983369
0.771590189488295
0.904657363990861
0.774992194574557
0.682094490125636
0.717476338107299
0.753102493678938
0.728934511879311
0.423421260384169
0.804380663105405
0.747541764701757
0.611072279279938
0.798401805707009
0.580758342708328
0.760475709087714
0.760124783969390
0.767763984942578
0.882379522737861
0.305518812080691
0.726525015095007
0.810590759602519
0.752005394745977
0.736434127215610
0.762818680059028
0.625049408621121
0.200771935321476
0.289407990744826
0.273899932046350
0.198094753152930
0.531649525415267
0.727880065139063
0.786917913797688
0.589848087370500
0.691332017158625
0.762870628354419
1.503543607652908
0.668068279059649
0.615270866995934
0.690226855809466
0.892392699526644
0.894500970541475
0.802004977270065
0.708217208209501
0.612830369893214
0.573341272620690
0.749370218200615
0.674005481833167
0.499483641377863
0.755666362858221
0.835799683473036
0.845788058622704
0.679835781633607
0.848562045041247
1.034207356814847
1.038880440204793
0.760352523833297
0.883590477361782
1.012579294079106
0.739214951006343
0.897763687768833
-1.127308686155137
0.795918424392152
0.894061847115034
1.046531637965485
0.995774716604347
0.935389051823978
0.993145271476840
0.895331513841902
1.048344297548214
0.785899009320695
0.988311790356267
0.890132958440963
1.609091771495190
1.064157012253461
0.874893502102448
0.926630581464536
0.824089937270691
0.383551380542054
0.900853109538689
0.934819859213458
1.053721626596479
0.814689163137486
0.767214185556249
0.955727453745648
1.056928108396080
0.770887075865430
0.550731513938718
1.408636727450739
1.351116354797370
1.335052915875657
1.214518235494410
1.225014035828280
1.236009838420455
1.214927080362502
0.876716827879859
0.873465357912257
0.815608579672834
0.741002152837342
0.867747855558962
1.049803519262205
0.938625159581394
0.762258395632296
0.839529918635561
0.806948595122875
0.737834997296820
2.043708829309266
0.820904340898768
0.841871928084922
1.074694247146941
0.769153127266700
1.047592616864756
1.079919272651112
0.979065960650048
0.793957040309923
0.997358453052294
2.072506748365476
0.919632567682190
0.928834242242614
1.035590594568211
0.860179392968594
0.879754984099724
1.060715245429085
0.835752642068196
0.763805276110607
0.716692662413715
0.877093815972040
1.036730000689563
0.899360533207127
1.008445319024580
1.825077617696078
0.660138742788672
0.703586129887803
0.862407490186974
1.018084741940112
0.698763547862531
1.077001651603884
0.021094635072360
0.857672547654731
0.867740492647520
0.836332400842659
0.893746315188971
0.870840561419600
1.142773264695995
0.628645385051529
1.052283107935007
0.780737381352785
0.906589287341967
0.795815969034594
0.675222161700053
0.624331837316513
0.814674225473272
0.918333577116494
0.865601382760704
0.912877215208660
1.122613702417274
0.857382257833842
0.977181011822449
1.045775040031640
0.939443414176305
1.071318312850017
1.119822729966558
0.794451300701593
0.868896301727059
0.995439732718486
0.960819292765810
0.847738853133067
1.025159478838836
0.860947373283545
0.783028438935644
0.881007154713239
1.858570362233465
0.769478571644742
0.984996116470501
1.762109869583020
1.739160732729180
1.691383411538757
0.906223907752502
1.646845684970531
0.968087743718973
0.912528769994799
1.002819055173079
1.070445880780547
1.059052598826441
1.078332385372583
1.035207863892185
0.954939615663391
1.709085701493265
0.778695780223160
0.754923853769817
1.058739994053763
0.891202216065542
0.876719405679534
0.854445451251380
0.927671279319260
0.876577169581714
0.966386548591831
1.091044038580839
0.839678323836218
0.831119798284606
0.917655238913176
1.067280574366802
0.946434255709629
1.016771256362053
1.082838636384295
1.058660348062299
1.014716020703324
0.969878151978894
0.703844974462166
0.858261639300532
0.772723425609530
0.615907837532354
0.860155108568426
0.878965781020553
0.800126946317836
-0.813659326260450
-0.640779342730647
-0.471117540282018
-0.223885002112618
-0.040738966358319
0.076979809638089
-0.031248741733305
0.071155529242332
0.186522875168107
0.438606280915715
0.409314038975438
0.502229052808167
0.352297495234430
0.445234516212493
0.460464978169906
0.518681813009224
0.570445560801661
0.634501239255416
0.810904338904113
0.749417668515203
0.761863338272388
0.684062995190182
1.334239127322203
0.546547955971718
0.592261746659181
0.579481499340686
0.531051063139848
0.468831225794782
1.371100184078444
0.695715657062516
0.730122083400859
0.675714917350897
0.848827956713096
0.720760460563999
0.609750376073301
0.650945549624076
0.811929977392936
0.732918761206129
0.761694216819499
0.810519506343405
0.972321804450679
0.560097239176021
0.696050610665125
0.906506605202482
0.680432392506535
0.644982617699922
0.863968313845027
0.621031157673275
0.880128556301846
0.795500374242603
0.634986423773369
0.695437186553312
0.743545812327265
0.887344846148549
0.839094282313255
0.778062134763851
0.616930465514153
0.698708928012137
-0.209484583045281
0.765066408540773
0.530637453227315
0.681496913173744
0.661397974466300
0.714711357552556
1.017651358738186
0.780627842059426
0.704397219925958
0.674682156054202
0.699327414888401
1.082393503370455
0.698950006834801
0.709608846101513
0.817948307806824
1.055954483150462
1.126171244835159
1.044620168876331
0.812212937833593
1.310193542360155
1.465286293316035
0.907893173068143
1.100652581489904
0.813229541050054
1.455473413747404
0.796820591363966
0.870801162225460
0.630833210730526
0.553145239398318
0.638384220618496
0.664667268552853
0.681921092676322
0.803492929440359
0.682201451680491
0.800134673522988
0.735195663511353
0.744685149829448
0.660584919468042
1.077782765628717
0.951968366646627
0.940693071324575
0.860509457859055
0.840748423456775
1.115973137792005
1.037986940268399
1.051345940592232
0.768608683542996
0.745860699943706
0.847336665591780
0.771140046006226
0.805940505528351
1.379041206281799
0.886457045156312
1.320493316969630
0.735051422025958
0.791584341596620
0.540595225405441
0.564294200933870
0.400959222455466
0.514429760437366
1.731622116792048
1.072755904748156
1.966702346771861
1.927225907168980
1.196966180150799
1.291729838221401
1.563307441776449
1.678244844928865
1.655616935973709
1.656921322868813
1.605998615331554
1.432924828844246
1.495084351491667
1.377053674628742
1.309876214978957
1.180391015250116
1.232663560808079
1.064449380885594
0.897642392218868
0.893024690441453
0.855025147812497
1.108817789526663
0.869499104060016
1.180300545560490
1.386489332168984
0.817775254117586
0.738212471383418
0.712669797736759
0.746272817421150
0.724474011425382
0.744998354083815
0.865877248806251
0.737267855112587
0.733731070730246
0.755460833564253
0.743584951896581
0.817450486715980
0.668897333099649
0.730648488187198
0.667461528618990
1.683556754212573
0.797383323744700
1.687853139442633
3.058004007797199
1.430581064149678
1.054439396618578
1.702524459148542
0.734411465801670
0.672720475988763
0.678358529297309
0.678418812214839
1.257752371782952
1.402434640963417
1.495778034453524
1.191989343136703
0.840686685275880
1.092760013413715
1.330918973852899
0.789301564165158
0.803386987849166
1.306109900042284
1.152114945720305
1.300017627731284
0.838943542454136
1.076475754019490
1.306524491670195
1.275274679564196
1.089914799770074
1.318182417128163
0.834779386807547
1.022062577200777
1.008375017317394
1.018420598459718
1.037396824981242
1.054419424263164
1.764734174464862
2.578044513224366
1.279552489513595
1.772234289922956
0.821114791814020
1.250182262152010
1.178463581212995
0.642091718837889
0.749274645331847
0.692766074680638
0.662146597746268
0.598648680067299
0.680276400742221
0.786062503271883
0.600649573700962
0.600563833445798
0.578342132518561
0.717161025318333
0.445392946540304
0.517722606196689
0.507326500869627
0.632999662066096
0.621982732341531
0.553430838871396
0.510749904860654
0.515800871741624
0.543306857558210
0.561639013598471
0.387721499742458
0.582317191216435
0.627945112463634
0.771239555952495
0.525022491193181
0.534888787983920
0.693306972521615
0.425296260844202
0.575773806886231
0.465456868867980
0.507202048987037
0.535414399688036
0.251295597577065
-0.096616449784152
0.590226646751912
0.655617151977915
0.641199437037866
0.735300800552639
0.549976187291272
0.847063003375558
0.819599199018208
0.735523937801545
0.864231234757923
0.875887437715235
0.709079461553421
1.020735993054798
1.252600973848142
1.386144045397987
1.361282029862433
1.256294347713410
0.837993623306697
1.118921845451694
0.866143331216992
0.771110592522620
0.696903311813490
0.770120493450645
0.787376401374840
0.747152222803296
0.665046326900117
0.633480526905048
0.612554779824664
0.568123000101044
0.559118450603019
0.486564633745186
0.517257181302515
0.566090616264172
0.501511315282217
0.513888341515323
0.556877554231618
0.513482009898612
0.510802232819780
0.545330305333265
1.141500404470702
0.647459406873115
0.624590379781807
0.696291609205751
0.590807512267212
0.539396851962707
1.120680581179674
0.537696340081270
0.524880628792006
0.584678537953990
0.509233970372232
0.671689180196618
0.485435345959264
0.674878128464552
0.798594735089686
0.649197749945826
0.655026888185752
0.716689261299329
0.722560562928042
0.752509147077882
0.757422556149185
0.731464835284523
1.185166614595499
0.790056187867722
0.784651081591024
0.851959705842606
0.986665118761352
0.820463114937125
1.379416281330234
1.401114489818260
1.034293938514325
3.031482204704224
2.333205004669624
2.596305772382149
1.587490651631290
0.948913926970617
2.410044153776606
1.418256139712341
1.315775110659478
1.169864582745765
1.142074391163765
0.956653214916182
1.165019479259636
0.724538216382188
0.800412013745560
0.817470617174956
0.589769190450570
0.595960979422373
0.645528420898227
0.704472527175574
0.740963693577767
0.581215085056678
0.618008095434869
0.715340952284034
0.604902566051111
0.894073708658447
0.456804081087447
1.155436269926066
0.934297665182972
0.738882322421591
1.107882521051764
1.065632609822721
0.974857453421126
0.890087821457422
0.740791001233183
0.697586539849970
0.970096107637824
0.702831736625633
1.335590672317513
1.076829680991775
0.755718202129480
0.661927733477516
0.544688807195838
1.057553420921282
0.701767878125639
0.997235820742590
0.821991869450541
1.001666578051607
0.923786677218648
0.711282917475465
0.672903298497370
1.049308104075737
1.028779921769178
1.091602639009419
0.668553035881268
0.753605600748076
0.695877513315117
1.051441516219939
1.019684340636074
0.635594591611670
0.609934006227732
0.737970732456837
0.611662775907759
0.718355186410227
1.280707188854223
1.122185337194580
1.253907056165214
1.190669193748249
1.597623401275679
1.318707870964188
0.811358382593271
1.305623583780690
0.649540327573341
0.650628907216887
0.720361999697895
1.172210705433159
0.835652504807860
1.110714215421002
0.722647756758126
0.568421517612154
0.652623072663714
0.645501173196488
0.704016476721635
0.738325255594100
0.614267687151467
0.773893839246249
0.681497846118634
0.629750597989822
1.090632391333465
0.625975026660690
0.466728945805014
0.719204390672609
0.770496136031449
0.688103392651630
0.699663663316983
0.746938456790663
0.620900690404861
0.708854838401933
0.785059441849319
0.680069234161085
0.689138004804058
0.681293541192990
0.675783539091551
0.775153676477405
0.720864684449912
0.728212402305184
0.708904327919260
0.780840153797682
0.753436504001892
1.047842617235499
1.747452421918178
0.780658740460226
1.769080112018991
0.842098158290667
0.849710562304372
0.923680470312615
0.867279478949974
0.806665878877192
1.132028690159300
1.240932217307959
0.759375637024508
0.797460039573448
0.839412777394795
0.776684684639795
0.754324307121064
0.754605728353949
0.781121288530306
0.822948051494545
1.204501040968502
0.798387109499116
0.919796331962736
1.264836126464580
0.868867705848310
1.677770409437960
1.340447914501385
1.687499677700677
0.940043936245186
1.759205136773663
1.541115855771306
1.215537898980493
1.222125610247049
1.611139527436980
0.824891651464011
0.797202668227679
0.896320193268663
0.947930894820162
1.164405570901090
0.812238282345306
0.827673648099541
1.532426194404630
0.768294005000401
0.907543234654435
1.239533202468341
1.186029959532452
0.698613809688421
1.025104216261335
0.983198651586351
0.620981933288918
0.734113421011073
0.992397576980994
0.975631249946488
0.894602064833775
1.181289404518346
1.061016551072116
0.798753344471314
0.730406972885551
0.689179288604315
0.982367548899494
0.929769548662707
0.661073114828649
0.700409130554637
0.744291294949075
1.168365497990753
0.714011287216572
0.746921976175748
0.732602042531143
0.810497301676448
0.710722478551467
1.158723698385002
1.023996638162133
0.798162689604213
0.879650422346847
0.953445972579893
0.966777759063840
0.797476507977859
0.919535453870105
0.961554367701849
0.698384153960789
0.664247833534494
0.747034821845247
0.915015599404630
0.702087428542343
0.582791792684968
0.648680013057324
0.605618977818905
0.637851723268103
0.586545639996504
0.605522980648168
0.585899779005989
0.610656137438462
0.636799456151078
0.557810245388297
1.027129013112904
1.242226825227045
1.084927988776807
1.202901953306877
1.187952239213111
1.053135162706104
1.063654983644649
0.790443397771382
1.081175155509543
1.016559415654358
1.197623927032470
1.070549474876328
1.027727464959764
1.001476306737449
0.900046304783243
1.053664515860155
0.973267051997748
0.984936064309721
1.222756101326042
1.375145691329344
1.432470160878413
1.076160217675546
1.184220821880636
0.973215381325197
0.988194262317368
0.931380776366070
0.927262905325624
1.305107627976378
1.264179444830077
1.327266436392348
1.044787506048300
1.212444383885169
1.323324237977024
1.067411066756124
0.987255060711593
1.027251428503740
1.032176523353320
1.199835319013845
0.880700220289504
0.963085440123046
0.898767383762705
0.948084127677210
0.889236236519135
1.179422387657478
0.899685075027215
0.927658652511356
0.917066602660503
0.879847986654237
0.865201128340968
0.925758112620419
1.041547502696649
0.880980469403050
0.865894271645096
0.864944985581739
0.910282155705914
1.120729615395742
0.887676424168391
0.788423381880539
0.836799602032653
0.706613234122969
0.709417649841219
0.870284802150589
0.817410425760835
0.797131211326045
0.762875893729273
0.816938490057219
0.674065418175977
0.691951636265346
0.731702323152944
1.080661833858713
0.665273775220745
0.667607660723750
0.729241710905930
0.768338776674540
1.132327835856226
0.778123282050188
0.746237536073237
0.755092115870200
0.765605704867337
0.591711781262096
0.522079958535552
0.709591577299429
0.863545096328299
0.718481981487201
0.680670035544691
0.736204191059468
0.821204170454766
0.962850859876476
1.429078297196736
1.347775705677278
0.648200453225004
1.599300132864969
0.883864933275182
0.696864340969113
1.350089721774169
0.769172092418039
0.737477171070505
0.734980679741470
1.286554907664299
0.864268243817757
0.835943747067300
0.806923409005984
0.736699260544155
1.019892610859888
0.884586149508748
0.865969728381698
1.263408989098508
0.750706712346143
0.941172329368429
0.692241793998607
0.881021559096407
0.834317060070992
0.770615394020777
0.699453342749502
0.789065928214088
0.860453200610275
0.740765260665379
1.009753685767395
0.976017901537753
0.928914145713643
0.714694492667815
0.865290481544395
1.021114342022308
1.186787909964279
0.771875488060744
0.816813205489531
1.086834344309044
0.798536065623556
0.791700300644410
0.758492253412574
0.829404288494359
1.348521914800807
0.731119376940366
0.735096551454124
0.798657469032503
0.767224863468338
0.802941913742022
0.748902382427701
0.657251109006219
0.860033979874210
0.548870273240943
0.661623538830586
1.111365995813933
1.257999297944685
0.891176666848024
0.872539117384507
0.822819893075951
-0.322715735438746
0.921795049454874
0.750762077849506
0.581491875232787
0.751065427974711
0.685359731719350
0.978388181386212
0.864974565533590
0.705450552726363
1.255744128161100
0.928795704354140
0.884129709069462
0.935965356926825
0.670789115473329
0.776344562804746
1.017892293177044
0.681453875922177
1.380982829604598
0.649953714195291
0.810539644873794
1.202855943829070
1.274331174337462
0.926276983074051
0.926131550922952
0.999952120744034
0.750666287246512
0.890727818687372
0.522357389133134
0.840571860805983
0.811777465287031
1.044446278450744
0.740908728835210
1.237442297181002
1.440945501870285
0.934918776379765
0.829768870993754
0.569870622398877
0.849420605339020
0.742538466675297
0.881507220753205
0.821895022227858
0.621323220711118
0.502048897245057
0.848903357283581
0.597792843238863
0.795294577786626
0.631057536096244
0.883835246579937
0.880968463790606
0.698930310753929
0.869796737840142
0.658109191029130
1.600825452350686
1.196351324235708
0.928765793177099
0.653777324339544
1.380527939021166
0.685104852060569
0.396246022490347
0.409133753912785
0.679000341874215
1.363579108095286
1.277978405112052
1.647628381467033
1.426563801376990
1.417618014682236
1.399107988363275
1.584970224615394
0.733201939186594
1.064821201240536
1.745164104217572
1.031876202370800
0.680588358968005
0.929047806183833
1.601625655527612
1.738306167229564
0.833358288277967
1.084235472653331
1.204152471039556
0.547959293865035
1.198272746004980
1.474449614831029
1.531421059532136
0.847341166100856
1.745268577213353
1.653064973949528
1.825805485261233
2.154163131164761
0.925488568465806
1.696716580065752
1.833556680041363
1.184450917530705
1.569396425987437
1.503209701884551
1.617499334426088
0.826369469961240
0.476724531502905
0.787824860142390
0.801300690357884
0.898632047599194
0.877426452807809
0.480200386798264
0.799819820034869
0.382550630674573
0.391484054340621
0.846016044512979
0.472884481171946
0.435978691696574
0.887507433328456
0.579332172477135
0.873756225273686
0.969370095880910
0.962823282681699
0.994673421280769
0.587815423013353
0.921855634727293
0.639109109067250
0.605839289980752
0.675001017568136
1.043732338583662
0.995911126587476
0.741554189946227
0.208132019698546
1.319530377815138
0.739230296204679
0.690182664371738
0.818369941782091
1.104440927683187
1.091850896694269
0.875599326819892
1.029647770943691
1.338320651231430
1.818380666296412
1.399463922603466
1.445539972331028
1.237816962012992
1.731224677290145
1.690254181916705
1.445099575089142
1.343820097078822
0.970985966706186
1.149334504454333
1.315109629405102
1.480665631079327
1.488687096820309
1.566481925455959
1.233314174993164
1.539016112840027
1.615107988464557
1.675092489169773
0.983474845664068
1.247175919355475
1.077449977060442
1.550406811705549
2.685064659404914
2.273138912857564
2.304429523347566
2.333817923432164
2.757580350658848
2.645823826007383
2.056813538471971
2.065537485099383
2.612688171535089
2.969225357049779
1.470989699957583
1.204159503523042
2.667059013222041
3.053375836095695
3.635670543137939
3.088192196229039
2.927958611334574
1.214911646836936
1.767704810030516
1.856438046236403
1.911156781949430
1.938932507738823
0.985674267114849
1.940918906759173
1.799260444922905
1.822802336510332
1.357121444261812
1.796161909551497
1.775324049314722
1.041347499655260
1.206403007235070
1.221577433690561
1.832317806407884
1.769355961638129
1.574865161594927
1.851333030184063
1.894604666919234
1.625786096202228
1.561898065079147
1.603173216152579
1.974210944725484
2.041312216629219
1.742506024337296
1.633064676334315
1.946329119871075
1.898912229713762
1.937628716317222
1.730626712744768
2.074854331977573
1.827191866333341
1.957944259541731
2.043477359937568
2.936839829398931
1.750210112960465
1.761030892320426
2.095591946165413
2.020696120118585
3.096405623965786
2.138138962535119
2.798450104851002
2.165363830835795
3.758203188327395
3.209005269433916
3.313499091217080
1.930909273288034
1.883019247428323
2.170983371981177
1.795344881452073
1.335017292953112
2.003968736721006
3.702456906116494
3.298553766888610
2.278897295085335
1.900450887022514
2.488936615558945
2.268495900866105
2.295494963546437
2.362411421373122
2.966819466113263
2.409198054407451
2.447704294825734
3.216281900078287
1.400958335929414
1.221898093897967
3.361428220968719
3.383769731468530
2.451670939294478
1.333783331227271
1.544570525442703
3.613826765432658
2.379035114399720
2.391858015934352
2.036551596504044
1.958632064367857
1.809652734223457
1.464405320564798
2.067166733919028
2.053647852461002
1.858009285032917
3.617536713867381
3.647869679507291
3.298495907991118
1.431579101607485
3.493640252879456
1.610261668745063
1.608616156817314
1.272159658395543
1.970292997892075
1.594986027861190
2.519984223454349
1.939709206871443
1.398644538927788
2.093280729076968
1.688604495324519
1.364326284391869
1.684916038205801
1.640439692541650
2.242210971866343
1.784528890650938
2.043994119467164
1.307428354589948
3.198017670442521
2.184657366419889
2.399564917591322
2.536046497807479
2.101027088716179
2.566457838996087
2.536213425064876
2.142064205231611
2.316637479757659
2.193292799027104
1.795220009518733
2.186120368163583
2.625940108202780
2.181323398223368
1.598251396653783
1.586227532723041
1.634156148505013
2.197704292953274
1.641135142453086
2.175086598532686
2.107448093795760
1.557171010920481
1.586306991453738
1.474676521264840
1.591916703031951
2.152119640503511
1.573747619620035
1.643940261800741
2.028821497837752
1.512086817369374
1.684941002727259
2.162575822619108
1.636180702672781
2.098118097111259
1.710399913073972
1.687200170421581
2.408157468230176
2.271637683962216
2.118298761236277
2.102349540894016
2.107148554874618
1.634311036356803
1.784368126580293
1.653957641856995
1.780090693039202
1.676652384780131
1.745663549915854
1.659136871333033
2.175763639855354
1.417312762801892
1.768707820242508
1.479868132744106
1.536075030375266
1.538095070202428
1.473115150786902
1.760193505431757
1.670943325725642
2.197205853501790
1.396577948588771
1.416081766749056
1.856341588474578
1.487161184812230
1.759424478522086
1.746466290423737
1.498114621532751
1.788326813280189
2.198006324995901
1.774130988127473
1.793678752321895
2.113115996126984
1.905651932435346
1.690653426453698
1.728209717472667
0.545042576334959
2.108931576779076
1.616637108302089
1.400462045488765
1.741926794436846
2.380208139461550
2.415341644013379
1.692176041378657
2.165568858866559
1.700361958514979
1.588129049325424
1.436861642626445
1.644612889912283
1.667713253262135
1.897201070891635
2.180278557451274
0.531896726766168
2.345799123331598
1.642979350981799
1.831673741709069
1.666178031120981
1.603506334237150
1.414517788510474
1.587834685871663
1.650790925318418
1.583718950039475
1.346287019818215
1.606426257861904
1.718614038796765
1.650768082631293
1.637457126941819
1.648094662457441
1.544998536761589
1.581100333487349
1.831445396776670
1.536087626847369
1.599920829904393
1.709267870424502
1.626840131295711
1.594285173539248
1.631317987636321
1.722630612495799
1.595858199088416
1.600876613423967
1.586093082815392
1.816098772982833
1.724170645638724
1.662071050507811
1.646433511830279
1.916410139497736
1.757242729416692
1.656517654516046
1.842388516666418
1.738336734839429
1.745402674323259
1.747060384603129
1.700736558575956
1.770049592951185
1.780505837078656
1.845968083295025
1.762726702444080
1.932696778590330
1.963872454047957
2.474759396648403
1.933122021023437
2.123168856663601
1.728764126274416
1.716600879074968
1.917376527116180
1.792602082667981
1.871551632273176
1.902799129412482
1.894791246635704
1.749112038848006
1.915824656763262
1.846336058058388
1.734058421121421
1.673709109271395
1.997751084697963
2.160852724421999
2.665644313657814
2.156068553784365
1.861453257173577
1.915574148459491
1.995082378745970
1.953361639334259
1.837518850981251
2.069585809591235
1.916418228653172
1.891625188049019
1.844526859061459
1.796544857241817
1.963477269105030
1.994028471576058
1.858427436346755
1.897267986313071
1.877032451647651
2.087554186767674
2.114233012704082
2.172720080804319
1.925964896816787
2.548766936061932
2.652964450443810
2.181400678841780
1.952150191204957
2.198996186758499
2.276337936383451
2.683469762810698
2.250848697574482
2.028630274425297
2.175488083923748
1.908882558131159
2.100088086648746
2.021967267990029
2.113440468747750
2.416709471178780
2.389793017071727
1.938454710764090
2.052597342362725
2.255248921561107
1.900180296351136
2.001652318350266
1.826969346508276
1.926495165071537
0.593398458606584
2.054825382208087
2.132984841926085
2.247512061361995
2.341200748464337
1.914549276880246
2.359305464683131
2.164555468865216
2.110838089334065
2.522680263390836
2.406160803586467
2.426091728805997
2.089713273262940
2.310344062152814
1.971337699349324
2.186192944925983
1.987309367406887
2.083328189520600
2.141546374603895
2.105526855237133
2.018907868228057
2.063267274262945
2.076013096420759
2.017881134086391
2.093805342265323
0.781088068712856
2.037324395009092
2.505159949860917
2.270296704923964
1.972000482541461
2.024953954982521
2.114938868686360
2.331473194322792
2.047883781983313
2.380244369534197
1.955751399690332
2.030561993431422
2.142921587839037
1.924770202359716
2.208997529720376
2.689841227757589
2.058157378160775
1.998015502194044
2.014827613347484
2.126553320127787
2.386358391708051
2.483159830919865
2.078964455914688
1.990452024010651
2.010098846902993
1.972363821023683
2.142493396740068
2.101087192959171
2.072881194589676
2.099339459083983
2.080374031971894
2.517186685410393
2.366921948386731
2.345468042577023
2.429200573075516
2.050429911500592
1.919593628692303
2.407125251581196
2.106527471058986
2.068248188785055
2.336928340653993
1.986298709112864
2.431685594790141
4.183735731817549
2.112790789914741
2.405090711005914
2.488986445326234
2.483331479819583
2.458502429833157
2.109074900473017
2.550744691695233
2.451052117993468
2.229271834935485
2.454061323405545
2.398204322257074
2.382408818933500
2.258758875463083
2.405835263338907
2.441776573533945
2.433115284672180
2.405776593650631
2.386841622755963
2.547029281822707
2.610051280689820
2.413868104215791
2.457617196634483
2.471276677128220
2.391527812894833
2.502554593305505
2.391931153602617
2.489337320217375
2.423099983363941
2.095553428861359
2.413910109340830
2.333462796557162
2.075073896381900
2.438747989636703
2.416891675871173
2.448199047922687
2.364000084683820
2.156398795396772
2.383620894303476
2.412657714588125
2.420694416436813
2.363359624733095
1.957004910132201
2.425406515392413
2.356552547434871
2.559902288203277
2.403534678335950
2.405980082102709
2.446295998525587
2.343044967946770
2.117066432455791
2.431846774959384
2.109908803962640
2.256137228993879
2.202839498708712
2.078467755463088
1.991383888199516
2.333035776657781
2.397995547129843
2.068491798327596
2.390286557929771
2.393396921540247
2.317211443832512
2.265228978150739
2.513750535560777
2.261327263158259
2.354504254222358
2.469170693004567
2.064825719847232
2.220238987280597
2.440530976337126
2.303320165213452
2.095796301478345
2.120486994494036
2.249852033755920
2.380143908641339
2.245216210733342
2.619577441883727
2.304172978441569
2.333851223403741
2.575601928787248
2.292046337107055
2.386087684461777
2.382163482474462
2.368518016564813
2.590015992053620
2.546472437931184
2.643608898932552
2.341919539502933
2.060428144809533
2.262933783317318
2.552368073548264
2.553427797846888
2.586388782952149
3.766245624435042
4.085242773169089
3.502141467981723
2.383702572841781
3.481553190441586
2.135367884461233
2.118126865224544
2.169201790591945
2.073298132304903
2.405985894113273
2.311557321109107
2.239276386649766
2.139001256703120
2.357799820385816
2.313856253896474
2.418313828670375
2.356697760552347
2.257868419687758
2.327757274907658
2.315174691161046
2.164052226062624
2.101450207549272
2.547243935800721
2.355005775332699
2.752155282832508
2.585453079250405
2.548343957942583
2.382303896813074
2.313389627422638
2.220185598270381
2.383095813549940
3.259417927817903
2.679703468820777
2.609322872802948
2.426972616183770
2.265072182012935
2.330556895005526
2.422080950525279
3.689808012362481
2.651620794134881
3.687276901153662
3.289569485828491
2.731408529279813
2.756402832522511
2.553875966733525
2.418626060229716
2.020472175441042
3.352256798377236
3.418058522909747
3.549307346640398
3.829886686229251
2.398810080856932
2.435410467484952
3.378802750729478
2.776353740852582
3.494034964906827
3.723678496748821
2.086907856357807
2.691490919630349
2.717247429096006
2.489625300448698
2.857381299508729
4.382522986614696
3.738892190741261
3.311925969828328
2.887779309474771
4.193306819862126
2.504467297854124
2.406763356562239
2.260207550046883
2.344638139617156
2.368131388120710
2.213537664249009
2.456223288557989
2.769050157896674
2.510893801118429
2.754284984529528
2.336257152518617
2.322816252963866
2.832456411585780
2.109076125497072
3.600165331196519
3.499394823524796
2.456441683978422
2.521996402490529
2.258180552090528
2.922359071488194
3.813952148293284
3.122310396978527
3.498093865582430
4.869979754970673
2.434296566379930
4.199877003793134
4.303066176033947
4.449688406014481
4.827729203439189
4.068994126511935
4.347109332712817
4.399855641025659
2.348388210821514
3.532905436263723
2.435626061424326
2.139055445072404
2.371515255646461
4.102205141857834
2.491633841027261
2.300563531018174
2.192685791008790
2.484892754176347
2.421295100198116
2.504817293704140
2.333938502774816
2.514979957812911
2.499430142182472
2.528628312932447
3.722065264222759
2.906480135790291
3.458413559125032
4.357324943655953
3.925653917828143
3.756308373735436
3.635734965362219
4.312561943717105
3.801832511117982
3.680648398971330
3.958779992549961
2.717958302489849
2.478055504043310
2.483987216230505
2.446335925393647
2.452850034650726
2.709888574276657
2.687569666747204
2.445206533858748
2.577373876521681
2.299538298664553
2.675752534851124
2.721986115234935
2.636449787990599
2.752200273693693
2.565651547520911
0.628242930848188
2.677637866309883
2.854658307063707
2.741786220355779
3.189508184472251
2.643065034263035
2.657734813383278
2.729335430369272
3.653144716256101
2.981089130705315
2.573923239606938
2.842836575545912
2.855320059388630
3.814819803790406
2.603837412397061
3.885782911946745
3.492772905681761
3.171863608956837
4.345321390503726
3.240836239373465
2.883784439753444
3.084975777248762
2.831929088887340
4.728016020357617
3.100167345734120
2.682296513175488
3.143993932083213
2.601999951485912
3.019497518612734
2.276773164162627
3.139993809667212
3.059557772997783
2.729823565074263
2.551304251884192
2.303794310835066
2.754507765359639
2.752470113099716
2.681922677758890
2.304394444007543
2.579391445284974
2.294984581525156
2.474300230553379
2.518047736112585
2.197830041327694
2.653763850242854
2.321042995739633
2.262130475810242
2.653438034978508
2.442169892892461
2.654753729309553
2.242540807871354
2.465805248336572
2.260648345240159
2.679108507360447
2.433917997951476
2.388993377128606
2.230814372025214
2.357972615801240
2.461854283556637
2.156737749464373
2.304535621241389
2.275322778630251
2.186693095353898
2.135794380339754
2.190049081453981
2.035963861673749
2.116707843046425
2.073146219093665
2.025641589224192
1.998071318828133
2.460618328190528
2.309835937943449
2.020466359426557
1.985320163512847
2.092189051426798
2.660333196547057
2.880909196368763
2.109075034083362
2.519107006212861
1.969076347901120
1.925690059536352
2.613878311537526
1.957229552518697
2.450661157135566
1.888737813801738
1.905950749665124
1.888686966587053
1.868670791806503
1.801702028455129
2.779526935075518
2.274131391418911
2.728818514854209
2.664672501535391
2.595350579693217
1.963719589749107
2.419133299723918
2.282955839047574
2.832402657007371
2.750802472073703
1.941773268832661
2.326875687401353
2.621156311693617
2.976376700952162
2.306167435724205
1.960918021721344
1.948713499275390
0.838909525896984
1.842534249329048
1.841437168895499
2.195426636694744
2.308784560315123
2.509058563976696
1.930663782051672
1.939188491260382
1.906953590255192
2.175357056858384
2.300262120361450
1.903985886982568
2.672362698651588
2.315529658591902
2.021983719250734
1.800977122200384
1.949176241039480
2.021026989712310
2.698811609296639
2.459116737174677
2.392409860750586
4.735614691827730
1.936870011620947
2.588594263215583
2.417867259778388
3.004193819575271
2.057441126121553
2.038269364531030
2.403980656913465
2.071145034637295
4.767347724103218
2.409749513578600
2.569913620837564
2.091348983653063
3.835853864403063
3.616062973234948
3.223346596420070
3.815411906417882
3.654436795749429
2.857647803117897
2.796425239671753
2.646629085117066
2.115414227862773
2.140989964047383
2.247730394806691
3.811359886102996
2.786397971449212
3.135391455367311
3.552366806853513
2.861871625661626
2.883508102416790
2.678052336854045
2.220048809888013
2.308527399452513
2.516994475008704
2.413094862486773
2.880912171518070
2.416021611763823
2.428684333630714
2.881828086054364
2.424644314819593
1.147962228682089
2.495495598841170
1.195513323450909
1.215268113426974
2.521727585407945
2.413296144160509
2.714762061312960
2.588146679348279
1.189301373105305
2.401201402695238
2.442232265810944
2.535322866934420
1.347483150107046
2.566461876339069
2.506269208130613
2.459754359522377
2.294141076908450
2.394897987590948
2.298010015485106
2.335805709745092
2.239309569157491
2.333572912846297
2.321840116284669
2.356885290068931
1.306537031611641
2.386865887942488
2.304562143285572
2.371274607191862
2.350315887450674
1.174144997710043
2.291317262685503
2.361138801234703
2.322823115043045
2.314008240264421
2.327290348174112
2.287420786255590
2.232010692685003
2.213657182312255
2.193954699612369
2.190610361627554
2.193411270226309
2.010065502383398
2.147794817483758
2.231828457466707
1.297960626700554
2.160645545142566
2.181778139028507
2.250862271809447
1.393772149990969
2.166774369155057
2.213401100086704
2.174468363436988
2.587976619875724
1.416049479279729
2.206703411238467
2.298105138160262
2.300157525812385
2.691791902295180
2.726290295928530
4.307669117730509
2.348930901690375
2.761117695307191
2.832595604790463
2.337932074791679
2.903180631441292
2.736186496881617
2.642453496782788
2.834223313875778
2.859521782631719
2.153426647350368
2.201289786504938
2.303264885823442
2.326694918145257
2.767645298106467
2.895669818926067
2.277796633883658
2.243320570047500
2.318801791014439
2.241777265862094
1.380455875550712
2.280517925435235
1.444069110284308
2.320659711136145
2.287571350563629
2.175321743263435
4.538101069214253
3.917182378174979
3.054424346139335
3.395952008855668
3.671115267174051
3.997720447703032
2.419331516346102
5.203433833946031
4.133881926598988
4.057928318392333
3.024209558405761
2.490874794718995
2.418124497472642
3.044347799402780
2.899156956577861
2.570318855033547
2.743039857732328
3.308580491209120
3.344062090575618
2.890974600938351
2.785627821258548
3.505319726807298
3.335296480535167
2.668075502843237
2.975232770941851
3.304039554263783
2.910478879436442
3.027349783704451
2.991525833711745
2.844006853733936
2.282899117643461
2.402163293219709
3.066085499027948
3.053428876674352
2.330091191880471
3.021119044432082
3.003003864444501
2.762203938015598
2.904204102282537
2.637485366862068
2.144658081727474
2.229040540071587
2.656713735294728
2.171346034652099
2.188435625298045
2.168157549613114
2.027619965672817
2.209420825428034
2.240980687327110
2.266886724229294
2.214339085980197
2.750276108597006
2.044745057350208
2.652896287956033
2.586705392655316
2.578367158882106
2.188156400791955
2.229452314841332
2.033630585880137
2.557064527023766
2.836340594155774
2.896025724510529
2.009862801282225
2.069969333066143
2.006866340556871
2.786017130303522
3.006372155857840
2.031990976737996
2.099502221402179
2.092359478151590
2.094306837484962
1.979255059828245
1.985960784231555
2.731049333952351
1.972164617381857
1.957325102786322
1.901350514115109
1.890419308716361
1.843449593756841
1.394063583840847
1.918678691083843
2.085996407767811
1.915039761052334
1.824601830251455
1.704598037735590
1.809466972929374
1.803836407364270
1.755648345883694
1.679607071232454
1.744653185483267
1.701305177869875
1.802360994614592
1.720974563273972
1.724633380584267
2.815342415498644
1.793769907553222
1.719670618237823
1.647095820485670
1.697428480137773
1.664369633631726
1.545276239747928
1.604506183579227
1.652750374148433
1.624383100892771
1.742354092264213
1.638396663782846
1.653628551977482
1.794269996027379
2.452808665996654
1.449700886224331
2.452683136093859
1.750066246305151
2.376067145523870
1.681877909154593
2.675527324765621
2.760300438468275
2.637287252842182
2.659365756191423
1.758004978281307
1.607157836737494
1.856524611564979
2.489688420976834
1.754086731675913
1.671225553269860
2.458151998535649
1.726268816838339
1.679704315855753
1.692187844435559
1.644969168654955
2.360554127929857
2.256835796310994
2.256706709256071
1.754794524444943
2.420057622946599
-0.658216031109689
2.650248850397499
1.715597381957918
1.453874610746346
1.331637332995137
1.549310841956757
1.513899403223506
1.581319617091331
1.358981270418745
1.531264420882623
2.359017815637787
1.391908498518902
0.922062093888773
4.178097866855419
1.406909246230385
1.570703054017016
1.667465772418366
2.466328718829124
1.524225859705385
1.487128882125656
1.475806543886558
1.490912353101530
1.465808478098967
1.459048192429617
1.461354317203626
1.465015638155684
1.485453380706337
1.476484321170910
1.536017319732057
1.343395950628900
1.507338701732035
1.296924862437265
1.345964101431810
1.416262316636550
2.385953169977654
1.427786178608106
2.480833328238711
1.476385584654226
1.466335006304049
1.481137648000930
1.466115435407567
1.457278848821268
1.438279728868622
1.555919333257003
1.474755865010645
1.444210083618411
1.436104406069916
1.454591729783192
1.486029360587974
1.383183733958731
1.361708910402673
1.478436051157365
1.476075107233384
1.422017029209686
1.397360883547182
1.500939349371122
1.461134074841597
1.327121690553958
1.482656580828237
1.496876848547610
1.399594346530721
1.442186778985798
1.420240492969764
1.364485263204792
1.384230337387273
1.445310190488469
1.490173692325798
1.384290374647381
2.299139256121003
3.330437118061477
1.350498853719697
2.659339531832099
1.426860773654574
1.623201433662874
1.530595249137075
1.569981320222992
1.629958498886647
1.667635845640466
1.678038318810469
3.069337045000501
2.911274274549796
2.475645224496272
1.319327878040881
1.420309737261190
1.449952959379105
1.498790902670843
1.563700597549027
1.652549196885365
1.596474610850766
1.700035197477086
1.595571198777681
1.725017821544685
1.626811723629834
1.668389557662016
1.691809661045941
1.691358888333012
1.609982686638215
2.533339306736687
1.861099399669550
1.738617970624908
2.001709361509732
1.607701206156931
1.794211482014652
1.675017481865114
1.682353877926650
1.657641805571315
1.633186388252114
1.685502615105099
1.600969647972396
1.758071673647107
1.534892064181674
1.798137426152186
1.783959121612529
1.701186020712473
1.779673749070320
1.737745186974954
1.678083432035608
1.725733743103863
1.755225699675127
1.639873580178588
1.695160563116162
1.796868507468341
1.642772479230088
1.730686327725284
3.859909272408576
4.958491241377846
4.972699406633842
4.951309610079097
3.606008732639954
2.517127534710105
1.757762227247497
2.037707947601584
2.450617527550541
1.937776502254562
2.050661360967740
1.965560933194321
1.991752386678040
2.095591212941740
1.961756027131546
2.530030366832110
2.060516337818971
2.103770924769930
2.114099190594743
4.354014086891352
1.969090813782107
3.249994571794899
2.625754312995572
4.900595787872757
2.370161851940829
2.469668711432677
2.558298463468723
2.286966473468726
2.496974823616230
2.460488569958923
2.353193582628981
2.403328349650475
2.536302204685384
1.959280252588322
2.151584494652893
2.227023083185079
1.847603603163800
2.196151752937907
2.247841806786729
2.349443385000701
2.353492616525284
2.341332625006797
2.514416605730169
2.409987445140488
2.407828961776987
2.441237817245962
2.427906551139991
2.555123448736698
2.816454493698191
2.722852219925252
3.772743439683313
2.497745640297529
2.369245773895746
2.382170209316497
2.248605568954638
2.536095343176711
2.324525623888207
2.532946700604344
2.417598625175765
2.401744428382642
2.427632672876725
2.342001938864056
2.446593829316944
1.866546407572866
2.360725708387016
2.331493881416223
2.351946990856828
2.529258589906094
2.361754061170597
2.484290884124655
2.825070783045762
2.914076639118781
2.943407850949481
3.346909270897938
4.250802812520743
5.009225314758126
3.504190100783523
3.082657351784883
3.428845967458978
2.769026122709614
2.702166255515392
2.608126410051979
2.724090473524943
2.846541448096876
3.188704189488262
2.828377884883211
2.502950050775935
2.955043312586619
2.928254743814609
2.769421422196364
3.062194127209065
3.098051113300504
2.849303438342173
2.839153841058041
2.889807797741998
2.948684177451246
2.953891902542722
2.968271311079684
3.086817294700268
2.689074277163300
3.632174473546693
3.036505751064867
2.961365157034704
2.973973150618307
2.983450835654564
3.007325862557684
3.387904871649331
2.626125348617617
3.009502785457386
3.023887191823014
2.613954043253825
2.995333941674382
3.439136271082067
3.011027983191513
2.688586299773642
2.762038439420544
3.038649149889617
3.000187792929918
2.916577051276592
3.053870239969774
2.503114628624215
3.141604909767090
3.015430379721073
3.024246520578503
3.206058328879895
3.116602699879226
3.121037301783407
3.023590209580157
2.429869552782585
3.052393242561416
3.059722008266745
3.071294654202912
3.449017303434340
3.083736624937961
3.033683963269580
3.152176569085124
3.113432290010424
3.080812126808300
2.476570780371920
2.391923012451356
2.431212028772848
2.697885240667606
2.748007928141980
3.030647252980980
2.410136116745084
3.047397824782576
2.730083475775557
2.402594106478969
2.221675129496494
2.273433089449099
2.187271831208380
2.282319237955043
3.043854415557683
2.327746228781063
2.266320424109963
2.242644602284079
2.134934291886833
2.194660452807831
3.094098545064845
2.674515595121548
2.221545780197195
3.001007589046287
2.183026059566860
2.105699004905626
2.843098136403738
2.158295472831831
2.101441972223601
1.989887770413717
2.086736899539318
2.035025788497371
2.615893138450135
2.002959164159859
2.015433722127105
2.041075636941425
1.986210403580719
1.910421654939275
1.973982854946399
1.919618957105292
2.047062525795599
2.065837583206976
1.984167204237770
2.625421432332450
1.862434750847797
2.909625468216812
1.898983645329365
1.789221413555520
1.738988662589815
1.845295196677392
1.848480354621633
1.809362144751348
3.176529050141234
2.950776710102964
1.710065555080191
1.705487509389228
2.960400546553712
1.711640503966394
1.692789789605252
1.744011845095800
1.640190765610531
1.634229999532726
1.647739090597645
2.827305994064103
1.755469084624999
2.623096496291510
2.784832243736712
2.729953464480998
1.931632313483714
1.668913474540183
2.944172882829465
1.747642397304282
1.805837030329248
2.306610434703714
1.512461152862501
1.462960506654470
1.575417838074467
1.424918685722532
1.510309574559755
1.796562619538665
1.546875313969107
1.786989691851106
1.749534792726848
1.869188568818833
1.826114517609909
1.820906951590725
1.859230443788996
1.801747567789438
1.880787718385897
1.716470151890654
1.781662457300307
1.745066945217528
1.563002344470904
1.619626918584123
1.718977643573000
1.732422678873545
1.687674045400837
2.242253066504078
1.894725178737759
1.818859366412428
1.679657283612776
1.892143631335321
1.701426929289238
1.742793162476789
1.712159584024781
1.709968759851730
1.765725507037262
1.676540939505227
1.827584311831929
1.615768368612902
1.710811476905664
1.727571989460754
1.688691936041423
1.744787987011160
1.674260101094073
1.635471798109085
1.496403409917779
1.747124774527134
1.634409365619262
1.561868466251586
0.574494513744990
2.237876376036916
2.197345616729046
2.219461409690392
1.977444114488039
1.984871666776159
2.255158750457555
2.195403454879787
2.255950730974574
2.308088321773009
2.199705742428160
2.077702015608855
1.886658382335604
1.959675022476151
1.936224388393125
1.991109002599494
1.890929683657572
2.077496740493557
1.993256454739048
1.993231762129119
2.054129843996289
1.983008294289839
1.837080057228017
1.878805391437452
1.937707142913611
1.948419226921881
1.790049814247784
1.947062752181090
1.826280083684778
1.801215145733664
1.791253660810524
1.858360188288810
1.823742274842126
1.548098099440062
1.680019475942994
1.630206629369554
1.588406892939197
1.348222329820598
1.826092624881633
1.798563523539438
1.766584473336381
1.688291519655896
1.761164749348270
1.744270539250376
1.688507604768411
1.624810831527898
1.692989595834838
1.548614361944240
1.756497022746492
1.401179430163622
1.689304986620475
1.659887000524176
1.510071635200592
1.592497207475549
1.531102141129506
1.500956460013836
1.547849510904390
1.559220941689581
1.315330189738300
1.427524033484683
1.451278555244063
1.645019744998513
1.642476610172189
1.585061596734725
1.497060721176871
1.266709319198477
1.388989566385701
1.117449395472465
1.192707743753638
1.542211992706489
1.442575482848752
1.542459320153876
1.529645412951208
1.382611733541010
1.535740823314792
1.524418212548604
1.294253927453533
1.432286816064919
1.325339604207381
1.521716481030998
1.287258725706181
1.246654754459196
1.396333717554262
1.507631970001635
1.635063111865896
1.525332395369440
1.489810821271774
1.563751462711424
1.593334146106852
1.450539210099286
1.384458912234949
1.478886192233851
2.548411541662393
1.513439320651454
1.588703548243682
1.389303283480842
2.558736831597111
1.567258762129036
1.362491245404411
1.372718923132639
1.456310543590335
1.354085103564015
1.620185962333406
1.331217857115258
1.539616317741299
1.246556934556285
1.468251852789670
1.393855345751701
1.446416044089649
1.422055266890241
1.338500694469334
1.459364738013360
1.515341314938478
1.444751116168099
1.452456420765686
1.345918109903285
1.474962329261389
1.406495488768096
1.427064563827810
1.374733539712987
1.424272193482050
1.356526098929327
1.427087602161198
1.377617637079429
1.246910065854851
1.311655746307718
1.309700704011550
1.449254890463880
1.233126303574366
1.324405079355136
1.396077618319785
1.477903298382977
1.292633707007406
1.371746206956602
1.278588754631228
1.328469401213164
1.394522998229880
1.230317533541268
1.309969509467576
1.301665920333473
1.234319624256571
1.452760705260160
3.054831352383702
2.680994472578339
2.662210699933853
1.373724712809507
3.021334238656019
2.993088446199025
2.709600044225325
2.605457238126164
2.503622295561552
2.510219010665308
2.486736349369827
1.296371908980920
2.459188338020061
1.351118058154580
1.396275325362323
1.480828841504523
1.450682245231506
1.221008117549175
1.421249289751652
2.558061639795153
2.899836272441485
1.304798390459822
2.771604570964262
1.460838904881022
2.628064125767562
1.310942325790846
2.456585647870948
1.272116732939149
2.427202830508945
1.556296408114593
1.344832049966282
1.371675741733807
1.354224240374750
1.342510543271661
2.995644607436748
2.928924287966271
2.352614877938624
1.316223955253008
2.400762875585686
1.217938207466769
1.420480672923752
1.425067670668000
2.956019516205575
3.043054291850956
3.452184635666630
2.788439572646695
2.979156592441012
1.462782199959553
2.439642039826473
2.434902248143000
2.379132039251178
2.877767347698594
1.495532580122852
1.509004337525935
1.502155052859207
2.771921237287983
2.574734047455366
2.567727817678874
1.409621951652989
1.386787835622237
1.267511438423836
1.309447521105322
1.234126835123225
1.278366157313019
1.235847616816056
1.270785525505389
1.177552038542292
3.014341110494767
1.273683834400967
1.145762596511670
2.390325060780423
1.206661080379273
1.213680843684743
1.249179343020923
1.234006346963799
2.268846102357019
1.160374124039540
1.130557665836564
1.275855986911326
1.289730634870318
1.345915753208206
1.351586791468020
1.287007134822482
1.350581873816345
1.246069727709342
1.389484681208896
1.282793177151190
1.295329513154349
1.336018257413070
1.320060618727386
1.134655910121258
2.212105049008051
1.041467522067361
1.231959605300084
1.212585140660933
2.282609917379706
1.234818850699312
2.777018874840053
2.270202158357463
1.258042814740392
2.194315021395029
2.179334001942853
2.618138290749503
2.816506354492625
1.320888308152579
1.255505943485502
1.321060554083231
2.206454018006729
2.735710391260729
2.226773552645139
1.359606341633450
1.369890497935806
1.340739832703078
1.269260558419131
1.333548597029952
1.320260068885459
1.298427224396653
2.665241563642450
1.246173719572184
2.803780587618380
2.688279947439570
1.264747663068649
1.325934756473416
1.257845509546959
1.089511277994737
1.271188430720835
1.235007516837613
1.268732085762394
0.844984717069298
1.162470563595724
1.291280408987359
1.302689576820222
1.241447163292813
1.223451030449618
1.315299866596031
1.234520886270403
1.199461948226531
1.096041673086393
1.177784234361309
1.151586410117778
1.269564023942052
1.210753126687163
1.168837225093146
1.430921885945029
1.200802765751672
1.161395167798148
1.052010982137888
1.045611878144958
1.153300508113230
1.234533177621034
1.156623925081662
1.229551426019691
1.153925382790904
1.054742438530693
1.124417260745703
0.854367767789105
1.160308205720987
1.229514807485115
1.102269704511079
1.051360931052436
1.143773517884603
1.165200775811074
1.142179168866065
1.345995177330225
1.260263697499743
1.148432880907129
1.164774561360213
1.186453615507101
1.128047242401487
1.098332663396809
1.197885770165711
1.115109672613861
1.303461146027957
1.346474921581650
1.037255433236944
1.138310742079279
1.181636336625819
1.114740354732104
1.217417628272962
0.997358928066494
1.097417006040741
1.035649463874393
0.888259371789944
1.090985148912240
1.100421803373680
1.064703855461038
0.757441375736332
1.129549002953446
1.127292479925437
1.079866262526237
1.028442938182647
1.307488337504844
1.111689715596957
1.084099206975505
1.079260481052337
1.042119407816751
1.071205059129249
1.058675105270192
1.076365865690182
2.054080861076829
1.189266636117437
2.097547477028596
1.164321689146042
0.960517905003874
1.211503034832206
1.076009821529209
1.036303295064233
1.052720888626485
1.047858684599565
1.939123541326890
1.034099281099492
1.264871526443426
1.010959334109814
1.004364544932821
0.918906341586815
0.978494352215677
0.980031434403040
1.006637581129914
1.027380051015278
1.085659439393964
0.941221074186136
1.033286161157161
0.955374167051548
0.968229500722682
0.970532770400728
0.860085475048159
0.805668782884777
1.062114904442895
0.967433417763646
0.926178793304143
0.781803786249529
0.534394957904043
0.741943838315592
0.888038880567890
0.893367680614978
0.969174463637598
0.935531014677399
0.955688445939402
3.853553584112741
5.064434695876237
4.523639777420504
4.697946036927469
3.752917265462072
4.153593829534906
5.064732421604739
5.033109048957042
3.706173828932294
4.500915389644346
3.763919804609046
4.399652504697812
4.733481621140692
4.294681620440631
3.849440405840739
4.674659689096575
5.071384541706420
4.760239604018188
4.902876287756598
5.053673622205485
3.854413418601522
2.878739196810675
3.523346191480196
4.373491826428125
3.936917422414051
3.906794502155643
3.849052814805515
3.658317496518351
4.372618997915424
3.397756411233786
4.296158350931520
4.835519063003892
3.996656394918048
3.687953423214129
5.077089620892360
3.823743440825083
4.242989796368179
3.795153333571480
4.150910381457059
4.152454742687689
5.084372844544450
2.893814824799170
3.025700253791964
2.421570324720922
2.940315335398659
2.898849058950622
2.878600921100791
2.995473954329262
3.642051926276296
3.736233792707425
5.128649381454026
4.296239704044570
3.831897414367404
3.708109789680607
3.878886741626593
3.277024439880029
1.203196187186857
2.529014789124107
1.203292926908908
1.721297021544803
2.553520629797194
3.759907720244427
3.731553456585750
5.013239919346375
4.134294456890073
2.673330926794374
2.851565346721626
2.988588208220044
3.269082473423998
3.742183840401485
3.374036032710070
3.017314081422800
3.356825338892381
3.546201559979938
3.819394907982929
3.005643845850868
3.065451129199895
4.367566227863152
3.824554212886255
3.114286806472882
3.764952385866544
3.032730020768033
3.139374667606225
3.048462907170919
3.580766301392168
2.575299232437554
2.974075475437752
2.735504052507174
2.766937359306452
3.061321323769482
2.615661599945375
2.692639354820570
2.714748987906043
2.726825438579789
2.954738272828602
2.618279330556106
2.472248725404883
2.896095359329045
1.321331705696496
2.846600654464222
2.558040152581988
1.347657981726289
2.464989152120277
3.502151905366707
3.141403279873170
3.117546600202391
3.425522217059096
3.198112997548210
3.988559371576823
3.171141211903008
4.215473181124029
4.856011194650689
3.933108852831004
2.812588062920613
4.045486763037765
3.102100934636020
3.223731227344581
3.045613653740866
3.163430009617235
4.549188606992462
4.584224012396130
3.241475104638388
3.814592892564679
3.590579273305514
3.880107507258885
3.570750961840845
4.097968821910371
4.415542209715027
3.758477042692334
1.493082854516731
1.643009578371762
3.694008458545943
1.610089881890367
2.382471449977198
2.887241379399310
3.286384517167052
3.004800066245711
2.549978662562592
2.788093630177173
2.647536358726054
3.731896225907406
2.830602068125947
2.904505533310143
2.720099616146832
2.784173203808523
2.720182717953257
2.886988988807713
2.747975733797289
2.917158278074332
1.635872552755493
2.760512494278456
2.208477839730720
1.587968499807526
1.542866814559883
1.577154089894494
3.021678799054146
3.182810179032136
3.263484317198048
2.459514645596134
2.605910447465345
2.415309433875822
2.652936473844670
2.960321965669832
2.537719435193066
3.043491166534340
2.615952250647478
2.559481119745604
3.136184176629685
3.106303256767645
3.568838272259324
3.166053944968381
3.303429289476313
3.497956365353892
3.639451339994624
3.599090731468510
3.162482017901406
3.488440826129732
3.663572970728208
3.128109825386522
4.037407146168698
3.309555047750333
3.359964186574057
2.930282142725939
3.204475767539363
3.268024778777476
2.793082471254851
1.814401054834773
2.704482918963488
2.926336161599123
2.854775253054229
2.987129294468782
3.001414970363257
2.730282313345422
3.231133710864788
2.743845606131318
2.777015625533928
3.657305358832089
3.302881646481198
3.657681912787676
1.723825945722331
3.274996432980346
3.288408387668853
3.049302711695478
2.784276326268341
3.003863529086729
3.145202137404985
2.613135129622159
3.139897288525184
3.112012233915117
2.938160682857404
3.567501769439498
2.842354340671000
3.270628474182448
3.236441980072017
3.198551287965282
2.710545753537128
1.708758533274514
1.663615696968099
1.933608025742519
2.009944273875409
1.801037766425296
1.844851451246268
1.851420221678843
2.819835928163039
2.820107108752616
2.907466026622561
2.934485300957365
2.915509628328008
2.905693715363085
2.943621958201390
3.034351330698727
3.192021846505660
2.682679377054816
3.244123297291254
3.116687663119243
3.276434493624119
3.279257121449153
3.164111487369109
3.349906281292205
2.160386136933312
2.760088089754095
2.792518034549587
3.218324660535270
3.449837886126096
3.312357915979674
3.334895023091245
3.449347637127530
3.366573534571300
3.528110136283279
3.404005165546387
3.371355014364894
3.596796224408465
4.349647217143014
4.716937978374721
3.396092821360692
2.060667192702924
2.592711051829704
2.978903280894242
2.989973791237104
3.113648586152258
3.306390716695452
3.896338982443611
1.951177376588199
3.285286616956267
3.293170269440950
3.375433895372405
3.399940255331522
3.286752951297371
1.192283638997387
3.099584006473230
3.275542443092649
2.025908905845234
3.097563780014807
2.039846867165928
3.323556864710813
3.727080183715629
3.976523697102957
3.689512033044177
3.459871470402542
3.858894719027698
3.689666768311031
2.783626135511827
2.712215207546843
3.463818234719635
3.075338627014532
3.662714173592020
3.663319210653626
3.859451811280098
3.687535651159454
3.722442876879340
2.461249380172903
3.420364143295645
3.656996358306262
3.687476425523751
3.477798767103307
3.636464551388811
4.124287026638979
4.007163976503879
3.250323339374927
3.492397850637586
3.579688244873316
3.673713910505771
3.654773832867677
3.989037138556931
3.433765557319900
3.725754210036453
3.689643176996737
3.679169646960088
3.725167719345001
3.373122365191010
2.946320948167890
2.242747569698850
3.170275263054483
3.380882832225903
3.268722424283662
3.243932841309860
3.389254797737132
3.641656910493935
3.776656736645061
3.771036852193162
1.205922128514050
1.120316899640710
3.286543963087474
3.133858962252757
2.107283566212657
2.153691287728061
1.499738215803192
3.076347457900168
2.140590972128707
2.848279495474970
3.277889668201903
3.352908126969429
3.370384208387921
2.115682150249558
2.314394319897217
3.209102243153070
3.412933600675826
1.873858312365036
2.837654142519709
2.825555261323523
2.258140076853576
1.972715357421313
2.052872260756465
2.164261574407377
3.447867910417285
3.501947243745278
2.771330809967554
2.118387872094980
2.444129663025151
2.955158658426075
3.381603495467919
2.534442993613584
2.618656362820627
3.425984013674748
0.944761599586603
2.157983424945097
1.532128949206156
2.575395860863541
2.531440812891143
2.469152129939229
2.941232437273753
3.057407762980260
2.434065207505515
2.567252752518839
2.300478416678856
2.891260748023222
1.923258463057903
2.510620055513005
1.332773104002846
1.309046394077949
1.430758819262745
1.262226675917826
1.140404953372077
1.261341043192796
1.169354890209592
1.499449854868189
2.156745289703673
1.631533568184584
1.327569864631672
1.307562454580125
1.116215153844756
1.301399042220932
1.416479878541869
1.328884087574610
1.603200291028436
2.311461404366344
1.237275403203180
2.049138757685566
2.168249922103145
3.535048598424137
0.791081089025254
1.421566642201409
2.846244818251193
1.284289167801985
1.422839295275576
1.476167272106194
3.104927197785717
3.284764045825598
3.621515874069681
3.311329630387506
3.298990317509813
3.298260588110825
3.221131555300162
2.046789280088378
2.592404207005458
2.048667109057337
1.993382979238937
1.967151998862443
2.093191042701005
2.160825731137100
2.892820019286085
2.264232621685825
2.592122383108463
2.900214266949404
2.969880386323854
3.345802771840576
3.492696542252105
3.389503776753820
3.425177971761224
3.250518126156414
1.343802178455526
1.693685998091533
1.502614799213110
1.660119529598908
2.283852853463689
2.630225574713682
2.623369926498869
2.590287654998905
2.618852755490643
3.311455890569371
3.147073529072099
3.251096179981350
3.586417289829885
4.014832648017052
3.721175531027686
3.217103180047717
3.626277100092329
3.717203921911849
2.660824366324952
3.365622176340846
3.363070821915727
2.651556035783430
2.823138013258587
3.046226672064922
3.936671836878016
3.536353387893906
3.828310608400393
3.933088555199170
3.275681426423122
3.479343891974835
3.610139373697265
3.290289547671197
3.209417940833322
3.211964444676495
3.235039787759688
3.533675194871326
3.708810763836432
3.463751537007149
3.269954601911761
3.267407158953846
3.385838509567901
3.306356990807043
3.228613347184660
3.882990010990987
3.414465406506134
2.633165892016383
2.783209388297125
2.770002602006559
2.969694394342287
2.711530001334669
2.590832676734604
3.215012316777808
3.101175651102236
3.708302591563713
3.542002513065958
2.505060748048009
3.451909671839558
2.781280166714406
3.448689365871206
3.974879675375659
3.195415495332298
3.736570546682682
4.039703719203406
4.261623672860179
2.690848480709872
3.341565780897170
3.285425647143525
4.691031863714179
2.784715313386202
3.999539851197229
3.596270800622899
3.903029769738549
3.826322882695791
3.301639832898659
2.679529260378456
3.608239842000739
2.757763758347729
4.473034687942391
3.925227423164171
3.342484338752612
3.438478642774690
3.045950885961771
3.406141615898786
2.908173862459903
2.844338567145749
3.292115163135688
3.634130175453365
2.175637847718191
3.121823634162785
3.723325805835711
3.958596190191085
4.154432087660809
3.838371709865054
3.914471246560067
3.695233723841032
3.365436320120542
3.831523465117192
3.195686376249061
2.417610770767965
3.196077524065972
3.134901089238539
2.996513449174977
2.994024987143903
2.428107610101912
2.473373646093691
2.943181054593682
2.683633523466741
2.762473349065673
2.293737108622896
2.930186632324066
1.974892808890110
2.029387365155420
2.702605707098924
2.499163966446324
3.254062740868543
2.911867195028421
2.921897566488319
2.972779347158457
2.202066882597603
2.147830770669849
3.930065500338321
2.710900218893815
2.701797456246279
3.273222595138914
3.348221002221359
2.295919713082746
2.969666864349660
2.922498746057495
2.884212982479076
2.953413472910697
2.056891429322387
2.112878138690975
2.020704830407488
2.212441190852445
2.877185406998877
2.018507715911979
1.922594435707442
2.633016066960908
3.698493649417192
2.056758396473068
2.199860181697076
2.749420802017961
2.705829031423086
1.782888004392625
1.632670449851906
1.967712263055840
1.984012000987309
3.050151383351778
2.167606457896268
2.147073317566751
2.028967956713060
1.615312061602249
1.880023386586137
2.030136130078466
2.225599848998157
2.082544148357266
3.047101918642026
1.859264499059001
2.047308627755477
1.903854924585676
3.936422606398297
3.812141537151561
3.212406954361367
3.189845685613179
2.842345495768643
3.272312738936729
3.275473757124058
3.212956182997040
3.295037210685399
3.261873839365302
3.791174913803765
3.244331860299381
3.099963967039045
2.598519558287229
3.272116422598258
2.285122695410044
2.150048880415872
2.335659995582486
3.202880301131301
3.297548127953160
2.821805048418751
2.133343793801792
2.451120536594673
2.881842495007529
2.908393155687609
2.202247998341281
2.927789342374725
2.847308060622846
2.818120585222458
2.761472451345837
2.595914947973157
2.697573509467167
3.366012633451239
3.222203883319561
3.086088323771392
3.324845011162263
2.533236116378649
2.460590974184147
3.095734931554794
3.063476850838856
3.730390508202964
2.218406832771009
3.133957464212415
2.566917983688813
2.198969847336962
3.001897839950646
3.266960028375179
3.112450503604562
2.541660310128769
2.632601374155307
2.639753467989126
3.252063411927056
2.993889032848760
3.031530933465044
3.089896777563075
3.153241481211093
2.550855147322009
3.211268874987161
3.743898830222438
2.698657589443413
3.014635044524260
2.562837249884475
3.340388562784211
2.567411937547664
2.983503342586580
2.622901472073720
2.729019640116215
3.315273535956492
2.766927265350991
3.229866121128426
3.327823734915860
3.079897624110282
2.640605308788878
3.886200816711589
2.691021854135350
2.797191644711993
3.092178298484991
2.498555238530180
3.168520544477937
2.728671034473162
2.403539475210844
2.758293453677192
2.415501669389921
2.262607145508409
2.132681153365366
1.945105290532739
2.926580935770790
2.098359323108101
2.525342545374120
2.022188442355093
1.985913731033645
1.986057217196354
2.370650232200766
2.045463639774388
1.874683160530486
2.745521136909653
1.767765722972968
1.996075870229331
1.827648020262952
1.979654003498480
3.926199138517554
3.742227951674301
3.547504062054775
3.762609664204309
3.430753312090637
3.068605825787403
2.719070574935103
3.595093138099549
3.076328989637292
3.071733350341448
3.628647866616058
4.034597876951718
3.606183863609722
3.061675113276683
4.105736534799964
3.179443173941509
2.480069372040522
2.844028288186710
2.431141016680717
1.835693748984988
2.493244413119978
3.961463789059837
2.859736531440506
2.854835137178510
3.650881034768036
3.067501785847722
3.621595159035621
3.595573036447089
2.684449396955625
2.733110915962323
2.726440697172432
2.223700093314661
3.057063832973498
2.597431727601122
2.625346473403349
2.511603744335722
2.697252432619449
3.147036842803995
2.967511359525710
2.987111442468639
2.959694894393545
2.862856857190120
2.989295041836255
3.817647598901002
2.997922075665549
2.702571674659993
2.802456826655438
2.990775901123544
2.695016956574395
2.408927567339097
2.431077592884935
3.087883636357888
2.839632228513307
2.756628097419225
2.001666543625782
2.729668122039235
2.683379129468449
3.514198829413278
3.091339438427869
1.872023401600114
2.032416078583287
2.834129935518695
3.444420836588432
3.563563446310648
-0.558440903213803
-2.197120352228531
2.624060199264425
2.716054578519715
3.669254400497883
3.633796067452036
2.796626542827811
2.739782271960875
2.446796532616360
2.695290433384517
2.230529767825417
1.979649861580755
2.181508624227001
2.161887685366118
2.367501263273253
2.639207311442186
2.636743251575873
2.190789340124067
3.422194105743828
2.206657072023487
2.244226920652245
1.959743223730586
1.922909217096888
1.932076178345816
1.965200862681932
1.721783230640403
1.996105654926676
2.275543755878845
1.978464100557999
1.473389650948225
1.801776004091382
1.885967495346305
2.368209413608595
2.653651871173081
1.448766526978842
2.394962196458741
1.908707469042218
1.873273314810285
1.678552194239137
1.936143514937767
2.236748126993895
1.837533642000052
1.788029147464903
2.608650572681035
3.314843422460212
2.547120805590691
2.118622176347767
2.213418551576968
2.142120071413600
2.206677636958274
1.762482958843065
2.316695050196716
1.546858901535701
1.759394740535634
1.694650211548996
1.733783272752689
1.748576185155414
1.675579456137182
1.688629982082197
1.563620314527639
1.429142582912659
2.016107766069489
1.584557228453344
1.820206930676924
1.691232245149900
1.817392901697036
1.898124363295411
1.549912102525586
1.738587747543492
3.310947782846716
3.136217037814918
3.461862775006963
2.864953011408417
2.855184181395720
2.901425261774870
2.878378555524638
2.922866446808521
3.835813412629357
3.097446093753514
3.325527540142244
3.575006933920384
3.340545018529820
3.081006719582688
2.600726607650984
3.191710298298651
3.657641064114953
3.945033461959722
4.091605865054590
4.645203763063298
4.003478560990436
3.377033896859433
2.450865736605362
2.906089459187202
3.170169813341575
3.265178165665190
3.319959110611610
2.564685689516786
2.348945433004957
2.529898023583568
3.335037962084141
2.958413498637695
2.235236732312858
2.212115613521483
2.246975302901829
2.916010086675622
2.496955907846769
2.349506689562828
2.583968002359776
2.341607119501881
2.710862727491071
2.152881998184628
2.024160395862312
2.802230534619491
2.726144704218521
2.216312245152713
2.729041127418681
1.978959025828776
2.845623453452009
2.306031600105309
1.567519969203431
1.633305905110468
2.097648985453261
1.743253652252043
1.956503831163260
2.009261488833489
1.950471942780684
1.939822370247981
1.778982585727304
1.812238243047428
1.908739031574491
1.737918693134904
1.701151700534914
1.886958420640477
1.672721647577921
1.694402226164246
1.782703905004975
2.019141931306609
1.799933139725379
1.972707380089564
1.877669646026466
2.080549016177213
2.034026878009550
1.795613970857277
1.738781492232617
1.764707590121894
1.616445777081208
1.852610653228548
1.546440526152322
1.582095869440452
1.523695386244976
1.485514625839641
1.470379513678059
1.815221945761561
1.713817502186079
1.727393890155748
1.953878154907944
1.647230860619295
1.724412281537818
1.353023236692307
1.611008154676666
1.543145749836712
1.509131083942233
1.586098520276254
1.670419825693749
1.416230772864783
1.647329529726887
2.040845799735178
1.583304209255306
1.902484282990951
1.652727965365575
1.677613677000448
1.694103067725145
1.476323982295715
1.624363674857375
1.644179035367670
1.646355537243996
2.659682454950225
2.175173283189911
2.765954056173617
1.912020245824771
2.074614091274605
2.117283669792176
2.217231083837188
2.268715020591646
2.704890572975537
2.214249773807472
2.186916066415293
1.950057510673810
2.637594984978613
2.199531254593062
2.606351064759115
1.934176893134447
2.294082020839175
1.857019163681796
2.244361961171736
1.842715440684893
3.340312240349117
2.057957287899823
1.851200821304612
2.652757053616304
2.450584745531229
2.155283647724303
1.927022329441686
1.919981650265862
1.840543840014172
1.968515266308480
1.778026226673531
2.667036456136569
2.128066071998599
2.841664409597522
1.566674494768880
2.576210930278589
1.975459284948465
2.365759905303368
2.726690470099329
2.563412560310286
2.570926793459548
1.757860864219496
2.001754250717360
4.392125650150990
3.157037715050595
3.980392116041017
3.302965615062999
3.359418220967245
2.149080209513822
1.573000553685628
2.527572752277721
3.233386305290277
3.388642646638803
2.622382272709547
2.678278751264906
1.959157416550341
2.596649337908057
2.491839832379032
2.707330265333546
2.508895374508511
2.679021065294785
3.299039609636542
1.944721688203192
1.929742116769594
1.997529898820959
4.141873345277504
1.870494313831036
3.221778722990212
2.023583753934143
2.155484150791501
3.220609779340715
1.899571531228439
1.743342838678110
2.464051428856040
2.505726243892233
2.204691763854897
1.534555125458746
1.260516182086407
1.452352179666072
2.072322444868433
1.525767841607027
1.194758297790936
1.001005273467076
1.300667526928369
1.545525094557331
1.660825203276188
1.740858466158115
1.606420866863335
1.352052273085662
1.588678596619754
1.637564130706549
1.605982007302170
1.519685460504276
1.341002275980213
1.107218221928203
1.499365408963002
2.238048446528648
1.560792323117479
2.048229085415655
2.012141530670809
1.466663554222696
2.088487870482596
1.798627319029759
1.813091283361024
1.585734246562626
1.631403800516216
1.769231933104165
1.556505536246600
1.717731955526751
1.419485979113594
1.672396208773734
1.605313159488503
1.602245698178595
1.625803206743335
1.620502098547825
1.378636725086626
1.579098309291289
1.682570002389331
2.065171223584641
1.651412845438347
1.352728862300010
1.563360434177296
1.559029617682048
2.097789525275264
2.125940800227533
2.311214660904532
2.308633361809147
3.945841350220554
2.367788246473292
2.225490506221925
2.241629328925254
2.026266039305511
1.505262390624071
0.679005743504999
1.578920805367703
1.919080294447070
2.244713849664167
1.425301190442685
1.039917754660729
1.147680096396724
1.413614226503122
1.634260847950285
2.096941651143927
0.898333886815719
2.010636598696231
2.206774612462412
2.208704667987893
1.316631008064590
1.603709553086527
2.256003228474967
2.300790922001596
1.910557957235085
2.285723465704422
3.112119027061899
3.724543061794633
2.491174466844678
1.512046955518356
1.661753272143675
1.783493678331563
2.417349274882731
3.074956905795014
3.812714342317719
3.277147586397247
3.720602092372394
1.694687118854020
2.139414160706160
2.184844846093820
2.749161827287004
2.947564467960624
2.309156101909483
2.155066029197136
3.726533112086942
3.757342220234457
2.344537879876454
3.240933723676139
3.225371425644610
3.163134488404009
2.807281015114898
2.507656891586146
2.037543990758484
2.981778288447331
1.345727249273955
1.429850083623174
1.893972381262421
1.370653187586588
1.355181509990154
1.332712333446078
1.004196014153354
2.377635356026695
3.087517366180906
3.181813998461645
2.339465790786448
1.721610170021991
1.771947372424717
2.395308921875303
2.044880317191410
2.571821532713111
2.021365153683899
1.593147226293586
1.788283277283698
1.869043939170052
1.501420726443614
1.513953207510722
3.368760121120267
2.610939882694422
3.535922473942305
3.440244739447548
3.571424414935183
2.353173101853641
2.671068805684174
2.532653846439096
2.521981999261578
2.450535134026040
4.239741040766948
3.793987512878319
2.492235717371388
2.014568092703863
3.904055552593074
2.762373696672388
2.698067363964470
3.350962633555008
3.468635602672419
2.693078902309041
2.652212404367064
2.172533862630395
2.758264522426267
2.638447428128412
3.852506584125933
4.346337716015737
4.045627041760896
5.256009540852741
4.211436964101761
2.620497841944632
3.840387871578989
4.116917678322776
2.590562442310283
2.705880941708311
2.536635038700982
4.625769949901580
2.583487346846688
2.774272266882592
1.706953543902022
2.399960195513126
2.604801824014285
2.464155165180252
2.643765266910874
3.946448688743405
2.679200624634742
3.416121980458915
2.486227072992552
3.241844743549249
3.783518369131733
3.774858324142077
1.907955737517166
2.028745734811855
2.159280029095143
1.851942276389738
1.697550166528822
2.575053812984618
2.510459683480773
1.703108923518633
1.761084992291394
1.662310422836682
2.010288096532507
1.838794641583104
1.664783248209103
1.406821783176756
1.587961157676564
2.376809331586997
2.582618200849229
2.343141474032031
2.551420151577506
2.448972446275634
2.541832457319920
1.843705784572046
2.610649549560399
2.727789046319530
1.508603306167939
2.685532744168227
2.664545381807124
1.793142346374452
2.365827166939298
1.798857681752215
3.387002747687142
2.585079635945985
3.881311954857390
2.796005017585497
3.426256092154579
2.699429978309078
3.832948880817955
3.269531836395831
2.110716875559423
2.489343787288854
2.735521601282921
2.454687894682486
2.475208386162508
2.491583234377921
2.492361979574717
2.482023291931569
2.704879221658429
2.472898833439474
2.839392223935947
2.538181598197819
2.350770429080393
2.497698474945974
2.624311458956459
2.510958489905891
2.213053162203211
2.383026619072639
2.773601945761059
1.946782210735464
2.423041706340443
1.480602677166772
2.238045630270454
1.654687650583124
1.940844930350204
2.210194485619752
1.991064102711527
1.930100956210377
2.482396694688049
1.947455747036002
2.028605074638598
1.939213864760953
1.649077145616776
1.646472412193443
1.582238239703278
1.858573571273554
1.961587460095664
2.211661931253964
1.876464323102236
1.776909859458848
1.796505195948494
1.624910169792446
1.879864960284586
1.929418681137494
2.170228389781758
1.563096248654593
1.651222014697276
1.576090380821877
1.392337088461738
1.437516135683209
1.836591131896205
1.559525289758869
1.473125333751952
1.716811833711479
1.921559414174515
1.853863526204711
1.772256666940682
1.593932608915243
1.790111313693806
1.618820910541541
1.746120248174004
1.472814221488171
2.018551348235839
1.566596823396762
1.913740207101357
2.434486301267115
1.797535072458678
1.734108507209127
1.590636239961647
1.662846865807590
1.641623425419026
1.488771086690444
1.393101402763969
1.540242789519772
1.546494110760432
1.392736227704760
1.625477981144622
1.609913076722828
1.583866355735946
1.764366683323771
1.804093386568552
1.636670026218656
1.507570579429059
1.536598078887516
1.679624767635867
1.653294159173205
1.575183925792062
1.577018348699973
1.616541712793488
1.788241219946024
2.351653385277911
1.652618302887670
1.609975854061937
1.569410880997177
1.469202559963651
1.506040374630687
1.546690595445100
1.638499511132625
1.832406546638252
4.409699693613592
4.029263585773720
3.324682872999842
3.399041476180650
3.943989859373638
4.263063780864385
4.169259515544987
3.825352478586985
3.718232031023476
2.861498583074248
3.548285569560938
3.543721420663124
2.848905684812363
1.719424711282374
2.829151054188681
2.771426869814148
2.345637627670622
2.290981753414235
2.668595076558554
3.361497552016528
1.973856364210870
1.994135805335195
2.107953988528402
2.182968620593181
3.517157138706287
4.464836434406099
4.035502379339974
4.099036832271869
3.877003940004830
3.714038053528450
3.957780427873218
3.761353241425819
2.689608263378359
4.109609298515757
4.253718989210587
3.846838082700220
3.486503206011780
3.606220280607795
3.866357268724829
5.327855666973396
5.270617843285820
5.290424226225335
4.299374759737624
4.337870494094213
1.580039630433783
1.585337073492488
1.553325655800831
1.544504296348134
1.853775223702307
2.421612247616391
1.791637105517043
1.606051342731792
1.903990863581670
2.532970571868174
2.181532005007805
2.461932609762377
1.988598118848295
2.463683119901475
1.670218037562625
3.591701874240339
3.579603344939466
3.630632637127814
3.684140343145222
2.990789212952287
2.587214727566626
2.923967991520603
2.061360669159049
1.936082900988719
3.614244498450268
1.728201340248401
2.517981346377787
2.038551253923778
2.284514772370676
2.143355216895166
1.756053062497748
1.945781948212108
1.611509606298735
1.574447651632131
1.644793653403631
1.633101474550365
1.495397242688618
2.079393001215172
2.517814757661858
3.616209339374600
3.810433268274434
3.979889341644673
1.775255025408611
1.764718095596072
1.665353979223462
1.510444314613815
1.534629760757360
1.691406077984336
1.734459954299014
1.688765283472044
1.704007780956259
1.991948851141997
1.753482793879082
1.634930173527394
2.444607937269343
2.476901079069419
2.355585813648910
1.914900602055953
1.704671617263120
2.460757894286594
1.783078369571762
1.875283619121807
1.770225893509682
2.483476412813425
2.660349648536017
2.410033142762303
2.835345246066700
2.414991238762864
1.988403022717033
1.639740178912603
2.608034292984066
2.520513152729131
2.514246370680720
1.721770737931695
3.523093159172935
2.579041732637235
2.012327452067368
2.414803556905779
2.574620719810555
2.177579943634623
2.870770063400110
3.393214988117843
1.836610187367265
2.357132075843778
2.743938961188007
1.646458913540410
2.523209168654190
2.538672493271548
2.861644138491128
3.585018860382087
2.692714416756462
2.016414711203296
2.126775067958402
1.538799812153455
1.881572606761352
3.738033046261997
4.258264631932034
3.988438067947883
2.675878483045931
3.368385305056890
2.415462546310821
2.636094659131642
3.696504273141786
2.644393488113431
2.694278366413789
3.569438550878163
2.731830522445305
2.419224375627993
2.761010602897580
2.742365035164127
2.811091544188930
2.507930807619390
2.760259063715760
1.720442784593610
1.464434433844664
4.010695673820876
4.059733172372084
4.797518324804605
4.111422920844201
3.608065949482799
4.054937580276092
2.809472972425758
3.104736218145737
4.069725673255400
4.193165246529577
4.610651380101112
2.969204909019952
3.110504120887728
2.657268371486962
4.810399440920653
4.604005473694882
4.747375098722338
5.367980004339855
4.536944086457186
4.324313150679887
4.166871880449457
4.865204653055194
4.428670777470797
4.085705218910276
3.616018468982696
4.794469490277805
5.345479813273712
3.469888535992065
3.435191905319499
3.374851132295680
3.455858334492335
2.584727659190195
2.586425250879816
2.626768296347578
2.434406344075646
2.373981165015452
2.640364329345813
2.854784076464919
2.083771718424378
2.386734657268892
3.497396128825210
2.110565154170128
2.879980634737950
3.690064245236999
2.499176682721862
3.937782641084085
3.970479661089513
3.057999101908796
3.095523124451088
2.522700156109313
2.595608635374263
2.439274940770687
1.905009197901922
2.180352288330963
1.899164254938628
3.121924409985095
2.601449340410674
1.748901112787303
3.083920594422064
2.648011974994989
4.077189923174023
2.731785341458267
2.860716779600632
2.815996246875675
2.955387338452935
2.493139565590832
3.619774880510667
3.533128939396301
2.844811524529289
2.519563359660060
2.587660694085903
2.690550149843701
2.571407025848245
2.816821275198784
2.905890726907137
4.013521956352347
2.248201266187947
1.707895258682731
2.893689925616387
2.108736317299825
2.157891952373804
1.795596618587384
2.043889324137828
1.837435932359678
1.697452338600363
1.882885946091404
1.685908767901961
1.848067890036305
2.396092149838607
1.988758608835107
2.290039611994968
1.709045609068910
1.680935010880514
1.687664992641885
2.000319605223881
1.696531229458309
1.628754744390455
2.402449496489243
2.330925898526749
2.212097637414515
1.814746078629555
2.556498214883390
2.129473749289122
2.089424648879419
2.208257907534887
2.078918144236792
2.312182749909424
2.280151542489850
1.723204274407006
1.745809359004244
1.796288721885024
1.823042535142144
1.908375136089407
2.875672991681873
1.789092932669284
1.994521441345201
2.583654365003134
2.109418694741239
2.639646621785168
2.612539225505401
2.847567543618711
1.956721025362329
3.401557842829520
2.081853871378689
1.898154553474367
1.915656059224080
1.856108817073082
2.163153220793269
1.982345226745263
1.806159888853280
1.672589363128578
1.885157743723223
1.925328713807122
1.955891092377795
2.112435470559860
1.965770637546885
1.958656379017054
2.473505110519878
2.464587878128490
2.813075987794008
2.107813400709917
1.757246028613666
2.491247947539043
2.484222925546053
1.503607489190643
2.239075416809783
3.313641241691389
3.364756289860964
2.262594436364774
2.329870764311473
2.532314052781176
1.920967737466753
2.139958170199152
2.385224134684605
2.582939857918944
1.855818867040928
1.906091822321173
2.051835588146634
1.828185920653695
2.024101403950717
2.044591443578251
1.728388438389539
1.682861185537958
1.913334139719990
1.847978019068129
1.896644672858291
1.800927237386807
1.882909215861805
1.807877246369584
1.908346865561436
1.799092418548580
1.786065027447274
1.864118173189964
1.871415890283592
2.747085166683840
1.739566282561799
1.935011853956421
1.847583330889011
1.845308279956621
1.969326638419831
1.876091243016111
1.870929415601607
2.304112487065437
3.379613877589718
3.245537017514718
2.747318851930046
2.334951904226794
3.375427106871603
2.165306886938645
2.145311981492275
2.184552088206518
1.764184122706053
2.253812566775440
2.384594336254910
1.834200604396189
2.052399548161185
2.701231475454052
2.736230640484071
2.456361899531027
3.990694423659875
3.871777379385217
4.171575358650284
3.933080672055593
3.485969941575628
2.890690864396398
4.512914722006195
3.949220580967504
2.894243244620203
4.334829879983980
4.508671575480889
1.737452920155300
3.156782815185834
2.500934980702199
1.787222274622646
2.118758641897346
1.920423197068522
2.052994170117195
1.823708320224042
1.906266574053133
1.888630778411188
2.079867874711412
1.832775670919726
1.866226944554926
1.720871116016721
1.656309926936631
1.550975689883622
1.871136763289949
2.071929745611134
2.054214217615228
1.724160794157869
1.974553580584455
1.884550951853202
2.059473612285402
1.880190356578634
1.814569887687497
2.128808823314027
1.794680808906728
1.764730046802036
1.883232298015303
1.855453952089762
2.453819742711376
1.784909402208420
1.519140355310143
1.999888300274392
2.278906821147984
3.440819958821641
1.803368680305853
2.703107916779069
2.433134996392512
2.154939699689495
3.043259298927596
2.555808571284418
2.571011537219903
2.786947695374269
2.460726817435833
2.028222499661858
2.854240155622859
1.820728752742852
1.747525297064263
1.822316207501165
2.863296465267887
2.127471476712647
2.450322817039405
1.866301724992386
1.843150946882063
2.408610952921039
2.562607009289568
4.194623664806702
2.547785919769848
3.456867426243585
3.542944231408391
3.289766566348781
3.341927592990714
2.639009199871713
2.867271762688073
2.839500821630926
2.798272733695529
2.470329659164554
1.864950911477913
1.896352861912749
1.932735054682629
1.927611560420441
2.513773153628106
2.309348310429714
2.419890117229825
2.445373053389176
2.346427483714429
2.394471441641531
2.327339516646133
2.054798165738009
1.776934968392692
1.784691847067365
1.851953954659629
2.163944367589137
1.797826457193762
2.134207267465069
2.119794010103567
2.125244073096204
2.141715291017968
2.011070919322784
1.735098420008893
1.771970854662164
1.722578640527133
2.306097298056472
1.691811531776903
2.249276934336900
1.771380646674376
2.009979630404048
1.858618689145981
1.599342786463497
1.769793626983477
1.861485789910185
1.710736886192085
1.972072913018614
1.854872301096708
1.850692724356330
1.668981953020202
1.978198549257271
2.541138260008357
1.817854567287697
1.670164050653318
1.955129802973912
2.102104517933530
1.992968480517391
2.554450674674793
1.740491078845389
1.556053858575763
2.180186870586744
1.874535082163002
1.887276575653650
2.127810141149592
2.423167543620645
1.901894862814422
1.867198242978553
2.502194885219373
2.288726971783253
2.360377112067524
1.645673741462203
1.550916109897880
1.332024387595528
1.273885113475622
1.385541776408572
1.528565999079580
1.880969276177518
1.989859947331869
1.738736571846641
2.044166327763169
1.624730191288893
1.771822906925949
2.073137706185504
1.732362483607287
2.221699879578567
2.457677376476798
2.318797465158737
2.011684402638885
1.651934825709481
2.494588227371474
2.446133806816615
2.476410960999017
2.314350041715908
2.537984213045808
3.180556943992292
2.082955377904268
2.056138419713524
2.304816831799518
3.343353104511486
2.401311270822048
2.435179436820195
2.372826731644251
2.322846263590021
2.525614812137745
2.471955989240855
2.038961072368755
2.522533824754936
2.027327082373741
2.277715606799990
2.422427233404353
2.011649522702503
2.415386057632821
2.185251761366725
2.277616031987476
2.397629888807061
3.176784990441004
3.311905740948955
3.144478545068086
2.379241713669702
2.136023497337169
3.114911002025853
2.227448648775460
2.355481864261204
3.196171430840488
2.002238599566446
2.237373739652259
2.268068159173234
2.366650923873732
2.123541175170873
2.377774435544613
2.235712316942396
2.095990987549699
1.939012711834933
3.248157807369584
2.246617355281047
2.326394205110899
2.308699689835154
2.007505688909494
0.910246857519570
2.471768605682280
3.166431739437092
2.095210655065811
2.125772135961751
2.360527199646276
2.241896680934739
1.980192810795532
1.519327757922250
2.895852595351240
1.798929992399737
3.011596610119919
2.153558781436753
2.111685929779960
2.306391214370759
2.350945012964003
1.887170036704046
2.851937808259063
1.781165774461216
1.943017207363521
1.845939952642225
1.830376217742229
2.150095684876935
1.710320245086032
1.743063216666541
1.746313477270719
1.943341365638224
1.799429730722981
1.742234675166925
1.722235347002392
1.742733506981901
1.697974035404744
2.005023784538641
1.804484902504684
1.710269556163049
1.771496590606422
1.612982154290707
1.568029519252926
1.719408138012713
1.799712008365342
2.082052901991160
1.955741816145438
1.255824473209989
1.868887599348346
1.692900615422976
1.842728528651805
1.704297361978166
1.535937555100615
1.531235074216847
0.701734942098187
-0.152643591749670
1.696074913939406
1.680221910275696
1.672502998973734
1.674763120538843
1.649247587170303
1.582316024710920
1.444271681690261
1.520829670031091
1.624418278898565
1.515130596438504
1.690380452936136
1.251437814386847
1.580820512065167
1.831015675130026
1.590413316662142
1.664846342043318
1.502901286167572
1.626108257509057
1.425737190797385
1.524548505532783
1.531656644076293
1.401652303679170
1.556106128231915
1.561703820013499
1.503239861735134
1.570798900261758
1.773514525953406
1.534576278298029
1.474169961936540
1.475484160239829
1.597034705300239
1.495120763312944
1.469542672310048
1.493305369506615
1.384784235997412
1.474092376777002
1.510500191736781
1.442422883351465
1.494841950583185
1.394863562869874
1.560060434199302
1.471934091688397
1.470324721935121
1.454689693961098
1.522625496582124
1.521981825252912
1.386106387682670
1.452929282519894
1.365444219529008
1.459137564382915
1.392407686263602
1.459195744205508
1.480977783518052
1.498939479387315
1.408780192424907
1.464759291625884
1.435413722701042
1.491835375215188
1.492682064968555
1.615520772578415
1.502775042108777
1.427791721428723
1.435744092119880
1.461241188944816
1.520603336454183
1.531497815856505
1.521568152962303
1.584574065047772
1.709936350198049
1.528548839678207
1.553411877275194
1.590838488959761
1.521748915735799
1.745839145038414
1.544054175783309
1.708679142883097
1.576274032899250
1.575893938374236
1.684059180408056
1.702880543314696
1.658315063744174
1.675716479972806
1.657442524506134
1.717525546630768
1.692961010555600
1.608015475781363
1.633368383874557
1.546124895709414
1.756300213358326
1.965257081854207
1.537718735363394
1.614904457254527
1.519439288230284
1.601307001601576
1.563800943932798
2.474590910756103
1.676884018204736
1.465797490731307
1.655107756365604
1.605953323747547
1.851214384064897
1.632846313434669
1.622744321321629
1.681028953471909
1.446696759174795
1.659317126148039
1.588660248759266
1.403235499190315
1.398118239423305
1.456612466775032
1.712152560285708
1.700509891034904
1.275848226901606
1.283870386069542
1.437604505436183
1.313860313315663
1.258392421191362
1.422322381776369
1.335986457365174
1.258984101756774
1.573278000296856
1.450484590161311
1.604331444205278
1.561079006549602
1.506535146592347
1.870723663814633
1.429642262097895
1.448095648983531
1.368498168791112
1.420888237393295
1.602580511853912
1.507974809251828
1.513533684267375
1.484227938868363
1.446337345068048
1.473261592400148
1.569179543136166
1.445215385215339
1.577341261660668
1.583819237129973
1.612747549420932
1.584900059273443
1.523813013228613
1.553050032173128
1.523872049794674
1.376999989352678
1.378710348604566
1.756956902459059
1.523688252763985
1.606803492076775
1.583403832405534
1.501822286339515
1.584700758097904
1.611978010584504
1.528565962319097
1.429254805698903
1.665468016630462
1.604193261233932
1.600874855833331
1.519029163480133
1.562322364360111
1.681171032055975
1.600330360853772
1.544704925345663
1.529491396375014
1.616993633770492
1.664962605315436
1.574407118279481
1.637315384528669
1.602666697510769
1.473476802560650
1.553043118810538
1.579835105911169
1.630063862887099
1.604841670480188
1.626681105523459
1.669209167906205
1.444208979849292
1.572912455233697
1.591824524179135
1.553442940216287
1.642702393565876
1.512206268901153
1.581355417998697
1.568870294960394
1.621300144896230
1.572074001825560
1.623070909228417
1.629723450336639
1.707392559875806
1.644199470816497
1.731462143326486
1.664476834239840
1.805596466140323
1.689263358670342
1.795014783508749
1.677381324056669
1.722925829426932
1.417127945643608
1.770888138746246
1.622723403191484
1.643788657340616
1.628459023896351
1.657078365885398
1.551371254862545
1.594539685251609
1.609454572043340
1.646576687332260
1.492056367481472
1.601900216930053
1.380414775752054
1.514927664488315
1.410428302014958
1.453087711704344
1.520707807259287
1.425701884752716
1.377528316063508
1.663810872372347
1.416192250771005
1.444775977036274
1.398302140760543
1.490408649852616
1.449321060894314
1.452828291906582
1.400402123526409
1.283244242230036
1.440414348457686
1.312687781786155
1.596020190045224
1.301779068575191
1.289326083600174
1.276595804934658
1.208474851218499
1.374853744799428
1.244252623809412
1.281176100269481
1.508162577625057
1.580981128120856
1.341177382756445
1.380915551622179
1.496130329667389
1.383613012583930
1.442953946030982
1.378854890244734
1.367860537493891
1.448207327600100
1.626823003847176
1.417630173308672
1.347574048585467
1.409836520160027
1.538003314397526
1.226634445493845
1.479433810851870
1.384593686097479
1.438525346906626
1.467624125429059
1.535273078084859
1.474220441717701
1.647553912704893
1.354465069615849
1.513861432985995
1.360109423122252
1.481220485953437
1.529823287763515
1.481879875662037
1.701731449726320
1.419323275996714
1.502516420954684
1.549346075354121
1.855700734622381
1.799186227727950
1.762587699925161
1.629610704831376
1.500876050750406
1.674225857169684
1.460394496156659
1.483647755298732
1.581438901547481
1.549919340745310
2.465970574897479
1.841712439155151
1.614264875927579
1.593579906671100
1.900931046124681
1.488003723228386
2.309430599081927
1.662011803192320
2.237543125289637
1.815899546828409
1.837398823823209
1.621666375908251
1.933609325634715
1.495579223057143
1.560213232577674
1.338630202624246
1.440457012424827
1.528541387480958
1.518577751520258
1.541333801956571
1.584986708529045
1.713157378361097
1.644592081621443
1.454339694881954
1.523767240543156
1.457296541168448
1.461552882651359
1.512707327285973
1.465678960076889
1.482980791078648
1.440623823071572
1.500532119910477
1.478809820924464
1.541903570854274
1.456204370551446
1.356084774776656
1.598056476150991
1.228782460598485
1.362067552314577
1.335939545729088
1.394571663926841
1.484920427230703
1.396547055467334
1.376067509956804
1.406514744757858
1.282877072665531
1.636517669751418
1.519322380821951
1.020227561664115
1.347263693097649
1.346557235634164
1.347825675546516
1.227781686987808
1.382847615898490
1.368879699938550
1.280961751440186
1.323726314291623
1.420809773351990
1.172983961376008
1.385863745389829
1.447314104472091
1.249300334863464
1.334952992577717
1.402142205464343
1.634283377397027
1.986441544020476
2.225811957522998
1.291700101889457
2.099122723853590
1.385126382883039
2.121340214440733
1.847764031418639
1.418851747670859
1.776825040738830
1.279349882314373
1.423818102041545
1.219355270989472
1.598973582088671
1.077842195834356
1.284931107996434
1.144403366176105
1.701727218695061
1.483177548806062
1.070162068037251
1.102563711040750
1.103572002342758
1.288063736765151
1.084194308743281
1.127379205671631
1.095712799311831
1.139814130702112
1.248220983501194
1.263335669365444
1.174973965921241
1.532639675952668
1.486085150726594
1.176231827793433
1.219715278855328
1.107903663985422
1.449211184629304
1.057165716482345
1.635998971453779
1.447400305167488
1.398537930086580
1.142129693652796
1.417623191314907
1.387665060815026
1.169309755607897
1.146600265791431
1.198615331645624
1.287267177207118
1.380402977486581
1.202513553679017
1.232180024806876
1.240759975530420
1.292768321329493
1.096605060646485
1.266927021078816
1.141464091256791
1.097824279285987
1.146935513625217
1.175269051844455
1.084143595921846
1.328496349844244
1.224423929202845
1.951671873279178
1.229546163812628
1.144362520845433
1.561454035981226
1.384928258904554
1.544671577622960
1.271298548505127
1.166938650546201
1.130156093842285
1.345843134388287
1.041478020025477
1.405413550963530
1.263597199943115
1.223417678442919
1.080623640551439
1.115406627373425
1.096703631794678
1.018766109454704
1.089085716772941
1.454771453760977
1.193212893235275
1.109284598743683
1.443277673775279
1.158712261378411
1.232256801338926
1.589352464794075
1.073339370315188
1.089563450084370
1.109977136133566
1.839077886068845
1.165233271623599
1.232846440050767
1.704465053684629
1.197110145281632
1.065290913973157
1.238404441339841
1.416649618560255
1.628155753072069
1.511471038746020
3.068722481271248
1.075548836052434
1.009049824441514
0.977951442078812
1.156434388256852
1.205270946404966
1.550447651494251
2.371098701678210
2.925804730175429
2.709018786752135
2.073159504634595
2.047882765602160
2.078780400101985
2.848395860439473
2.902216160094654
2.784827443504981
1.596274449735439
1.351887799533904
3.655017315756745
1.828594285036776
1.935014288188295
1.965543296804381
1.873374366109131
1.363534732479124
2.368584238369289
2.099676583719921
1.973087573524409
1.797557716463047
1.873353793818343
2.290763877565436
2.297972029045791
2.719964939963522
1.895426798587992
1.735533006961093
1.534018328625846
2.114086716556685
1.847866665324257
1.672041405017658
2.129404416045634
1.983496116522268
2.048303152930807
2.032609360844027
1.405745385876336
1.936105764017673
1.711937939960413
1.779231838758138
1.675725338874072
1.279964938137240
1.977976792204795
1.694003619904553
1.687332260131979
1.881773328120249
2.288766177328119
1.996083720054868
1.939967579170822
1.259073053363372
-0.761931813600939
1.638825916069707
1.609886956105606
1.699692264065204
2.206159545788645
1.400928728158443
1.935207541465573
1.666244291147525
1.631998000593670
2.018972780276578
2.038540079475370
2.115518458545467
2.942229370053449
1.820830600099486
1.920115009895160
1.839528135531078
2.177591512230809
1.579500130001028
1.666364199612532
1.797932976238677
1.455688395198454
2.151957542898928
2.007332118144267
2.172078337824379
2.215207378656399
3.170051712777383
3.295930754840828
3.816456033586840
1.937682145749201
2.155082535591356
2.325961494546447
3.140902874454567
3.220436810170786
2.257573049658412
2.246349691576488
1.709529315257003
2.110310033642949
2.227045331393647
2.275547615552731
2.229369965543503
2.248501893390826
3.083923425565000
2.376828925841416
3.828126773722765
3.833694671091858
2.441666499905350
2.246122182370431
1.802642448268848
1.939394977321097
2.406628439563738
2.457058583250362
2.364176410860228
1.913813226077023
2.535834995230726
2.338527105450424
2.206198224563638
2.412006321712403
2.456736006786303
2.336632470077329
2.426517728238660
2.495225670258224
1.450310906711220
1.673060611102146
2.383846413855375
1.579201553503542
2.104028142551873
1.942872810330775
2.395490501920205
2.447811290203344
2.305608996730814
1.801175905786467
1.477653451043954
2.403198532956083
2.301581087570778
2.293568667575342
1.801666491935910
1.437733043881863
2.356144835907361
2.195541877268306
2.081756415319296
2.361301694714681
1.970758477643442
2.216400350592256
1.916513150832781
2.186363576738069
2.194112438282436
1.289439991319431
1.357951492531371
2.476110180127807
2.146221313972675
1.998167218566231
1.876502575910754
2.461521460308344
2.143072581160298
2.272908261923198
1.485175555712419
1.936417287787791
1.886491365697961
1.690551923696596
2.155826973980712
1.975968447269352
2.218632010305591
1.303780502015481
1.871471400825699
1.538600727333470
1.789043061495991
1.789381431149300
1.965877369638929
2.180379760526822
1.668547487792194
1.968053541084832
1.893342449230766
1.679385071305969
1.496233904208797
1.738479691806078
1.504881479933033
1.511547322805892
2.407768574885575
2.112645622048541
1.779722554974716
0.942933050097651
1.509559371045430
1.892759709908030
2.086101419088928
1.671158596423461
1.679658243211713
0.906138678376874
1.154749549604350
1.246001767610872
1.448350368173231
1.775758699953695
1.815899770786471
2.080615002181578
2.029168271443959
1.814922738157722
1.987082947407656
1.710443014388178
2.007846373022782
2.113288190193764
1.781821367920883
1.771046988497002
1.879481023985693
1.932562695791115
2.053073654937764
1.945641734591201
1.542082096185053
1.923589815312899
1.774601485014253
2.094387489142774
2.002339531866321
2.055159783488842
1.793638533369948
1.939275310212181
1.647734863244003
2.337957287308170
2.002557943503950
1.909938522324945
1.460542125710827
2.125744128685682
2.105707750479347
1.996026315340538
2.044090004783714
2.331133850278444
1.851213919105699
1.615253696656835
1.327635132115382
1.581076177116493
1.364514161877258
1.366372816558752
1.635886923592887
1.512855406577876
1.409589274678634
1.918621637152402
1.561663326620413
1.576526619991263
1.699799117404128
1.452796142813262
1.306783993248710
1.248341828022298
1.478815607679798
1.075753318289572
1.213942212960700
1.552523532849998
3.760271427733990
1.465977499396985
1.548519003357584
1.578661506000109
1.546118591012228
1.777502723617182
1.882940467408155
1.464201795189519
2.304718372862865
1.504901830805031
1.560170154107315
2.350082199613096
1.981539826675204
1.845612537508764
2.051805892348475
1.500716870462210
1.709677927636261
1.553633310236853
2.014901978835399
2.331996401906578
2.332154103661480
2.373583390004034
1.570380980189029
2.164833531859925
2.067082507847788
1.948808111686847
1.890027331082335
2.032267626091647
2.364796144228487
1.995670819620573
2.237465689865160
2.253076154927228
2.116010002979311
2.351798368560464
1.927866604773792
2.351810078937921
2.052385391302537
2.167018202086364
2.659747738773093
2.788401899885803
3.575963011548565
2.660840215055169
2.766988054807537
2.224299482494422
2.895373093939416
2.730285963534013
2.789511759000998
2.766946872432680
2.742597184511441
3.632716778345522
1.962281499880195
2.734767905608655
2.820131674984206
2.737051249101981
3.709589393314463
3.582614850361324
2.816996889693205
3.543170590887139
2.223122779426260
2.821001007778389
2.924004948165105
2.189097036643678
1.836124790337913
1.451158100347297
1.228357956088521
1.094710814657015
1.266373696763679
2.020155259068797
1.743868582071749
1.641066588987290
2.017034291918626
1.772427193301231
1.597864526901900
1.918414218274637
2.077934109223281
1.977708249530641
1.857709791314148
2.081575503073957
2.120971436115302
2.040386577534155
2.997965560707434
1.863523198235644
1.930301834481372
2.249365642035356
1.965880160004720
3.066226905704382
3.184236845815211
1.247680365344227
1.260750275445473
1.560697873175322
3.026672030889606
2.361392320193492
2.316540295324766
1.506852632293560
2.371208956214500
2.316943576261956
1.946491630022765
2.126340916087572
2.349920377282182
2.056220097085348
2.317639475254211
2.303860433495368
2.273820715862262
1.867771786926461
1.463011549739065
1.541074715130958
1.499926410823895
1.465964005436875
1.517577699672334
1.753667691707935
2.123756828139414
2.015500430397763
1.672758184408267
2.378706319432721
1.500028361280117
2.211261652916567
1.957585107794337
1.447744835873877
1.427328387535467
1.830289308645260
2.314892678500394
2.166100735583029
1.814770388854789
1.573165144314863
1.320240502132651
1.845760537961178
1.434024822262697
1.861708603544030
1.794740768855771
1.772544188729192
1.486375068341758
1.437281892882690
2.024000721464558
1.460032855028562
1.952085700808219
2.249824748192228
2.127802125319168
1.654719173096765
1.744724621636061
1.766891891537467
1.969146995469335
2.101349939554119
1.484227629195296
1.435316214397734
2.291555006769319
2.325463112227877
2.270137519046778
2.217837156367386
2.201234885165872
2.163685235253137
2.119682338412650
2.226214328369150
2.156320177772563
1.969311325987930
2.173585434830429
2.202326470254492
2.175126648519162
3.218622841134431
2.173908027167293
2.003790883732850
2.138028792019678
2.124913342591442
2.275186543220856
2.175772433090973
2.180084349348002
2.953529537298776
2.210467620248651
2.308189676740823
3.129935961893058
2.110542931307731
2.180493244647585
2.000530858545032
2.132448352602968
3.137335779580687
2.150448232557635
2.259251865271056
2.247735075919429
2.278517092068036
1.992966080849170
2.280123852895787
2.218920712848724
2.186931640974521
2.352124947954126
2.352366978964429
2.414857337744948
2.349380368802775
3.354763443250466
2.251107641287611
2.442324985912060
2.229578885431744
3.892165100396007
2.256606569055283
2.220811216807559
2.138251104602293
2.020749023877027
2.218657614917462
2.214799286777277
2.148143374540039
2.325804934553462
2.375762454061215
2.247208789540654
2.305868063908084
2.347265050979867
2.233524916941385
2.302875164615060
2.171658626689796
1.526689805543215
1.875866946144937
1.570364888909558
2.136303376551232
1.893417178813077
1.456420303103462
1.380973530204899
1.543424564177029
3.849974176251101
3.462420360707926
2.214226907501781
2.359540500784626
2.411534795517616
2.624736722032909
2.499339430725692
2.389598582997161
2.500134988235835
3.363752192199025
2.473518728508203
2.533096217274943
2.552983176090744
2.392349821119586
2.512831499854757
2.497250219377271
2.360141933749198
2.284871993544912
2.444313877472504
2.130074171674051
2.304914066228800
1.503902084660907
2.227646835265377
1.836238276518120
2.180048790734271
3.157844405131535
1.424403739207898
1.565181108692157
1.413879464279096
1.689648057671202
1.587860331591860
1.746902229955668
1.738438157280007
1.644713688555265
1.624233735750963
1.572159709924652
1.511632053405930
1.786088001788469
1.293685565432856
1.564399696295761
1.549661444653480
1.528398942362457
1.339921598501244
1.292889788802410
1.288895089920095
1.913800275692249
1.425278881672004
1.460522110269629
1.467893706465697
1.422513173870506
2.317452690170196
1.515798535385634
1.584110744481670
1.582796924510482
2.047863101724156
2.283155427208336
1.349951420372869
1.398494834892265
1.251531947322801
1.198687623972785
1.248984064890348
1.306384407364140
1.557874408515374
2.365966635472623
1.431491904758291
2.466342250283231
2.393267330732701
2.400131343878479
1.727923596908734
2.461403113993859
2.277493903101532
2.441495198275461
2.299087966423738
3.168863730210998
2.360957909297272
3.211351292716818
2.228371059813331
2.153047484987132
2.367881679333321
2.314257916940343
2.148751021212000
2.131152871508864
3.109588706272515
2.235805350202083
2.270793819006933
3.053961875682973
3.820812531846278
2.361201636406463
3.824223924787018
2.309289024605069
2.330709759529648
2.299011976461864
2.032984234450365
2.355665077647402
2.286708746821974
2.278902635880513
2.358271014735538
2.236993494831748
2.440997144432540
2.388525272765230
2.329569343886588
3.032641164582173
2.255819625592622
2.133188886825713
2.172843906400204
2.278720342327507
1.737478361232206
2.325486540615884
2.345746356815144
2.247277622936465
3.106661367004188
2.219240146034345
3.104447318664388
3.087310006187723
2.367542094600760
2.302694003654817
2.268262552764241
3.091202676326906
3.160381309896279
3.129830819422819
2.380770555212222
3.026255061980107
2.998634952418784
3.082760235482414
2.363177041950517
3.896214135217228
2.436897515795720
2.574186829143483
3.093069632528534
2.456599979241345
2.468402455730610
2.472544637389628
2.436584306224366
2.448149540218935
2.366980468500674
2.391582187423355
2.479927748122958
2.404198841685687
2.328870752498973
2.387824721565910
2.338509301467592
2.105500574715226
1.518738814490070
1.432400363197896
1.576752139111241
1.705042013921182
1.341416458765059
1.265003457029031
1.561572014951188
1.378306707516532
1.178897763320584
1.525505965013907
1.439263276287637
1.349277953184732
1.401194496640726
1.185383876649472
1.457525924903335
2.500977057352843
1.082924159559933
1.086910554710276
2.593066135890139
1.615125276955835
1.682934814734842
1.422029134977579
1.251812944539788
1.358473812110223
1.735053629349522
1.717127341359837
1.711634776427881
1.569526652889720
1.385198685711478
1.508169113424996
1.229627173530333
1.725587159464181
2.543202370512214
1.682431870954308
1.607957585723586
1.664271622594124
2.129263579292234
1.661226633802344
1.588223133170251
1.525774567362053
1.500500475467615
2.080469727184250
2.115894498966562
1.450941755091133
1.444987680900313
1.303872569984857
1.548164900701849
1.463524004732542
1.204539010846335
1.619840558447116
2.280403669920022
2.222036273048264
2.178764742474822
1.798960369502555
1.573147066629915
2.155338959032186
2.163705312821086
2.810060899955040
2.461543685403100
2.274693841437625
2.169424214606219
2.222309044981650
2.165540027781984
2.695150696412297
2.622482394326946
2.732838804174968
2.187538003893610
2.215662011439847
2.266096533074188
2.244099388016737
2.318992066622525
1.731908127866704
1.625908918117968
2.360762390521359
1.530328361700113
2.489926659247759
2.466173165793843
2.467990822591246
2.424338812475898
3.965093291856002
2.394860341465998
2.668651586795586
2.761477982223282
2.534239273226682
2.496552437829946
2.831363503180661
2.550682540990679
2.616764863522933
2.668166031096324
2.691467492512015
2.942743429034528
2.947821408003820
2.684021159481147
2.656497065184282
2.742374557679586
3.476282590300759
2.662579446893647
2.795996785709208
2.906748944995677
2.826720699657251
3.948292613166830
3.891244328643670
2.953353561590144
2.699213413714710
2.960992772336445
2.644698178012864
3.036709759336116
4.225995361895656
2.770567687544687
3.213080147250575
2.049423783633860
2.041924637188597
2.450859111080215
2.224920295253070
2.227828971074020
1.560943442951001
1.501603123037293
2.221207835431923
1.447132235543940
2.061779238904851
1.982280479443475
1.517811680069890
2.206315839193566
2.067036367610815
2.027136488919366
1.935487494440930
1.425885291194113
1.457947424456235
1.650547357837181
1.871351792414002
1.975081986364667
2.021918513591077
1.795487003519089
1.967429751399362
3.042647104944258
2.317283105515624
2.307361605526418
2.021791937600943
2.368851231911394
2.985783575597499
1.969645220169256
1.810528977338839
2.302413657542199
1.935264055083316
2.003805840228687
2.063224667960785
3.175972849542082
2.577290547957134
2.789447953565806
2.338237165473096
2.316669109394599
2.627077039786840
1.913944413497960
2.584249437067998
1.893356794138507
2.460228201428708
3.129929159649082
2.251382056091543
2.239903018286308
2.038118731665174
2.099727520859035
1.944911910531203
2.216318750603012
1.729298908750255
1.923540269222441
1.793813573521699
1.665087022431010
1.461019777268710
2.679101404236499
1.653610042750048
2.500382047384261
2.200253604698602
2.068140487440013
2.060443389755940
1.758099281736928
1.773311870061399
1.559606486902867
2.271823438495122
1.991779911179520
2.080202531599191
2.060194998090721
2.453594872698507
2.410298792508792
2.563869743184901
2.440637260609102
1.723920113439884
2.143914473771776
2.308039436230759
2.153990382340085
2.109925516587922
1.656291394210964
1.391774340132620
1.689972163140762
1.412712950859540
1.813027245972550
1.780540630550561
1.332838136130540
1.394087546055513
1.591724395399628
1.738377197290437
1.714347192358873
1.652353975776476
1.200457201858872
1.698081192616284
1.573908619578955
1.517010995833672
1.585450912724503
1.663579227125117
1.563640332443275
1.625939534238066
1.156223991879344
1.566580629129591
1.725288602730855
1.792755986031878
1.860168918509779
1.783288518207603
1.764578060721581
1.974484693509852
1.819013943292213
1.974584410021054
1.940893425725880
1.963094381152115
2.038374343838744
2.503432693946961
2.300107925481168
1.916698281304544
2.261745993844380
2.046515516126802
2.206377569838414
2.278026527863054
2.425848907472606
2.992863825500235
2.384252326191461
2.431222520487657
2.400068138750179
1.672352741601338
2.477991441493808
2.545132070668016
2.325111921618946
2.244271927719440
1.892866183604253
2.975018836438283
3.009008169504780
2.649447681156306
3.023037980346943
2.071688770239470
1.975568021321121
2.424645503617764
2.485894886488436
2.076294761717631
2.077503544724072
2.692140944812257
2.368845557929846
2.452249741749531
1.883071629476305
2.601236419639378
1.784461363581830
2.009493881349857
1.750726254979743
2.097332425127147
1.820159762074418
2.256221653670455
1.978082746205147
2.572718790203436
2.345155272835508
1.926492023234340
1.829249880019923
1.963344366056515
1.985014420588407
1.677475367459823
2.264547581641911
2.804541653214216
1.961748992347367
2.191300709237743
2.201417601343427
2.330209583610089
1.830853880373074
1.756686340022684
1.651174613555524
2.637437444464540
1.833449546870011
1.883622142246019
1.849426534765752
1.873448841664942
2.180533059094221
1.970385032874506
1.882201887373133
1.973598308294015
1.867809044956053
2.008295215769734
2.073611786230004
2.296734575685389
2.485094150186726
1.945464535448986
2.245947562274801
2.046591599862996
1.898071257509214
2.077848852417819
2.507583725448085
2.171077106495621
2.553043126274716
2.395275195494807
1.954780606014146
1.919677568589069
2.481783565900317
2.004220629140503
2.165831294435028
1.874254749030876
2.545347637290716
2.057403392456294
2.045264310356188
1.983954291365797
1.842451175064219
2.044433657145659
2.399032257282893
2.287220213268996
2.015804045929421
2.292521728748659
2.839739653227111
2.434753773507706
2.544921878852999
2.538903446025075
2.308127584280334
2.933291203754258
2.841515467289610
2.091992337440317
1.814746926737411
2.193140344958873
1.820268889543144
1.864383831320587
2.280630591902479
1.981631865764735
2.074174979431540
1.906785096950748
2.521739402674510
2.400538472162537
1.866981337649371
1.981304233151821
1.932957843588659
2.089792731106939
1.901612405503855
2.012083788414686
1.864837341574587
1.958270781769250
1.927293560070766
2.314427475493268
2.003060278410931
1.924786809860837
1.877883205862711
1.565205578215538
2.465022386693505
2.932116519557606
2.324016282733276
2.521604199326602
2.581999591690539
2.796408829080104
2.496156131135251
2.696413367804573
2.569586232318385
2.739978614418509
2.740442869996590
2.492022622681722
2.636402388191466
2.559974090191464
3.166882387973199
3.109188379292849
3.839212141184363
3.968548241675840
4.037276356641159
3.892293347006381
3.771426006469437
3.152013900052063
3.385469975988351
3.823656336316679
4.178700712319937
3.364305205780124
3.365999171673799
2.807134844544047
3.981975500339284
3.743081192279438
3.962432055504602
4.028486060318174
3.893075258579370
3.773125930596486
3.208679817961240
3.912877363225040
3.876410787046348
2.551566008849089
2.519274762537054
2.612661112994786
2.969616685230156
3.073419900757165
3.034994779947400
3.051633228269262
2.720620148521109
2.618427874965120
3.060288018132179
2.575561173202013
2.650701856013302
3.057733329211779
2.618152815772306
2.697137736062998
2.491889460515519
2.549474309722726
2.550385840098282
3.159936769810386
2.651808286423357
2.975082377556865
2.700899788255500
3.705859096470460
2.768542640625220
2.970469262887665
3.118079047732496
3.865029945501071
3.055989430533860
3.759920861580192
3.218636407839780
3.834879384250712
3.793002947940253
2.663284129735075
2.720973863529711
3.917516408791877
3.280334089744435
3.218724517005680
4.024136379590548
3.273062678405688
2.807640769520164
3.875581161633980
4.293819688494407
3.963692695534647
3.468625555048929
4.030504011185895
4.038201660847790
3.179620964552551
3.908505715930771
3.878040035446735
3.055987277452251
3.296627415914502
3.900296696371655
3.547371669294228
3.577324166223172
2.986735405799299
3.635744867883453
3.155615071775102
3.425691550086085
3.397166406597835
3.344975059640807
3.041461430855662
3.121437184358665
3.373507936409511
3.195699008791990
3.271844147302773
3.018271507988930
3.262271096774032
3.277141786279139
3.161338226324323
2.992039552065439
3.194304911337898
3.054965638255065
3.081256207851787
3.402131975660880
3.181678064602229
3.282843600179719
3.442884242560889
3.214884863746902
3.323216825126731
3.167136142387325
3.233604272324541
3.480760949297347
3.167530127388782
1.947724830210994
3.159475095702333
2.701850004834923
3.243477532184047
3.413145329674123
2.581553364794903
2.529006228530411
2.162018373709545
2.622346547414838
2.542057952977231
3.077837927052023
3.749627025523127
3.055123807074653
3.243014448518338
2.991503076138820
2.155877026610446
3.410421211785347
3.368240929472262
3.297337790011977
3.298976991754138
2.600120134057938
3.005589306792800
3.183189538047022
3.135770395963936
2.935090373139813
3.155622235929781
2.556281496048370
2.532874745051710
3.035591454113355
3.329070797873713
3.213062402781912
3.030412077237984
3.139003975028704
3.320625283660075
3.305063741787866
2.916281638365424
3.229569547555779
2.925530979665870
3.099645109176878
3.231963212940479
3.241821115653245
3.213826622310888
2.755230807238533
2.550900434457370
3.353359374784232
3.137968992048356
3.324437670851163
2.989482419065720
3.322664379530839
3.011114997283548
3.298359010716607
3.223839547232417
3.043758091396435
3.800067978532864
3.086059012870391
2.546454423751810
2.532727734984192
2.850887967493535
2.135350937872440
2.453619748344852
2.013681976794349
2.115750445277304
3.150628810844291
2.687328509651464
3.089131297184593
2.780668398450410
2.740376902103661
3.100011317564795
3.771166622479722
3.070142803379241
2.930195032997426
3.659167568525329
3.111448572159805
2.907463649796780
3.325401407415557
3.312977350323799
3.395464166363096
3.384562660040311
3.338951800978488
2.637782082126043
2.924614131329831
3.227555427900156
3.102206044232917
3.265318493523229
3.497532907475153
4.112819174765299
3.461781782792317
3.535064598475174
3.288114999673306
3.818763967930738
3.883363150864628
3.442337951270527
3.511141335732381
2.834943307080543
4.556311050292722
2.872586966198740
3.078032210074205
2.746925163518739
3.242342041503028
3.277598298251888
3.170340519871935
2.692442428738220
2.869045255504656
2.137133430356730
2.777954001232654
2.077664503257264
2.668612291242181
2.793359417327588
2.627188726721293
2.568124279316937
2.103045153019492
2.892431434366518
3.961960268468264
4.092470459317409
4.119288040645885
3.905045102497068
4.459415240651878
4.136769957219546
4.780045173400088
4.559403456039631
4.896661855678095
4.745931983586224
4.356198324369206
4.525194024204001
4.136889694566155
4.403280616521508
4.286484132449316
3.376831876561419
3.880059971658927
4.136475330725059
4.064620764396917
5.430261897246025
4.481962543620238
3.941059512621674
4.000101713558897
4.386822361264032
3.756604601000579
3.827437108678875
3.138190298619123
3.521364732695302
4.510700962314730
4.425302244472890
4.875373077281376
4.543999233168590
3.965919276197437
2.362836733104202
2.261555283602205
2.453307377038783
2.387139123298081
2.315696036378166
2.407821166963696
2.428354580026529
2.358695694087031
2.614563234891175
2.444242127122356
2.381706414632505
2.746360455198853
2.622320842189375
3.172875925263725
2.924266358297459
2.870928859923604
3.536145719483429
2.522028988132694
2.563171054019779
2.621794172220214
2.831752669619455
3.353998031221807
3.014761950787305
2.615296362765376
2.950660313693132
3.482011138517858
2.560771701513946
5.433848430731240
5.472624450318703
5.438653449804275
5.457495826044454
5.438637768307043
5.440979511755240
5.421021122939087
5.409855356030752
5.395578064212708
3.378577492685870
3.115336745848120
3.679644997762203
3.135907709796797
2.580917199472220
2.802662028819324
3.660994064768224
4.205093957116828
4.104717523391441
3.014800735166966
3.557273346575765
2.798129477170948
3.152973032836866
3.327921174400538
4.299048822581081
4.016713567599029
3.258957388501648
3.672661332771574
3.327967815384595
0.759188417032226
4.855460698690992
4.710985911212831
3.916799471848894
5.030938551563536
3.990019793587260
3.462231109683200
3.308788280994630
4.436626618137952
3.963120288349303
3.897618234439238
3.740313716211258
3.358931835003254
3.500877108595130
3.385212797950108
3.312254963461411
2.974999401211248
2.671984802610103
2.737673321376995
2.958702271613700
3.476526192958938
3.329586273640062
3.369375787972804
2.146910576844799
2.628103537439476
3.026472449462600
4.045081085837180
3.372188905626994
3.207772069902589
3.310655530354878
3.462046662622448
2.992342031915533
2.163060907428039
3.323574591702632
2.944805068439575
1.789806324195121
2.607528572048807
2.699380016885652
3.021886800424596
2.761635653349535
2.072527779081939
1.972494683847092
2.262386571373163
2.047087869348443
1.383031004221728
2.060225975602539
2.242638661010427
2.671508816959559
1.866503263138887
2.690393491584667
2.909727506362936
3.382103892445003
3.061167298382941
3.076249132030605
2.961179752426897
3.424050534429754
3.202243185262003
2.992990545355787
3.384579104990927
3.094026750072706
3.020148520130332
3.205186742442549
2.977112553780558
3.434885151705491
3.389896288727007
3.424397884582647
2.898371418899173
3.381257430153523
3.987641787424347
3.669461697642632
3.083546288919156
3.324689992299361
3.100354231910899
3.724863105950034
3.099414623480435
3.698245331770150
3.568670909856518
2.134292275856581
2.101699757879867
3.159181939716357
3.048592495136195
2.241965137625929
3.441671247838366
2.974196705016078
3.481400929223010
3.266650219556609
3.649055880166024
3.292510879640638
3.278866482203093
3.912712734643043
3.391604488059137
2.039612157871954
3.372430507191647
3.479557833613758
3.474684552938449
3.527572217495931
3.340503542847020
3.664549345012974
3.362574961503064
3.534161438468223
3.369464120687104
3.425980582216954
2.317777245769967
3.049370290430632
2.019928133509478
3.508456444043285
1.930746548700682
2.255446046302838
2.118991219108911
3.159172728919652
3.741970524691648
3.463035012912906
3.530094064808624
3.951886257844291
3.599940076246748
3.426192161285975
3.901648007901776
3.655017269263108
3.626531195323277
3.525216115842324
3.406053117531516
3.428851579532572
3.061607974684824
3.437777187142985
3.739983392820203
3.280331112839026
2.393667306725223
3.296209132231852
3.230604058001334
4.027621063627100
4.005329295976107
3.768405395864503
3.760900203520176
4.114670286015828
4.001238802245673
3.327489086646679
4.121251102195187
4.117468599363051
3.683528523355443
4.065632683834838
3.073832383591150
3.854493451184239
3.776727061775448
3.238381516552042
3.367754302493698
4.010336740288099
3.820544454638542
3.311083815103965
3.499417491871981
3.944646550133379
3.499701775441894
4.232034588376957
4.438173862056791
3.843570726979772
4.058270486612965
3.996291984889039
4.060894339593506
3.898404840257777
4.048598072259765
4.061949144321495
2.461593643145285
1.916438483302652
1.952348712969399
2.858918233575646
2.274811858569635
2.272514907560161
2.161967109619809
3.271387102064749
3.008674477475171
2.998506726486747
2.255419114072025
2.241633020267498
2.164527940697190
2.298071015722446
2.901242555808987
2.232429124156892
2.160501221012322
2.262221045906772
1.946938529118576
2.011719281315026
1.935005362874312
2.049607815257364
2.031549985726429
2.124032374567122
2.809512138966013
2.143538506281632
3.168782763720488
2.150271512182124
2.776631981558381
3.034518236014793
3.101159255163414
2.989282669816518
2.739391272960869
2.076897257333458
2.782796095134700
2.151910058544694
1.919156426542332
2.019028424689743
1.930060201927990
2.057637128611508
3.119956333799563
3.096341979496971
1.761201393892410
2.797116693426846
1.904060829434466
2.846372411779517
1.853934813711186
1.776839729459384
2.022399193188817
3.808507189323606
2.631380114227345
2.737013355734964
2.067217579461199
3.248489280450930
2.840652430633143
1.964403709743606
2.696878840839263
2.101656997324822
2.770484511107532
2.645083910570771
2.753578150600625
2.961841268208646
3.122971999803323
2.801447208247507
1.954944232455394
1.840370646200764
1.960935129361432
2.633181433984195
1.697915833640126
1.810888097568402
1.914853965500750
1.885433547923205
1.861377801639025
1.992221331761141
3.801187348808248
3.403429747046034
1.894107411811684
3.010031405225649
2.407194070368522
2.713974822974948
3.162164950742950
3.279055743727288
1.863523011137794
1.629663514747144
1.756776652530577
1.783704185242639
2.610195720817766
1.864714798650977
2.828603252841397
2.330582441856163
1.656538954028266
1.793005828767111
1.752268283585373
1.942814702087666
1.646226878105411
2.408286763681247
1.818602691301415
2.170692638563188
1.768810443378563
2.089195092586637
2.533405834785729
3.199306864786645
4.413802232509216
3.185909289180752
3.677063492871979
2.416873969587896
2.549452676282382
2.299019091872003
2.879781685999616
2.891248374716053
2.570572413950517
2.269759319923678
3.318887298096178
3.029303701522438
2.615748985466237
3.071351368322042
3.167881191789666
2.744814048641931
2.785729937060229
3.191721184769124
2.934613689577394
2.902720863591782
3.079197141242710
2.458042930419313
3.709992578865396
2.271553448006710
2.872745511500137
2.631725080764782
2.751224791573646
1.767287145650692
3.016584657247283
3.027714031415736
2.932741819771466
2.860930452197304
1.566305633936106
2.860959918403191
2.500001486319930
1.423798869431368
-28.589861519566973
2.664584058929813
2.732651727660384
2.376003574506977
3.711160844863801
2.521820900540168
2.898297555215233
3.894518858987655
2.816553004940609
3.786771505166805
2.658993215875634
2.679064595433029
3.218201606939201
2.711764679827835
3.787502944683677
3.700091279214304
3.030628503839043
3.058061878537754
1.653345473686833
2.006231471358492
2.439611744812585
2.188009104586594
2.797240413076759
2.646668177448240
2.423351002782768
2.648110784450521
2.660336732487057
2.342579027400469
2.499667988935020
2.276140939668353
2.179849409774578
2.257428697309916
2.135443704851298
2.195818172769416
2.498171629688937
2.397971750855241
2.141459143418363
2.103437756641517
2.161517166758178
1.977776949540562
2.025340373963828
2.260821718428678
1.872901371872124
1.877545808004128
2.320001615854836
2.228814442570913
1.774010266345904
1.767541732854919
1.899632932944301
1.720748599946270
1.768190576630418
1.725449850969760
1.631130838464580
1.631108253972880
1.726566623597665
1.629038224686612
1.594917074415721
1.631284731085874
2.032900435219283
1.453140504058226
2.215175403240957
2.168043723334137
2.098710626548581
1.747943850979925
1.624448681587638
1.589791882096197
1.961874661190187
2.373733525176495
2.298154006959209
2.222913193121464
1.564745448433514
2.176348828122227
1.611689562175587
1.406969588848333
1.477758500666631
2.068947068939549
2.326748019878464
1.905153609738622
2.250281310957527
1.990634800264814
2.244187707590545
1.482142716458624
1.345753240858253
2.040972904843834
1.892385096823405
1.974216521809205
1.406014325583762
1.451156005086898
2.024349582320511
1.406549353896978
1.832315935380904
1.750217949859403
1.404451587137585
2.200883612930297
1.563055266178265
1.416703597291896
2.397122827464647
3.411077686975465
2.425871871478353
2.802166207454030
2.827086377392686
3.296078398362415
1.291834437824234
1.444292365461473
2.882188151494503
2.205784623731185
1.786858407893722
2.762392808311856
2.764520913005545
3.408232036591799
2.416838387923203
2.853326236665238
3.258350276071864
2.175001272735633
2.514296969648952
1.394304733368964
2.917231634976504
1.225093023235229
1.525201346472793
1.896413937543034
2.190472848718148
2.962524440812261
1.843028658042933
3.524339396499637
3.049699010094648
3.135571732098331
3.268569337946397
3.730912666236132
3.042297484093617
2.374426487759910
3.174839893074912
3.149204375687636
1.421644885441286
1.895872855006687
3.558677375427833
1.415848200470551
3.418079776027053
2.556693039390782
3.831580290592692
1.608486079575828
3.137221763245408
3.316480950203768
1.666795526072249
3.682513965487738
4.481011941821560
3.633389690011386
3.436894555324121
1.370302282091031
1.442050044986051
1.662534345799344
3.305655982891551
1.721684276856411
2.098174114442382
2.623428303348477
1.889365010550512
3.413626288958602
2.061608024370170
2.005748761941710
3.197447256374391
1.304424964921978
3.268452856529697
2.053836516528840
2.251460744815255
2.236390598772879
2.555618219103871
2.653876824502293
2.557842703602203
3.818441790736293
2.363532704415959
2.099426051977738
3.343951413353781
2.654480959384091
2.428597579749670
2.670573923185975
2.748139791186686
2.736966072546418
2.709359940538404
2.743135703651961
1.462741047220980
3.767300790323223
4.168352392319230
3.450803913933655
4.439082121138751
4.130194576383481
4.401208055585410
2.347188976893862
3.424709856623007
3.952708475187444
1.773108610235202
4.095280183640890
3.740232914868170
3.560671292573992
2.742439035310327
2.774705939133970
3.327976193764403
2.688702111544912
2.806325830568329
2.300760333646058
5.239511894268187
3.560013144896266
2.447720262374684
2.469448739184237
3.703594072079678
3.558059901630745
3.399838096406464
3.491100332314583
3.548809246677203
2.214342449935980
4.166327444142606
4.791261521554321
4.414661441703047
3.360874169415150
3.477032764185666
3.907260552492412
4.147711266710688
2.734038766549492
1.822366636043276
4.089204845640698
2.572394813099137
2.901133559920340
3.735155623491297
3.932966913088773
3.508268215064794
2.408834378894967
2.585997750588676
2.633140965446426
4.110270390881372
4.302145622693527
4.051500057359814
4.373916170252644
1.589746528028668
3.921907629661188
3.927825078467998
4.141428124169360
2.768595821539822
3.976954397186901
3.696796204501921
3.701743606824849
2.790155876457423
1.721223472566736
1.805716288266118
3.539930313859330
3.942276329594252
3.063966751243145
4.048861193718387
3.921783097436238
5.192111909448393
2.609576120529975
3.922004413453069
2.520220387699916
2.781237370741700
2.846151805316135
2.925937133275540
1.994567185797994
3.008743540863020
2.699518244554822
2.015736094461511
3.616850797825623
1.519428557381377
2.655354020817391
1.876714960803348
2.177750991999869
1.324634856105525
1.431139438034772
2.115288733127047
2.035684726604519
1.392652246429101
1.240382824136816
1.406898831492331
1.434287116712837
1.364521335070383
2.353943888642767
1.338948044747806
1.383781126229020
1.349581654280970
2.218041337156953
1.341251812022514
1.340681552557331
2.380961398797163
1.361304564720572
1.441888247234335
1.120821174127343
1.009419731766962
1.290771314999710
1.226860641581897
1.138349097480348
1.157885837244050
1.073372641430791
1.169996723726103
1.214877812555220
1.286933738672261
1.333712629001528
1.618077071737606
1.463795152849370
1.635411508483906
1.736502228276027
1.179559815883342
1.304021702605766
1.213756183111010
0.995829625989378
1.076079685103315
1.177366350231013
1.127640920786315
1.150868114595675
1.065448986708788
1.428299555019303
1.434594114795684
1.015255905132032
0.859517432373008
0.979163588398121
0.922192130188637
2.474707440217431
1.273444875067356
1.229004398509743
2.522699009057536
1.066860457342992
1.184470808055656
1.096506776376355
1.082786159560145
1.365773938301070
1.127642112894284
1.236642349902370
1.314079989477392
1.377860269295707
1.426643277558978
1.636052374511566
1.373342357633173
2.229031235628884
1.648061290626669
1.939351961542943
1.334800929784103
1.489137019077927
1.395260884289707
1.212355551195491
1.274574417906355
2.397948119619962
1.608783953626983
2.470484790765926
2.480755731891497
1.617855178201974
1.543407316528961
1.461157100522203
2.379811460634138
0.999645939047963
1.129756148778513
1.146729288336671
1.199049593129606
1.119142652635788
1.053064881898945
0.959618480180428
1.005658190478837
2.394206386734919
3.438050877547390
2.762078530018326
1.000134875415438
1.174664275660087
1.184412468774962
1.745352471065401
1.265993814536707
1.374290062973234
1.288723277296819
2.045995170146511
1.284440873008383
1.255138724339689
1.302929054844625
1.284396509109162
1.839792643749513
1.335305108262539
2.122567199855562
1.198373395785189
1.230067688807652
1.204077886187373
1.190642766320564
1.218427047257947
1.194107013661324
1.076849801480036
1.881761675829273
2.303748055624433
1.215558754388992
1.112636019721489
1.086335522094986
1.220389939088482
1.136181334237813
2.278834555893070
1.214943634179302
1.195389269707313
1.236233792846734
2.544909371267339
1.994214402801396
2.121638209349267
0.935569133331689
1.901902615369741
2.015318158916890
1.085646851953976
1.125781223479339
1.104646695958775
1.887298193126911
2.272936278512778
1.113770753696649
0.916157395420199
1.105656631305786
1.836268943233452
1.905772452426451
1.176461319551781
0.936208046974567
1.829687441308013
1.005995700488127
1.270994173058166
0.969173098112501
0.979369369193706
1.024624559999924
1.033312782524244
1.003063699164215
0.996421012005411
1.090183219408580
1.700092411168290
2.511888368019188
1.980408467126267
2.590833627434348
2.510280322564668
2.026805386280833
3.328140850433356
1.851599152446266
2.588774252996865
2.094957064313396
1.910985029731437
1.182598617902938
1.140291469593886
1.129758917508624
1.787436318561722
1.831782014102628
1.769171883122305
1.258948857402059
1.109214008147065
1.128143082862576
1.125938602687726
1.047712108182935
0.991623293275586
0.982156997960243
1.619747692576226
1.512501107157461
1.601291041490610
0.866093948439492
0.875683502245718
0.937682777982906
0.820522471593337
1.048352303960343
3.390935443172111
0.873542202727861
1.003935778853662
1.029496314031222
0.976724541764850
0.899771861025531
0.776340582745748
0.980014398034477
1.826917734041630
0.861153686102296
1.822213910666253
0.898826127965387
0.897005753848565
0.898161231170339
1.699107848181723
1.629126374774406
0.775642169755328
0.915929797218224
1.622070200163526
1.037758858376535
1.960733079607637
0.889473374736690
0.865169209535788
1.574208961267563
1.587158496270805
1.971483530057463
0.986683249715966
1.736714290031695
3.150566187728545
0.842961068109136
0.919444630412278
0.768620696856434
0.887528756985809
0.883183848834665
1.003493719464214
0.845336030029296
0.869158396420139
0.884298346162514
0.905531187090791
0.737265210576342
1.175810170829062
1.144449639352648
0.869202227654127
1.136841880859083
1.068993918167320
1.107341294570566
1.115653439954801
0.708468244925022
1.257058053848997
1.392451655101951
1.949848450356212
1.634639052867829
2.120938621561354
1.103376456121219
1.110227691749056
2.639248821042143
2.125577756786026
1.377368207592673
2.334857070827878
1.715394522375886
1.218518476763714
1.237304515829875
2.320614021811386
2.078338203962566
1.681086553314350
2.112521098552443
2.116573229546453
2.228763572143025
2.647157397919728
2.207909955699679
1.565900748164568
1.595029871084622
1.577197044161339
1.050993079075894
1.042302138428135
0.943714206739346
1.116698535439816
1.024674246772619
1.383859175408080
1.053516402369655
1.039083005747573
0.978871084109660
0.993929484774622
0.935424425962286
0.873655919999948
2.687140040222874
1.609703567878593
1.737647467687389
1.071633643477870
0.891268965681613
1.487682840084154
1.686006934573930
1.693247966758088
2.184515790559705
2.086155618553446
2.665563649210204
1.163020922342076
2.124851686931311
2.186223754193668
2.126589666954592
1.064123859642579
2.312733570406315
2.438449795652829
3.111924778187191
1.905268528218320
2.282770552499636
1.760703580015288
1.807364479738758
2.480744111176767
2.455347603216831
1.489516880216608
2.403482973003418
1.488516480409986
2.364539865139295
2.510760976811391
2.012516246457053
1.896048875081132
0.995952605628045
1.997985154292277
1.458408881403580
1.049029684137146
2.170806354261833
2.464512019919882
2.453143033067818
2.367397451833643
1.521157469453111
1.643036284166977
2.233733101734579
1.453039388643084
1.188704764900914
0.853177056560129
3.414848154307374
2.496779392951014
3.223275483646249
2.761020055010225
4.150679472678829
4.205047885024642
0.938538531627557
1.548322427164257
0.905700381120350
1.055176558016898
0.876156800792143
2.625085413567673
3.436876285774234
2.160417053536901
1.613214606278666
2.450868087623894
3.307402270174707
1.086213270433894
1.059281708839439
1.082536348187152
1.085905542326633
1.719081484410546
1.115265519617372
1.186679307919624
0.925257853487013
1.467836602198570
1.006561245224662
0.952891566066629
1.648961892346569
0.932729813980946
1.720019180035802
1.028476328910053
1.025369819714029
1.916874769332547
1.047930308623283
1.216889852858559
1.592787268109372
1.013890125334460
3.623303539742407
1.908665183365583
2.024408927622747
1.750875428215807
2.678349679287661
3.271139509494917
4.649647716683975
3.423299515536446
3.546956309037724
2.438448021837682
3.708536578430226
2.384162821685884
3.722301426943326
2.531975862051932
2.532725739169623
2.438175687585003
2.690999544128561
2.723523944299121
3.794197212588986
2.600912805608167
4.128424555414080
3.508268955201338
4.025359877477012
5.805800058740587
2.357050662227586
2.481800392479732
2.295616210829987
2.570185833708424
2.383124688665148
2.636283127891531
2.504876048757937
2.598660920043552
2.698510321773859
2.669114727180449
2.650323458780551
2.723182725182694
2.550568287477547
2.604065045952089
3.414413808667407
2.704673998597546
2.837704270405085
2.510001079594159
2.553221029063522
2.592575572701273
2.629747564132686
2.663244245168298
2.746692515399175
2.677574010479522
2.601468471905394
2.566871578561435
2.486372609640799
2.290177290506781
2.438147117924807
2.586808490013334
2.580993923605926
2.614308770365921
2.810484445899377
2.634322059233518
2.673006957021710
3.559047501223558
3.453177676101190
2.607868415045365
2.474933262248300
2.624749161814801
2.611445046381101
2.694100956377691
4.050328387156723
2.286833102941432
3.327486687203839
4.012395871442627
2.277204543842477
2.497934852240345
2.458043932879530
2.599265822297441
2.444479807146442
2.545959370283041
2.529367561980714
2.237414384812968
2.708595861594117
2.186495004980268
2.418372319729679
2.068342923123808
2.031559375107489
2.191683158986426
2.125755045772927
2.088984138096043
2.296087574031948
2.225859190838979
2.153681890613532
2.089974032532019
2.276279730007207
2.039756940477167
0.628760389254731
1.948609244224740
2.081124660950571
3.145472654599477
2.069304128974138
2.081657756534748
1.356199742311785
1.491201487659190
1.590668264260797
1.626718206022882
1.316994493606776
1.361117137352378
1.448943854538856
1.478767595593778
1.758505968008006
1.826959248800771
3.800653380515199
1.725185015793231
1.479447177911045
1.587754325269864
1.626723993511684
2.534265538158075
1.665938419673985
2.701974359184192
1.589311334486994
1.848439152279827
1.607268006788877
1.572940623626789
1.537660007018590
1.762624830811554
1.527748282605103
1.492496625279093
1.702135507984484
1.741952760799593
2.373627794967128
1.665274521409414
2.211153320852628
2.228992194346596
2.210395078562017
2.481796692052689
3.157101604600845
3.268064566463996
2.096817403815844
1.752830072619340
2.569709938169438
3.204091740784007
2.193286264937713
2.215224111083993
1.879747433449817
1.462099061711958
3.009779234702635
1.431584473604989
1.609748430884385
1.693580967119463
2.588530227338095
1.778804770351200
2.011492741958631
2.424054325193377
2.541225948550733
4.119117610015698
2.381734274588483
2.202895852817132
1.487822457586420
1.598668278204444
2.031718511701088
3.904534326759575
2.488502268986931
3.156935849741007
2.474035080311359
1.944687596023935
2.375766563866752
1.583992834435047
3.099306239196329
1.844095001312582
1.565474623683279
3.269754129237505
2.946477627149089
2.421409169830212
3.586485217575685
2.209940518176575
4.003625844192825
3.391535663128571
3.235364790756018
3.482505311500616
2.544173703660687
2.429550920576272
2.566673753756585
1.810558335571958
1.849444001657726
1.585197447112477
2.328101632186405
2.104650475431051
1.487348024061160
1.973743697137611
1.700622604453039
1.788642976216213
2.944511491167574
2.230666912233333
2.090816214641413
1.725688361368900
1.755196744839354
2.218300361516284
1.794465335391414
1.951609352393164
2.553889031242904
1.521593327204712
1.994387461115746
1.665013471184514
2.041207496224364
0.921921058704849
1.086505561678547
0.979144665240629
0.980272509025656
1.803556621352645
2.263987021618198
1.890309833065932
1.899584672266755
1.733905774625254
1.177345464269573
1.082934726290706
1.914834242843767
1.261572014919723
2.134490821315359
1.827254631322174
1.955918288907529
3.087462383615871
1.819518134788042
1.215307817152675
1.820019980063379
2.297329385461261
1.171514602040443
1.739585778694959
1.891966499194937
1.395308586292179
2.071253717119040
2.070288541437951
1.759305711862488
2.035774674324202
2.277767344334456
1.127363077214002
1.242842847434290
1.083048177026557
1.186540749652071
1.159384505187225
1.148814618989801
1.325766908574110
1.174970913625640
1.363301533368733
0.892193969673650
1.118715721453192
1.414012414486008
1.319941304356862
1.397332693689262
1.160949634948684
1.175489556781133
1.223034433063960
0.993044594951096
0.976461576784099
1.168033429660844
1.349616321126457
1.343430480737949
1.375351511390173
1.300378326388960
1.757844718035189
1.805587306233581
1.869914735506710
1.238067257275906
1.347875709087762
1.731851498410916
1.783629696669358
1.902644690942514
1.358605733059015
1.343580549219580
1.312086472805745
1.428863099358678
1.276136657747319
1.415316254343604
1.324504272140366
1.353632267984646
1.354281459528183
1.867208683612237
1.463154957309293
1.816770264131267
1.034991806354780
1.017936948580847
1.240616441097094
1.191102417605469
2.253872875815920
1.794214053704159
1.838730532677673
1.156233824239120
1.397883575954428
0.969615001899695
2.090500203262998
1.943875549175446
3.029722785375378
2.134684014190742
2.391794892603796
1.295145951158543
2.491173840564156
2.847617976413226
2.095078747504508
0.316938811799572
0.366820575035429
1.638913348037203
2.881033065833890
2.806191240022941
2.066076449507297
3.643342491966015
2.048557482408416
2.827833137836631
2.856408588710291
2.937312013134171
2.899887520931788
1.709392208791811
2.597653209756703
2.983477926501732
1.624390421394894
2.288686262848282
1.685540563423092
2.783386081572421
3.579826717176915
1.981742175118892
2.715081892797644
3.101135993035953
2.961367267750347
1.402293344239976
2.767921712121212
2.923828561768791
2.361289417368373
2.177917259694876
2.655207909815796
2.775710383919713
2.785469012420176
2.654205349527055
3.638465000539447
2.827754230646799
2.306066807585762
3.506450856453917
2.710327121649205
2.256651538643986
1.593239357527781
1.616656259822403
2.984577876614108
3.508223523405620
3.567958795228261
2.603124758454019
4.079417936329789
3.086758507464876
3.465784695223632
3.484213475774790
1.897899300792588
2.235042011509813
2.764922928421847
2.940433515239935
2.725769348861125
2.207564638761503
2.921245675572473
2.169877167745158
2.384230715870358
2.625083357807730
3.553732287117991
4.062165899505628
2.698588832483834
2.644218124476286
2.910577381437735
2.311329641722012
3.614721937380920
4.337724602970987
4.249207544445573
3.453235296736799
3.420713672427778
2.774405365472287
4.007904493696422
4.197903444032889
4.920653405358745
2.735264690458817
3.472917354065108
3.943224594274242
3.892895083956141
3.845247191154843
2.662186529519210
3.486334635257176
3.903412259742032
2.605541399736814
3.425299233084659
4.398117989905186
3.984027974078575
3.565299861427470
4.342593280991042
2.246504730184557
2.152883084369360
2.663720211964902
2.820579744333036
1.939590221847968
2.075359291538045
2.101709447614110
2.308131370793087
1.893671706589173
2.342902385997037
2.118562871560985
2.633806617596825
2.706658635193866
2.230026318841137
3.619024037213055
2.002177497699932
2.689346510510109
1.679731074486219
2.993227176623535
2.776583841823443
2.798772059405978
2.709248622447098
1.622562873558907
2.681814471505727
2.517092330745328
2.544045303169308
2.364821489341723
2.493121315146869
2.938526283850751
1.333252948745248
1.832082938568510
2.957749977489351
1.507266611523194
1.603698070092492
2.663432345573557
3.010545334020602
4.103289117684566
1.791236717059608
2.699967943636376
3.488896736864776
3.555156431107191
3.982237883535707
3.464494382547986
2.716112680141111
1.784225142751993
2.039168446053397
1.699766019587661
1.666880597918553
2.898509595386956
2.636872945333232
2.691313783755063
1.745247961348001
3.390142980489679
3.401731615475249
2.977089712748093
2.113990546141628
3.283313298170043
2.661274626151484
1.616671627308410
1.705141891981695
2.138257586290349
3.414191249993213
1.299373894706408
2.099192839731972
1.725491421198438
2.993358706381881
1.565002607227426
2.792592557892087
3.893169293356916
3.053394412785386
1.884329974387382
2.692590809840224
4.021634261350321
3.415881534724797
3.936585176840695
4.019853287599815
3.909506489078562
3.869272828111950
3.936933582826443
3.354630826866362
2.524873314312957
2.591983590007256
2.819987924605381
1.790841146554002
2.865292924206067
2.253273426606241
1.987399636240913
2.388059307024653
3.197942506535011
2.395682956718878
3.496506138261790
3.915250923615092
3.780235464541498
3.170843042915577
3.248676934814126
2.444246275054227
3.284437728723312
3.252344026035084
2.105149915300307
2.183372259316726
2.432498252170745
1.673849062410846
1.619457168204884
3.076226081072103
1.711975323775821
1.910194130733199
1.927383421807369
3.225954981053440
3.851854311760309
2.435452925083306
3.136383976546227
2.014594885196275
2.588661536484394
3.239956343803921
3.789282715740532
3.900575441240540
2.315600247678793
3.206325874466220
3.774099954355465
3.783632781529289
3.247131986614123
2.159473845572692
4.295442619428811
3.145505310556661
2.593159512102503
1.899943825056781
3.264127903041952
3.214967092436609
4.123959490211279
3.259526004574621
3.768936016072215
2.276565617957007
3.848495156813093
3.232753390738556
3.090958512716373
3.679367763860731
3.628547822944371
3.914144263018897
4.086874511335854
3.453587372706584
3.626434407614926
4.107263087354769
4.283987627443798
3.033429591841889
3.088442217727775
2.202263789839709
3.191182338501883
4.434223727619703
4.549987107063676
4.107401753977760
3.759389680861173
3.048501103145228
3.661305328195322
4.046285920276365
4.369784915859496
2.149974184527794
3.603691230875386
3.743923697523901
4.174900677074385
3.638239700405134
3.205699172595759
3.548251042096891
4.426655737297161
4.170140759171209
3.562900515718295
4.298876008796340
3.577477220674707
3.071358384135048
3.162840078455211
4.284950875771293
3.666849335101889
2.191536499513310
2.288320525488667
4.094596034929053
3.100999381392682
3.089507891880653
3.024103904698046
3.766672457596513
3.708582252336393
3.814953431296295
3.157438561144112
2.607959751616163
2.962181553317189
2.215762157364780
2.887235307468116
3.348716049790663
3.666441225978544
3.752865854771246
3.691966270369985
3.710187860633335
4.059679699275253
4.021272432229543
2.516097225924551
2.963303487135651
3.083880815384108
2.087551137415024
3.618472710048921
2.872470466570638
3.537672192259993
2.193224495444263
2.868170866701330
3.444347618686720
4.108169973000823
3.578936453155691
2.801659589961453
4.016370647800304
4.431601125391003
4.103015951990905
3.177926365789056
2.828720354317509
2.743064200096468
2.728839511521171
3.008602634135546
2.912640550929202
2.844531329418735
2.903387968030812
2.670500602664801
2.330770758343816
4.018776976518458
4.243834112404191
2.181515415571984
3.954167659710615
2.744815652165018
3.966517073643543
2.255943881231067
2.189601147199160
2.432069906209583
2.282792808619538
2.770422715096017
3.525743710500197
2.196417539502752
4.103524989945475
4.435309057025226
3.322144646854517
3.153766257235169
4.656590944099108
2.535891375969454
2.164503944235994
2.900668068814439
2.708737240601845
2.198369251459524
2.653345325764020
3.370812493453223
2.185942176853596
2.504316971985737
2.861818277838245
2.729719440828454
4.374630131554881
2.681193120308663
2.266411136761063
3.334020720617973
2.702228432297393
2.672533330975154
2.791865897540456
2.619506608283032
3.500405389745056
2.466577710389747
2.902397012406847
3.194238497271659
2.912626532368939
2.549474331432901
2.054474383596693
2.267391891782860
2.527613121740965
2.917015342405034
2.702705016236663
2.568274471873588
2.896372301937687
2.888590946356558
2.838289659375903
2.224120590301420
2.505574155700032
2.704725609009868
2.596101501447994
2.753103663616230
2.577426925323425
3.538378061363776
3.491424153759977
2.406110067930313
2.534340542384125
3.705250081762069
2.848637010298885
2.641866807417999
2.803728319997415
2.504313505703895
2.757753017242575
2.893898055173362
2.824891036883551
4.763129926426886
3.517329756067592
2.805246424849434
3.070330992819379
2.866103779473250
2.932893262248417
4.330254036037700
2.911287535574771
3.873039263387011
3.861967651779460
2.481816911836562
2.661335275121090
2.746467040683256
2.955710407869741
4.184508291991498
3.148231194111148
2.991554000555273
3.535928039274614
2.744007447334040
2.653516543815611
2.096030452225144
3.357528889633642
4.024700156050100
4.186525463875918
3.431482228608083
5.192183886204355
4.369871451127888
2.982107445138788
2.651974777999151
2.551215337727016
1.719826617859721
2.569181129147879
3.801658790538558
2.928311120671241
3.169221743466446
3.141447712659728
3.104264760987253
2.593682936558316
2.530798412796259
2.989329522786447
1.941495538903097
1.771364271320572
2.665301623803618
2.691547816165376
2.203632553622262
2.006719715604489
2.664324432705789
2.569205192301415
2.954000339121686
3.437304066416622
2.870465693706644
3.406355120001699
3.526111516732259
2.997072001990828
2.825847497282182
3.383660415299802
2.249863317783082
2.927203855992508
3.187274933139595
4.752836337245262
3.144115923555036
4.307206637969319
3.969681093379536
2.936359125428832
3.895435321232521
3.507227350900151
3.339319342521913
2.787488305049540
2.936137462730724
4.390989829480484
3.538768963447346
2.515132788021504
2.970437328272978
2.728685679842419
2.434183780462605
3.061708307634986
2.520412974229333
3.031636372440697
3.924665496960615
4.048813064590272
3.165133893527958
2.966266485638732
3.237901777599411
2.472952420035827
3.233597882585859
1.680622096421784
4.086805879632919
2.838961486501682
3.978786203299876
3.438568441816927
2.994835352317509
2.511935590015461
3.050187171103809
4.170955487227959
3.137492225619983
4.084377897405906
2.873548427104680
2.410490743532696
2.217246012364006
2.664314407353962
2.582407241404787
2.419005700855643
2.919938783191934
2.941127610057038
4.354826674973860
3.991359632848809
4.011771047864220
2.844987922039819
2.912405352413011
4.256226132442428
3.983386949505588
3.303890869655000
2.870889585599325
2.193622563519869
2.882994878539133
2.906643537771758
1.694358305825310
3.441953432586858
3.941981507967451
2.508766851436202
2.941669229877085
3.378467910854597
1.754437881630823
3.451268406059050
2.455848938749051
2.546272668437025
3.397438474028897
3.448359830424079
2.924565325477518
2.623522338109651
2.699913165001058
2.533442033733087
2.332623035290473
2.977385135944076
2.888891602175740
3.279277944828929
2.947801236325741
3.405271429810022
2.510037685473621
2.625333352640633
3.810010960980067
1.746372754379457
3.298406335402981
3.693685424410273
2.468471748652723
2.575077456515084
3.265793191613774
3.322522762717541
2.542426201588291
2.995077081009069
2.363036902395866
3.353823187535258
2.667398281977545
2.732349258294232
3.890029211176771
2.848249232942189
3.764460246724356
3.112160834723908
1.851088731481790
2.290027908883142
3.776404917589317
3.657517747552615
2.816656985141740
2.578256608250580
2.844943673365032
2.605533166913355
3.183605381484266
3.696440585427632
3.913061274199109
3.177602687025836
2.711382645045188
3.348970765838507
2.506181564520088
3.154937466293205
2.901887084395977
2.800224301683371
2.795845061171559
3.205818528060941
2.488521945882226
2.827773429363797
2.576980963193697
3.285301409653370
3.989539876213879
2.684172098922235
2.931215140292284
3.771916266862767
4.251613597534416
3.397740042509338
2.692433781926843
3.004474438010737
2.586621051484260
3.021102845347421
2.578661714041578
2.845892961985937
3.636457140793881
2.384025138108662
1.790399624455947
1.981756204197556
2.553978397322346
3.436340862237507
3.170168248076978
3.072624443001887
2.775415392738491
4.055520505728418
3.033108937239933
3.155115274092497
1.980679898549059
3.749106203739045
3.772954642163126
4.200677475929380
4.011516394425661
3.988657957679187
4.270777653273433
4.260113476005181
3.487465192409252
5.023990885975571
2.976942537440110
3.693358842453788
3.646385402908200
3.146124822442495
2.760391562935653
2.730764120454012
3.918218235282010
3.891525316840096
4.270349305978250
2.948107895331787
3.955569315021745
2.959552964257117
2.851708601597478
2.901372731971716
2.870252370557098
2.681445130248778
2.637767101273651
2.387833580082705
2.595466119383987
2.965381621552584
2.901951670034241
2.915883999860706
2.820166066782121
2.761712096396464
2.596485332116970
2.741834076901473
2.478361913255281
2.502499721016089
2.469930824912623
2.631899856957747
2.428483524243302
2.390922488948423
2.353206580101634
2.341136806231058
2.244142150440570
2.226371798427505
2.148640627893716
2.737292280489164
2.674158463740783
2.559951183970990
2.579711861578046
2.076348715692364
3.740790723884801
2.684484431714593
2.563353697942126
3.007152145794199
3.954777282803921
3.016379080607011
2.529756724706758
3.921336316858014
4.462371433056125
4.237763049406647
4.403320694335768
4.655415303702843
4.053053822322077
3.531331050796768
3.093494187983215
3.882324501619443
3.246857686103056
3.723228352068524
3.024095808458532
3.959591503875528
3.068391527693858
3.009458003851614
3.189736190547343
3.910269842639628
2.872215425856626
2.650962873471625
4.545202090519517
4.472268154975717
4.458831070549804
4.587029484582310
2.858731015361473
2.116716941318600
3.994795619037814
4.833470628103832
3.348407669866392
3.593494146820616
3.213721169324854
3.222057208375078
3.546270273823627
3.181751540882872
2.745286644919237
4.475320866087197
2.948863730718930
4.363720707187076
5.200208272208998
4.173807814408631
3.244508086636881
4.494465975277487
2.898957414989975
3.363518271490093
2.738423980934654
3.745261895043352
2.710234281222977
2.962327003853185
2.659768370474358
2.930187177751058
3.296857366332970
3.620259860718266
2.871297879033597
3.042806450327941
2.948599968298000
2.083421401641106
2.715069722889287
1.962661999169877
2.939455373192242
3.111723995098610
2.983502205040668
2.939447982864894
2.136331155077201
3.109741551130580
2.973969268393348
2.734463683884624
2.267057473809091
2.750566034809891
2.634894376271545
3.230912081356211
4.074662301506732
3.784270363990543
3.488476066247639
3.091527075361907
4.291975371413068
3.366878918482322
2.997824291096117
3.362528215875491
3.668790737729286
3.489829798436126
3.323998754713160
2.902964747413436
3.931602436499302
2.850668011945364
3.189234532815039
2.802277923671505
1.861121940862561
2.075813326474860
1.862869592014376
2.290575922017310
2.056132107704326
2.040674976974809
3.309565441197040
3.200233353970679
2.897109967948343
2.956255960258359
1.890215154755335
2.037316433305659
2.242581532973717
2.132896152235480
2.153883553141821
1.212865747839092
2.721191532163129
2.655223888457808
1.965984841397337
3.016449303147215
4.151966753319611
4.162591180731631
3.145288039205097
2.938826793354094
2.468665202310255
2.855891308649462
3.321290312473042
2.973952173366894
3.028130445898216
3.729245657432012
2.830323185216536
4.365863407020345
2.228717094217694
2.933386406905545
2.766138314875423
2.564136446323567
3.104959750895913
2.861254413091200
3.577251584699924
2.974578623038862
2.874328175653034
2.794936591240508
2.626879411734256
2.701321949472068
2.715394946689808
2.953498272545604
2.892478766344864
2.724683428471780
2.777132477957730
1.592372228210304
1.515986110694575
2.610574176899375
2.577553874620042
2.620108765349729
2.528877757806400
4.003415112174032
1.686164465764252
2.138784933429533
2.812327495433674
2.675213310433856
3.008631204603567
2.722152665070894
3.196122132850726
2.114791758558915
1.992786642590251
1.588106474871251
2.186864858459252
3.287730026803378
2.166055784828674
2.966914617023100
3.050216883568816
2.797572930745805
2.430700706074523
2.464619513744965
2.839532508232304
2.848559773440665
2.789722287151629
2.766404888023260
2.655213559067233
2.678017356366047
2.790892814863499
3.039873730569170
1.682529666669442
1.430308196386811
1.870066607685909
3.051300554649002
1.691301310626910
1.612257575153963
1.518238651665772
2.170882823043439
2.348167486551964
2.585143848529183
2.269747084770461
2.198249782508933
1.874518889587418
1.752335859890635
1.782329798970635
1.632943676048959
1.950915795040493
1.546976284846690
1.093914902165824
3.800040193402531
1.486469084227362
3.978254291467118
3.576469885418882
1.446975779935353
1.532799946379968
1.890993342297418
1.822263606636162
1.605705410258321
1.689518038530167
1.523270411199843
1.361336897782748
3.693864161572157
3.607288685596433
1.584974379085754
3.045063640212757
2.608316682621760
1.423906755962506
1.348668492110808
1.543336837539106
1.913718114878447
1.615293839639445
1.987165270296806
1.961636663263704
3.101049525519382
1.593943836053916
2.081928993984444
1.441089198174040
4.489643070277474
1.438372239319984
3.074207886009573
1.184854831547020
1.492660225646723
1.693237549894142
1.384075161048708
1.612503535202236
1.547055084770292
1.506674884437082
2.069046408704790
2.045520628586369
1.935422804881761
1.595686644986497
1.081103337564073
1.299876016071507
1.405355059274231
2.042750707779061
1.913030032139263
3.031531931881542
1.284790786193333
2.387946468416521
2.564267227375471
1.972650927568627
1.728270544875866
2.077185905921041
3.701773801323497
2.560542928359910
1.456253911628699
1.522605232714512
2.703752513673010
4.215228981882573
2.821253051515368
2.953435164205633
2.719937052476549
2.932952283429610
1.951485602302151
3.187969822101412
2.714228514096185
2.710900451787445
2.836260613183451
2.806542791549624
1.560438923260048
2.511212931632736
2.685881243988095
2.826418772884077
2.791081464091036
2.154807125802332
2.488499508382099
2.254722435127905
2.909027163428873
3.114673086949542
2.532275328707389
2.178164667527359
2.083182094481046
2.669149014925314
2.583838050658601
2.794593591164932
2.695897976572395
2.035909692566148
2.229855378965659
3.618886509650935
4.666592971108450
5.087160092193629
4.350392441584274
3.192951416020445
3.648006205275331
2.590299811568972
4.191579030285998
3.481574593492859
4.727418904038955
4.469913850370639
4.098395934327231
4.614434849830264
3.715137813915779
2.668235235618182
2.604352437379260
3.598646261434120
3.675881924657684
3.267042961876269
3.241615113388373
4.296704523504285
3.703460238660094
4.491092012247702
4.136661512534773
2.620205356194266
2.570983690041699
2.793957087312416
3.029860477827619
3.091775955728049
2.606230687908948
3.141656341493372
2.185578470403660
1.830480160603725
2.739732362645136
2.679952673354192
1.682630993742817
3.470637324069428
3.081308783983617
3.005119709708715
4.873768061175414
4.693061878911161
4.248106947499723
4.356549157227622
4.669219272738466
4.516747499357121
3.065483781110332
1.592402146349154
1.922862714436610
2.943306953404865
2.999634825732750
2.999917032889622
2.205596108237484
2.932137473032511
2.206282105778412
1.257092797489356
2.527795665475492
2.207394094403707
2.908399893839317
2.237373392974861
1.299194976350832
1.998738903717654
1.460617370924945
2.878458433060192
2.573529266475996
1.954865861029725
2.800008894891383
1.400003408701840
2.715170889442749
2.038874067406623
2.262606687548174
3.559014879230758
2.131496001540131
2.475770585996063
2.955739327493376
2.946524936434128
2.440986645823749
1.789521449206996
2.493828126436446
2.614779693278174
1.604504611518045
2.487139378655533
2.507026855291438
3.027576903283668
2.196844772463261
3.165219302065768
2.308808545028940
2.571579749099359
2.027289211864028
3.042247055903314
1.785765531946379
2.531830168221990
2.883838236505977
2.576417016382786
2.353881012610404
2.437571975885134
2.754823840613038
2.202382355477389
2.646749973407776
2.858894263645539
2.896193399135402
3.538898847788171
2.456541168851686
2.821348685639715
2.911100151788193
1.591705927347469
2.594451454748915
2.917081692951992
2.521093738471029
1.603677858582037
2.092333852743738
1.657804561266308
2.045564765149718
1.983098216692076
2.054697302210151
1.822010485913609
2.126462433813774
2.536059469078027
2.589006085375520
2.541607262231105
2.832272444811367
2.415603754951309
2.445620493043872
2.599794317422661
1.778632718521160
2.450907847412810
2.099709438740653
1.637709092250073
1.618489590257983
1.989452463202898
1.709209167714896
1.803294909618110
2.019753106402829
1.745460432710680
1.560191079456422
2.979393868014151
2.150014909146531
2.016289716145901
2.156082933332506
1.536758099320058
1.439631917856774
1.691072236441587
2.527183145615982
2.201269231179405
2.413967808794169
1.630887514249153
2.132741909348380
2.137373896710835
2.456477472994392
1.409380601432358
2.622019714872015
2.676330766967578
2.027057846435083
2.453519270424888
2.295070568456212
1.535132204034869
2.047821817569036
2.402754011908749
2.469634452957327
2.480257425146409
2.455228857618262
2.065130151501195
1.910232073526370
1.971044650205882
1.837265973816446
2.412152560817514
2.084305657821108
2.161064550344283
2.164561953064255
2.166811521171287
2.431811124811133
2.533635671080487
2.078023758607849
2.500453383740038
2.769927779781455
3.077164750228823
2.375434217332733
2.182364119456886
2.362336396299003
2.081258859349223
2.604357687353761
3.038382951304849
2.288246837773754
2.105386209979932
2.431024964297663
1.640561339947098
2.170857690407967
2.368213374956448
2.599122334633377
3.008294547419011
1.409724855240901
1.825824688461373
2.231220178269693
1.871847905917455
2.301556488545266
1.900098396236713
2.482855426524895
2.072224235833261
2.129307907925004
3.081813301488904
2.436443015619568
1.631390166205023
1.821706945744231
1.324546952181555
1.232109124552249
1.757763890711161
1.890028024020922
1.616199691498001
1.882280147821367
2.529385471549849
2.039255612895256
1.659144973742186
1.761063627521245
1.870727064023322
1.813033985547241
1.735056626948292
2.059849747581085
2.382710264544346
2.250801291403002
2.581975241329078
1.474328358549579
2.739225619797909
2.092615144242961
1.871104333884075
1.515350643767474
2.171391359867480
2.542594098236024
2.416368260951292
2.888034601830740
2.900190859154387
2.388980567978324
1.568549056971816
2.386781522487267
1.435511963424491
1.468150202286782
2.478814204211165
1.440863349135776
2.315836087863650
2.188266477833845
2.348980288453639
2.064433825364935
1.985655658866526
2.256896940968440
2.381447779072070
2.404104951902536
1.544288640428934
2.185455501443534
2.192444979906327
2.816222461752031
2.391690035416115
2.167998935199348
2.361578527210629
2.574681470371754
2.034288967043679
1.921105482085563
1.770267117886760
1.665804071374031
2.112174102508595
1.849426213702955
2.126284704745764
2.535387254122170
1.975098742726800
2.026321693119044
1.869399611165600
1.908003108040009
2.064683308637133
2.676014954147170
2.858836053029297
1.771580602245201
1.938074947091772
2.727300584636668
1.456525232080838
2.160373303756507
2.368514405986351
2.188173839319913
1.765923486038940
1.487376967300627
2.408069836218895
1.907887567543653
2.092840606307605
2.108829625425752
2.445695782748956
2.501180441319794
2.316705649555443
2.886256578762569
2.306251705136048
1.842406004100796
2.992908157462141
1.986263279956008
2.245052896526421
2.353066380638708
2.353077790303951
2.291588335543346
2.457152981380630
2.307367859646166
1.640213228854669
2.181351799248045
2.207795763497723
2.102285059659748
1.899896203473909
1.542336732015578
2.236528860123923
2.333986855890756
1.991282174914257
1.875900292015121
2.054732606845409
2.068139686004590
1.937890721701430
2.053636170799220
2.089613838437799
2.147853715170906
2.224200591063572
1.882469301518669
2.349871398224785
2.451637184633081
1.846115477668625
1.961175051789879
1.711284489521138
1.955953238253737
1.987831548647617
1.969565055852409
2.162133793055676
1.483520664004583
1.945278711126890
1.652560283421346
1.784015811577033
2.262985625875586
1.713749838283980
2.177652235889564
1.987740029448519
2.674404868344669
1.938042534870136
1.890881608559136
1.689931032342107
2.432807248768196
1.979448087906466
1.948030614029752
3.242897074938263
1.842643563820842
1.510459268296912
2.261153451294283
1.682128235160863
2.541690719265275
2.521531331620641
2.162514461124574
1.840687323980025
2.129885674041819
2.189861469804301
1.631975571101313
1.920329198606995
2.274933700407022
1.942970283543267
1.931759948002537
1.824045726470377
1.884624660514524
1.662310227708219
1.604415750870821
1.872719154491606
2.187786192563974
1.765817691440417
1.987386323015863
2.033027971556856
1.648230989506742
1.354159054853006
1.744055051906121
2.112201358787462
2.058397983062936
2.041919042905068
2.294747352572623
2.384926702696723
2.579597757986953
1.521601665393038
2.251557891440219
1.496803164847258
2.264725376362289
2.792865963839903
2.262075461091496
2.188059159263541
1.927712767889681
1.546150914841062
2.635410168164006
2.246827361387635
2.127968767193500
2.520633413960993
2.386499415167433
2.081855842149699
4.145144321763802
3.557640225772603
3.563740960911217
2.369639782784519
2.320402263346968
3.375406119947522
2.344120872432273
2.304153153731047
2.036780268938827
2.545483051371073
2.274693981492169
2.124287002232261
3.395460797510469
3.336050381977682
2.611649274090200
2.566003938369238
3.364993526982500
3.288886365497240
3.354645420205530
1.987986736400860
1.482834966223680
2.556868235128628
2.638665471030313
2.415514602567152
2.021252047628118
2.724106903118392
2.644359302538811
2.037088951113039
2.567805302862717
3.400544209577927
2.614615508653068
3.378250715179271
3.329004859276560
4.134070778705098
2.754788770153201
2.319999271187637
2.742655647502271
4.041343261716642
2.702647636853564
2.712077394967673
2.640294996830313
2.678359999666629
1.429167345481442
2.213059954193245
2.071321201054561
2.807720910797502
2.770337487512992
2.694685207338426
3.239877814779100
3.430875610303803
3.425445131238070
2.773136430077860
2.938736342376467
2.830401927688380
4.012496228604113
2.299518230761859
3.371066333161555
2.637978740631644
2.425991359869540
2.723716370981868
2.248080418868636
2.685650249783774
2.861796583163142
3.290058818484329
2.031287485549553
3.329670442484559
2.902771036491680
3.293941732593252
3.302323691285175
2.814126393224773
2.805693858098434
2.746946939274187
2.703176015889382
2.439856950138478
2.189551127143553
2.681786915345393
2.367474964640667
2.135165442759971
2.072381072957242
2.744032492492978
2.225976666092731
2.388009387496469
2.394131985371665
2.472756892145913
2.022764441144695
2.409990735408979
4.355223452414943
2.937945435813572
2.982901739946228
2.272408989297289
1.753055034463908
1.870272881866598
2.819841317659243
2.795602004813479
2.138087848199975
3.423651281001615
2.398198885496061
2.454314932828564
2.322324168637937
1.424056929246486
3.525923568519193
2.408282929516286
2.821348059243889
2.239653075315888
1.426025661977362
2.656532652485317
3.512680228771702
4.557970110298008
2.675684042475369
2.514073387496237
1.922537194988477
2.877616825523325
4.034376739449892
2.823585329792066
4.350893518168433
2.689230602057368
2.456432177334161
2.376665646840594
2.789051009041830
2.890064500520914
3.535977743334577
3.235421014976893
3.058146296937080
3.345197334451437
3.188553275289364
3.093114699980245
3.153350957866420
3.197977727078971
3.256159762072504
2.682876402200269
3.100584352639058
3.323732480813583
4.134862415394480
3.000537281795098
4.225109069393699
4.408686558599737
4.258567442076608
5.317642697852714
4.477362075999214
3.515517502006847
2.479141124199187
3.023848052668742
2.497768537331374
2.073183945887045
2.056017400889674
2.060721832309930
1.992312057129566
1.444768288774668
1.903221798753333
1.964419039443750
1.811018365230152
1.416359853180023
1.801347465199819
1.757571290889864
1.911265901361875
2.202599143555177
1.693782695607244
2.904275686499326
1.687199241474179
2.709399218329554
2.802567597938061
3.388357236799773
2.997527803873124
2.770214455668270
2.776477393245042
2.709186766814636
2.827857209623972
1.881859090677183
2.000784273405823
1.951469919730948
2.165643471275405
2.425132559577531
2.169694649940212
2.764286674308551
3.266740892449645
1.822085423350463
1.734053695897057
1.819609249801289
1.692588479777699
1.994959112796839
1.770420326531795
3.009697687398062
2.251028553691770
2.316911158516042
2.405356040274283
1.895689548460773
2.703643684195924
2.790957291372608
2.090299141114027
1.821962506505630
2.103435712510661
1.962816790248151
2.395775984604866
2.020684674081848
2.047687786694417
1.886751690651685
2.876570944238130
2.799364125645107
2.714350867195498
2.539323179663910
3.502349569022797
2.670435496747325
1.481426874428754
2.697232454918496
2.683355863234244
2.784231038422224
2.483355431299877
2.723942376150378
3.418093262406089
2.770663609750545
2.739966483707033
2.964296872500845
3.696505363430452
3.746891201258606
3.467599858680997
3.091530088822979
3.541979256373399
2.820235547870558
3.600361694925282
2.989330058317398
2.638117763332590
2.630918586424834
2.750386339917394
4.162848757150412
2.861817674119660
4.172250283036467
2.990777602111110
3.452680856192718
3.471285271404794
2.553407017031481
2.447473084006010
2.817885662060645
2.345548614409823
2.042821686885443
2.313045362970495
1.766990965959260
2.210593150657803
3.304882257227450
2.151195633827855
2.683160665286803
1.815790973986490
2.507388551835542
2.967252427685912
2.550816947899721
4.231522272676512
2.224145990521627
2.390028876759051
2.862472671706807
2.253415437694080
2.761674786721052
2.269614061032184
2.360320519554996
1.614092669638666
2.234276679762782
2.058554059863004
2.306392521449432
2.573842916726525
2.349898973313315
4.257972322204305
2.300032485826650
2.882991103024322
2.568655112053857
2.530005555560907
2.442336415978722
2.664264448097631
2.235353622143932
2.604508593976620
2.567416800601678
2.837285685196542
3.335031940539065
1.852421674434161
2.496426755171281
2.347334195912484
1.563711907260515
2.087801451944038
2.181626520628168
1.657956845754127
2.235091548440216
2.372067069523325
2.649937920362220
2.763431468122458
1.740029593180271
1.671921849823646
1.732162846994591
2.146405028586337
2.578361409189451
2.018478649450191
2.451193591470937
2.386557936545539
2.231017217349349
2.666791242239928
1.920975002098238
2.457780442255014
1.554021296115125
1.724465467980538
2.408107830431769
2.193722035291536
1.620483054532522
1.827544445165984
2.109498073236828
1.994625435959702
2.474020665897232
2.025797065841069
2.243740748370347
1.692403314033287
1.949653513073355
2.125403273944857
2.066608017650684
1.996570776228528
2.046933169278324
2.011029753793562
3.386120603804251
3.420196870736572
2.315178126182147
4.211358791767763
2.915403116165348
2.025501595299823
2.836917410987316
2.671402437505325
4.334053372918918
2.387373679510769
4.447867714563039
1.622840733367723
1.782491370183691
2.271627798107475
2.374348175821433
1.417250093846451
2.049643880049543
1.704934425682247
1.250201204631269
3.827532470725961
1.955510844531928
1.473256948894425
3.600869741736347
2.026142772320647
1.245709497043696
1.780331348334214
1.515107599657868
1.604131075698637
1.144695914244816
1.273045503975123
1.281016855907110
2.116999180775817
0.868488037865128
1.167713042514452
0.907933561742821
1.391530359370604
1.792842076500768
1.282015203878563
1.034843556875614
1.105260920836608
1.553867559736421
1.649662824565578
1.990267645949208
1.791943750730236
1.434642556473274
2.945998864785973
1.717327703304620
1.474853450481289
1.869717145281572
2.881639283647353
2.500095102801441
3.007490696534340
4.140139872657580
1.904434335618755
2.551984136746059
1.887328341724621
2.932938484629494
2.502291045810713
1.657702020143759
2.286801990147926
3.681845466514334
3.939028822385662
2.968439617617205
2.431937093579879
2.635668734023600
2.420222886704907
1.587793126302418
2.766060465376503
1.708617291019742
2.602542070526258
2.678167996311516
2.324418162606984
1.655490786408908
2.109520004794359
1.703502236677213
1.725742823317536
2.336830134696435
1.683228552421516
1.688944107379947
1.503517035715529
1.690198840562956
2.101629155753238
1.349154001992530
1.839014912897091
2.829510494322131
2.593091274944545
1.744134113489479
1.584365156676214
1.278987060128592
1.461069532449265
2.696344066856752
2.442559197612118
2.662055725840041
1.686473929122706
1.667876893797556
1.658472744409139
1.563381514614552
2.818093532180799
1.654649132861481
2.231310034229107
1.495327740604125
1.791075565382887
1.707191467872311
1.019663090244559
2.330812724683656
2.287104337867004
1.757085657567819
1.530050942614041
1.440327558890463
1.541669292580987
1.705781653747859
1.274222313083498
2.292562142107295
1.496464321644324
1.814849412966267
0.741614629937409
2.270112825736986
1.674646992600578
2.237454991385066
2.243957125498739
1.219781865800217
1.268871206107384
2.253807821306380
2.202670179256871
2.334293711869948
2.302378635717694
1.280529763869041
1.351859554151428
2.230199499497879
1.451245608846397
0.964901484898027
1.656474066895049
2.307533600979409
1.762260941905158
4.353462955787458
1.760322682114652
1.177156136388742
1.429252061708052
2.160634384210991
2.337051890423508
1.514651115771395
1.139181038700234
1.159923938136025
1.154576878939505
1.213808216061375
1.326940204512684
1.113464813920205
1.235473120927916
1.432134887824067
1.258931224329971
1.301446317801125
1.285688477890236
1.119082422429793
1.602500952106099
1.417473218677699
3.155309222218469
1.196578070921742
1.013501180620106
0.975143398230804
1.188373972247894
0.894243660298082
0.906363715452106
1.083691478893227
0.925151772655186
0.972304770357307
0.835093972409090
1.055357273813406
1.166437062079824
4.001098495001084
1.161572862610130
0.786447508768353
2.718358714841974
-0.315679601563202
0.707076024522468
1.437810984016241
0.474525343115271
0.576276612585686
1.817930938007110
1.850326266974607
1.729338715553733
1.798000343049387
2.031787528964336
2.125372514748407
2.022324872719101
1.643177371145732
2.088161482981698
2.546340447757754
2.429103100412552
1.681006241368777
1.341400445902153
1.923286987072865
1.398937234759261
1.531965937845531
1.510665899848713
1.601937998756408
1.144172768750377
1.434518285219609
1.430988417542181
1.603876925378921
1.549791259813266
1.744360905638757
1.595119809666133
1.511051571470221
3.690053100923050
4.131683498482856
3.689472624690605
3.136856928152196
4.142873345432144
2.796979249628583
1.740977532652760
2.006415755480674
2.582761916996625
1.970064775191016
2.587354026265361
2.546005686285064
1.907196877226826
1.659551480184255
2.458605282156247
4.864444019818057
2.099421294403947
1.801716831118970
2.507781967642946
1.881627792582989
1.911616041339967
1.622070640516726
1.622721405390446
1.528333009521348
1.657360843777699
2.062974581795196
2.391701264194896
2.395972637223261
1.284117541785642
1.547346119109178
2.933519920609954
2.193706667102818
1.629320758737903
1.988367151739816
2.222051869968207
1.763713223549418
1.603509825821945
2.777432240223378
1.963308172476811
2.375360612932333
1.906130401308840
2.334959205732289
2.248021327669335
1.834795464772272
1.990819326090179
1.567782916407857
1.809227332444909
2.314445761766324
1.731830428810198
1.577064130181621
2.323348747480832
1.636962217880103
1.775896438332638
1.520073133570772
1.460609862903468
2.225185394110874
2.042342121555867
1.619719779762457
1.633084139455864
1.430471806896091
1.425922975092815
1.345414200937788
1.824865632058976
2.137156138481737
3.984495460308608
1.490126957573861
1.357425698537787
1.467000344671366
1.928470561658968
1.404632220090401
1.376696026600676
1.333188270319119
1.748518358150594
1.639951263173497
1.507525805568910
1.850382603667837
1.304082279669126
1.505928119230570
1.690721701440664
1.626757003673502
1.647111345243240
1.913836569995125
1.683214290235456
1.720947921189842
1.733719102447654
1.526937864197396
1.879005088396589
1.684080241870988
1.893979220164374
1.935923035895333
1.530386731398225
1.747994030060509
1.486083641843725
1.735642829121788
1.478903085804179
1.385406886530616
2.570668999060861
1.634529534823809
1.688529703325006
1.725421822389647
2.043933314170842
1.229474242752739
3.005918425391787
3.036457197206509
2.477101777483204
2.188735558493501
1.871519976037986
1.513367542665805
2.663584519708428
1.496544721738807
3.171370457205479
1.651753655488815
2.011800586332755
1.872484926693485
2.787001859503881
2.455751056487869
2.557368973430772
4.048486834479301
1.685527187040218
1.618916110898088
1.434377401067864
2.109724798894428
1.822957849777916
1.669830073091245
1.797772378634987
1.922888755228959
1.797509538152672
1.630950908280354
1.396103231968058
1.427632379638650
1.744862394613813
1.770626093766554
1.542683559690347
2.014102723397471
1.756474274385457
1.766821604418456
1.571295532683166
1.584697066122949
1.362792944701949
1.674446852124842
1.874052116687688
1.436549733655514
1.921713823973971
1.605452669691388
2.219580070675461
1.358350516606605
2.975477027921686
2.006889303601588
2.223030828101557
1.672063933182055
1.530136429885564
1.555848332370784
1.248791155176020
1.411314160784947
1.355562268682960
1.333646553210481
1.133150419462513
1.274627789991318
1.511134007931921
1.130978041141608
1.513755524373802
1.447499225872281
1.442222897842210
1.266793123369398
2.037967076800729
1.761505921852644
1.738563734435906
1.727666905650491
1.691987556364198
2.866855024306669
2.124872999906469
1.930963868672090
1.621797111497209
2.455599530805901
2.525408383421650
1.645767453648584
2.364527798379759
1.645731647253281
1.918493024048376
1.836238811513766
2.589218938831231
1.503811055423195
1.881644468753195
2.109461425454037
1.640250776096391
1.803544371989414
1.698314650096128
1.551057834213935
2.572476074937283
1.895015072082360
1.774755343499322
1.698547926709750
1.916294588939592
1.433169854566605
1.333515735246313
1.427162617164944
1.844741228948012
2.235138146277069
1.450739447316048
1.916180101015738
1.684689075038865
2.053318055111225
2.125348645573292
3.378501446351740
2.405927404264522
1.977159700010398
1.174567417389833
-4.131812359277190
1.642970272380218
2.213063646623577
2.156114608732256
2.268294475875259
1.491739338296691
1.451514406232227
1.335685189761786
2.049246650026507
1.697474105668358
1.839259058779637
1.672994913341619
1.578438779720310
1.615688994431771
2.544701668961921
2.242544474428452
1.222313517283993
1.200835351169764
1.623350849479226
1.969905124406257
1.317837207537221
1.607508143419440
1.748879909331738
1.625356490981870
1.798837001151119
1.715592326903044
1.659528371421826
1.517523476776360
1.745398334571972
1.403638098284698
1.824096325886699
1.730992496696863
1.719757953323030
1.599723391895558
1.395625698670264
1.559270115161324
1.484139111137516
1.578600904120390
1.594113542735839
1.232217437490635
1.650752337489956
1.625184043466309
1.502949181599099
1.489748523280946
1.559777668662101
1.586047843638732
1.529944713917981
1.700070803338230
2.451867043599612
1.651800319952062
1.229075046900904
1.574027731413809
1.518495308121070
1.490134460208368
1.422956703763646
1.323122770880364
1.468553482380151
1.330975880033421
1.476095315545338
1.496179797204408
1.580609201755724
1.496788425954347
1.617271033781883
1.671924699238442
1.385445736852451
1.518901518133862
1.469158104429901
2.044495059930282
1.498676054729600
1.399897964575556
2.269128803444822
1.354533610208078
1.352412208272632
1.378888269256105
1.324417189728247
1.465004687603694
1.240268342409290
1.276789464160084
1.372131300566511
1.408950953917386
2.064780774175324
1.566397912843599
1.589899602123219
1.400458123392205
1.582433462845322
1.195423252057823
1.383986779508098
1.504617756661729
1.290710158876133
1.337550852660855
1.291484543217231
1.358292108858491
4.143795430207471
1.576711151411949
1.606379060008445
1.541359417231455
1.813160679507497
1.413159808755845
1.650653822677319
1.671552711646391
1.686797315258566
1.330007828768740
1.792964842247494
1.884505543918128
1.818912167386618
1.580508186734159
1.977560799837811
3.076690806515080
1.906638471107263
3.265074427257770
1.717177532743295
1.539963731380461
1.826609678159017
1.472259046411382
1.334967190882532
2.525839871227148
1.782333506671618
1.511395413795110
1.702350855832658
2.575217909347748
1.836755905724870
1.418449283834401
1.423020146594699
1.621781380913209
1.350355963370846
1.402992690178059
1.263142642644873
1.412325391225203
1.973645118052929
1.389477345708103
1.444983509249622
1.643584288092036
1.345022674351057
2.208149360793714
1.311138641963118
1.419108840722874
1.208722002498964
1.230803263004281
1.296847227022456
1.334028271269389
1.430716007934833
1.406423862216148
1.307417807076445
1.422239313970962
1.320777687725725
1.304046108473835
1.295506391022316
1.358336392972987
1.294050143423959
1.220100822381133
1.315434577211213
1.401207638939530
1.360015696586800
1.352368723096881
1.254986877377775
1.164787906772552
1.161421649262992
1.215634535803628
1.151554642404749
1.247999275025621
1.354587855282513
1.234921719431570
1.323442627288940
1.395321923186878
1.311628643598793
1.458169931712628
1.308414728939709
1.745950779588385
2.176246238450589
1.360132187227062
2.096060180241129
1.292632848270408
1.456598305352876
1.551837096684805
1.710630797002251
1.284727150204739
2.314219276631126
1.381500619684543
1.272630585019222
1.171508506182284
1.313733386581951
1.295719279212021
1.219341377365123
1.406743016573507
1.712637697986520
1.071411940291081
1.277099562875457
1.258512003660607
1.197988107553277
1.189946779418135
1.323575488889886
1.124703124123946
1.229567739740669
1.139055369208321
2.817495533129523
1.046172635061861
1.154149997489981
2.446172765615827
1.238396051055588
2.221829031326765
1.477386677221218
1.658971789640985
1.922597593659457
1.462881496555921
1.916337254278105
1.364212477035673
1.293885817571924
1.198686285166189
1.245467743327962
2.830083362620846
1.863536315621382
1.303439099825281
1.243540142886789
1.258681617582450
1.220047529316625
1.316462521677414
1.277505034029498
1.353295707775299
1.293871120850178
2.333311876052969
1.300779970483945
1.329040190872494
1.691074260479642
1.285332852357755
1.289534865263249
1.073469626845745
1.138536877774799
1.388193006281950
2.043058233335598
1.166800991552746
1.920146666591801
2.020024064630487
1.238385834593264
2.260536764209264
1.141393856138542
2.075128752716627
1.433309628737325
3.237566212653070
1.103907058003132
1.647943067755144
1.537268783572552
2.295286749778455
1.395168087058997
1.293661233342877
1.450203783158901
2.274750736662164
1.119796521459046
2.087669422743336
1.459502544352576
2.083034650541870
2.167284380245193
1.312528419259252
2.126309103370859
1.274733177944347
2.181851885428919
1.299901488160189
1.974048486569972
1.199436811668951
1.400593277780060
1.355993512537413
1.597768714476248
1.048175160056543
1.269971568860172
1.748600689433951
2.494975843547873
3.078105781567774
2.056420203171416
3.514267268798219
3.258487113121114
2.003564506474299
2.015680157952827
1.968218187028721
1.983706866787798
2.055546745241176
1.240312878640303
1.025206902348731
2.800309389086400
2.063585558152960
1.796482633897428
1.639853393581335
1.999020589852611
2.561146257820290
3.312222304824348
1.482488502816614
1.350118883507609
2.193773668781000
3.902739890898829
1.949741015791997
1.354251586961589
1.260362892163018
4.093848243521068
3.338738693294743
3.086892740344234
1.386358526727246
1.156861380773495
1.455425555697148
1.319637474530114
1.831126658417724
1.811802211898100
1.293116325458822
1.858626044979731
1.479434828235987
2.276281030287017
1.725590945214090
1.595258323933997
2.150774507112222
1.170105313216981
1.057351752781055
1.192011900691653
1.366269305672197
1.218333398360594
2.102838018015771
0.861822862491544
1.032930919583368
0.815588086797915
0.878339207720352
2.220429985862158
0.849983437031203
0.873508820567996
2.168800516826633
1.975243033162999
1.940854943066992
1.965227865230655
1.794428088430030
0.979591551021904
1.380361133644838
4.721162672435897
1.927395628547436
1.781846586941219
1.745657471608686
1.216252959362474
1.974463376689455
1.884821121187448
1.645218400070482
0.840924467928683
1.613712084236334
1.136099189068848
1.689532417064219
1.352664410035563
3.075910213806669
1.313635915492414
1.437391351040781
1.759526078018331
2.581066267656570
1.296857728828495
0.858287659800831
1.166533641113338
1.884890342823330
1.188212837156800
1.024075917732159
0.905031312415641
1.477866134534547
1.041051270580917
1.576648219002497
1.030042424485538
1.034309064840529
0.930380259392267
1.986279109434626
2.004441453707545
1.908961040339503
1.973807870618272
1.861984968881745
2.093357355853434
1.700893979223022
1.835808074148609
1.561420736530878
2.117017570115517
1.432907307012257
1.434242083973502
1.561383680144250
1.489710924041268
1.380908057879177
1.251980669247714
1.284553028177236
1.193972729190363
0.969047785901026
1.272465734652330
0.293257633990750
1.451913916898879
1.525849050244041
1.285184369236209
1.341984367759525
1.248757289394998
1.385670098268731
1.367446369072184
1.309229001297544
1.465015948379975
1.314771694489714
1.377456776456446
1.544839811956586
1.270872382049378
1.374434220879989
1.559549549903968
2.715187536139667
1.555522170446837
1.568539763440610
1.563564301337507
1.583993532529264
1.479236922569827
1.665699704669652
1.942299322049264
1.602000888595858
1.457825605778193
1.688742176612009
2.814780230166994
2.079348552861622
1.375001154578513
1.534434238204389
1.123646285226960
1.612147990112277
1.484757480964655
1.576672015869768
1.557298839211667
1.340457972189793
1.166472956574448
1.088965624520499
1.102152367941741
1.286590376938038
1.313306692930158
1.297721973605413
1.342434325766340
1.470733769564593
1.243664423064705
1.142696583579688
1.175917824359645
1.231988085037885
1.112033891274511
1.301899765119813
1.199775344399350
1.087509211776817
1.031893067771715
0.813647438757841
1.452930314401112
1.480350296386523
1.418877378828656
1.450325256294637
3.372335415048717
1.980461948283506
1.290556909088124
4.166905457311088
2.746402124790852
2.790678411821139
1.857052252239622
3.910769962934390
2.655501374167438
1.217869392654028
2.020141364575781
2.673959248274326
1.393320250452251
1.017128165089358
0.917287460157682
0.932515929354195
0.961089049924227
1.182316138270699
1.159240981725375
1.063505685505288
0.993604002715935
1.095734691824783
1.377291840985067
1.401462407663001
1.436585743366347
1.295523999472780
1.101730920665974
0.975501121066141
1.263236117085948
1.265755663128169
1.373859200299527
1.101482203629837
1.270342513676686
1.229198001780355
1.154222253780397
1.280729121831352
1.204546718646833
1.220964537104688
1.056627990918889
0.785632836174923
0.757149181232686
1.044560040636132
1.160415021799302
0.731120915278032
1.141252590327900
2.468132981748950
1.300694689597698
1.822759852821133
2.955879373967109
0.984162065037023
2.893580126333693
3.635048674806013
1.793918421328811
1.012372027133587
1.231847994884222
0.927682721966218
1.052818358987508
1.139524917176766
1.173605898544073
1.291365887260555
0.989837527564136
0.931321406945096
0.684598537344331
0.766537984002701
0.713590440019888
1.121190317523810
1.116263546320642
1.078565059229383
1.669604781270976
1.063001318022207
1.781795035506920
1.786964095505259
1.234865521833624
1.097509460422609
1.668379002405858
2.326227255706707
2.594617417011301
2.382571551748219
1.654876104118253
1.746140095216424
2.635632255333810
1.123847087687430
2.202485776597631
2.172375441500135
1.183840178156002
2.093411536054453
1.094331927279624
0.897103948071978
0.758252603797697
0.955263478677497
0.969475299039570
1.168642453732903
0.719698857592462
0.942532354155539
0.785778688293031
0.951719923988370
0.838541389455013
0.922358672188648
0.865791711746466
0.830308578426173
0.956407909912199
1.003737684342075
0.856188787684762
0.829880802308390
0.739528486936098
0.593738896464356
0.668079570216322
0.982140322123259
0.843994946191106
0.973533505667369
0.822230990600231
0.782363851137389
0.895332388753720
1.021053454422503
0.960384160828979
0.854805285234038
0.757965388762070
0.905310084410049
0.797321816959267
1.691761716539987
0.688494309539458
0.863788471257484
0.985683719232500
0.860930182334909
1.195045900052933
1.116311467246117
0.967132357919319
0.984549966647311
0.911858788179529
1.070351689362442
1.079504348862644
1.004946772701567
0.748358456520258
1.046208163323205
0.955772184140243
0.878066403700911
0.539610943821107
2.110461234048903
1.661417147876966
2.210965982647446
1.128892988536897
0.835854297451680
2.195694188359887
0.806209918712712
1.142772312940985
0.739981113694340
0.434688918946073
0.533094960217559
1.079786817985621
2.195029628570437
2.222683170872889
3.967361426375995
2.749513744395677
1.197884088394684
3.654880332295774
0.849568851384075
0.974954558099214
1.699886966839014
1.012051109631046
0.919879817407381
1.246380278725029
0.924981294544923
1.016760849118636
1.038083720617934
1.149986829898039
1.129104217327427
1.036265175050401
1.783777377103936
1.076318508729634
0.988068163891349
1.094007937446560
1.038647041285786
0.938034918347520
1.231825238750417
1.155464113224582
3.110901067906214
1.696294689688563
2.974643394316007
3.685454475628032
1.300337726474273
1.311655167888965
3.775019997410795
2.380789573867984
2.279868243248174
2.301082931051947
1.151730272028976
2.181393078518681
2.232579302946627
1.683431028646880
2.246775357061970
2.782832992756039
2.165287916052229
3.919431473096728
3.894785729617056
3.671046730222264
2.705248458204268
3.726937395031857
2.641281446801959
2.114236284425631
1.221140731069293
1.116552562345885
1.669938338767739
1.234923579325685
2.097886172335276
2.260270879294487
0.999019427470323
1.194518255220782
2.234086861700826
2.085668857367048
0.972355648202676
1.089483086199726
1.350816116710686
1.288391089477962
1.673544867212374
1.280829250307923
1.283129984385959
1.142954152477099
1.650051269351808
1.149819812381363
1.121216434843725
1.109282413716151
1.180680083284693
0.969527089936312
1.113264992502574
1.100632861158722
1.109286034291821
1.108227878631944
1.082827470316061
0.900911819132939
1.147197051022040
1.138044179987546
0.936872966765816
1.021434789684531
1.014494260912187
0.972196242494560
1.021891389010090
0.974163259347191
0.913885328540267
0.864929225761968
0.944740954938500
1.009605042921177
0.821932982492133
0.795281649922402
0.704348172642701
1.494952826393653
0.758428491322711
0.738909492117029
0.811048428759103
0.887555805939033
0.863177092515544
0.832110696805252
1.041894311940227
1.357598182967652
0.767133083388253
0.644518011473321
0.680289334370788
0.710392556747382
0.899175578537172
0.758998236124837
0.683996353606942
0.960029103788947
0.778322788995308
0.698849489484206
2.195519319683146
0.734623408815903
0.762315397842971
0.937392518586388
0.683925651171114
0.882369103557535
0.747003664908582
0.802680849318663
1.427589417380771
1.434923429967195
1.592436124105445
1.734168699667942
0.999609651984708
1.119776139650800
1.691404459918761
1.169300823328122
1.604234376758172
0.835719136545105
0.860606772669780
3.694509768318603
0.965140337616589
1.914082520689538
1.493879164247046
1.156401353982383
1.301798262708597
1.451697414325712
1.481950550332338
0.918389432768028
0.878531982588572
1.490102051933394
1.405001194122866
1.108823930552207
0.915648765767704
1.035813687524147
1.854887189032883
1.057565611016569
1.150443316009863
0.983694370573508
1.216897465383463
0.698377059570064
1.049149209964529
1.043270488200417
1.567863284930725
1.065478557166766
1.074622283579210
1.002352172368145
1.547671905402181
0.957620458680231
1.110281064873740
0.894065381956026
0.910418504238041
0.730237178619383
0.863175786743778
0.932529436949365
0.966408874311097
0.871159818200910
0.793052623909975
1.299511640966144
0.843807674310894
1.431993777736218
1.098976407374417
1.252293761635506
1.217406157652391
1.508613503588618
1.133231991647000
1.560851159129345
1.202500830352408
1.256129370443854
1.301159598622830
1.105301134378737
0.901113974076873
0.858286469971651
0.858555511818862
1.009081283230372
0.932735649240058
0.780842793163258
1.154410822159557
1.379317717337190
1.481494563779314
1.471064774028404
1.017699151188566
0.831680303744270
0.969495688183277
0.998195656269299
0.904540968926294
1.007466023538204
1.139372612291155
1.312400843908559
1.124182474037269
1.064192898852851
1.011203547925583
1.923164535467550
1.092908786256920
1.205814723537294
0.990477370351944
1.276099927086537
1.267815123992375
1.079321608077833
1.019562805040912
1.089657235187373
1.075470412754511
0.997908526517836
1.076707958430586
1.397381374613738
2.765893517962902
1.247546644921786
1.180842324752460
1.242395268313894
2.903207904959247
1.246719679182229
1.138348755355906
1.202087756361801
3.409839097715007
1.414446257413131
1.820653405782883
1.406750106830048
2.036822647668062
1.910853463750980
1.940298227669942
1.360837956718106
1.271356457242933
2.538249571275119
1.325431444441168
1.508674116188411
1.795180376782852
1.330036926348065
2.362260327376560
2.386921552554153
1.796199350675842
1.768020849776893
1.797705690739700
2.445512262559661
1.402590879526415
1.920618507293201
2.533645222138861
2.578661340571578
1.370831257454086
2.541788434167339
1.709606763566713
1.267624341859087
1.473185871238756
2.064882771023949
2.658530196786011
1.452249578925182
1.916138043315316
4.224666033362963
1.383645548538455
1.225931007518574
1.304046556845933
1.350876356230596
1.409091535097585
1.183271316493594
1.302499930949473
1.537526426760842
1.540087274338487
1.117375158163514
1.204890208830272
1.311007338401072
1.086828761039361
1.263040816955963
1.699950496528660
1.644114002109580
1.651953750871661
1.308741395447915
1.230669529509184
1.200950472980488
1.721371841984976
1.329319841227649
1.227668164450357
1.284469676647606
1.445310240678135
1.042669382471585
1.177559323213423
1.855513626093892
1.511960978620394
1.406374964752817
1.318486740839421
1.130985678155163
1.397034597426841
1.233404478297842
1.852420793060858
1.726499877769498
1.309261379780629
1.461125943279499
1.642998296497510
1.588146527467846
1.267952936948961
2.244773052986690
1.378286793874810
1.684900014461894
1.625246016948145
1.398141431139520
1.312427609438414
1.645688940244378
1.667086304739465
2.297173362512153
1.449169384739266
1.449697709713920
1.174951635309568
1.305285358493139
1.239114703685341
1.364007289847905
1.362982924876213
2.423750477714692
1.764113785206996
1.000176822709112
1.348631162268946
1.674738791338484
1.575262174466745
1.422334481692320
1.451515282459725
2.130681928421108
1.370827440681349
2.240350747452403
1.561750494110218
1.217011986119745
1.422379951925977
1.656948515377317
1.635069782594611
1.449428369159745
1.535171754300884
1.505812980618169
1.445108800063472
1.379449755531782
1.370788092061413
1.287504618401306
1.644522006758859
1.265314006145499
1.512856460053481
2.640339583175602
2.306790134203104
1.282613730528913
1.299900958402641
1.245420498232727
1.463965698107831
1.586332362154050
1.355766421806368
2.105909609001927
1.125876259650792
3.463537735520896
1.366900224126679
3.530909996226613
1.271012609529542
1.118402516070890
1.368062771745663
1.561349710772367
1.233094721673598
1.642972381102200
1.547096464962989
1.388015362229549
1.303068399267503
1.240946161186197
1.186012302082793
1.745673058059286
1.329176501262876
1.275184188906932
1.308039548933331
1.518843290709802
2.161439782758877
1.344205048802132
1.332581421441059
1.617987097441695
1.274032158844291
1.291193078986672
1.163513903961096
1.079330042192964
1.251829299814198
1.272177447150646
1.084483917928504
1.166909832216572
1.313409498018436
1.323087208565972
1.067358972786769
1.163563501510617
1.249945799918789
1.299374402651986
1.347956185853749
1.221386136822458
1.205330829472842
1.248149684738677
2.522914572797081
1.615496264718346
1.699865964853104
1.575223626667603
1.413990757648061
1.731164152828940
1.186732538262207
1.625265161347851
2.164103310970549
1.638242055367813
1.020807985697473
1.101488401121890
1.331933982358636
1.522424690983462
1.480157581501882
1.451420292450770
1.921615071698910
2.308757465279133
1.311945893996010
2.187909953315976
2.273052395652669
1.343737461794470
1.325458045879369
1.152136019675688
1.475613048674866
1.485656294886196
1.625903324841435
2.279694583742207
1.165384723110557
1.474828799392693
1.596201334730251
3.332799752223261
1.297229591732802
1.545122766936097
1.638508026780707
1.583220808909567
1.486339196025013
1.346151649761120
1.378788255835536
1.595365293449168
1.498540934908347
1.098287713155666
1.532410395660587
1.052225325166130
1.016494122636146
0.827913671759387
1.344096551277994
0.937149038930809
1.453045626589380
1.054104431517011
1.369872803029747
1.612121191521123
1.321093804204324
1.232043230987175
1.254926423497926
1.685962303948537
0.602265951657190
1.794487677364988
1.038483639001084
1.133131178819808
1.154404234020656
1.099802127814763
1.052065988141220
1.202211655307850
2.336620944632168
1.468228225840045
1.739877003854343
1.088583490926814
1.056545143242128
1.818577807295602
1.565800560035183
1.418822084121492
1.154616381805538
1.112127536988526
1.290541283995270
1.315137676774497
1.855895806195539
1.537595614904957
1.073213635411078
1.468106722577627
1.543490852376979
1.650238313393017
1.534224801496872
1.761922157894377
1.150505074393747
1.466398834425837
0.980602265821850
1.661757267292141
1.816770777298202
1.633221517755007
0.938363563685138
1.960248800185978
2.337767599067224
3.908990784035184
2.145947933817013
2.924732064590239
2.470552536812486
1.851075080578875
1.241288326305205
2.511858103011939
3.276340324699429
3.051283457296126
1.178536448856719
1.158801418421537
1.377126878873324
0.936953782977923
1.374484848072079
2.196782117261852
1.503882862085849
1.362836785688759
1.497042679831978
1.329591646684223
1.510301702809997
1.860125751671568
1.150227971571300
1.013921343520194
0.892540015670665
1.241389502797489
1.025641163263007
1.083515888413217
1.187775624674499
1.834652858347932
1.503818050037270
1.043259110869488
1.018954436647056
1.288571877913904
1.806071377406297
1.437589564680152
1.943621600629529
1.161840458421588
2.269091830517396
3.136230401923799
1.287143483531282
2.150784352746827
1.994419384802871
1.450011638325702
2.181326445631579
1.411037726464377
1.370847982784540
1.888820721631776
1.152643077703889
1.451172278613378
1.180824153615625
0.887439684796096
2.086668121350735
4.027556894593671
2.782371836565487
2.868326885564390
2.988096637517360
3.085596110213562
3.008402964639575
3.966148557995540
4.011837396240226
3.879772316595533
3.823393239609715
2.495847163563803
2.514184138022356
2.819070481902454
4.027606881398945
3.963334425074658
2.566338098609062
2.457398964026902
2.796784976825628
2.600038679725423
1.518610322562341
2.010237419004438
1.290172032166836
1.315486419415917
2.314695362267273
2.364223237966230
2.613588980323376
2.130218979024109
3.331586107683139
2.554776509050248
1.361771430249122
1.404658514769256
2.010629519628814
2.043930038972325
1.867982070193526
1.517779558246083
1.428670170382902
1.900436079042850
1.277237952156948
1.430174011070774
1.295657106002851
1.731580658192997
1.190922832784147
2.230237769721970
2.045808489204748
2.710794049701032
2.240508810262293
2.081990491052908
1.183796925495238
1.145718921545889
1.145688727855521
1.874682492786858
1.820044092367662
1.419308744593825
1.780920130815143
1.359970545799867
0.940689349565292
1.502429517500016
2.316376337408509
1.444844570198964
1.597176890252092
1.093717682484644
1.174706592988629
1.123478290901204
1.843840340497270
1.190594408296394
1.431338853215484
1.476222077068110
2.025005357216218
3.061390126788926
1.464812084368931
1.086888958996733
1.485936466826482
1.394332567150133
1.217237601945522
1.046925379829724
1.053841089515420
1.723576062118537
1.409620229454418
1.719604366357092
1.158085063378087
1.730343262104283
1.716282025091879
1.929595445775031
1.878970910363626
1.116691466510337
1.004086137154402
1.069833482411193
1.000169745765773
0.962249761309365
1.068696079821234
0.993146475093187
1.115964124277832
1.268765656697645
1.348795119446761
1.254164686033102
0.842853154131604
1.324117317684408
0.921842810751642
1.028011262849391
1.507469804049007
1.696435572660906
1.699898833800088
1.668547258334694
1.391768680646981
1.315597487766865
1.438996108535536
1.824813418941500
1.331575533249060
1.363302037500042
1.827762362897510
2.270527063508562
1.860748948536726
2.969832375844499
1.472469061119654
1.377058053515327
1.557007562822314
1.397575099405372
1.935969852111076
1.511956820902035
1.641366845786554
1.341723842593408
2.035253530187936
1.968510502967034
1.675971440578998
1.710478209180448
1.566203820530582
1.758002309732542
2.097629463785217
1.444761980497504
1.590347979176813
2.302019683997851
1.163822204066251
1.347678295492848
3.811844533213460
1.092851199644989
2.048594377825837
1.162726404348113
15.942856349421527
1.639726816562576
2.497281287549122
2.397811267417371
1.579147460670216
0.409160095957640
1.818224263619868
1.525396770518719
2.034307066010355
1.982691803807072
3.846289672818171
2.348349674299519
2.303284986988906
2.199437717074215
1.821931430725318
1.738582671542061
1.631996887413448
1.718814003939113
1.818186128456908
1.757862866925207
1.646302790477272
1.385936612258043
1.333660558358244
1.671166964588737
1.075375411818195
0.429104570019593
1.566663908854873
1.680413459562771
1.694099784627190
1.749096989742217
1.702984498013760
1.099882071866846
0.526671478526362
1.510600942349950
1.321537980195708
0.338036979383601
0.985524546286009
0.406021286605628
1.811875961432271
1.888561343761764
1.361450858100003
0.240263938889933
1.220469010189023
1.811870872843737
0.363838977541643
1.091605479497934
0.295079854360180
1.314677204979298
1.134051056101014
1.176394973953011
0.496242355193588
1.063615394884833
0.579296227843164
1.557554310005962
1.617829156778892
0.599293105305849
0.622752436061389
1.615096061097158
1.516725745772625
1.174745117884441
1.868016899242877
2.030244380883913
1.957690771905973
1.848202912341388
1.355106678268911
0.611702910737819
0.520893230141179
1.834069887780697
1.636232438258660
1.564910925676767
1.064217657106524
1.111058113412947
1.361370799375624
0.557030702125583
1.424618783043179
0.612025382608360
1.206902685339203
1.136536695131156
1.174268698111550
1.257135306252592
1.146045453973256
1.834765439909328
1.810567616904116
0.525139889299512
1.449525024663620
0.565290969374596
1.366764525516015
1.303941315332777
0.571641292400090
1.512124686497147
1.919573030157003
1.325601773699425
1.383315198787049
1.723484863069161
1.633436865985949
0.671047911586923
0.601068148382953
0.616398131017675
1.578904944810244
1.667880625233065
1.624300035629204
1.387236126124546
1.395427575909074
1.223945211654681
1.257792465971363
0.692363729126178
1.508603797822593
1.597419628603348
0.724465408953583
1.379397772837690
1.435242504355930
0.670745465402734
1.346838942616211
1.056384439404140
1.486208270522625
1.548728308275923
0.640772337489016
1.325220946619145
0.616329072592739
0.720188808593067
0.657440903557033
1.528179268641400
1.505834481146312
1.174252886272085
1.334209701307359
0.642441301652452
1.451216367164845
1.116469077476303
1.311378620919933
1.530689916405467
1.437785817393387
1.322303261728532
1.282895856545565
1.346311538213643
1.349570505569877
1.361107974898056
1.346540280534505
1.311896433334456
1.316704203893360
0.997293282122363
0.979358486362290
1.249318876129047
1.291406730990429
1.260490295140667
0.937933909622813
1.251309644776816
1.001871218310880
1.206101080061873
1.370820434697568
1.089323968481711
1.047708751407153
1.482252232412186
1.142204987412627
1.499684673396357
2.622810610875597
1.996781065021409
2.750963023781253
1.750196568190946
1.277485859537124
1.384831363710004
1.900303041531521
1.251572159673597
1.424988077450930
1.697445056302744
2.392021049867155
0.957237860974940
1.628598086182081
1.530610918191433
0.694597631145596
1.955687615478992
1.651858672696707
2.250375839963044
1.274318802634145
1.174071139969812
1.151346787064223
1.223156409231031
1.145564717616113
0.610860708342832
2.304359613548799
1.154352307320404
1.130785434425441
0.977224715027298
1.118321453475024
1.234818057739197
1.154641888682028
0.974878875492225
0.986162363324141
1.026372209229083
1.036890264073474
0.974945236375893
1.006295528217108
1.156864596643713
0.983217216612595
1.114732565613441
0.958573495486950
2.820414448852046
2.171823919175126
2.143295209044293
1.229190068224694
1.234673386756477
1.321690281545499
1.178146409893622
1.833682780438352
1.875928358113048
2.279783143124488
1.899912516876291
1.150105045958207
1.125904596147995
1.847256120099933
1.485995570525303
1.079171963382300
1.024472697668186
1.095766068251609
0.961301823365184
1.019372795570955
0.993636047946131
0.973520151433243
1.027096939967948
0.986558104743501
1.097916437858691
0.953196596287204
0.909700970797023
0.948819940428473
0.975349174680316
0.886750359049089
0.906645206414133
0.992152856697423
0.945030002367194
0.973434894163808
0.915258127161559
0.861398395884837
1.149378313705572
1.109038335874377
2.057374278100799
1.934468899615722
0.572507809739561
1.371267998843508
1.354440562795255
1.844807165375400
1.806345038308574
0.923657999114963
1.217973712993970
1.344076703279288
0.662026813673017
2.147975126576514
1.344394297719831
0.656220114128201
1.175502011857288
1.038314936548277
1.021147353754250
1.356574557998415
1.269649403025215
1.118239642621913
1.058906121680015
1.066637450627974
1.120297691263846
1.012542425687690
0.779981652499580
0.952722212247157
0.883808350839857
0.861507549055672
1.066615289205140
1.065800772759744
1.153156414091061
0.616940047069763
1.059691029263707
0.978631794855560
1.298558223838938
1.086651620970754
0.970563641598381
1.289023998000854
1.101824851254015
1.807103351625990
1.034388935759503
1.168071372697057
0.920174842100855
0.831841750736289
1.032253801945772
0.947626371046076
0.742461512549597
0.921027639267502
0.935477659715129
0.969504335137663
1.165374490950748
1.088891205514966
1.303853356717551
1.208208798959017
1.278775291476717
1.950654795417416
1.462089295904737
1.106879124786804
1.535014918702700
1.619903060757966
1.714999495033716
1.656120484586997
1.695383080025033
1.666507106246064
2.021753839882436
2.194065113899706
1.783838172198637
1.627006600872657
0.759053442201552
0.850118899889300
1.031020605771009
1.059685950026199
1.077522094062697
2.389418500751646
1.803479061508970
1.683521249985851
1.005255464613872
0.920423439871539
1.127086110587473
3.750276696214021
2.078929560591857
1.480311398992055
2.496138595259381
1.221983257611548
1.303769399227883
1.914868115316246
2.606649232570394
1.763335070276484
2.191480162339434
3.719513306867526
1.543545553987547
1.833609578604921
0.944167719911484
1.370080293998810
1.211241147965500
1.022319438569440
1.214281173576952
1.539212400738309
1.073431041142141
1.216253097799155
1.302351935914138
1.010033663523326
1.017966357139142
0.999565390653131
1.188456007621730
0.941484283388185
1.034119580914032
0.930024830489334
0.598326275725125
1.259964119192882
1.220384595830027
0.817036023407884
1.217055855912702
1.495855821190061
2.471235440644637
1.165047551606992
2.474983465869332
1.061315452489652
1.089775655640005
1.474513249750871
1.297166467797811
0.965519224831422
1.350763427132884
0.906869302314607
1.157573389939683
0.844709043604647
0.857538137194736
0.900299320118657
1.389819001623127
1.366275690583035
1.615927340348870
2.105939813580934
1.593674500482470
1.608135655427997
1.281430048616159
1.885344944244975
2.470687385558720
2.065467174391104
2.056058194622619
1.504782392132667
1.881217276492017
1.944345926454105
2.897499479375229
4.324731749017791
1.542208975113229
1.146891171231677
1.461692415193526
2.125787521206464
1.904532780749837
1.698307790529606
0.732326418464758
2.901910735458745
1.674137090638736
2.641997998765082
1.837234435086544
3.172954899987143
1.368551369384704
1.029232497843250
3.295939300237499
3.427188488683872
2.536611493738287
2.640951490055921
2.084125162206072
1.041907565211813
0.891995947816008
1.569684740633550
1.107580737457355
1.212044746970466
1.858785091606306
1.043787454884368
0.826350619404520
1.707396271263753
0.760799979059117
1.612537598590714
2.920014305521147
1.244523191365608
1.046471693306455
1.163676568231754
1.288645599549860
1.099025590942741
1.282789586210915
1.338674155774374
1.030150489485851
0.996653862960580
1.005320700867531
1.119481634503941
1.103849153066655
1.081411563467927
2.245691740365690
1.439146954319140
1.802083918535799
1.766270993687666
0.912988379382769
1.753838720631956
1.688770290770531
0.980222041081219
0.990329647105805
0.887908145029207
1.033725843489980
0.892912991694325
1.051304236916504
1.077315021722766
1.685291491719184
1.560024120899197
1.843958083611786
2.013779243256462
1.185104912814325
1.158116925815205
1.041856442002006
1.128909399387076
1.080794141592444
1.157079068504656
1.096486931423379
1.139094611406737
2.078231764313257
0.630205058162021
0.938874417550797
1.666559719653236
0.965787424041693
0.981781534427998
1.979111042511214
1.423404616307284
2.451272055155824
0.820080352697341
0.926989860661208
0.914430237498705
0.926843959354554
0.989318436541478
1.678155337094902
0.880542937528890
1.695598079961976
1.409093269544350
2.460528487087910
1.665185040776070
1.558457841159552
1.175929903591702
0.861570848314970
1.733968625338577
0.874785973013934
0.966274632856786
0.905743874724235
1.836022641160800
1.016337349261167
0.890515397110789
1.582019760882615
1.615947029918253
0.945917505250513
1.617261428239397
1.574430183403822
0.964910809685892
1.769168537549137
0.999032662731673
0.926596076244968
1.051335792826908
0.846310087531083
0.823486106001357
1.516967426439679
1.041770432273042
2.431888533996506
1.568681462397168
1.502304939742331
1.509887624817747
2.389169203709174
0.882122056728762
0.989554581113528
0.867114443247978
0.809241961755689
1.484778527158598
0.941033700370967
1.550439545453776
0.998251870589317
0.925937622787951
0.900644356340380
1.484130572761024
0.866800396113527
1.452319830674427
1.073782699143345
1.546205093903422
0.918314055732568
1.343344149825948
1.034432277424482
1.411056662370096
1.410629793343309
1.448826391825538
1.386923225946227
1.093717003220451
1.821730604544240
1.119417027285674
1.098558339570064
0.952729917960716
1.264083950767113
1.201948844856546
1.153585183398228
1.384969722064710
0.954792964179802
1.038091143170040
1.134139016016475
1.036389224837274
1.079922123815187
0.904493386339680
1.022371022004189
1.141319064585809
1.121029186794498
1.251126591827124
1.062304165220645
0.993084549664295
1.122104762517332
1.206189080253010
1.214410561502688
1.424380647753486
1.091017523434318
1.497891067286519
1.074662877035152
1.056901908594138
0.977449565475675
1.072160156321049
1.092823565524519
1.111561534742923
1.477887814052323
1.495716295395896
1.098968760311528
1.003807534564877
0.910146285659962
0.944236354429377
1.039017364821636
1.042188088380699
1.048805955604240
0.947988368638855
1.129064787913078
1.090112907929234
1.941387820118872
0.865696284709916
0.967769331869221
1.412353249411092
1.038269387650038
0.873580222520957
1.512064142348161
1.591309616188900
1.031908305659958
1.391367554303332
1.915132234504227
0.995897287925602
0.965857568721051
4.041272451455380
1.055038078275388
2.711453905679616
2.717258791509344
1.436741418832919
1.189863802887714
1.487762081076196
1.822864381287986
2.319485621031820
2.431931958952750
3.647272137275004
1.606541182583804
1.700569872521586
1.523372870844083
1.161734794692115
2.916799129036127
0.472290680059833
0.898409187802925
1.515957178046798
1.410620603989815
1.662003786875825
1.605117073822597
1.515294816401533
2.441364897512788
1.662023070211192
1.951468364502214
1.598816564690415
1.056736538306835
1.109531095777610
1.457463437586002
1.147751718138083
1.198716329960748
1.049756386756382
1.037903787918041
1.613810654445425
2.503000288915439
1.883470150570202
0.771861342183412
0.878680697779215
1.429274876181883
0.992372151439324
0.991245074050777
0.791601197571851
0.805608259130492
1.533033556417531
0.870734666503320
1.592530229965175
0.876599540084659
0.875225011957619
1.537034975536954
1.456454154872590
1.627374637840246
1.520908497744891
1.423088740075380
0.942611535116027
1.312044819471573
0.782245092471814
0.882531631135442
1.311644183176998
0.904903993854540
1.363342277656572
0.870338018034382
0.819806703112586
3.137215485773313
2.916713302940247
4.155938127775448
4.064209618649857
3.049635958953978
3.046997393952656
1.317595455132855
1.880520665767888
1.290990303147307
1.321077720568240
1.650506896026660
1.230702938067318
1.462078943188373
1.592884767576253
1.277473146491069
1.550978108102221
1.242593087989962
1.357153521907639
1.419430857724473
1.710613312708026
1.577573324090816
1.575429054539063
1.558480331876956
1.553147220660739
1.171838436000482
1.478355680377760
1.608735708322075
1.553165978643614
1.575708266218198
1.669988045069765
1.409196434897430
1.501974241137608
1.440919591403474
1.666066116129253
0.639402729333333
1.334154030815683
1.464427843772131
1.524747775860809
1.621481721578103
1.501610688006003
1.529741587803548
1.573709528721924
1.457090180835343
1.642236652692380
1.428242836638606
1.598415080467308
1.385741240329559
1.401652214428714
1.399544488208605
1.417300606847431
1.413708797569599
1.552485535891503
1.834225305652154
2.088260208352093
1.643151254016329
1.561445004846996
1.699461608680502
2.086200069716977
1.325879614104446
0.809472208394808
1.278470831121971
1.356940318769155
1.311284976103097
1.362316580475340
1.528423702175992
1.658014206401662
1.421707456638066
1.439973179889589
1.366136381666399
1.351021190023196
1.481234364231970
1.234454123314279
1.579962464950128
1.643308471340492
2.091692095050308
1.713630003602744
1.663676721632497
3.882954757168345
3.222167659519336
3.033836591632810
2.055132536294481
1.558208547513101
1.713892578361081
1.718700120518494
1.664704185314096
1.522472007850073
1.356861667150928
1.316959610542056
1.277433317793949
0.644861615362594
0.629068041928930
0.806497958361283
0.717958051703232
0.807260983510482
1.426037116048275
0.677741232190090
1.115265357895658
1.189210076504742
0.631670672101432
0.767527986433797
0.595861375802277
0.738366467344281
0.897632869300772
0.819299248807281
0.813573721680272
0.872752445065424
0.707783190893656
0.718627138999355
0.966523068751485
1.228840931554502
0.786200904417574
0.806605889538137
1.742950076607207
1.639463281685794
0.693510626522427
0.789134333639114
0.649474179929441
0.839371976028669
0.662602492164578
0.719137717573391
0.630798217803497
0.926287775938737
0.773139406208562
0.615664906828515
0.779443017296408
0.723861213661084
0.827947849422255
0.978708638249630
1.497598693622739
0.979573358279392
1.206956510216082
0.976299320465210
1.073176041983769
0.985062022705660
0.930817924918353
0.872938510907958
0.764241421120308
0.817521366375090
0.812798487897138
1.096872003532146
0.638956828263493
0.962209892085901
0.894524815190593
1.119352043705439
0.701127820744973
1.298274949471983
1.295316076909253
1.557812463090186
2.650156168114996
0.769544309264095
2.828171731861586
1.596966986057488
1.434752073580707
1.552119897072572
1.501015074736871
1.258598269111432
1.401327360190984
1.287065652320246
1.234703250297372
1.441533345240060
0.990325053673894
0.668718637087338
1.562340966452678
0.937353012630632
1.669062426729158
1.764092047553888
1.036830419406248
1.340602425680718
1.719325203278754
1.519145893166481
1.107883211860699
1.556644719533423
0.933556352559188
0.946671470834992
0.673583282675864
0.993641255544269
1.026328317986834
0.970621599620291
0.793585293528144
1.030772330428647
0.922920589433662
0.877790410370868
0.650300574576640
0.868715563732427
0.673067215675386
0.873235464344683
0.772391728582320
0.650963118791389
0.756829735104391
0.886842143432549
0.892281639733127
0.919841857909253
0.879516491743497
0.753236894430477
0.783248171745065
1.396917786953261
1.025575407747306
0.955871011241682
1.484958579632215
1.102547344192892
1.150879523950503
1.240209218051940
0.915626127375001
0.974151814641040
1.038367353459230
1.412061344141790
0.916240418857435
0.730915839138424
1.060179984259528
0.866539877902527
0.803338110799290
0.754473363739208
0.725051404159837
1.035790556055510
1.689056526177222
2.673507138673471
1.021933297885438
1.670701125836296
2.447166403287896
2.155991764862440
1.449579651051951
0.952664294082956
0.962473393613184
1.560757035021887
0.991623730790489
1.139059367243382
1.422176834932983
1.760447170081943
1.170710316639316
1.490098856453222
1.352347220559544
1.301721646845882
1.137557405561016
0.734014471761781
0.638127036121768
0.671870892207193
0.700105461954736
0.925325058090992
0.683224847636026
1.138113795166513
0.655458105992911
0.972418128892735
1.072178012665017
1.113962535296242
0.875111573707671
0.861099542762829
1.218315362882929
0.898676771733925
0.928658486894807
0.825355809700351
0.891210500094847
0.833067497086667
0.792932716553483
0.760351174289131
0.642087555929747
0.704632538715555
0.857938806975340
0.646923328761664
1.035066406783534
0.974306801311953
0.808275757229304
0.822304486290715
0.712450091806286
0.952385613418033
0.667923478906199
0.981623560030004
0.570807168904617
0.578451665069772
0.605478666369784
0.772924985030911
0.569036038085883
0.681676231013063
0.816080595173787
0.821342968260329
0.623907675983181
0.650264126265728
0.663608974727337
0.932360163328316
0.607063611526547
1.068460355883173
1.062359546873567
1.669781281734706
1.762153277449498
1.825546353346223
1.707427406300050
3.033888902692730
1.863463436894115
1.721482588951417
0.981125853049906
1.021157035809871
0.991363824011046
1.712943344175926
0.992221575215884
1.051328075523051
0.955629129012404
0.986744009428265
1.594752043260843
0.902728023756541
1.064561121125466
0.878042803744825
0.680726742933778
0.655594368497149
0.921100956159139
0.975010649165646
0.799166288843885
0.645806925900114
0.942795264597583
0.852370427820686
0.926559547191301
0.905648766545180
0.666036079362807
0.702931592992474
0.785124828503698
0.803637049906719
0.655972177334714
0.701289587691011
0.776902654114980
0.452342702441848
1.087283459733235
0.798512540725984
0.843022523772178
0.808406812425923
0.877020193427041
1.778707714708748
0.943195023568064
1.226882828747784
0.997390220974917
1.050198350255446
1.756300377649211
1.103709711256904
1.709781348667193
0.957992188660902
1.771764205731960
1.687405007060890
1.776196726074038
1.843045169028513
1.827987589930797
1.935021542476983
1.760458764840892
0.916498039001254
1.714753459938694
1.539871367515304
1.645413707681203
0.839101705289089
1.165538479449866
0.895236029652617
1.532990987320015
1.243389855018926
1.506610537038680
1.662269480523037
1.790405699525463
1.628507801707756
3.886312381867757
3.979855451583850
3.896894740477747
1.699598221343137
2.690490494577081
1.930693713919080
1.151977808496494
1.857855467488147
1.784566469098897
2.044335385811793
2.833866592473994
2.827973905607784
3.676450264877450
1.840655353359073
3.527261749304790
3.710635303320582
3.607651002704493
2.941401497790586
3.159875298659807
3.504576598045789
2.884151319591835
2.993569649359404
1.657555598125553
1.842128880027091
1.887671239063386
1.955882182168360
2.036523176269469
2.075258421689117
2.950594090958486
1.576910667946779
1.465721194977808
2.628688542841610
2.637391685276469
1.992648825465369
2.151478365921836
1.945710346072401
1.848322845893848
2.013285448335669
1.934296218657651
1.598805813334697
1.822777265794561
1.617499192128217
1.981543466854022
1.655617573954154
1.948134715731275
1.964057922010056
2.031202099625806
1.547605786580968
2.236809653598161
1.845693769900316
2.238439991276091
3.001737436422006
1.739870261480225
1.922215542752059
1.972271459073200
2.955530244387619
2.345636677781621
2.128347951364791
1.831410187185141
1.824913580284653
1.643061165319926
1.924599173820858
1.480203907747935
1.709524780814141
1.616290665782816
1.685005765037320
0.749299146429079
1.948131741748163
2.059921761598761
1.822509137614978
1.835012774489869
1.922934963739359
2.048229350971831
2.172158660944765
1.965338896984971
1.918950957680615
1.857390842638689
1.892811471984907
1.863353339339734
1.786789270593188
2.245088928057533
1.708861812149631
1.853471007583424
2.030711808134920
2.064036103546981
2.342637809966069
2.059357433262182
1.901873175814753
1.887939573158099
2.145647879804046
3.648425647059662
2.260944280727255
2.713079807067373
3.558963174020777
2.276399616912999
2.100508720937873
2.203473505946859
2.390518376845561
2.491653816539503
2.434006537185424
2.491621126717652
2.978068079188755
4.557869149475875
1.925760873621946
2.409115004370540
2.729811464621172
2.225763211321518
2.443997428995869
3.828137396820773
3.399886102059415
4.472461502356330
3.855963911474801
4.446354251533478
2.990427164415417
0.968467084521363
1.986803646904765
3.840149478611273
2.658268887939665
3.179784382361142
2.468225566532960
2.353438003428371
2.582336552253354
3.342862615435331
3.733350712838000
4.206700073596934
4.491176831527062
4.008400558619222
3.950617885024422
3.416533917705950
4.783982615185622
2.818207974991299
3.628789405146085
3.199809772795952
3.314348298063325
4.341591021910354
2.490557314480208
1.852684974519618
2.784369924754143
1.985717757896491
1.940884159907720
1.955422395513943
2.874716717874683
2.150490858669242
2.743226729467517
2.028352561873310
2.714313090397404
1.939794023004995
1.961279772750534
2.055630272093166
2.266173633264407
2.015934320298510
2.139940513180907
2.348029818728265
1.878836933189870
1.672878276304558
2.049065825897272
1.576594935856104
1.063203247832060
1.681421921868159
1.832792365301900
1.286247433818924
1.058993827769051
2.112463252047732
1.003953923214170
1.070811849970502
1.051990881842116
1.858781132319064
2.589032275399761
1.020991410014582
1.169633045123428
1.969821415868542
2.155087134175008
1.784790348364077
1.726394615162274
2.290791330106761
1.731900215038881
2.079479291538149
1.120201698962801
2.043415158381723
1.585630037199342
1.916102308337353
1.765071139598881
2.293761132825446
1.737307150811910
1.700488864864110
1.713814495761687
1.626014572671981
3.188714604590418
2.512976617225943
3.221529453315994
3.277021515157057
2.758581278925297
2.836847146696312
2.657741865808598
2.201093552573510
2.331146314436440
2.241142098870269
2.276969112900438
3.092212197460665
3.172246375633874
3.753019052763461
2.616919007580852
2.326111562536215
2.714610330755132
2.526596090928134
2.071965393995002
1.169021358687669
2.164802024538084
2.026142607169528
2.041236882299455
1.149903680984927
2.124855632105962
2.314694473777712
1.279263863109265
2.838257935556988
2.363770141593402
2.222750970408761
2.337100872705392
2.161990168936728
1.244278887446132
2.348970883168623
1.256958838062943
2.251478541070329
2.337390454457552
2.258480443069782
2.234180058735339
1.269606652273056
0.960085050842312
2.635074794386639
2.382990537033104
2.002759652825789
2.253190860396696
1.058498748787113
2.489982236222833
1.905803869504459
1.330971835965302
1.109431018329553
0.970604086008459
2.067365080016309
2.134386825700707
2.118945383036734
1.908686430265146
2.028210473967440
1.746747794730806
0.998462262194796
1.242199605912155
1.875079311522965
2.237720626533380
2.256933175664869
1.842943613651121
2.772507022685557
2.003208439935456
2.216629784278322
2.377629869579459
2.221486909821311
1.222796073217061
1.052811414946810
1.041130561759154
1.148702385661382
1.146027213447613
1.336358703610183
0.822178319273864
2.164249444657326
1.082213272815462
1.175213432784539
0.959997974859023
1.104995105758506
2.291876759891808
2.470835355567258
1.875555243272913
2.155753508638659
1.831467417434940
1.280740588751237
1.315510818019380
2.764038950418354
2.252993526404933
2.697556381419869
2.298676455609130
2.356099302462121
2.050557737670331
2.120698742549302
2.343677581822690
2.171344423286018
2.814052593902742
2.116393591044084
2.232976519159084
2.177273523212397
2.437417774952995
0.732196425145585
2.242225499828999
2.112761815663991
1.675206264767660
2.169072841204739
1.938785738460492
1.121441066346654
1.004304279125259
0.997135396441122
1.117264468590512
1.058968793288689
2.155510351980746
2.848155772054995
2.232082111347429
1.413983365784112
2.138234903042790
2.011660146248313
2.081147597826974
2.085511084887570
1.302315407137692
2.133425128875718
1.088276983053673
1.134672085030771
2.103578878979224
2.057337554429049
1.804427145222478
2.550017421685478
1.265295275540073
1.216968218169459
1.237244260994458
0.856138134971999
1.609598413076598
2.403307589002464
2.541816160568524
2.513312651413248
1.920063491864021
1.860724731562361
3.274763168376002
2.409415834753045
2.799655060053412
2.536873465562415
4.401384950484952
4.289933732378836
2.053618306430478
1.757940208848834
2.237891808686324
1.982883362341806
2.078803629227481
1.959063601850576
2.043130720216787
2.096598066076420
2.155883975895915
2.143489081338270
1.952527422492038
1.877320335961785
2.234708477320154
2.205551652508946
1.129069650374996
2.089537001943591
2.522432388055754
3.224865445657166
2.513570620516012
2.025376248417978
2.572917460408813
3.888808635721187
2.649548279227567
2.597846177006156
3.406069236367098
2.537326380901029
1.726463951210692
2.557276688900241
3.882849794724657
3.905957918327969
4.268461409067483
2.846121544138247
2.039320279566187
2.645912271545654
2.010716323683050
1.501399516526742
1.251379054960626
1.696989010619221
1.893341344045676
1.226037194356765
1.921838400797647
2.690310416238260
2.510670934797488
1.237059242990536
2.518050704686549
2.446272538912515
1.785425708452784
1.981550625224632
3.065431432551064
1.901820626798183
1.122316770079241
1.287621214746303
1.121002983213929
1.163415061394141
1.698739127051327
1.230684377322808
1.331656064522714
1.318898123089317
1.138967221071059
1.135307780917716
2.041829730421720
1.314595680741184
1.302668093236773
1.259419932796065
0.928966436822291
1.172751794162877
1.182119901838994
0.890213410669455
3.519081073029830
1.062646227746147
1.081391121927431
1.034662097439299
1.165523183927142
1.034357753927905
1.020179073437646
1.277547980801947
1.186562051670792
1.270769714265627
1.846400207828382
1.807211610922278
1.836366263744101
1.339961935871885
1.276342858968877
1.147185024693075
1.308132901483224
1.028026154314131
1.274080478242659
1.270704509206794
1.219647465176178
1.208496970166894
1.353364125015017
1.273482963594411
1.088327668591916
1.214429037833577
1.572667072096422
1.589645692948378
1.381494609268852
1.316199198018134
1.823333887869865
1.834441378358650
1.224103227870001
1.707932741706600
1.321315197939528
1.268009948534308
1.230379799144238
1.208948616551517
1.280540296832438
1.261898178567518
1.213638632794663
1.267146303553073
1.286739993416518
1.226954461698797
1.307886068550791
1.345303133977274
1.282578858742118
3.889155466552090
-0.503659389060066
3.550548530452352
1.961114049287851
3.192380935191727
2.141360877827057
2.939652013385013
2.834332188076660
3.174438449155632
2.650610849780874
3.040392613461136
2.179358514286051
2.483096441636746
2.269236070907862
2.919718755127246
1.157429076532448
0.988180602307750
0.944575707287837
0.852470632480444
1.016394106574075
1.036651143460140
2.281185536828689
1.203195716791309
1.032440554363189
1.109832410786231
1.251777288468967
1.176490579143822
1.237704288997800
1.291829148558647
1.224578630388853
1.164120888314393
1.109129857328886
1.119510682912074
1.108686128716274
1.050718694080675
1.052816667468088
1.032928407262908
1.171019406907509
1.184814712128055
1.068717465161716
1.017252184599223
1.087967856725445
1.105336984002569
1.262185119119749
1.230331607783560
1.074633078761433
1.206027237343384
1.181146768536000
1.285522623309521
1.312677283400975
1.090492932689969
1.149269953240241
1.358482881879556
2.199633883289446
2.077879329322387
1.642986497771262
2.006847492352894
1.448335136625203
1.669764565830663
1.336239576505502
1.738432873703248
2.104004994436699
1.292262149408209
1.331848003510116
1.533296773173615
1.512314433772909
1.302762277092090
1.263704297088054
1.648524140972631
1.228114921559151
1.165805653539016
1.161034024643410
1.740287688478037
1.574791597824010
1.117501040950969
2.276717988689504
1.291021351599794
1.695204203886531
2.182824849406993
1.164280067474779
1.372863043147029
2.124141994850133
1.154711624751123
1.214228440677943
1.340512981148700
1.363844338890336
1.549121846386296
1.254357500433928
1.309348040733622
1.156301230205293
1.370903232996946
1.298090399515979
1.246868528221835
1.406583113264580
1.201465762314045
1.013827735497745
1.273179234828425
1.362694395711251
1.254670749893371
1.290471863639192
1.390339940290440
1.453489246723642
1.005225823853822
1.000783139515459
2.006651970375720
1.200699099185205
1.876120607096677
1.149978773773219
1.205551486845088
1.162722987305473
1.384866867471339
1.351673969574665
1.280317795305285
1.246802730490674
1.764404041950737
1.869349295578198
2.430379586520722
1.863635810441246
1.284863165081157
1.519268113383509
2.657099839913212
1.348560672569596
2.355355736189010
2.234794444933463
3.124292994246456
3.168924868108624
2.903325877764686
3.155435693351833
1.968128792387321
1.482776225770424
1.731093826476183
3.249858771055418
1.852277114710962
2.085600922945595
1.730442130507415
2.090742484362972
2.181935002843223
1.817510452708841
2.027488230245202
1.197551811997614
1.371336833139963
2.060751010841039
1.856140175637974
1.776540776308932
1.640587383284631
1.661818840073840
1.614658590667930
1.723055693537713
1.476880283929622
1.766846497143365
2.689953566553066
1.866427919920777
1.992357955919446
1.553239102128404
2.803098789830226
1.866248143122399
1.756164569242121
2.241963019135785
1.663827273129522
1.799415970716636
3.472977224184671
2.019677453784810
1.433872605303028
1.264669621046790
1.321259155137348
1.411150480915637
2.066701462131294
1.245656908580599
1.346734912032938
1.513455491495903
1.318594333654960
1.311160767916038
1.371142675913223
1.878528626606210
1.354163832759848
1.285190138204023
1.344963438615453
1.352466731521012
1.820947771755149
1.673173527206982
1.490354703317645
2.025603012029272
1.374237096978287
1.339537536219128
1.333195280242292
1.223001266264029
1.635814858302079
1.207814353184197
2.099060190940708
1.407256788337851
1.248040509077748
1.426262003266348
1.351710486567464
1.195103165958416
1.327580919951175
1.316065514746434
1.301602153916568
1.279690292893286
1.342814861324102
1.196197256300452
1.387831829688002
1.370391782663268
1.217157224430435
1.792136730368241
1.177234256006346
2.137314273660960
2.909379527847595
1.853543936324463
1.675708225623399
2.102815040304765
2.099992522254038
2.125914450488585
1.590375714832034
1.545646617152079
2.207644367672006
1.546093103155542
2.004891455474442
1.956134640377194
1.543394386273717
1.696530452273670
1.591170160124763
2.047337320841620
1.647404736556404
1.323959735976416
1.301233955424081
1.995165756012494
1.434034966972347
1.965757288648997
2.026691966313899
2.012638440704110
1.896132503731914
2.699901189397451
2.003762840848389
3.022634677442800
3.889676867951765
2.060896010357878
2.698946292665420
1.394054510902486
1.245033776125850
2.041219496558638
1.901274397791749
3.172677026017881
3.125222425185677
2.312100789739245
2.426958637665484
2.672891031378573
1.341265016999138
1.475982169034767
1.292247547918694
1.941071614426978
2.125241310338793
2.027233377460213
1.971209998564289
1.412696691150007
2.432866177421857
3.187626034395780
1.561188745334334
1.431162186856064
1.243260535864493
1.147158973524861
1.308455301342363
1.259532433150986
1.497568061292144
1.264877287645717
1.339962988654877
2.030087225527564
1.285022766495654
1.297216002044833
1.885645134699942
1.893267247814715
2.663054599885757
2.840240497657311
1.430169776727130
1.833054853083078
2.428838761298818
1.284692225541028
1.458190219032655
1.440239580709794
1.386973851573512
1.311644053489764
1.276890974084942
1.918412164617179
2.161838604876867
1.383118929159382
1.899724907756524
2.393759577015333
1.326855203013110
1.230089064821296
1.363018045543901
1.317736295527994
1.415251200412729
1.441277425660261
1.255634541565842
1.387954254590627
1.361003644705933
1.370889528972404
1.387921700922498
1.436447418033636
1.537357454131078
1.374988066145447
1.340089527272617
1.295727664795792
1.767644995746433
1.798948150365721
1.764212154665932
1.696688873995162
1.668933329778068
1.693503089789474
1.663082692540533
1.703503228092470
1.573949561971105
1.716577971888397
2.329743439263585
1.970996754723524
1.414779092985722
1.326786069706282
1.447317160183482
1.394203240224526
2.072201436768540
1.945266645145487
1.232696572938962
1.762739325631544
1.786569829156258
1.724809737491084
1.441498497209442
1.759065891131020
1.365862268678297
1.500032870393237
1.367257821863141
1.516672894577834
1.442479431185230
1.397650676797776
1.432596025488260
1.896721558976627
1.595196464338639
1.531212196770072
1.750633680417258
1.810882369359120
1.398211045840817
1.783032026260691
1.705043585373026
1.540284027715657
2.229219219690372
1.974164021529543
1.907127560759108
1.354452246379960
1.512318658544793
1.270922645384178
2.500213586271860
4.444917319927161
4.013788423664824
3.748154017786153
2.708591470692255
2.284363147881988
2.301127256660744
2.126710930362893
1.761487853838738
1.729469377445229
1.788003899438269
1.561368530077435
1.721132303920051
1.390511238374647
1.763281798731736
1.783573280457305
1.444753161039541
1.494869550934914
2.007619853765501
1.959096649147036
1.450826428043293
2.463663788426411
3.456984882008435
2.477480043048267
3.272196326591110
1.829163462152487
1.531284236045912
1.750527096108043
2.319964482039491
2.319702328630250
2.365416129441901
2.929676869744346
2.755446796831703
1.417670197449692
1.667756602143317
2.633754526300312
3.193352949968746
2.567135044754783
2.715791219614215
2.705518759055447
2.413946023049244
3.748777254596843
2.517359061677548
3.836817544656331
3.721681093328558
3.078097606226450
3.216901658935627
2.428561472534950
2.493148183510161
2.510067497336858
3.206003221168892
3.134803968625934
2.112955180226521
3.172061594157151
2.200041274103928
2.348014389373714
1.763870405680271
2.127632685406565
2.222987752218323
1.814451006587541
1.749480306462246
1.517063097459463
1.938321217880667
2.099858094807766
2.427414025244824
1.841711390098910
2.298762644469726
2.144721581283635
1.755321588761176
2.482603410643721
1.850799833211434
2.269259123370044
1.619524731087949
2.444470653001162
3.148914724999454
2.290779820062737
2.346873516775140
2.249313557438767
2.619752482329185
4.436879506431440
4.942279889532748
4.309231500044816
4.542229896279190
2.844125498927915
4.321158958153811
2.887887847901736
2.570735738975722
1.993931426330708
3.735428684753546
3.403481689601002
5.209331441060662
3.260651983329205
2.820336021767406
2.784160739662958
2.235412484706558
3.524295005891825
1.393624609777244
2.892099251947573
1.983350273536716
1.883690105598686
2.627143525306955
2.073904491348277
2.107908046045126
2.453030344940725
2.622277895597191
3.122987693138445
1.686200577761914
3.055154087481363
1.382580142180974
1.522669709961754
2.853296207422177
2.067281605939703
2.689752239080253
1.914536777166501
1.498630254604531
1.403820216411157
2.777038117566031
1.750719756575308
2.744772820732873
2.739063955347235
2.445861605723592
2.666678945531149
1.753709422831895
1.622524388608475
1.580326121180036
2.015123363668848
2.223970829695057
1.972121497879641
1.298460674567394
2.037333303265554
2.330743360093120
2.175178053909915
1.964776878100712
2.120871895972014
1.524283507325606
2.779162302244414
1.650437179846368
2.037217116780930
2.054341219279273
2.181000359665568
1.886963792730028
2.413667416361015
3.083163165687761
1.607134904674130
1.336626254982692
1.430517883765767
1.558875869621797
2.093289878304861
2.108719078341141
1.725058426047922
1.313505349538052
2.316485696070527
1.634212317524578
1.745666609788039
1.135426597491931
1.447283402553759
1.698310887251030
2.421716271829227
1.996998034928487
2.119104758505868
1.807473289478623
1.399921256498045
1.281649642107464
1.228813107913589
1.160984097290362
1.244149516189127
1.572570285441100
1.480596772545284
1.425408009861605
1.601438285787123
1.528258585144993
1.461524621121062
1.521238556050970
2.159294231288672
2.056352093107959
1.851908276784664
2.634757455772271
1.474367442322161
1.803308527031503
1.794696460479076
1.848357092509223
1.766686898109794
1.879251306329468
1.782021995045639
1.714927053581852
1.851932873889524
1.993714760770009
1.399589611093706
1.622459135140401
1.331111744451893
1.619586652356339
1.336151812790038
1.823224470642201
1.330136121402044
1.122401984981958
1.064465922647623
1.575284513439539
2.602920228464686
1.790730007241916
1.370597913880858
1.465756605196077
1.313688724081794
1.561058309138459
1.729408530803456
1.799801881859031
1.473784070793498
1.638995581147744
1.456471229748972
1.550532626560122
1.852174173252598
1.912277748385018
2.777344320857248
2.526956754792578
2.860022380753251
1.681592517253405
1.934057618751848
1.964774772478743
1.555210617948151
1.661118436515727
1.551246754398434
1.594067058089250
1.484355041413532
1.429255167449140
1.507946864796439
1.433309396403001
1.906009823710417
1.977111926751808
1.482712741434534
2.743254789033155
2.082003427926268
1.527362155261825
2.058259119366585
1.409498543669469
1.411778272688576
1.673099961372742
3.193019075331364
1.704189915908615
1.914911791970902
3.843652162789112
1.895584893021367
1.473872999955019
1.566634942375508
2.093837387463099
2.205010812901265
2.043641452796556
2.752026646966227
1.779969876821391
2.624003182126430
1.379816224182812
1.415560305183247
1.564345310883090
1.659871602908798
1.906926230691168
1.351209823178364
1.532848625628660
1.621144886772298
1.577315600091489
1.700389816724820
1.398048802429473
2.276227437824200
2.021866024401828
1.934660322715041
2.002253214353639
1.563691482826846
1.530268155621111
1.917414896362080
1.588157549112458
1.385162765853096
1.501998263604469
1.780029973990711
1.646904767587745
1.591440003312046
2.202459583678383
1.455278644356399
1.646102689603635
1.111778472254574
1.292742724472249
1.293095781993819
1.474438176393435
1.472819609412036
1.459020102660595
1.587055812802026
1.461077159752537
2.178989504527605
2.077059762284978
2.249234457401756
2.176625681293154
2.187538217810756
2.228975190446381
1.456671019440055
1.454206791422480
1.649978425974649
2.144843972525716
2.063459789953120
1.552962629283797
2.055742676980373
2.138033021110267
1.982159174658835
1.905685969279111
2.692033409627266
2.647986479701173
2.700163680755268
1.624835752742467
1.614582951657041
1.534758900118137
2.642770046092347
1.980958755671843
2.130575534170646
2.172688420538845
2.006153258196951
2.000282968145310
2.076800803761063
1.828223803875416
1.580274897301378
1.572076228761803
2.168414657212417
1.957628389011762
1.577808884165005
1.487812654756470
1.620376028378253
1.526407932930785
1.919453266388014
1.611893479633047
1.552227171950494
1.392020806376518
1.126695326877170
1.606306075650589
2.652282779907406
1.994446620834667
2.414244596876586
1.675179467243399
1.535809367051084
1.590496724879112
1.893444054919726
1.928967326587735
1.721001501650900
1.855599797417936
1.976778688050712
1.527763551410854
1.418715489823406
2.346829651692698
2.640194338228436
2.436122296205445
2.626788493012547
2.700102000122230
2.684903171045273
3.637846563052233
2.206604625173498
3.505925418706234
2.111780015163314
2.828821052188293
3.240325246498785
3.047580527869693
2.715651126189257
1.576665683551697
1.855897811793445
1.830651642940670
1.690096215051754
2.040584778984808
2.045122503179280
1.784744942523576
2.034330025524778
1.927497137915131
2.511461967953759
2.120049792337786
1.987998142619012
1.588344217347779
2.031497782755414
1.430901254285252
1.234524842813070
1.544119610323774
1.388286947067229
1.706565661838751
1.460601214605546
1.525274315839883
1.304863034678562
1.202620086797086
2.460660751861526
1.896692389173568
1.793429079002997
1.985399754964813
1.496233443062607
1.955134261958985
2.046582019606372
1.561939026819080
1.976928471219489
1.327051874948160
1.576879056247403
2.126437787240877
2.531824255319254
3.866473103021237
3.822783146602488
2.052262870200325
2.262107160088121
1.986200154862896
2.182082301676092
1.354650644876736
1.283617990616439
1.388324845132853
1.308660578570229
1.135348341009799
1.329201339157466
1.258828064816955
1.260878571067004
1.488528876828108
1.428390156573658
1.484059290278289
1.522747324636052
1.904362947577661
2.078420161424579
3.070146388095137
1.843532843859783
2.536374926032612
2.182769723214237
2.755268081516468
2.812972990293427
2.594947504339453
2.091187998156992
2.030707524951318
2.059692849337261
1.778220544259327
2.567057938951207
2.616014716549264
2.482924676287702
1.482273336348449
2.020722303119288
1.498144889950620
1.762007744034206
1.833322669556937
2.424287426843052
1.517054843023113
1.358130350009465
1.664631262843608
1.447958257090366
2.032983156655795
2.002206471197838
1.230805937507681
2.789955377397853
2.163071536046365
2.112437312317329
2.213158806525672
1.468156721829419
1.469857334422832
1.492604256504992
1.435425887642300
1.301550080063273
1.326083436193654
1.287616466306822
1.862777928312360
1.657618865506344
1.410007478527082
1.498495586415398
3.206321640845011
2.574878850578996
1.990138000140698
1.772966480009620
2.503474637541092
2.586550522253468
2.605392701021365
2.515185063911874
2.043643154887365
1.563396631320105
1.390592278552288
0.951171594355008
1.978003487199908
3.724285494887425
2.358788939493220
1.405529562596914
2.361591439489686
1.482115975602078
1.905783530055353
2.976286412580674
1.553460809469277
1.803389533268835
3.208456531949747
2.434588636081146
1.999754796339229
3.361743702127597
1.838165905190755
1.737543588761497
1.760336165788793
2.006566819635780
1.688772315383975
0.807165006804871
3.144155233061390
2.139574117431678
2.542915928301496
2.527914268047690
2.135004074880295
2.104229934069067
2.314388004969743
2.231640123070119
2.523132570046847
2.516179511556572
2.604429716806305
2.678890630802753
2.912630810600880
2.945437304447628
2.140819397614834
2.782506336641025
2.065046993518377
2.197427311611287
2.717865270548579
2.653760100620330
3.016455390611319
2.947048962919645
2.878133715472480
2.785225756502609
2.752603912895258
2.631939616216028
1.982293317474321
2.635983173465363
2.330018538524378
2.703974578763077
2.361097624270519
2.614515907496486
2.839290621928710
2.706218234816753
2.713493602898951
2.941595628873440
3.772379391215846
3.107594297121447
2.514606026279969
2.655827648922831
2.716858347167296
2.868163280777244
2.663818816607137
2.951426463891869
2.772294080053114
2.896709994504907
3.135821001118791
3.275734512754955
3.096312051397109
3.180038522288282
2.896829149018801
2.991688936946738
3.658966074682164
3.343972673660871
3.317129685581493
4.370113021197350
3.864429247094141
5.172369456204866
4.293686537604131
3.357429801916318
2.920296296973393
4.406531604207240
5.096257167042414
3.363303067605108
3.056217609233714
3.160389704237500
3.644305757668478
3.253923600822359
3.188844914400136
3.103520962321872
2.675760212419457
3.008654554540324
3.100300400574979
2.892310620219393
3.283146937379775
3.088609677658163
3.172102229122461
3.005549548493833
3.020744891569004
3.131283875891119
3.356452008371558
2.912754361550682
2.693925151644648
2.659344792713216
3.266633569997922
3.285782547060332
3.360542437529321
3.062003984636820
2.965911076733119
3.267207895045149
3.223496701515799
3.000696368851663
2.915739276944895
2.620418106394940
2.999180590712425
3.127444039607007
3.128564494486863
3.119878344134264
2.992410376086760
2.879442218429510
2.462646065832300
2.953696572284620
2.544930641041708
2.590033870403864
2.546853448328506
3.048478865747562
2.959979415041997
2.477179539932653
2.858914035444100
2.925650241787320
3.017646542338495
2.927315121735382
2.970701852745684
3.116966673150338
3.086221544454342
3.168675424804658
3.240681199501369
3.447794964575509
3.258091546405485
3.243457386447057
3.282179711640746
3.300805275725340
3.332047055592598
3.315494355221705
3.372967563058934
3.377127214895616
3.411839081397910
3.266676681754008
3.323034910356279
3.407041292659009
3.342357700169043
3.464461995988159
3.523906411617657
3.427284378502522
3.605850100464863
3.365566837932455
3.455404624243472
3.514510150127792
3.582599447563225
3.385105372473203
3.508494433141230
3.148424118088046
3.173041798361859
2.927679785413025
3.223290212921647
3.132687350013989
2.919955974524679
3.284811353422413
3.120735548199155
2.713828475690736
2.794141721298865
3.397362587162283
1.092825027463614
3.185177176853201
2.070217349074310
3.201658250497066
2.924196060515341
2.615601524897483
3.129230349110208
3.094594281794605
3.062120738391072
3.213536649184131
3.420454310857235
3.140713778324832
3.577802888047102
3.218773429410276
3.129168155940595
3.249315593652214
3.673390167673032
3.544068441170758
3.217023714859920
3.541478850850505
3.684122046473103
3.258327897299325
3.687094396184279
3.588780886034005
3.223296718354841
3.202722634982483
3.207266301776873
3.123729196594450
2.880627619719687
2.957321148017450
2.972422227699901
2.888034414066232
2.967777026117561
2.929659469285367
3.025706915120981
3.000061377609672
3.131968192870629
3.129527461236530
3.155917619794780
3.000693790646014
3.215078100253864
3.583472607171248
3.546732897722806
3.591011127115144
3.673124792387223
3.572624444420443
3.614451799700552
3.529671277642993
3.505457675957965
3.700700104781437
3.295023648814445
3.649131979491116
3.563019564970622
3.162628358603208
3.615593948493986
3.175451079024854
3.655194505197328
3.551493519660527
3.471701858953002
3.063186158976562
2.995458866160972
3.672649045450919
3.019456480048306
3.648268262144066
3.521603320559847
3.490037897271898
3.642638936893229
3.691376451581888
3.030642384438600
3.456937698237959
3.325813922385435
3.511064542478750
3.599889667860411
3.329983904751869
3.031050147777952
3.497429907914677
3.593000068708297
3.618841027907811
3.038935644288856
2.896339206748582
2.821418902608114
2.933455738238021
3.194646569193277
2.784471981944281
2.879721003450123
2.956291762916104
2.842637276885363
2.939263069307888
2.888393644718609
3.223812347977173
2.837689436344391
2.684987854996769
2.761314117690161
2.226948811811655
2.710598102704392
3.150751396050143
2.803276929901290
2.647845248836186
2.237424080324796
2.159321323286002
2.650217713754608
2.481504966248160
2.609174067815045
2.468606411116788
2.628448687046633
2.644414652049337
2.771084789317117
2.561241627314979
2.066663726098979
3.007765721819016
2.508154368861167
3.310692122357253
3.045563041371868
3.147762212045631
2.699854329679964
2.853144378402621
3.210594449700606
2.604250555284487
3.458413059478997
3.374576872567569
3.342056417364478
3.292948107843799
2.574983232316449
2.749180827254482
3.075850807580427
2.493225060045738
3.109131323191356
2.511785650030734
2.730448818242118
2.570690195022055
3.163179156757995
2.659097295264730
3.513226611589538
3.057540232002583
3.110380712679834
2.915046040624320
3.145809200756908
3.366633903404276
3.397753758112331
2.855517136457428
3.058147755199154
3.076513798324857
3.061872697753944
2.490791779584964
2.635550160810413
2.466329193682967
3.003624244001268
2.831121896654484
2.974985856071945
2.888775264269354
2.337751809251233
2.652440638590241
3.128671950007075
2.659184792361770
2.676495044616081
2.801190543292512
2.800880853754812
2.853388360546456
2.901046632730178
2.582471038214468
2.858908813869905
2.373548127428176
2.595499819066666
2.824387218643608
2.998462127800919
2.890209455760554
3.241815652086414
2.849497219793902
2.561816490329750
2.703936718770264
2.677148329646899
3.044398029429066
2.782536081825486
2.577912773504361
2.824797804599356
2.782161761711171
3.176163483050550
3.049194398741855
2.317032937737623
2.340589585682534
2.395276740572070
2.447146400663784
1.950360474688291
3.072515350025641
2.457873166866183
2.561359516697867
2.687021490156609
2.820190041428916
2.763094357206680
2.939702537659187
2.948820008219243
2.615034903779772
3.016654214685567
3.017091307741823
2.882641458643144
2.843539968428003
2.917444804004898
3.050887128524018
2.857534491256172
2.877516383694552
2.918085375163248
2.769669018459980
3.317262903239375
3.017320482372260
3.330017879005521
3.146236424478971
3.352449822730270
3.503463926351808
4.501127395906287
4.261912689376782
3.415584304646725
3.416878720305105
3.045812874720042
3.232031064207466
3.248297516797598
2.042408859073396
3.760957085529572
3.434887708959747
3.621154716626287
3.421209158088549
3.321050397087578
3.283629872046130
3.505113096733330
4.605612459249281
4.096614598787736
3.564378846196356
3.406034395010606
4.095450743942825
4.146479733009299
3.893602970640726
3.525729244773393
4.667239868079927
4.613448945774827
3.483271860431209
3.940431471467790
3.451597228246300
3.487004995572456
3.266231301654623
2.992508465848697
2.839500805547995
3.471944836153964
2.990110428211404
2.834747980659185
3.251069238677167
3.159776389996372
2.808812915117409
2.787674139832221
2.869948974108443
2.796605423660930
2.793945762534034
2.558614030139077
2.787404162305082
2.742912304314250
2.718899601881005
2.776265392043531
3.304119880744387
2.650226695956561
2.714947418923853
2.824372544038425
2.613938950773754
2.590246683365045
2.866148310274856
2.842534070774277
2.928183311065060
2.938512504760318
2.906864758469218
3.331977296220503
3.640577478334826
2.943820943531232
2.895371567856382
2.952281808714934
2.897025763681237
3.270980576717864
2.976452310172934
3.331850055437600
2.914375167350823
2.976843454907659
3.287033816382924
2.868976129253858
3.363589435771868
2.863163478096618
2.850351345497858
3.267466313663300
2.854584788917458
2.932469368644409
3.372310027221614
2.886148448651213
3.016108803968900
3.002193677353871
3.027873135913550
3.615635672823764
3.000664440137688
3.297472236032085
3.307027051257210
3.413256471827238
3.396510843925665
3.236239965284835
2.867689042146663
3.232923938833167
2.628811538867982
2.947940698492297
3.028263064763715
3.067832612409438
2.974763017932918
3.047267328637812
2.739398922705460
3.003440029976353
2.844520356088837
3.288934200758499
2.956621929266152
2.906614701244138
2.828672770547949
2.848083128275495
2.738352860885775
2.984128248947431
2.811685673677057
3.197755365158569
2.727323711039177
2.897088610311078
2.780624305941594
2.836763487272413
2.803181181890612
3.431232072861503
2.870412579551721
2.798839512100489
2.905575679675781
2.892544814135697
2.858499879647511
3.135334789116318
2.880455449847936
3.103907987335778
3.006823653961482
2.945535739898078
3.072854447487515
3.159045854641054
2.938820154143151
3.205616962223404
3.408271984913665
2.998313233998314
3.290109608952177
3.093335588805314
3.328860193324866
2.989003877493766
3.330648133296982
2.983030971896937
2.851661680669748
3.064666778243352
4.397953055778841
3.692644585056859
4.726447568412503
3.136065641548829
3.103653974753727
3.084380834492479
3.106567951741044
3.212726045785908
3.309176918574371
3.328644880069120
3.157488762093474
3.172439520219356
3.315713121962329
3.374720558824538
3.440801509047799
3.243369558754384
3.404480244173363
3.463628305996044
3.168210116342088
3.165458923800140
3.148387297167325
3.182506397021343
3.381011283256525
3.445387660217325
3.153852691925559
3.161845580176892
3.447236970001037
3.233811677368251
3.432899528394162
3.386577914101044
3.248032602055428
3.311691042073938
3.318449568965248
3.359875642731239
3.011227793853360
1.485152553708575
4.890415770085271
2.936993795578544
2.733719341935304
2.516184388258182
4.610370456560695
3.113454330727614
3.273405981476330
2.978707152544587
1.010086745539951
2.168002562275039
1.056199444850662
2.471304615196241
2.462718091693060
0.929660708499240
1.075721651123730
2.243262254917672
1.005503856149496
2.265897701202513
2.222433840803124
2.056028223199371
2.048046470891489
1.101234980624497
1.849597656141091
2.175745177071627
2.279286518980166
2.275288793828057
1.804269286893538
1.002882943774176
1.057646376726119
1.726573800019578
0.865850773433254
0.984792377999190
1.730103546296060
1.372816121105015
1.188906093414912
0.976288177697910
1.087082124677998
0.887866388073138
1.657295420862705
0.917029904230080
2.029479848364046
1.885985005092217
1.202221134061099
1.259098136930860
0.905576367749165
1.156804745165061
1.118564340510441
1.679445425330548
1.244795861586707
1.342586039834927
1.746208386402895
2.831922964059035
1.304561980048477
1.349398616517718
1.419830035101013
1.362495971133030
1.303153354915392
1.114366354042920
1.352863903912395
1.083274756845566
1.882845459492581
1.963436160921776
2.220449144430758
1.791017417221387
1.016219267664517
1.644542251257864
1.796638012680802
1.873964580343435
1.763090649755603
1.285477025392072
0.716488895571832
1.158257570623959
1.193956662300594
1.158916671563590
1.000964815032858
1.111749046097652
1.121910453815126
1.671619008785543
0.914856305414247
0.792218515354621
0.977220725890804
0.846337132420192
1.563566222854134
0.769678522834071
0.825303071729028
0.914868790636431
0.835325603354831
0.891217458993614
1.118187249620737
0.774102092726970
0.811169757481147
0.838369854959081
0.725268682375333
0.850264117877938
0.604848159447599
0.896888283976886
0.832685215763947
0.683080798874432
0.829010409471999
1.608486618082772
0.741167038123744
0.802405371874382
0.684012090110590
0.777705686878084
0.684088411416986
0.613929021250017
0.730751803355876
0.648781794908932
0.769214825078487
0.706707885779575
0.782530966411458
0.890502286000912
0.807281926890322
0.707635530588983
0.759921338229732
0.736993958034072
0.666075419640311
0.762221909002384
0.667038123670224
0.676006338234968
1.517771790585642
0.864811529510846
0.733232475250114
0.754417785574351
0.857955508019923
0.803248635550552
0.734002738011676
0.792551777481693
0.712381955164461
0.761864377279868
2.624294239549679
1.526150446962976
0.994765615837618
4.119400412095531
1.031332918485887
1.457535347131170
0.844357934214085
1.705134437702857
0.974003641215148
2.834933072427011
1.687610604482044
1.101584778491206
3.094668953676596
0.912516810151085
0.933602745636691
0.763259530929766
0.892089252205605
1.019999743248039
0.953984851154870
1.471648734146007
3.401745743862245
0.630261609645312
0.581355818694642
1.645846579172132
0.973606899687136
1.522036263095288
2.193605180791651
1.734061737690930
1.975989172943834
1.091900052621999
1.728991666396257
1.666424528430559
1.716293814080578
2.091277930291359
2.060787725502672
1.412109756882451
1.538515719432733
2.412456825056507
1.042105563976219
1.521146522547087
0.645154718663018
1.693091965224425
1.566083529453982
1.639743516141569
2.122803952840065
1.559641301648888
0.844872233353936
1.522930115406077
1.394219352880080
1.087512702365677
1.419898653580031
1.206458265924640
1.694822703600955
1.477299221099141
0.878907165562410
1.152827121359016
0.970444179120146
0.822303854256973
0.875464984980605
0.802103095270132
1.118032940343244
1.042488550918985
1.824002845706693
1.541288471344852
1.045060850101187
1.556705695396124
1.076311706659503
1.002189967382300
0.792805027408019
1.327963568344662
0.948801567923526
1.325668259033327
0.941724119151274
1.006610688626707
0.992109020990832
0.841648644069691
1.235398529433589
0.796183822331428
0.774981328453479
1.012315603787672
1.076927422714488
0.624144997395665
1.313922336909039
1.009251934297356
1.285063932038745
1.164001211677622
1.093972320716793
1.429453222751200
1.160295781181402
1.786971598778394
1.012582076377056
2.912808031158108
3.123305209094108
3.561544026763666
1.083479109931837
0.952680401033018
1.109665436509534
1.005788924038007
0.984569255437968
2.885789581763142
1.779748555337966
3.029029408089841
1.175964162024693
0.650714843021378
1.254246222672330
1.039443185470364
1.393339595496466
1.081656050669655
0.949217711285867
0.942045031322113
1.717820666158387
1.079799065543948
1.075466414225168
1.179906852160231
1.158722258079433
0.762404298607259
0.868290313026973
1.061979516970271
1.113363812167837
-3.935587734605878
1.014017283827510
1.594215792550238
0.835668305355365
0.948594379109571
1.040529955153916
0.987458408769110
1.822528097021688
1.242997422041695
2.103825925743436
2.787014943522009
1.371521642900317
1.495523235653871
1.563501088106046
2.589821423828657
0.975418159519298
1.011742259979297
1.248358317170589
1.247233148688982
1.538491989895290
1.282080171367628
1.317791090740328
1.209684234160886
1.147618230287410
1.210548264724995
1.303246338799786
1.703562940690285
1.391972368748601
1.078007664653695
1.051031855425688
1.674405149252577
1.727470299613659
1.614155151251508
1.112083431178460
1.142794426378969
1.202186713458185
1.205741014746153
1.680123405116031
1.813166753673383
1.407919451208421
3.470151981748368
1.450121001830807
1.077617262510925
1.360927299691165
1.352102037679503
1.093043312357636
1.334883061702779
0.995305726912409
1.120217587944546
0.992405831869389
0.956650659539636
1.223091509050406
1.364452710615527
1.185572511894353
1.052851512301976
1.285843912534728
0.932334928855729
0.962454436350700
1.274026263665081
1.333807930865134
1.407591467156470
1.434402637646964
1.113235557815573
1.281368697177645
1.327327119684352
1.515490001410083
1.213321098962563
1.068005350300570
1.541802966875088
1.578425799103875
1.635015864932649
1.183983643325127
1.219934649126676
1.651375187444536
1.226078366622742
1.263989067963183
1.327675272434363
1.291030045785940
1.208541499747371
1.593052564623557
1.301148400477854
1.061892724218445
1.256274347763927
1.703877555622569
1.256367685771550
1.551624892505692
1.681272630102092
1.457680671152128
1.314531384392176
1.595396775025024
1.267608118076489
1.433287749056572
1.300847708223106
1.415726535826288
1.054416264585671
1.097787168385874
1.193551734141676
1.160510916203621
1.080696187663893
1.021336019706928
1.139870095941284
1.198346513639828
1.583786271040297
1.587939943108590
1.344784488393781
1.257259059533572
1.598066518649310
1.633367227240029
0.446875099744714
1.587857675568434
1.565397642918637
3.498025184177052
1.217851321336459
1.095140674890910
1.499117738329649
1.675594784505135
1.497426344640321
1.237401827457493
0.880370486876964
1.171016389423248
1.327183301720039
1.535469945720628
1.384189253852751
1.295142507306572
1.151544510454014
1.291392647166022
1.523332081136012
1.447489722771494
1.249287872579267
2.458252940638394
1.479447257734808
1.588932971364076
1.539270272434502
1.598938664426043
1.080180306408359
1.319130377006188
1.268860594794337
1.108995295868424
1.120927355776010
1.573998128582795
1.631288852792860
1.687951644453946
1.226462491754178
1.720218327748993
2.694256883352925
1.759875093957653
2.053779449027161
2.261959231547629
1.480872045003400
1.734630566536737
1.596865405334457
2.049815437638431
1.289842473347531
1.625737702146668
1.731559891936319
1.589606976749075
1.325882738104885
1.699254340306860
1.732660593737525
1.690741368157984
1.225334840957515
1.444195133262072
1.565297502279034
1.569354818930935
1.552548124910313
1.795374031632593
1.395014985521763
1.709265634628716
1.230818151521268
1.228691226383414
1.429989007762672
2.201163543098593
1.397683761847595
2.053008397368858
1.378801694056428
1.696787812949212
1.630190759858784
1.830247457375214
1.185476486928784
0.741925708192956
0.701361578969965
0.811980370492632
0.916244934788435
0.960432298489971
1.368191323991940
1.891125403956204
1.937063113718722
0.870419291465040
0.892749194848582
1.750322625978881
0.903626762850280
1.810799253832035
1.160234521827030
1.864528144697098
1.319289729322426
1.934693282808243
0.853949363277693
0.852185671474312
0.887518998885938
0.900890364252645
1.932521169231586
0.988506253875459
0.911800363577862
1.008389542709596
1.019232536484559
1.049007832851287
0.921629155153008
1.885155709930443
1.936216871917332
1.243739168872471
1.241479269357405
1.358053580618043
1.392459895026726
1.398956713592280
1.067965381185088
2.036200152502513
0.985231162346200
1.406188471870391
1.442529565190660
1.499917090878788
0.984010191279963
0.966172818461387
1.327066695782659
0.488388300520092
2.728611827260018
1.453172058962910
1.134129276647280
2.120150705567033
1.084524482264649
1.076930604715145
2.216566180211974
1.175990911932927
1.534624391631759
1.201141776611250
1.350710429025084
1.356571611649670
1.132554131016414
1.922975530831285
1.220633735255336
1.288664352459928
2.101088385115969
1.608970748816350
1.245684263343538
1.640256972870710
2.044156686316559
2.034137553544414
2.229635059126672
1.483061984557355
1.328221728973858
1.999229448970335
1.262151259191888
0.558758337138387
1.956506951424111
2.424117862095226
1.507924926554464
1.650225440422311
1.335379853431050
1.223585724955039
2.022654463958415
2.038734352962693
2.082358846634674
1.389390532465647
1.620151058767756
1.541909253270679
1.607809341868513
1.267499160559815
1.297808581157276
1.254535987089240
1.592287484954637
1.384335319163032
1.370948567961534
1.428195474538401
1.507501241811388
1.426022424964033
1.421181582413913
1.277964395509537
1.376345226119869
1.285189343945115
1.366056298278250
1.484710557144657
1.420288142175652
1.296596614092250
2.038176768434326
1.433170228387697
2.093830935353880
2.035970030285069
1.898761508151367
2.092862775705213
1.424645103620370
1.422644031536316
1.389048963690381
1.402341663980954
1.555065480633186
2.078025214878759
2.005328199164675
1.600374414316531
1.615889727727817
1.563983867826961
1.584950063666138
1.545095020986392
2.090680199872277
1.479952803953777
1.633381569395662
2.022275136787334
2.168714337907118
1.579228755953505
2.039478424479248
2.201918185835470
2.193058477441903
1.535969314440509
1.605302071586808
2.161409926101762
1.076773578462215
2.980936718108929
3.258767505315463
3.594808011001844
2.494870052055254
3.030268595097026
2.847175241557770
2.827244923089531
2.595382695142115
3.095205610604040
3.161497457365621
3.060572119091853
2.658038937184811
2.794256986665510
2.882597743954908
2.749676678929633
3.008177036642689
2.784521875033822
2.990951708877780
2.968267250899689
2.990654544197410
2.766570507528131
2.668118778516800
2.851355631797127
2.844669147696470
3.174218921438592
3.089158803747825
3.076837255081981
2.918281644606932
3.010379892689174
2.888439369538231
3.095772467960514
2.991774204126189
2.830050277110526
2.929361021617262
2.974842664205554
3.178014415617615
2.654927918756708
2.893613461436246
3.072802626252554
3.111119145059105
2.646598893277742
2.603794538072516
2.713812315228516
2.921628917254062
2.778736732849774
2.967866731197798
2.455533007715972
2.853946031768290
2.941026625562195
2.584836419845018
2.746528305247927
2.954070904281260
2.656503014117822
2.614134491840970
2.730789811258147
2.589654912896171
2.623112363969687
2.990200664274293
3.103320173890228
3.113388487012862
2.961604623245918
2.986206279588052
2.817364098429494
2.662539943165987
2.986638531275472
2.968010586970849
3.057650213346953
2.899572628669885
3.071906607343536
2.803585361590236
3.018005367586367
2.828727969316321
2.694706802042929
2.765344073135430
2.999833309365956
2.815052611252921
2.671603766401086
2.605022731510562
3.017135277142521
2.860426947578572
2.931970433325479
3.107524831494496
2.786295427676290
2.810929626634350
2.528171315897000
2.545204112639365
2.718862518605242
2.866983165914701
2.692397047203039
3.003741725842498
2.962178630510692
2.796051678488292
2.716001962512188
2.681400057784172
4.173662400985498
3.157953213557294
2.830395611750935
2.920489169710857
2.816970141384748
2.879884593008076
2.839417535381050
2.410983876936168
2.881994319047527
2.983204431028144
2.846829159298506
2.815497490780226
2.663031316808669
3.350565500975570
2.997113918621915
2.837009672795978
2.896375177245337
2.737167435323067
3.211712051851779
3.070727180963808
2.938593841242850
3.432267611402499
2.988076607590480
2.713086435892915
2.979561189253914
3.036048058370544
2.953885799242002
2.884830556865576
2.839539227276556
2.742495364683581
2.757308797880808
2.590801688971418
2.719753700148397
2.802283983654772
2.849084453608160
2.686832009791872
2.909057405683626
2.784301846153763
2.823432928419620
2.582453056652612
2.671220702306582
3.392943754492524
3.027301023390348
2.823158498184206
3.228282834239370
3.129188955722362
3.333643379818419
3.418964458601732
2.722598999719001
3.800358863510440
3.074740489705711
2.920409676167241
3.319450179205837
3.166820360101908
2.789198787324226
3.072392066403684
3.750497230220094
3.315835772949038
3.428474847431497
3.584938744765562
2.753822404176923
2.972571244413524
3.791722025566193
3.798677951944685
3.255644488082028
3.997923368353159
3.949423210131559
3.401043967731511
2.979281534871192
3.232832110202984
3.362524744992186
3.652786303693734
3.217485766860533
3.165180572508167
3.275287461203658
2.777615610350706
2.968098062994669
2.835311567605883
3.064979831397808
3.412420728836081
4.588840560387272
4.284918146295791
5.095458849276229
4.385379699253881
4.761918698409661
4.746240432843464
4.169213066381669
5.260313659539815
3.868610245912389
4.131184948209398
4.553015831279916
2.895526570624627
3.004630357763529
2.926968988443315
2.910198687377783
2.834949283861739
2.810644339059325
3.079866699501864
3.016209576001341
2.671001163014819
2.669621558246433
2.668923705974906
3.093524326862156
3.040699222755687
3.021662749203105
2.792550089378913
2.590631009626744
2.986856114105310
3.778513439779271
2.845471548409736
4.482587441554262
3.391896604360113
4.381781818957458
3.849442995866204
3.285792999109277
3.132884835321563
3.424966382144262
3.326702063131681
3.531790342914691
3.218717597597666
3.716315014029271
3.517509389986524
3.806206352295878
3.703524970180480
2.825997685733490
3.238926302854720
3.549306136120126
3.680956701911601
3.516911349650975
3.757202180844326
3.633885539507482
3.033436446607904
3.328762688157346
3.476752570960775
3.715448308624196
3.445156102098475
3.330197401656579
3.608413834973422
2.892127099026334
3.317690663405870
3.120066037708143
3.074349577206116
2.911193149753754
3.019562383580047
3.162781284200265
3.230342677344176
3.440167334352715
2.992085562686623
2.914707924488205
3.044309349834760
3.214869966418318
3.164796317223509
3.162425937402830
3.439266872864130
3.464182650169314
3.509477248325271
3.463126592171835
2.896232827323181
3.205614677082291
3.003103740188014
3.556923798654293
3.621724573140068
3.764663250049860
3.188186512800357
3.030208631857447
3.029564917739537
3.102623906380884
3.873533810911986
3.452334602553724
3.030489040367544
3.739303299250048
4.008834939057093
3.303554832659841
3.750423807574107
3.250992117275277
3.040053951767911
2.832016588438346
3.391142318598742
3.307972247775349
3.322562975127195
3.375499843676141
2.929086533867070
2.852385793643477
3.281609132725514
3.028133302560491
2.857594884113760
3.510740243041885
2.948279849509369
2.986107161697372
3.541736012813598
3.909105950732857
3.652157880373484
3.532846961551608
4.072421467230210
3.910242173321110
4.107038547066278
2.958864173141846
3.093446701907173
3.658711886474556
3.650649940938424
2.961117311007246
3.722214486860945
3.428208876609083
3.459499494317499
3.319429279722758
2.927389506065010
2.924284084889970
3.428576796557492
3.472831608144619
3.106312475898009
3.360097297965265
3.828056445607425
3.744005506228159
3.624278935102450
4.018367068950801
3.782593615746320
3.859006591355984
4.137913253325705
3.570105623106079
3.871106432922490
3.975744683200189
3.912959193733602
4.062100871084990
3.342925121073594
3.332548386509248
3.775019307952831
3.616591516801237
3.630005828250374
4.121679835632717
3.450570014075523
3.038928454266262
3.898811463870022
3.069109154180963
2.943623463573370
2.766667961196891
2.292507323827133
2.642514339230260
2.684028070393322
2.765435692278642
2.758443129286372
3.681738206999746
3.992723964495164
3.204314861865357
2.848622900432109
2.801968383320563
2.846591958366817
2.866845242771758
2.368998979013737
2.058371587617077
3.144636401860460
2.837440646228400
3.118037043382988
3.393571263184843
3.536097385029363
3.355001235455582
2.713174690934867
2.475258946695677
2.243048509000955
2.502369196268086
2.897625266427660
2.733097073703886
2.611701967958485
2.793509431046137
2.815935538591850
2.934117817214447
2.886971776826753
3.210880107082230
2.933695646469928
3.141870178375301
3.112362097187604
4.070749739058740
3.678430864152836
3.361918517289110
3.596710069049388
3.229114494442324
3.293489032479206
4.074897017220943
3.316499299765074
4.565078401314144
5.567178749617295
5.562362768634777
4.883469059358292
5.580758862156576
5.581780876034027
4.613290305590223
5.240050961941000
3.740102363614310
3.699155446275574
2.552658857309671
2.430293820409484
5.495301550217622
2.695362376894864
2.452530937963199
2.589484319454177
2.967392566845335
2.425683782236610
2.570805083866033
2.558461683809151
2.565479413488744
3.051685819047971
2.428659638983725
2.417952842229419
2.375296642952975
3.006646531734401
2.532509162503058
3.696033722792969
3.748888494698601
3.887228187856045
4.178570846746577
3.209461924594278
4.539107864569715
3.277027610557787
3.231375785256789
3.433773500097145
3.420278972057898
3.340198705101134
3.194428872211145
4.294078934697774
4.485193998159740
4.446966929123851
4.136534267055972
3.361538182025559
3.511204198179607
3.981726958287514
3.278992818749685
4.290790619547042
3.477476139403379
3.976516085916634
4.443338814619993
4.444973660284988
4.929217966269732
4.313830185609681
4.628720979336263
4.876147449360635
5.100804149623109
4.302564225405869
3.502365855100789
4.393852934537981
5.560588419235795
4.736229625896041
3.874535373922746
4.224712685110170
5.526274686592364
4.720219713915030
4.193471253831435
4.787233917654174
3.465193146774289
2.976544844138657
2.706777697593449
3.055630770345648
3.910897672762667
3.359595940623914
3.477280640614705
3.427427538495882
3.993316730951574
4.073681964791305
2.947818941168768
3.038207449298452
4.065753946923291
4.211715645659527
4.005491604488554
3.625494980021922
3.188919676857944
2.539179070433380
1.457499976113487
1.739663271057659
2.758951275536694
2.346414545955871
1.306937534135280
1.500441682125733
2.226529514152690
4.034095212680372
2.806204399796878
2.856245880089451
1.846761648341067
2.567921293174779
1.825389405116024
1.533475493649074
1.524960241706981
2.275764642751419
1.597176080557088
1.618790426007880
1.541737667336975
1.826393594581538
1.714791794469438
3.496848642438796
2.527611960787874
2.751614976474923
2.052140078305206
1.768046854324364
1.743805926800497
4.129979650070242
3.038474137179668
3.089840041269091
3.153622341266690
2.771418195904837
2.382949002196638
2.724475423412632
4.068408441266513
1.731009323735020
3.033741401392404
4.057496627954443
2.523801668527388
1.819976783209182
1.858364048539977
3.129040797654687
4.239549373958971
2.411690295274744
3.884132484354923
2.420841779642741
2.965994461853856
1.735162070856734
1.808690586273023
1.950931286906969
1.981106998282175
1.811422730833800
1.765560914891774
1.757386387620633
1.797498632491251
2.033375855972733
1.377151218138144
2.054072602205698
1.514639737341203
1.987047247197164
1.553802414622434
2.091353076074283
1.940555399458067
2.066408985793950
2.076997207993168
1.991596511255485
2.087303472110998
1.935772893908234
2.061729501707550
2.574873893338026
2.485332632080576
1.965581945541564
2.002118334923313
2.429287428298795
2.577702415809481
2.697028829226881
2.597163266420230
2.022647271579906
2.632209832134475
2.548699025473631
2.382674142619513
1.950593805439166
1.978078853938821
2.105426444977096
2.175295494325134
2.087504473389518
2.689183495779421
3.979306295214574
2.031338393854381
2.853881327260214
2.938174979881590
2.700811906159478
3.049981184812999
2.572362599548939
2.005879126191594
2.718439337486353
3.112043621389801
4.373344975187297
3.043652812662537
3.015945775119656
2.679122158902016
3.143338463674066
4.571405229006952
4.324367103225560
2.410279145887963
2.585421622083402
2.769838116594098
1.964200476307038
2.107199503625050
2.015866830337849
1.938494629434230
2.176019780200027
1.897542700753962
3.206663221793802
2.068994906494322
3.048222969360026
2.607340066015711
2.538626994333071
5.200883147697777
2.554562016837673
2.229947082119357
2.474913148121425
1.918777105113334
1.937772837729481
2.487357073196842
2.552380998231962
2.830975091820009
2.772589095883642
2.174732654277395
2.223336816340860
2.121854132302213
2.655241320955531
3.851755258805755
2.934448910840288
2.610543492251498
2.529121371730954
3.001388150138927
3.068657268344914
2.015159754532583
2.760025541105637
2.630655134051603
2.876722371466555
2.237445664215657
2.144535827950073
3.026369197376706
3.891852186235105
3.976438385873904
2.659736908372794
2.188697807437778
2.115432923665409
2.663759262498234
2.507445979952273
2.638439328801274
2.524209353436285
2.517837340672572
2.562958366354008
1.808973080004157
2.024641385244731
2.638361493679593
1.994443448471553
2.620635484175682
2.658594957400658
2.590483229426542
2.571273871796952
2.502812829711083
2.505602717547265
2.574711443805208
2.398423151211837
2.367034144290075
2.575310802155794
2.375568353470996
2.227064367983598
2.084183677690782
2.284325228207974
2.637437610248271
2.201775392561871
2.154730102351543
1.846567745587246
2.422702022331688
2.431654273702169
2.399517800644713
2.474882686233478
2.046250210160740
2.101040840909391
2.086459798552693
1.530648112541998
2.444142331698623
2.437575614124724
2.215405546416648
2.421592844122084
2.301350985722669
2.210829934969444
2.274446230798657
1.754163616139566
1.893378836810181
2.148578148480444
2.072142125050771
2.185497745057057
2.064753557707331
1.932129512890611
2.183352831190344
1.743301849140997
2.103643433882470
2.052141963164204
1.913148185983167
1.879257633004844
1.991506216954566
1.863417567469074
1.712859060696813
1.875334851609461
1.925940472652963
1.727070744545880
1.735960187639085
1.849654911141232
2.176344171959451
1.832778270214527
1.609641986521496
1.637028682223041
1.737626970710396
1.543428049332900
1.659458361713836
1.782465145879184
2.486676420630988
1.499398115766984
1.464320913909388
1.578104907250186
1.793029284901879
1.643111124195641
1.462252436072331
2.206241421225895
2.374999312231517
1.787957667896736
1.630027585782825
1.584874487519473
1.643421729076941
1.562202910452599
2.317507835277527
1.846245282881821
1.512562023045581
1.521842510291268
1.845918141556406
1.465088141542620
1.802932304588941
1.575372258439554
1.884186139522360
1.933042514371144
2.381636298537220
2.544541656650453
2.383035032410415
2.132422293649597
1.637618243599147
2.193178954778907
1.550377531550584
2.231206964236019
2.326792252795529
2.411940608868935
2.211450524324735
2.876806596356289
3.094048163268704
2.308016140571108
2.287289258347896
3.053035197174270
2.164742754854553
2.201508722017591
1.925269961256768
2.830508189223605
1.586027080977253
1.438035645728688
0.842394724483671
1.914808802836035
2.290340208180115
2.177306778160570
2.169332903915688
3.279069709583465
3.031481444436145
2.312934700803694
3.286339125320506
3.398784698365567
4.089961210713200
3.993319887032202
3.163531734214512
3.201068083866480
3.203413470305023
2.476826188962484
3.076210373706064
2.137802769487256
1.474315413672078
1.551484606730636
1.351464091736686
3.213411636060568
2.371274420609828
3.904893947001721
2.058477441183423
2.400070451330739
1.927912091685016
1.937431632669420
2.042332307529838
1.648973932658799
1.746566241130156
1.765638557093578
2.467728190394306
4.493784645500625
4.463984396599351
2.515553425879756
2.480921172398358
3.113788867464024
2.313604769208116
2.496177384468395
2.470627256730650
2.493807620361786
2.591822419486753
2.536930210698439
2.644767352258858
2.793502654331327
2.834916418902732
2.761542070203291
2.714541760837983
2.004409937309793
2.341227008091561
3.293182856115557
3.586295367546447
3.901899192075010
3.654616379087641
2.770449738057707
3.784176961597090
2.812996186623662
2.645605131197363
2.475463138244955
3.667930650750239
3.730045579972974
2.702103661651019
2.813138769932517
2.684549149232466
2.833085824316908
2.260074453378587
2.328894359819755
2.258125590767071
1.706545599666707
2.396520560121586
2.565507733650619
2.205748231818364
2.499410204693806
2.561669733965623
2.880894470402251
2.580162742663129
2.349701979495297
2.254321043665435
2.545202344102169
2.876583850929269
2.253842771198937
2.306925057272880
2.388065090316946
2.430442641368732
4.152826538559232
2.060696547324365
1.893321814644237
2.207708540810848
2.329666575329233
2.278509217396527
1.954542763495555
2.159370766731996
2.265504553875187
2.094382445691120
2.254922860530524
2.351517187724606
2.116579805885477
1.953716898726154
1.856466210307769
2.206004435379307
1.867775393420517
2.244502624959692
3.531477774271542
3.942287995924395
2.834762890859553
2.622432421917997
2.327850405329728
2.458215665311595
2.454852922079322
3.542973962461348
2.688774053552663
2.379106025489219
2.089626309849876
2.068742340364566
3.461036746727379
3.009501752373839
2.653030632130436
3.132022731296032
2.407065570888733
2.346448817755534
3.360012005430346
2.124477467461047
3.121324976945932
2.344990529138082
2.825607700383915
2.843463520920023
3.208372385367023
2.577079116384469
2.998763063077996
3.555633069349235
3.398195382699568
3.283538039221323
3.059558396562862
2.688840746718572
2.598501216138830
3.217417112052517
3.873215851558202
3.493074137694440
3.314594546316115
3.709359452388932
3.926763223990835
3.268011638476451
3.269077782558528
3.805905333495097
3.571305435951608
2.535497272115336
4.246445330783923
4.050700338414165
3.295756646770896
3.671207954322663
4.258547304070930
3.335914958723067
3.122982571798074
3.995222145584361
3.625353613623704
2.723028451353444
2.828961636258255
3.173050752255808
3.303420109596267
2.825546352561897
2.746112956744486
3.410818865856202
3.051229564835058
3.025308300192052
3.613876739355884
3.264104195489502
2.267353350317973
3.093757120238173
3.252186416240866
3.141261648665056
3.176416747915366
3.137136441784810
3.630172870262002
2.923964520750255
4.273303558230502
3.483971636250473
3.117583188675979
3.646457643370095
3.470140403341718
3.161236563814116
3.471170761209611
2.939428159181654
3.419383207972664
3.957649616477085
3.018519216288937
3.475815568457770
2.480194373597017
3.437970675173108
3.361136736688325
2.544558355457254
2.626869503373571
2.684009395681132
2.154810888642001
3.206149364724030
2.986615890782412
3.112373570243057
3.632585702156785
3.480873055878188
2.983579719904524
2.690142580811687
3.413258731564956
3.327013943183511
3.347976536704222
2.983717746234396
2.136051815818051
2.056260312268786
1.950101842442271
2.169362160851112
1.986085736434700
2.371134213459373
2.144159397473858
2.465623891232021
2.177747480304151
2.535786548782004
1.470710233757718
2.251197275741206
1.485425277320601
2.515248467488810
2.156344039929842
2.931497352959065
2.299574878715679
2.284059781940543
2.700329699474054
2.316622634352629
1.911387773745906
1.941615625684907
2.627722882179326
2.554497523247958
2.279361797402383
3.024530306693206
2.568269703335443
3.023570006553854
3.063439672143853
2.848055987178787
2.482067983851361
1.672006503654472
2.303722255427622
1.970817082287505
2.230131376534597
2.018357826790632
2.455923651922713
1.856266428838213
2.044707982906946
2.904723829002002
2.247609772863554
2.415128054573835
2.032190328152970
1.607728479628667
2.528526333531373
2.568831314582869
3.853404331633087
2.600569916456533
3.011065317270702
2.548624235254500
2.752634585247864
4.019702844065055
4.241230225887613
3.864652227042986
3.931711580560687
3.851557887527234
3.768094164643813
2.909500581931437
3.671971387007418
3.722427831092765
3.040416538901593
2.540749943248251
2.528064538341511
2.614732454711215
3.031215127165600
2.550655554812617
2.476265163636639
2.879365051612360
2.351362369849063
2.348629311411946
2.925257353833728
2.349380628769061
2.652022130121086
2.992650900281362
2.634815294012221
2.458365182287925
3.747931266687998
2.644217831767295
3.782914745707050
3.827399505305571
2.527182501911201
1.180685994739630
2.347392172158733
2.784275100017208
2.316491463140212
1.857765031569130
1.974399006595963
1.657180635624713
1.818302727515881
2.467364514967425
2.416042391247650
2.508044168448157
2.528466166746827
2.332494445444963
1.912750171183456
2.231797035925244
1.971490293872280
1.818995755483537
2.131187340667232
2.047359921652870
2.085990972456992
1.814181507220839
1.685889683089592
1.669069399532885
1.397273994757358
1.651213721204445
1.928728911489382
1.831765980299861
2.000817011962311
1.765011632979204
2.649033116926223
2.122590032083220
2.343283575562445
3.313958760771402
2.377895206263807
2.488509325031614
2.023392127552933
2.794219586557232
2.206584135662374
2.502520927913494
2.292099381125400
2.592558722531717
1.933198846799884
2.091671827901096
1.862037383979609
2.838863732377967
2.496003824703863
2.175146087392048
2.171126653966879
2.514442903238550
4.108297584193981
3.573759508812845
3.376479757452938
4.914737258867605
3.920947711459363
3.886830360007766
2.832959398162065
3.967699948183910
2.196129981016648
2.976310375413839
2.335249813472261
2.969112545806966
3.698544826390057
3.695825453467352
3.666251654763375
3.145393174049934
2.082748121144583
2.920888199990478
2.965209369660023
3.038333571223212
3.853248259808328
3.791477657371328
3.272655745931627
2.132999864910897
2.426955714313131
2.219637750133176
2.219491013111707
3.675349813160720
2.988534340149145
2.736856043717471
2.752635694913323
2.780638498687818
2.759080514687723
2.935716970077922
3.132097135107538
3.696197754449399
3.013074282267788
2.914551637520707
2.855105133872038
2.900166733690082
3.665432587160415
2.927374055333563
3.495448092723867
3.004284209600828
3.791514484292938
3.652172891392730
1.889822924658006
3.058170146563889
3.034350386730092
3.567754816381401
2.895080127561619
2.948536714147360
2.427586322979063
3.643426116164156
2.912826533267349
2.370817670853804
2.324546548504479
2.912303088334572
2.855383865723112
4.127148558178583
4.282888135127774
2.293162234707965
3.596471297124679
5.347036788598247
2.188842140741977
2.897173676274774
3.597973470657370
2.751670116212441
2.085882681520523
2.846384583749430
3.563227623820964
2.299544093993285
2.477085228481681
2.377598802794131
2.486777406000256
2.583916125875312
1.994331252187587
1.788367317881558
0.940612885876987
2.549150467947082
2.979893453974784
2.511046268036704
2.379733295190921
2.623049883796350
2.450286680016902
2.656573890154058
3.123917579105373
2.499811420012843
3.016808187639819
2.566023930363986
2.763078707907729
2.450073270224178
2.678373204663926
2.286929739757592
2.348081578376346
3.056371717854414
0.861998225443078
2.218578514782390
1.778329363369026
2.359936116978557
2.111959601968755
2.165334092291610
1.873629231874014
2.551920215892586
2.638929152657458
2.539476498697322
2.697192745144351
2.285436287671003
2.946147080066744
3.118391414776502
2.494308463206234
2.178761305923747
2.221547016139323
3.298855287387620
3.348261787168688
2.533177738047088
3.086531521975377
3.944446290501236
2.718819659507539
2.637486475102138
2.684036800369008
2.324164969225567
3.066109676242926
2.253339525910910
3.048003592962904
3.028507381710549
3.145351736652439
2.667548623309810
3.148640676333740
3.237799977715874
2.977072239329074
2.751241169762427
3.011317419592139
2.866600038360010
2.949701381494491
3.245098711379412
2.236534183991556
1.331473798279796
2.119484826859351
2.543872636488909
2.497702383924902
3.316383585060538
2.253693542882420
2.357642654194414
2.993820357858466
2.904150040855179
3.286547620404769
3.239690970579586
2.285755321601489
2.314094369095434
3.283139202795666
2.791170552265291
2.923778618235971
3.256906840881852
3.264878271862830
2.779216965895523
2.281921200161406
2.927024320037961
3.073405337369662
3.100233845447240
3.104097106118535
3.022183827374801
3.061021417970034
3.168766945331757
2.754807815315009
2.813523129461094
3.076268764737626
3.121837050976188
2.905640751559623
2.622241278377832
2.922225591880076
3.051677042368436
3.162805119166388
2.982830729898633
2.585376997713321
2.431643513906812
2.831529403769202
2.160000940585599
2.667509054347277
3.759450404675221
2.724705509285198
2.598929262398776
2.229000303002168
2.286403870151161
2.376135699348437
2.814458992307306
2.366584383505725
3.694408441713451
2.561832451785802
2.359590482196756
2.171861419882722
2.665326282433831
2.650160995545109
2.622313010570376
2.208273052839357
3.172414634527125
2.782970035720354
2.411835891052941
2.273714760513313
2.570503906070923
3.900221208667683
2.415422636252258
3.080606291790982
3.661004239950153
2.584115802465769
2.418688878674798
2.956251092563938
2.929949199347358
2.914009727508744
3.197370025526581
2.342581527003503
2.650329970837011
3.029840606576835
2.857182234887116
2.369093833195481
2.777739287480612
2.541890606665110
2.979641285694871
2.403272790969200
2.992968164435045
3.048758808422103
2.893401099349058
2.200474805497043
3.090263211027358
3.218185031156843
3.165606479673327
3.026228474432759
3.290038210959283
3.193610002900715
2.647232986681023
2.905439891003769
2.702815514273560
3.193898474721913
2.698646779498858
2.944181196806275
2.536723735991911
3.014392642252390
2.915151978826644
3.756138200634221
3.090082138567524
2.974738392819158
2.978444476569566
3.816314399677973
4.125152258588410
4.017602457450249
2.905005349853730
3.462511019780385
4.124207705828679
4.238366926859385
3.171239636226729
2.576177042259387
4.261965724542390
2.940758626736864
3.237862529811085
2.576065975826052
3.813224729578027
3.952947629410502
5.148239343973135
4.474055251937605
3.954128088131950
4.570629128131793
4.207664818697086
3.176490006488010
4.184928860651596
4.438341509094917
4.117664115281555
4.528487435900562
4.091629416421701
3.837596789336344
4.190125465756683
4.680077344856672
4.624460586990820
4.521324335070409
4.201319138200084
4.589464787527225
4.102057793607681
4.334648615777735
3.234541828623766
4.284381101552452
3.160480045305716
4.206726047718071
4.592024793413835
4.467541784411445
4.734012018218451
4.618269636129892
4.990992645625027
4.750964289035997
4.186590297144845
4.266865072790234
3.176101336034120
4.207236905799459
4.459370712318266
4.677840890679214
4.115179846379428
3.980995958531835
4.078734334808514
4.032661795034823
4.151124636939098
3.047397358331897
3.006708623007293
2.906808630755124
4.161014797318015
3.061064257105364
3.000325135414768
3.118950059047216
3.233241330621239
2.564475339749569
3.182158963789936
3.996125502217842
3.057556296600300
3.963690069753032
4.255372538540836
3.179154092970898
4.193353179089763
4.092488575742812
2.468673175902254
3.297332224401125
3.057159119379661
3.360208496231201
3.326808353956230
3.962662326176107
3.410634640839371
3.289358384824447
3.390675238606057
3.006031107179306
2.742072224852609
3.926201087479494
2.727854258907604
2.720409282752603
4.086211668443873
4.097749069075079
3.122275747802095
3.399609053025065
3.337257545133070
4.229993406247869
2.650657906054997
3.292076888724564
3.257465805244172
3.248818898151385
3.246150060180004
2.762585066653516
3.051145651780665
3.317866468327527
2.718441084695549
3.458378301373510
4.100087095166376
4.222824842116125
3.974695275118542
3.939078109918384
4.145285013257443
4.155265018638556
3.992323738907330
3.326705125327090
4.187185171503951
2.578484194912743
2.167663976529412
2.532585941766516
3.455372985711199
2.596240945982849
2.820393430330022
4.228619283009546
3.441283190365205
3.298591866332611
2.612875921240690
3.452835584848031
3.946700954032211
4.141330339596196
4.016361531868460
3.955183270669364
2.973270160146979
3.131363415796915
3.195291309945995
2.557977985461447
2.620210198112414
2.690752369189023
2.525605655417477
2.707885794736985
3.137351642318893
3.915745811569023
3.950977117017643
2.949426684353452
3.836061105152713
4.249010198077737
2.591521580363073
2.603912070941064
2.432687084033426
3.384777518669705
2.838004381884556
3.010903363952818
3.259108893007904
2.630641213015874
2.688404242302887
3.059708186035555
2.779954778535655
2.419827457245550
2.551543305448492
3.984473063154478
2.501865860977881
3.006168242090924
2.275879839401908
2.254943209564179
3.305162765723209
3.330328708331073
2.493107013764195
2.739775528340699
2.542189569305261
2.818790670136676
2.849884938384314
2.572773687427653
2.393719267838243
3.305175116165174
2.701019644013119
2.743691846967363
3.113805086844669
2.742556779814448
2.719400638769995
2.743178777414612
2.653058865064807
3.221577136130064
3.254214735256110
3.063453097571116
3.079258158646409
3.330101567737789
2.561574191325382
3.154456721348870
2.981240823557437
2.645091164501345
3.222994088698019
2.967223478795525
2.911512719680358
3.359178374417988
2.465407644849253
2.217720950413084
2.674789456842786
2.816850734312685
2.546485161989301
2.674207138743297
2.774268961430015
2.694838980039108
2.718030681227518
2.431917110420681
2.192372949526520
2.542088368164309
3.009058751773603
2.687940624747310
2.802608367081104
3.057821219370429
2.820375812249980
2.640855697416712
2.799738479065718
2.838373359745928
2.773096204583879
2.737593679324159
3.301967464441792
3.091845578547117
3.270569932879888
2.793813634035743
3.313003841615227
2.808925665963767
3.506384287877943
3.577255973749994
3.582913995844742
2.346696680757578
2.908784650320425
3.271841868131613
4.014222421114152
3.961553460600144
3.999804882942985
3.460939680459368
2.739259685534083
3.078240864461567
4.264432857737065
4.125075792570913
4.081503737026363
4.683029218449906
4.541616392557227
2.841842775274114
4.240277322603774
4.378800463841545
4.435484438052013
3.488148407846249
4.180054412265322
4.658588427190070
4.479877310041542
4.276183858295001
4.735535915289262
4.749942502691082
5.139403064381079
4.799420973001014
4.278577777497560
4.439739909560705
4.375195874615146
4.710116257054644
4.320773828170593
3.124442019544497
4.280684042920551
4.398327081500868
3.265524051753064
3.650997893512710
4.285540811539030
4.115557187674742
4.502679637314319
4.435923468941420
4.727231252096683
3.318000912030674
3.511855703102120
3.704162733807963
2.903999050920641
2.836634066246932
3.496488706986931
4.200010948435882
4.205985760316880
3.625221195789958
4.164319124153485
3.614967134132352
3.432051272187733
3.437408556953368
3.515818912950182
3.332453942068289
3.680454152510532
3.489920300642504
3.775944816428147
2.837286153373777
3.543044439669369
3.501642362600277
4.117545351015315
4.323211683809657
4.119756933133409
4.607674499769501
3.665257456495993
4.821072724140833
4.351800098564178
4.985697634967545
4.440901302074456
4.241458455060112
4.576124133757947
3.679218444231264
3.306455069800973
2.655332367744819
3.511462683021052
2.987661987178512
4.322137012310220
3.709715772392066
3.949200001185069
4.236543816226648
4.500949180808637
5.259039035680707
4.181521146552319
3.622537698804073
3.178023930720113
2.741178399332343
2.555648803194310
4.741605964453907
4.583482120949467
1.510394229934776
3.974073852008000
4.760261920325792
4.978827017702032
4.826336661715532
5.268079835543400
4.988183718025119
4.719620212429849
4.551574650389567
4.459414357621152
4.239802214535685
4.679138263309465
4.929015130438625
5.109417850297408
5.082835135169807
4.202014231094442
3.395522480264326
4.766720592141301
3.616850104658185
3.672337125425931
3.562421979327390
3.589151467509439
2.161581949115651
2.631941393798293
4.013059491133393
3.363673799541604
4.189072942116877
4.270120295843869
4.197235245425687
4.259462306317321
4.248936325954853
4.526009905817187
4.493970425366885
3.878007941752664
3.000933151899905
4.316963316355207
3.934899468721740
4.147924751524940
4.259857202582048
4.302855840846943
4.266485950444155
4.024853334617240
3.937437272592237
4.176379522103941
3.242330945035245
2.581525440380591
3.148237810864078
2.799911675653126
3.016010465040233
3.882001629272964
2.766182980761921
3.214841771959022
3.246762689342865
3.901063371223472
3.127533104383273
2.580699296642385
2.693576555569650
2.546087949315163
2.994721463950794
2.484427313937486
3.139028523825194
2.365116360002257
2.772942441756774
2.054998737769940
4.022376562727565
2.283118325888182
2.431501553850492
2.927070284823171
3.026364471724477
3.831348742792004
2.490822420867309
2.953673515777449
2.599742074319190
2.864048815615273
2.675054902184694
2.568485248910056
2.867772780505687
2.221588230920337
2.142486150980359
3.213638054488577
3.091483178269818
3.183237267484297
3.133836318793572
3.984572284860511
3.890323880558152
2.904231143040114
2.985953280715738
2.495432272036127
2.406549206054201
3.044271290384824
3.161272393993664
2.433775180965734
3.095762143045203
3.134416483548248
2.643396395000459
2.829370133871636
3.074956603251842
4.063692568972620
2.606702310670515
2.734930504209471
2.970475767903499
3.028553745109350
2.875833404582461
2.793709617738455
2.389598730440929
2.863949813521434
2.887150617727391
2.689425743818063
2.788256299659608
3.819436001062977
2.720219523032560
2.783024261494389
2.492913099294567
2.389286777731276
2.485271370709052
1.909289210809048
2.580766147262482
3.845984414600525
3.843418468561068
4.077226072376625
3.940353807036003
2.749945966300211
2.416181211641963
1.179092818320483
2.540884950543418
2.433616493370698
2.302883587584001
2.570484532526780
2.730521579642360
2.658818439932641
2.798007381711479
2.892928752373645
2.894638173746297
1.975640863150369
2.597915023537969
2.405477222637793
2.076540933055019
2.142737568103223
2.243716921824304
2.841358067309739
2.461542353598202
2.595068354259236
1.899214695894573
2.024938095039458
2.547186103631715
1.336918484875498
1.279708369043086
1.379833149821352
1.824620506021818
2.147471449402813
3.366241501510530
2.956514882339190
5.860430609513577
2.120926201294393
2.860548312077182
5.584780269170653
4.448488849040824
0.976316031852614
3.459869370269098
2.958859451415828
3.277173216634965
2.814521626245248
2.852950094381439
2.838264995414164
2.973183280625281
2.696552198969843
2.011424916824541
2.305341572298882
3.446606433727539
4.052931551429441
3.317238149661248
-0.397984036069143
2.631387711488758
2.438669290472344
2.608925646185657
2.853202330343816
3.605858442156169
2.947682718553685
3.646797151350803
2.801883980569907
2.736198118705954
2.403876250452965
2.693701877284113
2.604459337380558
2.099024861903864
2.319381969885568
2.887434128014076
2.700664056733987
2.733080506837273
2.609834335025826
2.149079593409867
2.917421687207345
2.834565133584495
2.812551313800033
2.189873629705443
2.281002615997206
3.069833902844208
2.527190780843914
2.598582158001764
2.615872390792779
2.190339031848882
2.772399117956948
2.528886920217312
2.703063519834092
2.717168629993578
2.225302477298083
2.229232348988957
2.981640346343823
2.568606267523376
2.476022644464936
3.418176344821788
2.656453644960657
2.563903291945585
2.919227482023810
1.359163873812450
2.062418803143131
1.211324141454787
1.234449841399687
2.031793872778212
2.281612138028226
1.342263167600135
2.105445395446686
2.112591396385892
1.317183013110448
1.833072882624417
1.451816302593459
1.773229962833573
1.878049039868459
1.973790048150686
1.848103857144602
2.065406601548973
1.863626326634233
1.927956169550722
1.914851222153039
2.529845722868388
1.782485298596448
1.804618370581760
2.447661061069227
1.994544561292587
2.076697261076824
2.705248679989756
2.760566065229348
2.706072605407659
2.935335621585954
2.872271461086218
2.867040952007995
2.716992847450371
2.737277859508804
2.977793181674268
3.289506409508660
2.767384717115116
3.113594271408001
2.997395395561255
3.991071116291086
4.006285166584475
3.235507241843666
2.766859168579243
2.767417310904914
4.092061515035661
3.975361416981622
2.549314319196287
3.008617095997514
3.301187791975099
3.114696549275519
3.078928657080214
2.504981128330026
2.652072953975893
3.236745778971036
2.667188277785172
3.092932970892745
4.553096085742871
3.190153243298795
2.674676199555938
2.851271265459750
2.600148588576162
2.687132954356284
2.961290038759431
4.134588443073353
3.283557448708625
4.011867562089855
3.319980171893223
3.430944632909903
2.574340287841046
3.187126829867935
3.133367235295433
2.671176505218115
3.180627684854956
3.149510997679471
2.682002077926223
2.131016476418899
2.868260629320526
2.176721517326236
2.167592001234771
2.774795493557337
2.513236461480464
2.352515529247656
2.066266165055001
2.449068818054181
2.667509283886113
3.307026108384365
2.478499415750793
3.282940493937651
2.519926151468514
2.613286265690211
2.873284392303767
2.465151526063247
2.260981296654148
2.031489303417564
2.588678444388093
2.479169284959011
2.590562994126245
2.727302062689975
2.593394008316362
2.713383439665392
2.602884354472996
2.525737068742692
2.565443516331359
2.538297574604273
2.945999954795496
3.063776796499452
2.426169280600313
2.805906713222342
2.645193473083791
2.767466971411023
3.167826084422799
2.960338911650527
3.204044432760463
3.218939953225108
2.814860138153962
2.865057968201865
2.968288625489755
1.947602091190192
2.787749989304397
2.798875667733556
2.477682147117645
2.598070734229557
2.495073393404217
2.053916823317011
2.243368721285457
2.795733908087951
2.406137953937011
2.741873316001613
2.193442761100355
1.912146723711160
1.190577634462880
0.653765298758118
0.822018532624324
0.993797335833250
0.901659568900768
0.919451673247467
0.729616479708053
0.970814320238154
1.072049954559724
1.003194201691361
0.768834633811987
1.125971477381607
0.992357069284709
2.388729621217361
0.796878598329205
1.012795639981558
1.034076221948579
0.659206211533868
0.959482397296664
0.794810888201653
2.170433424888575
2.174065209822227
0.616789170371375
0.973721689581059
0.965435857605119
0.737205419150653
0.772218728383253
0.891882714166288
0.884373658977964
0.864061312645692
1.870899997432293
1.972055966635663
0.884270113614066
0.712195710829496
0.836830958379970
1.036428667021852
0.967553755945096
2.549648832494243
1.049548174890686
0.870770547775839
0.924562130827014
2.193521826350352
0.965823399161963
2.033665042632306
0.720681519295725
0.799898389222367
1.022874545756680
0.872440090846434
0.840281947363798
0.824245702107312
0.885945312154827
1.057691997290739
0.910987994756115
0.794942837672051
1.095529351937957
1.111859487349550
0.907250373473341
0.865737542226578
0.916321443067187
0.756868897752387
0.796177660512527
0.775542777785913
0.769563564822355
0.841216515337983
0.772141787509207
0.723956531226079
0.917318478308442
1.889579896065112
0.838754819205214
1.855930980914147
0.932642928345519
0.685190570286018
0.984134526847035
1.846964157653579
2.616730841384052
2.548022745422028
0.817552439373789
0.841377665945569
0.750689128185084
0.805372892543234
0.832690320247661
0.939703757098058
0.726591761765122
0.843845036581310
1.169178876259634
0.941745917705775
1.009319726533849
0.731314582689154
0.728466587022905
1.114340876126237
0.826219201096007
0.818340249116622
1.043918184475058
0.807398812045100
0.751682754878378
0.893431156640463
0.942276449703650
0.903437203384171
0.731066123456325
0.983301124225386
2.447376273467510
0.703837229193290
0.656699933828016
0.773760652993841
0.834360895809495
0.868191095697913
0.800701143483877
0.754941914050251
0.815519140515482
1.828533120476348
1.072049614557651
0.772305683563022
0.635617814170941
0.829607718280638
0.640541322020438
0.992762398865656
0.901232373026815
0.792045987409682
0.795291598459793
0.717144549386714
0.874368404629759
0.892059186031463
0.935866918312079
0.832470249534584
0.569323266797989
0.890781726814629
1.981159624114360
1.630942793371913
1.243982751360511
0.629242909811914
0.658026295017675
0.568325322215757
0.692605790395416
0.645304410779358
0.675067913580558
0.589815845657474
0.827641449762390
0.758277105704894
0.671755519703164
0.697999188651199
0.676111209986209
0.704493976903092
1.046043551494773
0.704100480594364
1.564433936407174
0.616976868425730
0.756218830737960
0.887417097262289
0.757904437946698
0.768250967446209
0.685488385976267
0.578746086706614
0.752393370729753
0.864631405690635
0.664017471702882
0.547212595289824
0.670594411661387
0.637997854152111
0.724623159296878
0.798461059126040
0.805661538620740
0.966407204087160
0.702457591239996
0.845264947060346
1.413646304851371
0.091032770213296
1.435564879472424
2.487720290363757
2.232705851403664
1.421732913959254
1.352167587907939
2.403176830628818
1.387581100204426
1.276040288993503
1.344951741750633
1.407615307551358
1.493281170927371
1.423827518354613
2.386205324162048
2.746655539762473
1.342638179500250
1.412411615482823
2.350389046825166
1.300555715281995
1.220412639978241
1.257822733228003
0.953666640491716
0.996788754347818
1.522856712296069
1.522984780136323
1.529241684132362
1.487525397607644
1.262314862792921
1.459468844791754
1.534674886353424
1.210822332351578
1.414074557273245
3.255213640595291
3.131631632154793
3.596978837230524
1.420567411790781
2.903571081771056
2.955470989909618
2.920712884104595
1.379799381011879
1.415166077414848
1.384384237196368
1.326737747981416
1.273806000731456
1.415715860720641
1.365484202603171
1.335743489662729
1.328782644650214
2.059839752592537
2.764202991662787
2.178272081513247
2.375236942279775
1.085415848526436
1.911474523667798
2.116755874603441
1.873549318994240
2.350075327691994
0.979018520041178
1.101365730325216
1.248402048671111
1.506690992663605
3.254859124068566
2.946300013631104
2.565543163358238
2.820095566433709
2.824192167990314
2.393810190410320
2.549742421426222
2.340118801499415
2.101325618664721
2.700479074629476
1.394253307383434
2.663581112472929
1.145207469854409
1.362869397181302
3.915183259239923
4.198627393939109
4.109784934317150
2.260501129396300
2.140834378969922
2.719245142711740
2.385972520844506
2.241239948288806
2.115512817700349
3.919295895901073
1.774056611610733
2.519737556164011
2.147997644630683
3.779046549224511
1.922797332185392
2.117082497798226
1.427112979307271
1.166216233542906
2.187156293362206
1.346137685311570
1.294712089911090
1.312163673770626
1.470952467490229
1.211063486519353
3.301989608741792
1.217656376991234
1.193511197268625
1.294699554293928
1.337932613082379
1.362568793515848
1.282175779039859
1.163337650693597
1.285263642661251
1.166179230745289
1.218617658892078
1.285430026038872
1.272720246873229
1.886338052522690
1.591210071819513
1.866906853300784
2.488303883075996
0.921959393592317
1.057901596547918
1.620609161897175
1.647296711289510
1.977771581603625
1.224770106728762
1.848146376058622
1.894215661469910
1.969314008792918
1.321332125765144
2.640328199145797
0.907254192959383
1.290841590844670
1.259668482367049
0.894190968013341
1.759332758938752
2.125470659135441
2.047534208274289
2.092193468446260
1.351443706611984
2.292225719279702
2.145468084221551
1.241305909933572
2.431580723294907
1.393896845975248
2.383164878497906
2.022715387517659
2.055655648628893
1.605979048763327
1.926950804376042
1.718076280607851
2.501247628454522
1.153699572522279
1.186209078622245
1.259183215735113
2.126094884793277
1.442173071580319
2.376877597685778
3.906983455905242
1.951871353166547
1.728387441661157
2.096996771976500
1.794278469540149
1.504288400254331
1.223124430789805
2.168477285921552
1.583806342380555
1.685218846916179
1.165919320359914
1.631434136816608
1.593969967019180
2.922514460143505
2.448933940486635
2.367664606291759
3.034299320983756
2.504167853928199
2.429268843824139
2.396573988246013
1.849826578748616
1.176638963852450
1.075658733175599
1.463107833167191
1.336809205166282
1.228208767714556
1.385447566578039
1.277584078350821
1.310476741899399
1.619949858218863
1.602340363089661
1.623595506802832
1.450731021205644
1.833897726595185
2.076822574326229
1.317557853263582
1.100899222383732
1.028826519088490
1.908010597554673
1.129557643301803
1.328042983010371
1.164139036107946
1.267757527668784
2.311733811901198
2.670294851333975
2.897605079671802
1.370703909687789
1.233433873038690
1.517672194240980
1.469169890159370
2.810082868379538
1.218104658569017
1.315956345217161
1.595848773353367
2.450220318532319
1.471649423782433
2.534681684694898
2.940321977552532
2.558279642667967
1.497641862142177
1.533933144538699
1.514892263340641
1.449036051800792
1.815526254881530
1.748937669981292
2.071122437405603
1.600801536040338
1.623480406741521
1.420472155093087
1.474915217931044
1.565014464161071
2.472425672011177
2.379466237768651
2.697438526849472
1.555107961244290
2.696453190831264
2.322927429223123
1.381977872570336
1.364213855386685
2.459621491163350
2.221765087558223
2.139995775288000
2.230636952955937
2.084952241857061
1.672465935058032
1.925736945704589
1.980072668416101
2.235409221108139
1.358744925765832
2.236886211079211
2.045311571853451
1.492265400872304
2.037054744497987
2.718082880027297
1.504482529215965
1.289594031843653
1.427595700051609
1.472031327907369
2.925597583353023
2.642321247484521
2.326372950631737
2.640149912449024
2.706573653315297
1.573889857501467
1.596585884776499
1.585179721144545
2.182807640332743
1.574057388689685
2.138284215451005
1.522302659591951
2.348506327085715
2.380842888161720
1.920109364855267
1.968173196094519
1.911922709601914
1.909941766418830
2.427434918863166
1.467768535956527
2.538928630894298
1.594880153950420
1.390890330903038
2.385248632503505
1.929081826524476
1.683613889130789
1.431787775173754
2.132910853328654
2.192749903731825
2.211448600467612
1.661608841022895
2.303183247417467
1.808162256295951
1.563809699229998
1.538115824457218
1.636566836075224
3.934165777903452
2.239669745566214
1.509933596738040
2.132354079366718
1.444108944602541
1.473033698968289
1.580376790855323
2.001269868289516
2.379870699249194
2.063623918965900
1.530246108263237
2.198347265259289
1.727964738010200
2.210139133398357
1.708260648978710
1.730590016367779
1.588739588797996
1.617133057609847
1.515825500447796
1.111626490971809
1.225292655189284
1.281790740799848
1.406760369272229
2.290318916891388
2.144933960408401
3.005650255949465
1.756705046149025
3.955493663936701
2.431996150786508
2.782425180223824
1.677115292349179
2.188443814604070
2.935285320493859
1.735492317234720
2.785040300921453
2.155089021884983
1.822490815372316
1.887305175405844
2.649090124961917
1.555434200966488
2.392168461089557
1.711604731555515
1.728767381550980
1.667237051121005
2.835218949223432
2.558233101767833
1.628480816200870
1.803052676036581
1.747425215662700
1.757011002298350
2.549431648983748
2.371024028369553
1.345820858493274
1.692937105442289
1.567758868418371
1.324857899927176
1.476080428696745
1.470077336169016
1.444272832134749
1.489704413959638
1.677041561513776
1.799394300833199
1.569483060480310
1.738247736645246
1.759272061681264
1.748327717065212
1.692410430954045
1.421681297815640
1.671032417588928
2.449801840362397
1.708275408040714
2.765103436684660
1.723265238493101
1.738864764908685
2.286048055192014
3.033032133799118
3.103184320685312
2.648432864180817
2.765476680752025
4.008495311502617
3.828863179942446
1.819228822455460
1.800973450951606
1.898199403599491
2.066851687665626
1.849465282997900
2.282647897267877
3.853478565793855
2.663908206397140
1.917161249453381
3.821062543109005
2.791068044893005
2.650261445142380
2.517828223964853
2.211600532123898
1.731248022822917
1.745567914276501
1.871899234950601
2.478672860638620
1.624245030394718
2.017731583626083
1.915455123937208
1.695199319655618
2.090381751561052
1.965998441954187
1.774007101555562
2.430932810249878
1.726276289508680
1.582578448972729
2.108932953359100
1.833971936069339
1.574032247358628
1.831079238254213
2.270668416187847
1.605674166835224
1.780106408511433
1.695849343784423
1.577698335961242
1.530743524354075
1.270398975406721
1.825844945662072
1.719022494963776
1.791014915477606
1.659133015045756
2.873124248707868
2.074718196043349
2.021572616399896
2.026715347766099
2.088610473546948
1.550579538094745
1.432151583263136
1.492309849468364
1.260889420947059
1.537038007037096
2.340541793926910
1.599976370389636
1.593463623135607
1.651088290722489
1.499121988502423
1.424542240085658
1.625530714084585
1.803771917529046
1.586169843234446
1.704319497823777
2.201306512894647
1.930942563030490
1.792118519627248
2.049483175748905
1.903588580501873
2.562216798992807
2.014794013054786
1.741285684988221
2.147092849337819
1.646206171004452
1.930787850869923
2.465854292123353
2.418686249703089
2.538319123468390
2.468611716141423
2.505876278653349
2.004170131628892
2.299485357312015
2.310093699140132
2.234258680176034
2.534665596861292
1.887264913540056
2.548226364457872
2.180112476447882
2.301867513565247
2.358886159722355
1.954349992696592
1.509191853086927
2.082126206529621
1.703755911608305
1.999521347232625
1.718045126367297
1.707633065039236
1.495083498619215
2.395814738332627
1.781115158095547
2.450881119188550
1.810091447572308
1.615125861531723
2.807311771200104
2.106442463850126
2.305481400423801
2.032925068883782
1.665207661351512
1.647655208496934
1.721663637084917
1.414913645269419
1.736232937782183
1.639020960374105
1.929759433837183
1.616577079274517
1.733959631749348
1.628616129367630
1.642483652094771
2.033171631646810
1.837434778547961
2.322957870931663
2.285640383134440
2.598796248597289
2.665613459857043
1.986091396911928
1.632346293752284
2.062114376407607
2.664892435052321
2.350169743796730
1.769496219088611
1.684734602792408
1.698415675701329
1.953359847777786
1.660774431335884
1.615267559191687
2.796739197944870
1.777122276521353
1.910755708645905
2.216290085865270
1.575383750373860
1.724953931791234
1.916193910470571
1.878191601224689
2.428660624168330
1.433292044349869
1.442188104862330
2.114125821249098
1.291202888873654
2.144444523436785
2.738921756543484
2.024408840908142
2.393202950137402
2.058115544553196
1.370779431874828
1.327557303709991
2.240421084814943
1.351971248127026
1.210044753300129
1.292710039948436
1.438798175425722
2.200826302768096
1.339802201495575
1.118326240302446
2.038992809171731
1.299871348509239
1.353022924713082
1.299164995250185
1.193821967273611
2.130128322989870
1.338452036844470
1.919590865868682
1.339856895400887
1.303107493579090
1.388767968365135
1.386109971342870
1.344517246936611
1.965977741613666
1.201544896317650
1.980546377240431
2.086100789738482
2.051701619237849
1.266639992118419
1.133340425306974
2.042821275565801
2.869438400975370
4.172413778919046
1.288078450354430
1.943417512201569
2.271788391302181
1.876441008482554
2.005840302676961
2.110005454648602
2.188445749078352
1.377987497831829
1.792617414577676
2.293539967982817
2.002255488340177
2.246566698938137
1.924691028737212
1.853683922765577
1.360510550416265
1.805190942999042
2.033324797665312
1.920719226709079
1.857250928447969
2.035370542275584
1.859748897485525
2.216815756787680
1.230551682893195
1.982137824321187
1.360089745669911
3.078149452069677
3.837360909021555
2.288589826754621
2.053660187013149
1.966732996099755
1.373322077637351
1.324892200468372
1.900624262838482
1.957359273552219
1.446628433914781
2.054772817727256
1.359899723921528
1.989286825378520
1.974325748207062
2.104220406824903
1.918744115553379
2.011864074674604
2.129344144291310
1.220992881809651
1.667608617097099
1.967182630791122
3.854239323287240
2.742669632262204
3.001083630577994
1.365012798339458
1.929224809022800
1.827768393771505
1.755440728393243
1.717020306452820
1.884618058265284
1.889602024742824
1.319435762056990
1.201874397061235
1.841552896885650
1.804365512362756
1.318386408047004
1.792367982171974
1.373991917983402
2.085280718517401
1.290505277690885
1.867875844512212
1.879836983175872
1.883193954342278
1.247002708981236
2.162719953073444
1.427851764869954
1.328440920896034
2.094860634063319
1.373740263481540
1.231884228819653
1.235134819399182
1.342353728370722
1.428708452888599
1.334709953629862
1.420297865011331
1.282121834844144
1.945407021885197
2.175220301933704
2.016771518533735
2.148395939950283
1.275783448021728
1.364078296323183
1.706786990600189
1.233280610152926
1.859479553517089
1.158221549232899
1.368462919406039
1.561785346391463
1.268539824289718
1.812818215322408
1.866305191131413
1.254403848334694
1.906197875650139
1.307956396153745
1.167969297505105
1.309757887999279
1.309737716814144
1.207672936403772
1.603064573528080
1.204873484058888
1.883388529673836
1.869530299953068
1.302029685824521
1.167599821136232
2.000772247267517
1.730048834418562
1.188778275194990
1.820870032516531
1.957579703363641
1.271455549845948
1.167808448639202
4.073771670572439
1.905170346652297
1.138993005069232
1.278944769805643
1.199456901614980
1.049528735529812
1.275467264195772
2.053051796882107
1.906858888355187
1.242112570448610
1.147756211501118
1.241807112271107
1.765153893458706
0.996388990589951
1.786813934869661
1.178316843810618
1.165447055572726
1.069698837001292
1.142543507928239
1.174964139763634
1.068848307621543
1.137696822529388
1.133033700406033
1.166277517887253
1.837763346329209
1.754174800894321
1.393938697553811
1.159000623873074
1.190787061418983
1.135122803340831
1.085986718021550
1.666626424821156
1.721205032526534
1.064264867074780
1.033459985803762
1.797034606831782
1.954877500037594
1.057115023117384
0.976034828958893
1.167890052896881
1.678921642820870
1.040834348734291
1.061221848273539
0.992695752569916
1.830479353445323
1.234805020907120
1.745482020209062
0.901929160025472
1.858463265688433
1.408874340150940
1.986709729627572
1.112245500743305
1.110233509416283
1.074050865323580
1.810646247098663
3.064246568538994
1.069884912671998
1.648139318092452
1.880455019241795
1.772822096076005
1.843692841229985
1.689551248016424
1.837407828360487
2.051311345730126
1.187895587485096
1.945198557967263
1.029577039873657
1.781543844019686
1.081099354125227
1.070371472999527
1.704920155343218
1.693659649245041
1.094531452188422
0.996290555189231
1.025022809254073
1.115271517247524
1.007742072647394
1.703035175716173
1.899002723998984
1.222580254121147
1.169094294905890
1.672425442147256
1.074256179902819
1.541958736533531
1.820359544633912
1.054292389355727
1.166460440380571
1.532069510518177
1.110615020504891
1.700854577936935
1.680967456185716
1.866360356994544
1.081189979743068
1.853972904759166
0.956738587729752
1.091832801862425
0.900863134264063
1.114398052636247
1.077546764779073
1.333896783890503
1.457025389149205
0.970468839458160
2.591062451562049
1.123797990922695
1.092982078809978
1.179275809342043
1.587885196264475
1.116338658376134
1.210947329211208
1.081716757211609
1.461771470672960
1.506222604942677
1.129578899032754
1.032102046448712
2.824415457724394
1.748639794581022
1.746667465229385
1.750641936076798
1.176357459346549
1.201844733680910
1.780487421615196
1.134863451937973
1.389645406479719
1.177007855898077
1.170601285916071
1.067609133665241
1.138761509866650
1.544950457647670
1.152400444720376
1.339796796694912
1.088422544985020
1.722289093946473
1.193494073127768
1.112479225492024
1.667223205739940
1.534172724437720
1.834632158460029
2.130229005905643
1.866786380784204
1.630871787842362
1.118758306581737
1.129344752418410
1.734693261281643
1.710286826141641
1.666944310967287
1.853249788923325
1.625649317011959
0.998172744672666
2.682623429192147
1.004896409528690
0.869955460717329
0.989997456675077
1.296281480899595
0.984676275425494
1.210901797138545
0.966439780867197
0.939116605084362
0.917307225321560
0.956573423284378
1.082230503980098
0.786632586524368
1.338693671141624
1.076807483129784
0.717447786998270
0.396810218348147
1.991189071995714
2.469500057050470
1.121511769025926
1.894175078887330
1.742254554073419
1.749895984051692
1.267750583788302
0.974012016746922
1.737263733939956
1.735744967978835
1.078809534230978
2.248008967410410
1.192905864207576
2.007325549853826
1.280010737987627
0.941742766245555
1.161790556774812
1.002767766144074
2.157794132846912
2.063755882316709
0.755983455981884
0.752651498041897
1.961451088786609
0.727162488082397
0.941847013509016
1.027081722733241
1.329714087147331
1.072286613924168
1.431986541714038
1.279962701203128
1.442241539050451
1.324399428832548
1.147324222213062
1.573866711281700
1.607601539345824
1.376661641207982
1.626920335880598
0.928842550707015
0.849793517624457
0.897324924072950
1.048767689926694
0.801779994833085
1.898879458614320
0.831209848152272
0.794632123673978
0.907243192906235
0.956178285702640
0.773914582407656
0.622855260709018
1.004875480548039
0.907455352580099
0.987352963255017
0.798948588919925
1.791323905402087
1.996415882345299
0.750188301357921
1.340081662543335
1.235608979262764
0.828771141460010
0.935522064873976
1.082361865422138
0.872925356367420
0.711143328991576
0.737686688139602
0.840329906420573
0.615064409623397
0.806641765770891
0.629688281181657
0.690580738927914
0.745855768112007
0.637328388387614
0.762818787336462
0.664479609280422
0.811365143439778
0.595380679761552
0.901525030362471
0.759747179915645
0.725255460930896
0.748505401003285
0.920460208769531
0.768607152142380
0.617273780228871
0.622876690444870
0.541863646299454
0.789496890877643
0.700265667209883
1.961462034580317
0.491273269862139
0.968229232699910
0.796241033218667
0.640245225081859
0.609105609002655
0.487055224721914
0.654745852195078
0.790693452376144
0.328454122208843
0.603238152276531
0.587017732595728
0.560436191953651
0.662120827863569
0.624550087652895
0.535253886510447
0.647605191617289
0.743490360414599
0.705532922940598
0.578149529705062
0.150616894724760
0.480020687700548
0.097627838438592
0.580074321575593
0.837846431818789
1.180511366003187
0.210363035233897
1.952558361221474
1.938651678775226
1.631156511027949
1.635155294937398
1.944945490623031
1.846841501867440
1.873885169606908
1.671750286860715
1.613543631962931
1.469077044478430
1.701484051790621
1.837751182476040
1.464072655912779
1.600029107281728
1.619773599454355
1.443402320459439
1.695426311482116
1.679306226791800
1.729637453952905
1.961224523515909
1.522251727163273
1.651003627985264
1.619358680893466
1.708927737728263
1.508631962618731
1.459600426714264
1.381895026725263
1.531315354101580
1.389697914470753
1.492441479686572
1.330982819383224
1.178913788440564
1.388803085478558
1.394831819241752
1.432711055526722
1.361929041207396
1.182333471046763
1.180950387506277
1.448357644717908
1.506544352424866
1.296738869907428
1.485864483668019
1.906169621310160
1.347109732579218
1.305634729662848
1.167775058728903
0.555452516315976
1.285868212251692
1.193166363656292
1.146426564541576
1.065086816089035
1.126727483531101
1.108184611022233
1.227627335309705
1.373080316781499
1.113587542760708
1.416554980889071
2.647984947649706
4.093824510521348
1.973410656396151
1.807631665257383
1.871777008785793
1.444311922357119
1.355063816081738
1.341031120106952
1.372957294119391
1.325962752834383
1.312470086268646
1.328173880161829
1.468930727153197
2.688055792596927
1.362212144837348
1.284852611022994
1.332689556393780
1.257950441407567
1.309238008805690
1.310412723018780
1.262816075846032
1.223536321243309
1.359287196102773
1.208238492280554
1.969979225672439
1.062568820501794
1.194196262022929
1.311182302643538
1.327158667387246
1.166719022902110
1.274329055936846
1.044516455302101
0.944705157982256
1.280266621470337
1.195480748667567
0.999639019802744
1.279871766963794
1.226068938578606
1.192280219475096
1.168075629672597
1.716584157026478
1.723515538582906
1.914824726063339
1.255652584512256
1.163114464869830
1.384356381020753
1.464644385645795
2.068879915411161
1.172870146848097
1.996952399059951
1.537214998322207
1.790016660161163
1.071906858548356
1.766601379773576
2.536490633675817
2.609374855407152
1.022524138373718
1.683289838495067
1.672118377977380
1.232594504042952
1.390849027737806
2.156448088369216
1.151349726250888
2.104895997544003
1.748050830227700
1.238284337147656
1.710800557172580
2.569710651888538
2.379379473035718
1.123982903615038
1.212869805875439
1.056552106241047
1.887492970451387
1.529355424013175
1.083202528346208
1.118781831564317
1.076932505078656
1.147954000625891
1.006118695613571
0.962609895179225
1.004214357584209
0.942720326143491
1.232241028946132
0.982044354783056
1.201050163260903
1.144570448480370
1.327746364732836
1.453580130367867
1.497088109212463
1.483393710425357
1.259171086843476
1.135294017880278
1.634597135168666
1.450594933352204
1.480584069742100
1.064487810996231
1.378284417143239
0.968403361652624
0.992520438547193
0.980995674477240
1.066358166805353
1.101141033783408
0.973306994437466
1.506749284788773
1.044409340420666
0.938134898861082
1.103477095407680
1.266232170757708
1.028817838286826
1.191511416460331
1.267314867249500
0.970028903002900
1.624664781496977
1.185082432685792
1.656583440759464
0.980131461645381
1.026273481099884
0.955783074895357
1.225375619151322
0.769654242626836
1.197615953135362
1.276248986206881
0.937908744886957
0.862358776208447
1.208958404753760
1.158566189633431
1.149101244254687
0.936024506066326
0.833847746126352
0.931069759405605
0.948469982439332
1.129391612646989
0.935616383975463
0.939288923166044
0.798527632947877
0.786167120214967
0.901284576226260
0.853372348822649
0.810595433205898
0.768654221217042
1.768532457880042
0.844883929136198
1.237645945073927
0.806736530221359
0.755408973977157
0.898030363297851
0.789867744938916
0.858866078791543
0.845155637457394
0.903611431321726
1.066724135123538
0.930115641445075
0.817985859655971
1.476948400410863
0.959518289368380
1.552845313036517
0.768242659433465
1.644664541701711
0.834136711626736
1.127104551916460
0.799396655284059
0.843642667171233
1.274906983716309
0.943439241673821
0.837438887494258
0.930272941687259
1.292175061421511
0.903450070688550
0.908687265322901
0.811455424931967
0.847352848579200
0.914552965687527
0.879922537911634
0.864437688581018
1.156710605345376
0.659659101205071
0.815407052774482
0.698421389857259
1.812455013062016
0.913637454080121
0.869202420328205
1.046628770859239
0.683183866527033
1.107943753901521
0.821751448607762
0.772400552201643
1.039874033506570
0.716474637272661
0.728178337022060
1.030337330759798
0.656333471498175
0.797958440633749
0.553144011280674
0.543774906952253
1.008258047512729
0.577879620849382
0.577815402491206
0.839040328277963
0.564119675300215
0.618672856003010
1.501720071988189
1.248418302909098
1.389464573868612
1.253061448347323
1.285890688305232
1.195985400559283
1.355375394726075
1.238091270125235
1.059095925629481
1.249113383597383
1.890074733818390
1.607152987275880
1.327632108602196
1.207096772898352
1.307873773252175
1.131628086883587
1.930613665794183
1.944083839937760
1.540752400426917
1.900133955447558
1.450966057554164
1.313356236528614
1.147348480113718
1.392789435780755
1.531703020252220
1.751235893284851
1.414181327144102
0.848599489279247
1.796929974693520
2.729339661906559
2.941342202567216
1.179062014811670
1.030916243115684
1.093529484758689
0.862861188298762
0.787551194131483
1.187874596933675
1.136563087939759
0.753590610109864
1.241266082321747
0.936987736593209
1.023631708703410
1.099378056371485
1.704142001852540
0.975867005170100
1.011150727271896
1.754080250224421
1.285710391850112
1.977514402931966
1.747837086854618
0.931733227437229
1.057941933447792
1.057213417863875
0.976026821723541
1.264400811828260
1.005655189090181
1.547364642953422
0.018174572675918
1.131763170468379
0.348768185183187
0.688017973758971
0.884484881894674
2.768987996341652
2.035176756928819
2.063524714506287
1.608686114143879
1.157430047338494
1.065801002669603
1.625997214775437
1.242824911044301
0.633515650023416
1.858719675076715
1.780303748396138
0.651614599471579
0.831644330167072
2.253274404010643
3.092911895049273
0.981245809814814
0.854731274807952
0.795861521688245
0.796514497282629
1.790431940566121
1.198257448215969
0.891091563872739
1.175543656528079
1.938190964462668
1.015172199125227
0.977721714016909
1.927554223011170
1.327674563189926
3.787382497877620
2.667716928433515
2.060104289906625
2.947536185135720
3.864031221254534
1.862239774920981
0.951097671464779
1.017486382056863
0.903154900132951
4.457919521432224
1.037512714559812
1.004925636679826
1.351751046658284
1.036972446214286
2.210422213691827
1.254878449609696
1.952681557584960
2.369810068075511
2.304641573442382
2.609402751583743
2.293239185291763
2.315080291339046
2.380707416716783
2.707629616038265
2.914116138346508
1.110362406267412
2.076984858812860
0.952412340830803
1.994444669961380
1.807207187337102
2.268362345275055
2.900477830182353
1.889417051099525
2.245756179934824
2.941827531306980
1.997871822677492
2.566840500005409
2.002077169380442
2.051959129205221
1.868720117512599
2.026594408913246
1.511456620804870
1.651538450254087
1.909306225347086
2.383531561953744
2.840615473421974
1.904266621173929
2.373339832828647
2.819351025553051
1.818083876226395
1.759982421204224
2.140458229679588
2.586360225819624
2.013148434286649
3.737431225610896
2.867958216853754
3.684188051346529
2.694222732931369
2.729311542144434
2.457617596583338
2.300730942855264
2.238813148534198
2.524512657276761
2.652759232080582
2.604745616114342
2.682968353974327
2.244450693316872
2.850173867404811
2.311070796255039
1.720852672502418
2.107997653564596
1.950934902555765
2.035840994894400
1.895894220363616
2.988670798509149
2.874452584043674
2.272609006770335
2.057454188196124
2.970647938864060
2.862299121023910
2.200142175047193
2.431742467112023
1.973548490512439
2.454593556326973
2.752061588372698
2.089178228486977
1.574556101625414
2.264355401851232
2.054066636826699
2.915206781414565
2.572706052330204
2.079885095014371
2.097767698365004
2.206619758707544
3.778085629211103
2.689839762188189
1.610330203160173
2.141049776490486
1.579692707837320
2.299832889841077
1.964582474641435
2.071347973985811
1.072580850922859
1.635315262688210
1.743837210679481
1.661360805338172
1.952334216170579
2.456397426404441
2.123829703467254
2.100093720555937
1.904165244413669
2.038293410564365
1.523368329609422
1.461832388819783
2.123710138821322
1.882689181088244
0.978545838719858
2.248922865225327
2.659616016989207
2.030414087843372
2.083439247214554
2.362911281033808
2.489624302665153
2.328824250288351
2.521063821138159
2.067912117283882
1.169023365413608
2.447984074012072
1.865099303904045
1.360206782284370
1.943675721103550
2.133767190051747
1.269535231554163
1.843660034806069
1.929296143003626
2.015715786843041
1.523428488038533
2.152502208580508
2.084551197354190
1.986268901170475
2.399331513415221
2.123088207830056
2.478552040345353
1.480753033594951
2.897499469931362
2.109564549480843
1.603980948908890
0.909210869034598
2.204377661708639
2.288986995523933
2.026492873558700
2.087948690067122
2.250403189266149
2.010737987574120
2.045240155324961
2.282862161794725
2.756065287791792
1.509097485798250
1.822529261340733
2.354651570173347
2.029924007863866
2.221727525190790
2.169390925712557
2.750046987665177
0.998733852853087
1.848720619513816
2.123044712832711
2.180367909077600
2.790961664930725
1.933080517742750
0.440465218999417
2.251808881616848
3.598708906565183
3.903461041664475
2.673795191258029
2.163955502183753
3.027175600074623
3.030041427629234
2.893222383081137
3.596676003596998
2.330870931390867
3.965749021304831
2.328207078869657
3.010186514345512
2.822034774333921
3.028528234245978
2.508412871650212
2.432068144264375
2.539587978080172
2.523790356474284
1.985500534009045
2.271537192123573
2.203636729923648
2.138761052741304
2.034684995821019
3.745848070634882
2.687933845963695
2.285862044235845
-0.142050198903632
1.980528248034613
3.734222969585486
2.718519042500519
3.171348794930704
3.067102469253115
3.226936322419273
3.210522464197382
3.136963106432036
2.931497352438570
3.074933133189523
3.203137549576878
3.165308277808292
3.134457229034157
3.156728269475771
3.805481290370627
2.826740750176288
3.142767194311964
3.676842192629027
3.073781217704952
2.374189973890540
2.459407254103084
2.497093180364516
3.978007707192338
4.335431552725270
4.090064695237056
3.637363298207947
2.318740857767740
4.355782401850194
3.378930311328570
3.836054058208934
2.282570532389853
3.100094948178619
3.020080049833460
2.015754163634463
1.871324591839268
3.926612220319825
4.367093780194561
3.640260022576387
2.796057937577150
2.727662950706780
3.102390541659849
2.892839856889340
3.815362420331020
2.840927169780022
2.363019146417062
2.976250886668620
3.012399784380409
2.331133726278661
1.681250656845507
1.720146968363354
2.972481907258256
3.082761372582362
3.712986008465321
3.781583918337038
3.828079572361928
3.938554123862094
1.691794423894862
3.055188862490033
2.891466487903665
2.167985553255560
2.133818366083443
2.082683688569890
2.089824819840142
3.714347648935610
3.660859629672121
3.735177578876004
3.070362046296723
3.296711210747622
3.927647150280168
2.547830816801538
3.265345570199171
3.566459843645233
3.183995078520087
4.188008910759053
3.941598046569472
3.975711280534139
3.709625396035041
2.516794814589128
2.833966142265600
2.933279833428494
2.926526289084059
2.438731346149165
3.186356535486896
4.704511948380071
2.399249264183545
3.746844446310338
2.348111112988784
2.792451364540953
2.986715816329229
3.773718500531915
1.514392348780644
2.719018061923943
2.462403998035492
1.272241446820200
1.156168913987432
3.136426594160616
1.635469504957736
2.293412387394213
3.818720431411450
2.092814370129688
1.755323544567086
2.347160964945482
2.365993477350949
2.181454782458438
2.351847924674075
2.137093762752199
3.012519782222151
3.605976104912509
2.923763699642086
2.845227828933778
2.878643162377509
2.155734127391612
2.173165513049285
2.888295542052420
2.965560775518202
1.818119857730250
2.300843432254514
1.797870130468283
2.985416595802195
2.164432561195427
2.841534395055930
2.948283922380390
2.796358325613239
2.167426564088753
2.739218380861427
2.840795320664876
2.314147714796647
2.379846895878988
1.626454776772017
2.527553439753917
2.618124962182726
2.622602072142753
2.718412290150571
2.348343511699639
3.770325371703898
2.345121437487299
1.968599908497366
2.774085700851216
2.114279964161560
2.293907457925783
2.728620176893671
2.781288586016121
2.342325095069900
2.231297497745924
2.756048188528236
2.796295005266709
2.784363671656903
2.841835164414078
3.624465799892786
1.296639058302928
3.981294300833659
3.672096266881467
2.682358158989324
3.537658046589288
1.292253033404461
1.192914769369406
1.468124539670810
1.296316079229706
1.314595701419571
1.096987205409466
1.136626921713275
1.346620271104413
1.560781327818408
1.538928303529658
1.189440631002973
1.049797725535071
1.316427862618541
1.294206919240195
2.316076957300725
1.403223860434819
1.759123598858721
1.610633319749931
1.492395107366832
1.844804177457992
0.225722224191339
2.559607196288797
1.581470541122952
1.674967252095604
2.119955893903799
1.530356239805873
1.679528719996416
1.323000390508525
1.252983966305817
1.398131242257527
1.194489414853368
1.530122892136648
1.880237646947282
1.649020246087579
2.560569158333445
2.895789894079886
1.337162165168577
1.372884581023112
2.115762423047785
1.388882598776746
1.305780409608755
0.994217841638177
1.428731023093385
1.502554580638556
1.451828652342045
1.787626949376750
1.512751818225482
1.277941024244115
1.618400417170235
1.340035013142559
1.394237617122595
1.966278688336997
2.859894845391449
2.347270484203987
1.294116246499535
1.381751899550118
1.730278970099390
1.314582407352276
1.372466481557913
2.286397367354979
2.092471734309508
2.095905782590773
1.691631805954582
1.614167898783887
1.684880907020082
1.497318061702752
2.626215720475404
1.232211537366746
2.245532281778851
1.466656123436537
1.478850602479664
1.306277898093580
1.295994177898757
1.428325739651063
1.634517724929240
2.113997123200388
2.071116110785343
1.545839125048438
1.440539414569318
1.475319735116968
0.672742787850868
0.863360612177243
1.172644979365572
0.887172856412119
0.838387671206136
0.974208046417961
1.227133163609184
1.608021792514283
0.892034922325305
1.034775288512860
0.925444353393276
0.915623288905330
0.782841341387196
1.089530759305862
0.484278034869225
0.601768745748538
0.534908874945650
0.656414479494088
0.655078529654974
0.728043527183473
0.759280836303125
0.619798780244709
0.723229764030042
0.647297812315648
0.598052504115849
0.666121760024333
0.623387117689352
0.817999842860142
0.742789522612357
0.696273945145382
1.062240720355483
0.779567605591692
0.847623957268688
1.985528617866999
0.938373202973162
0.814842732438885
0.989510682259104
1.000455609818582
2.192788291876852
0.824701148428999
0.916486310343467
0.889309792383944
0.458790834304792
1.052542907331711
1.068148780246089
0.988534501803057
0.882033002207071
1.677431102441057
0.663032505426979
0.842201690190542
0.701831380051216
0.789980978772200
0.821250724309965
