0.00000000000000000
0.00000000000000000
0.00000000000000000
0.00000000000000000
0.00000000000000000
3.69340000000000046
3.51580000000000004
3.20899999999999963
3.15240000000000009
2.93599999999999994
2.90160000000000018
2.61979999999999968
2.58119999999999994
3.51580000000000004
2.44519999999999982
3.17359999999999953
2.91420000000000012
2.65619999999999967
2.37619999999999987
2.26300000000000034
3.21399999999999997
2.21079999999999988
2.22539999999999960
1.78499999999999970
1.89020000000000010
2.82640000000000047
2.28380000000000027
2.00119999999999987
2.17260000000000009
2.33720000000000017
1.70440000000000014
1.68340000000000001
1.83579999999999965
1.42120000000000002
1.70280000000000031
2.56979999999999986
1.35080000000000000
1.53560000000000008
1.31419999999999981
1.99700000000000033
1.61680000000000001
2.45319999999999983
2.10259999999999980
2.07619999999999960
1.48719999999999986
1.56719999999999993
1.74619999999999997
2.04900000000000038
1.71360000000000023
1.72199999999999998
1.40520000000000000
1.68499999999999983
2.29420000000000002
1.70279999999999987
1.57820000000000005
2.02400000000000002
1.31859999999999999
1.25439999999999996
1.64480000000000004
2.06179999999999986
2.00260000000000016
1.88679999999999981
1.85600000000000032
2.11319999999999997
1.64559999999999995
1.00819999999999999
1.22859999999999991
1.77160000000000006
1.82199999999999984
1.77220000000000022
1.41759999999999997
1.47679999999999989
1.98780000000000001
1.56020000000000003
1.84499999999999997
1.19799999999999995
1.42999999999999994
1.27899999999999991
1.39520000000000000
1.82199999999999984
0.99480000000000002
0.93000000000000005
0.93999999999999984
1.93760000000000021
1.85699999999999998
1.02320000000000011
1.38539999999999996
1.45339999999999980
0.85500000000000009
1.44180000000000019
1.23799999999999999
1.64579999999999993
1.16999999999999993
1.32060000000000000
1.54740000000000011
2.17620000000000013
2.17620000000000013
1.21999999999999997
2.06020000000000003
1.68320000000000003
2.00579999999999981
2.13520000000000021
1.74820199999999981
1.60999999999999988
2.48699999999999966
1.66840000000000011
1.37040000000000006
1.79039999999999999
1.93559999999999977
2.26759999999999984
1.94340000000000002
1.54719999999999991
1.79879999999999995
1.67620000000000013
2.22299999999999986
1.81119999999999992
2.81839999999999957
1.78659999999999997
1.55059999999999998
1.61480000000000001
1.36359999999999992
0.90500000000000003
1.39240000000000008
1.69340000000000002
2.06539999999999990
1.54719999999999991
1.64860000000000007
1.68540000000000001
2.43400000000000016
1.80620000000000003
1.91840000000000011
1.51540000000000008
1.91880000000000028
2.78879999999999972
1.71959999999999980
2.37340000000000018
2.31159999999999988
1.83380000000000010
2.47340200000000010
1.55380000000000007
1.43999999999999995
2.15399999999999991
1.95900000000000030
1.92099999999999982
1.94280000000000008
1.78220000000000001
1.77079999999999993
1.99039999999999995
2.38100000000000023
1.98960000000000004
1.45160000000000022
2.05140000000000011
2.41619999999999990
1.53620000000000001
1.90840000000000032
2.54919999999999991
2.20000000000000018
2.13220000000000010
2.75519999999999987
2.14759999999999973
1.28879999999999995
2.26079999999999970
2.77639999999999976
2.57200000000000006
2.90480000000000027
2.28399999999999981
2.61960000000000015
2.23260000000000014
2.18020000000000014
2.35920000000000041
1.83260000000000001
2.28040000000000020
2.97180000000000044
2.32819999999999983
1.53200000000000003
2.00640000000000018
1.79959999999999987
1.89239999999999986
2.00519999999999987
2.26820000000000022
2.20220000000000038
2.07480000000000020
2.58519999999999994
1.79119999999999990
2.55039999999999978
2.63220000000000010
2.47660000000000036
1.77519999999999989
2.01860000000000017
1.54080000000000017
2.16120000000000001
1.98239999999999972
1.19499999999999984
1.15560000000000018
2.11139999999999972
2.24240000000000039
2.21239999999999970
2.21199999999999974
1.43379999999999996
2.94280199999999992
1.30059999999999976
1.98939999999999984
1.72480000000000011
1.71599999999999997
2.88779999999999992
1.45320000000000005
1.70739999999999981
2.16880000000000006
2.08539999999999992
1.98640000000000017
2.39280000000000026
2.61480000000000024
1.40280000000000005
2.16880000000000006
2.05360000000000031
2.22719999999999985
1.80059999999999998
1.66999999999999993
1.75480000000000014
2.05480000000000018
2.18879999999999963
1.53239999999999976
1.93179999999999974
1.58159999999999989
1.74480000000000013
2.40779999999999994
1.94959999999999978
1.40279999999999982
2.13019999999999987
1.77639999999999998
2.73839999999999995
2.46439999999999992
2.02460000000000040
2.19220000000000015
2.16880000000000006
1.28800000000000003
1.24900000000000011
2.26180000000000003
1.73320000000000007
2.42560000000000020
2.10499999999999998
2.36060000000000025
2.22419999999999973
1.78060000000000018
2.21300000000000008
1.38099999999999978
2.04119999999999990
1.80380000000000007
2.05980000000000008
1.48039999999999994
1.78700000000000014
1.86280000000000001
1.53960000000000008
1.46579999999999999
2.23740000000000006
2.19919999999999982
1.57379999999999987
2.52799999999999958
1.41839999999999988
2.42340000000000000
1.43039999999999989
2.21520000000000028
2.12820000000000009
1.57519999999999993
1.18499999999999983
1.39019999999999966
1.62480000000000002
1.66119999999999979
1.90480000000000027
1.60840000000000005
1.01519999999999966
2.17220000000000013
1.78400000000000003
1.74819999999999998
1.11999999999999988
2.29320000000000013
2.09339999999999993
1.47300000000000009
1.70300000000000007
2.18780000000000019
2.26180000000000003
1.94579999999999975
1.70800000000000018
1.93999999999999995
1.98900000000000010
1.80840000000000001
2.02020000000000000
1.68140000000000001
1.47260000000000013
1.94779999999999975
1.42159999999999997
1.89259999999999984
2.35819999999999963
1.26119999999999988
2.23740000000000006
2.17920000000000025
2.08860000000000046
2.18680000000000030
1.95019999999999993
1.35299999999999976
2.01259999999999994
1.92399999999999993
1.98740000000000028
1.30700000000000016
1.73939999999999984
1.90859999999999985
2.03019999999999978
1.47320000000000007
1.89480000000000004
2.39959999999999996
2.39559999999999995
1.81580000000000008
1.84640000000000026
1.88560000000000016
1.69819999999999993
2.43119999999999958
1.69239999999999990
1.48499999999999988
1.69159999999999999
1.18199999999999994
2.30280000000000040
1.38779999999999992
1.46980000000000000
1.21560000000000001
1.73720000000000008
2.08539999999999992
1.98440000000000016
1.95919999999999983
1.22580000000000000
1.67519999999999980
2.60840000000000050
1.18199999999999994
2.04039999999999999
1.92779999999999996
1.15640000000000009
1.95979999999999999
1.46659999999999990
1.73239999999999972
1.84559999999999991
1.85319999999999996
1.76300000000000034
1.26239999999999997
2.05360000000000031
1.03419999999999979
1.38660000000000005
1.69260000000000010
1.10399999999999987
1.37440000000000007
1.41739999999999999
2.01379999999999981
1.70880000000000010
1.36680000000000001
1.48980000000000001
1.50519999999999987
1.95659999999999989
2.11179999999999968
1.36280000000000001
1.65119999999999978
1.74740000000000006
1.69260000000000010
1.38619999999999988
2.36859999999999982
1.75819999999999999
1.84459999999999980
1.44839999999999991
2.25659999999999972
1.45599999999999996
1.03879999999999995
1.57719999999999994
1.59499999999999997
1.67059999999999986
1.15660000000000007
1.52360000000000007
1.23560000000000003
1.18720000000000003
2.05279999999999996
1.42980000000000018
1.55520000000000014
1.21540000000000004
1.35199999999999987
0.90039999999999998
1.69040000000000035
1.50439999999999996
1.24600000000000000
1.76060000000000016
1.27099999999999991
1.19140000000000001
2.28239999999999998
1.40460000000000007
1.67579999999999996
1.69159999999999999
2.54580000000000028
0.92720000000000002
1.40759999999999996
1.88080000000000003
2.88440000000000030
1.48459999999999992
0.98360000000000003
1.18080000000000007
1.17460000000000009
1.74860000000000015
1.46640000000000015
1.04020000000000001
1.74759999999999982
2.31240000000000023
1.92240000000000011
2.60239999999999982
1.74499999999999966
1.79919999999999969
1.91619999999999990
1.63559999999999972
1.87719999999999976
1.06400000000000006
1.64760000000000018
1.59840000000000004
2.39699999999999980
1.69459999999999988
1.00800000000000023
1.51619999999999999
1.53580000000000005
1.84739999999999993
1.07299999999999995
2.06780000000000008
2.03859999999999975
1.90600000000000014
1.13999999999999990
2.96379999999999999
1.73580000000000001
2.15519999999999978
2.40480000000000027
1.67160000000000020
2.07379999999999987
2.32120000000000015
1.69760000000000000
1.45339999999999980
1.43779999999999997
1.17500000000000004
1.84359999999999991
1.28539999999999988
1.81859999999999999
1.08639999999999981
1.50379999999999980
2.60460199999999986
1.29160000000000008
2.14679999999999982
1.39140000000000019
1.77960199999999991
2.77959999999999985
1.94720000000000004
2.19039999999999990
2.14880000000000004
1.26800000000000002
1.83279999999999998
1.41299999999999981
1.53960000000000008
1.75439999999999974
1.51859999999999995
1.71940000000000026
1.74639999999999995
2.07459999999999978
1.87920000000000020
1.57759999999999989
1.26980000000000004
2.18219999999999992
1.46280000000000010
2.26720200000000016
2.17839999999999989
1.95559999999999978
2.10700000000000021
1.67399999999999993
3.06599999999999984
1.48079999999999989
1.41359999999999997
2.53180199999999989
1.74279999999999968
2.19779999999999998
1.99239999999999995
1.79800000000000004
2.16219999999999990
2.52620000000000022
1.69280000000000008
1.90039999999999987
1.93959999999999977
1.32140000000000013
1.50540000000000007
1.68239999999999990
1.69600000000000017
1.64759999999999995
1.77499999999999991
1.36200000000000010
1.74400000000000022
2.11179999999999968
2.04000000000000004
2.37080000000000002
2.21179999999999977
1.41660000000000008
1.84319999999999995
1.94319999999999982
2.85379999999999967
3.30440000000000023
2.38480000000000025
2.36380000000000035
1.46999999999999997
1.30059999999999998
2.11280000000000046
2.40040000000000031
1.40020000000000011
2.20880000000000010
1.51819999999999977
2.00740000000000007
1.99579999999999980
2.43480000000000008
2.05900000000000016
2.77780199999999988
2.12900000000000045
1.84819999999999984
2.21640000000000015
1.84279999999999977
1.70919999999999983
2.12559999999999993
1.62280000000000024
2.02580000000000027
1.49719999999999986
2.06700000000000017
1.99399999999999977
3.18320000000000025
1.97459999999999991
2.37139999999999995
2.51579999999999959
1.12959999999999994
1.43520000000000003
2.09899999999999975
2.52799999999999958
1.86719999999999997
2.87779999999999969
1.69899999999999984
1.63039999999999985
2.27719999999999967
1.89280000000000004
1.15740000000000021
1.56399999999999983
1.31420000000000003
1.32460000000000000
1.76559999999999984
1.64059999999999984
2.04239999999999977
2.10760000000000014
1.40040000000000009
1.73839999999999995
1.88560000000000016
1.91239999999999988
3.19960000000000022
2.20639999999999992
2.55699999999999994
2.10959999999999992
2.29339999999999966
2.48219999999999974
1.85859999999999981
1.79800000000000004
2.78039999999999976
2.23979999999999979
2.59879999999999978
1.69379999999999997
1.45440000000000014
1.29960000000000009
1.69900000000000029
2.20219999999999994
1.91420000000000035
1.86719999999999997
1.96100000000000030
2.12440000000000007
1.81679999999999997
2.10660199999999964
1.60739999999999972
2.05620000000000003
1.69860000000000011
2.56580000000000030
1.81520000000000015
1.34420000000000006
1.27259999999999995
1.02739999999999987
1.41539999999999999
2.05360000000000031
1.42779999999999996
1.49339999999999984
2.03160000000000007
1.59380000000000011
1.73939999999999984
1.73119999999999985
1.84339999999999971
1.71640000000000015
1.50360000000000005
2.20259999999999989
1.53140000000000009
1.86639999999999984
2.04939999999999989
1.90859999999999985
1.55880000000000019
0.95220000000000005
1.63219999999999987
1.92640000000000033
2.35860000000000003
2.09459999999999980
1.44439999999999991
2.20020000000000016
2.15039999999999987
1.38920000000000021
1.90780000000000038
1.88660000000000005
1.87500000000000000
2.33659999999999979
2.23020199999999935
1.34120000000000017
2.12139999999999995
1.76060000000000016
1.54679999999999995
1.81899999999999973
1.87719999999999976
2.01860000000000017
1.98919999999999986
2.09359999999999991
1.70620000000000016
1.53039999999999998
2.05900000000000016
1.22059999999999991
1.93620000000000014
1.70039999999999969
1.69280000000000008
2.35140000000000038
1.83960000000000012
1.77319999999999989
2.47320199999999968
1.90499999999999980
2.29699999999999971
2.40459999999999985
1.72520000000000029
1.91980000000000040
1.63939999999999975
2.05860000000000021
1.67280000000000006
2.48220000000000018
2.86039999999999983
1.68939999999999979
1.25899999999999990
2.14719999999999978
2.06219999999999981
1.96580000000000021
1.65159999999999973
2.69639999999999969
1.47239999999999993
1.32499999999999996
1.68799999999999994
1.87519999999999998
1.42740000000000000
2.91300000000000026
2.21619999999999973
1.99859999999999971
1.79660000000000020
1.67179999999999995
1.29060000000000019
2.54840000000000000
1.93700000000000006
2.10880000000000001
2.02339999999999964
1.55800000000000005
1.80940000000000012
1.78539999999999988
2.69939999999999980
1.53279999999999994
1.90759999999999996
2.19620000000000015
1.24480000000000013
1.47460000000000013
2.11280000000000001
1.72519999999999984
2.01419999999999977
1.79360000000000008
2.21260000000000012
1.79260000000000019
1.71319999999999983
1.68440000000000012
1.43800000000000017
2.49120000000000008
2.16400000000000059
2.17180000000000017
2.06740000000000013
1.84600000000000009
1.40079999999999982
1.65360000000000018
1.53839999999999999
2.14300000000000024
2.11519999999999975
2.20840000000000014
1.50219999999999998
1.79980000000000007
2.43440000000000012
1.50819999999999999
2.41520000000000001
1.72779999999999978
2.09900000000000020
2.18160000000000043
1.31440000000000001
2.13520000000000021
1.56600000000000006
2.04559999999999986
2.05759999999999987
1.73239999999999972
2.13779999999999992
2.30939999999999968
2.47140000000000004
2.40519999999999978
1.77599999999999980
2.16599999999999993
2.67759999999999998
1.91319999999999979
1.77719999999999989
1.85800000000000010
1.81000000000000005
1.26499999999999990
1.78719999999999990
1.69100000000000006
1.95539999999999980
1.82720000000000016
2.77160000000000029
1.77540000000000009
2.17720000000000002
1.76460000000000017
2.39060000000000006
1.69980000000000020
1.72420000000000018
1.50540000000000007
1.92660000000000009
1.66539999999999999
1.68939999999999979
2.31020000000000003
1.82260000000000000
2.47679999999999989
1.90199999999999991
1.77400000000000024
2.02160000000000029
1.63960000000000017
2.25439999999999996
2.32200000000000006
1.34279999999999999
2.09699999999999998
1.49819999999999998
1.72580000000000000
1.70639999999999992
1.71939999999999982
1.60000000000000009
1.84760000000000035
1.85320000000000040
1.89179999999999993
2.78379999999999983
2.16200000000000037
1.65320000000000000
1.81140000000000012
2.25779999999999959
2.63560000000000016
1.77399999999999980
2.13860000000000028
2.29519999999999991
2.24960000000000004
1.94579999999999975
1.48959999999999981
1.82800000000000007
2.02000000000000002
2.10460000000000003
2.18820000000000014
1.71820000000000017
2.73519999999999985
2.29760000000000009
1.65779999999999994
2.25139999999999985
1.89460000000000006
2.01039999999999974
1.84880000000000000
2.29220000000000024
2.44519999999999982
2.58659999999999979
2.71539999999999981
1.93920000000000003
1.08899999999999997
2.02780000000000005
2.09059999999999979
1.63740000000000019
2.13919999999999977
1.91840000000000011
1.81780000000000008
1.96019999999999994
2.33840000000000003
1.94520000000000026
1.33620000000000005
2.30840000000000023
2.18700000000000028
1.88879999999999981
2.15459999999999985
1.57980000000000009
1.78659999999999997
2.38940000000000019
2.32340000000000035
2.29420000000000002
2.52400000000000002
2.63779999999999992
1.90860000000000030
1.77879999999999971
1.65219999999999989
1.59359999999999991
1.86260000000000003
2.22240000000000038
2.15519999999999978
2.35060000000000002
2.17160000000000020
1.61860000000000004
2.57260200000000028
1.55699999999999994
2.32679999999999998
1.46740000000000004
2.29260000000000019
1.53639999999999999
2.12519999999999998
1.95480000000000009
1.93199999999999994
1.67620000000000013
1.82319999999999993
1.41679999999999984
2.01820000000000022
2.28299999999999992
1.68100000000000027
2.15600000000000014
2.26820000000000022
2.10480000000000000
1.53500000000000014
2.03560000000000008
1.95239999999999969
1.56319999999999992
1.59260000000000002
1.92359999999999998
1.84540000000000015
1.84959999999999991
1.99879999999999991
1.97199999999999998
1.61760000000000015
1.79780000000000006
2.44439999999999991
1.72580000000000000
1.97539999999999982
2.32539999999999969
1.94239999999999990
2.00400000000000000
1.96839999999999971
2.10520000000000040
2.56959999999999988
2.28759999999999986
2.17999999999999972
2.18100000000000005
2.44499999999999984
1.55939999999999990
2.35140000000000038
2.12959999999999994
2.03220000000000001
2.25720000000000010
2.05120000000000013
2.20420000000000016
2.77079999999999993
2.59240000000000004
2.08499999999999996
2.29499999999999993
2.59940000000000015
2.70600000000000041
2.44520000000000026
3.04420000000000002
1.95900000000000007
1.85420000000000007
1.82480000000000020
2.47520000000000007
1.74780000000000024
1.70459999999999989
2.16880000000000006
1.83460000000000001
2.36179999999999968
2.16880000000000006
2.59719999999999995
2.31919999999999993
1.89259999999999984
1.88619999999999988
1.95259999999999989
2.46300000000000008
2.37500000000000000
2.14860000000000007
1.70579999999999998
2.29059999999999997
1.54479999999999995
1.80300000000000016
2.25219999999999976
2.26520000000000010
2.22440000000000015
1.56320000000000014
2.26600000000000001
1.68000000000000016
1.77899999999999991
2.52419999999999956
2.72500000000000009
1.88099999999999978
2.10380000000000056
2.03600000000000003
2.16320000000000023
1.71059999999999990
1.97540000000000004
2.36160000000000014
2.25340000000000007
2.06960000000000033
2.46099999999999985
2.08099999999999996
1.77019999999999977
2.10899999999999999
2.09640000000000004
2.49860000000000015
2.39659999999999984
2.15099999999999980
2.85239999999999982
2.04979999999999984
2.90799999999999992
1.97180000000000000
2.03699999999999992
2.25080199999999975
1.93479999999999985
1.77180000000000004
2.24519999999999964
2.21760000000000002
2.03960000000000008
2.11760000000000037
2.44840000000000035
2.41439999999999966
2.67239999999999966
1.52439999999999998
1.96799999999999997
1.85339999999999994
1.94639999999999991
1.50380000000000003
1.75059999999999993
2.18540000000000001
2.26960000000000006
2.12000000000000011
2.14139999999999997
2.31040000000000001
2.44460000000000033
1.80239999999999978
2.35140000000000038
1.55299999999999994
2.07460000000000022
1.80739999999999990
2.02380000000000004
1.93180000000000018
2.55539999999999967
2.91420000000000012
1.96039999999999992
1.88399999999999990
1.78740000000000032
1.78520000000000012
2.18719999999999981
1.66259999999999986
1.95639999999999992
2.09000000000000030
2.43419999999999970
2.74240000000000039
2.08579999999999988
1.90139999999999998
1.97920000000000007
1.87060000000000026
2.73699999999999966
2.63220000000000010
2.32560000000000011
2.00419999999999998
1.90979999999999994
2.24619999999999953
2.00879999999999992
1.86580000000000013
2.10480000000000000
1.93380000000000019
2.33000000000000007
2.13359999999999994
1.98599999999999999
1.79660000000000020
2.28799999999999981
2.97979999999999956
1.89500000000000002
2.04000000000000004
2.45060000000000011
2.59840000000000027
2.58000199999999991
1.84420000000000006
2.80340000000000034
2.16979999999999995
2.19640000000000013
2.52039999999999997
2.44540000000000024
2.43500000000000005
1.88300000000000023
1.88819999999999988
1.91200000000000014
1.66960000000000020
2.04640000000000022
2.14779999999999971
2.35020000000000007
2.31340000000000012
2.26820000000000022
1.76700000000000013
1.68440000000000012
1.93159999999999998
2.90799999999999992
1.96140000000000003
1.15139999999999998
1.87220000000000009
1.68560000000000021
2.02279999999999971
2.46799999999999997
2.30159999999999965
2.38980000000000015
2.02959999999999985
2.67059999999999986
2.87279999999999980
2.47420000000000018
1.91920000000000002
1.75500000000000012
2.57799999999999985
2.68920199999999987
2.16400000000000015
2.44320000000000004
2.06059999999999999
2.11519999999999975
1.88620000000000010
1.88339999999999996
2.36099999999999977
2.11960000000000015
1.91760000000000019
1.86699999999999977
1.96120000000000028
3.14720000000000022
3.01880000000000015
2.63560000000000016
2.14939999999999998
2.38240000000000007
1.84600000000000009
1.99039999999999995
2.49040000000000017
1.95039999999999969
2.08860000000000001
2.85320000000000018
2.27839999999999998
2.16439999999999966
1.38460000000000005
1.24560000000000004
2.58979999999999988
2.62559999999999993
2.30779999999999985
2.37900000000000045
2.58700000000000019
2.77800000000000002
2.33440000000000003
2.84159999999999968
1.69419999999999993
2.99940000000000007
2.58400000000000007
2.05379999999999985
2.24759999999999982
1.52159999999999984
2.11580000000000013
2.08220000000000027
2.13779999999999992
2.20860000000000012
2.15079999999999982
2.19720000000000004
1.68640000000000012
2.44059999999999988
1.63339999999999996
2.00280000000000014
2.42739999999999956
2.70000000000000018
2.00979999999999981
2.26580000000000004
1.88059999999999983
2.34100200000000003
2.28399999999999981
2.53140000000000009
1.60300000000000020
2.75579999999999981
3.09839999999999982
2.66240000000000032
2.06619999999999981
1.66839999999999966
2.08159999999999989
1.94940000000000002
2.08100000000000041
2.31400000000000006
1.74519999999999986
2.19260000000000010
2.38280000000000047
2.62159999999999993
2.30440000000000023
1.65320000000000000
1.96120000000000028
2.86339999999999995
1.80099999999999971
2.23459999999999992
2.22159999999999958
1.88479999999999981
2.16920000000000002
2.47479999999999967
2.22580000000000000
2.00360000000000005
2.14159999999999995
1.38019999999999987
3.35920199999999980
1.10319999999999996
2.14900000000000002
1.85679999999999978
2.09459999999999980
1.80019999999999980
2.22599999999999998
1.87379999999999991
1.98620000000000019
1.50439999999999996
2.00899999999999990
2.40519999999999978
1.84919999999999973
1.80439999999999978
2.03239999999999998
2.47159999999999958
1.89899999999999980
1.89900000000000024
1.86919999999999997
2.08160000000000034
2.10159999999999991
1.43880000000000008
1.80440000000000000
1.85860000000000025
2.09979999999999967
1.46660000000000013
1.68739999999999979
1.43979999999999997
1.98799999999999999
1.96959999999999980
1.82779999999999987
2.19939999999999980
1.32379999999999987
1.87599999999999989
1.87299999999999978
2.52879999999999994
1.85419999999999985
2.24019999999999975
1.99560000000000004
1.60319999999999996
2.22299999999999986
1.68900000000000006
1.52399999999999980
1.39080000000000004
1.93140000000000001
2.29079999999999995
1.78539999999999988
1.18340000000000023
1.65900000000000003
2.32160000000000011
1.81760000000000010
2.10000000000000053
2.32059999999999977
1.53159999999999985
2.22100000000000009
2.14500000000000002
1.91260000000000008
2.40080199999999966
2.01080000000000014
1.36860000000000004
1.91799999999999993
1.79600000000000004
2.08680000000000021
1.92179999999999995
1.82139999999999991
1.66920000000000002
1.82799999999999985
1.32579999999999987
1.54499999999999993
1.73920000000000030
1.35319999999999974
1.87900000000000000
2.00419999999999998
1.77119999999999989
1.33060000000000000
2.16739999999999977
2.22440199999999999
3.07040200000000008
2.40979999999999972
1.91459999999999964
2.16779999999999973
2.02780000000000005
1.61860000000000004
1.63879999999999981
1.68680000000000030
1.67660000000000009
1.53220000000000001
1.52099999999999991
1.63660000000000005
1.86680000000000001
1.67800000000000016
1.91139999999999999
2.57500000000000018
1.53079999999999994
1.91739999999999999
2.19960000000000022
1.73900000000000010
1.73780000000000001
1.84059999999999979
1.48359999999999981
2.40599999999999969
1.94500000000000028
2.04559999999999986
1.10480000000000000
1.83219999999999983
1.03360000000000007
1.51880000000000015
2.08099999999999996
2.01000000000000023
2.19459999999999988
1.69640000000000013
1.67740000000000000
1.92580000000000018
1.04440000000000000
0.87100000000000011
1.04200000000000004
1.70159999999999978
2.18820000000000014
0.89860000000000007
1.94239999999999990
1.03200000000000003
2.51259999999999994
1.04720000000000013
1.49980000000000002
1.73960000000000004
1.66219999999999990
2.21300000000000008
2.24840000000000018
2.12640000000000029
1.51160000000000005
2.26560000000000006
2.02519999999999989
0.98019999999999996
2.00480000000000036
1.95919999999999983
1.53219999999999978
2.31299999999999972
1.81699999999999973
1.70739999999999981
1.20719999999999983
1.97359999999999980
1.90060000000000007
1.31640000000000024
1.98780000000000001
1.08719999999999994
1.26420000000000021
1.91179999999999994
2.19660000000000011
2.78960000000000008
2.25160000000000027
2.20219999999999994
2.07220000000000004
2.01699999999999990
0.95180000000000009
2.01580000000000004
1.86240000000000028
1.51180000000000003
1.28660000000000019
2.09680000000000000
1.61359999999999992
0.90980000000000005
2.30360000000000031
1.83500000000000019
2.56000199999999989
2.35480000000000000
1.79800000000000004
2.00219999999999976
2.03560000000000008
1.57700000000000018
1.38519999999999999
2.10000000000000009
1.51939999999999986
1.56220000000000003
1.93380000000000019
2.64000000000000012
1.76699999999999990
1.93620000000000014
2.16979999999999995
1.27159999999999984
1.72539999999999982
0.90839999999999999
2.12199999999999989
1.45280000000000009
1.89700199999999986
2.78980199999999989
2.53680000000000039
1.25859999999999994
1.31340000000000012
1.83600000000000030
1.35579999999999989
1.57760000000000011
2.74100000000000010
1.57260000000000000
0.86899999999999999
1.83020000000000005
1.78500000000000014
1.47720000000000007
2.08300000000000018
1.70820000000000016
1.90240000000000009
1.19300000000000006
1.48300000000000010
2.52640000000000020
1.84340000000000015
1.99960000000000027
2.70820000000000016
2.14500000000000002
1.65700000000000003
1.73219999999999996
1.20520000000000005
3.02160000000000029
1.65379999999999994
2.43020000000000014
1.26419999999999999
2.34779999999999989
1.88599999999999990
1.29659999999999997
2.27899999999999991
2.74440200000000001
1.34919999999999995
1.79460000000000020
1.95800000000000018
1.33739999999999992
1.67540000000000022
2.08220000000000027
2.12420000000000009
2.09579999999999966
0.85139999999999993
2.25720000000000010
1.64660000000000006
1.15979999999999994
1.86959999999999971
1.01840000000000019
1.69019999999999970
1.90839999999999987
1.25700000000000012
0.88440000000000007
1.91720000000000002
1.33219999999999983
1.90079999999999982
1.91560000000000019
1.72220000000000018
2.09059999999999979
1.59519999999999973
2.29720000000000013
1.80399999999999983
2.23639999999999972
2.20419999999999972
1.91940000000000000
2.07399999999999984
1.75940000000000007
2.68000000000000016
2.61500199999999960
1.85440000000000005
1.84059999999999979
1.42359999999999998
1.92579999999999996
1.51859999999999995
1.56079999999999997
1.91739999999999999
1.71859999999999991
1.95480000000000009
2.08860000000000046
1.42200000000000015
2.14839999999999964
2.12740000000000018
1.49519999999999986
2.67239999999999966
1.50899999999999990
1.72619999999999996
2.00819999999999999
1.81060000000000021
1.44499999999999984
1.77400000000000024
1.85460000000000003
1.51180000000000025
2.07640000000000002
2.23099999999999987
1.36499999999999999
1.84480000000000000
1.19740000000000002
1.50980000000000025
2.38800000000000034
2.63819999999999988
1.65379999999999994
1.94400000000000017
2.16860000000000008
2.00019999999999998
2.06120000000000037
1.61180000000000012
1.30299999999999994
1.72659999999999991
2.30340000000000034
2.05019999999999980
1.38880000000000003
1.75700000000000034
1.79220000000000002
1.94999999999999996
1.34579999999999989
2.54080200000000023
1.62800000000000011
2.08680000000000021
2.02259999999999973
1.80440000000000000
2.22819999999999974
2.28560000000000008
2.56340000000000012
1.73440000000000016
1.10299999999999998
1.77160000000000006
1.00859999999999994
0.82820000000000005
0.99480000000000002
1.64699999999999980
2.39539999999999997
1.88339999999999996
1.80659999999999998
1.77999999999999980
1.89759999999999995
1.60940000000000016
1.79039999999999999
1.35080000000000022
1.61480000000000001
1.89179999999999993
1.40759999999999996
1.45480000000000009
1.89960000000000018
1.76120000000000010
1.60420000000000007
1.56239999999999979
1.83300000000000018
2.02020000000000000
1.90939999999999976
1.66759999999999975
2.18259999999999987
1.68860000000000032
1.66400000000000015
2.04280000000000017
1.52260000000000018
0.87259999999999993
1.94460000000000011
1.84760000000000035
2.01279999999999992
2.10300000000000020
1.60959999999999992
1.35080000000000000
1.54259999999999997
2.35460000000000047
1.96140000000000048
2.32040200000000008
1.51459999999999995
1.77740000000000009
2.25520000000000032
1.76719999999999966
2.08640000000000025
2.14399999999999968
2.26000000000000023
1.72400000000000020
1.30699999999999994
1.66799999999999993
1.56800000000000006
1.33320000000000016
2.22839999999999971
2.25720000000000010
2.04639999999999977
1.83200000000000007
1.71380000000000021
1.69560000000000000
1.66419999999999990
1.78520000000000012
1.43800000000000017
2.38019999999999987
2.05180000000000007
1.95039999999999969
1.08860000000000001
1.89420000000000011
1.37820000000000009
1.65300000000000002
2.18680000000000030
2.21999999999999975
1.63180000000000014
1.68039999999999989
1.79360000000000008
1.91320000000000023
1.86179999999999990
2.45000000000000018
1.49940000000000007
1.93680000000000030
1.24340000000000006
1.94699999999999984
2.34640000000000004
1.73799999999999999
2.14399999999999968
1.76359999999999983
2.06859999999999999
2.15059999999999985
1.90240000000000009
2.39280000000000026
1.77499999999999991
2.00700000000000012
2.07560000000000011
2.28840000000000021
1.74219999999999997
1.66979999999999973
1.41219999999999990
1.98760000000000048
2.49319999999999986
1.46099999999999985
1.65199999999999991
1.62860000000000005
1.84519999999999973
2.21099999999999985
1.81380000000000008
1.86260000000000003
1.77699999999999991
1.28659999999999997
2.20659999999999989
1.70780000000000021
2.11440000000000028
2.01580000000000004
1.45500000000000007
1.88339999999999996
1.85080000000000000
1.22740000000000005
2.12360000000000015
1.85339999999999994
2.03679999999999994
1.95940000000000003
1.85080000000000022
2.14979999999999993
1.96099999999999985
2.55479999999999974
1.20740000000000003
1.98040000000000016
2.13719999999999999
1.40739999999999976
2.36559999999999970
1.83899999999999997
1.73620000000000019
1.83439999999999981
1.80399999999999983
2.81159999999999988
2.43860000000000010
2.16880000000000006
1.58759999999999990
2.56979999999999986
1.66720000000000002
2.26860000000000017
2.07180000000000009
2.29579999999999984
2.06539999999999990
1.48699999999999988
2.26319999999999988
2.01000000000000023
2.19620000000000015
1.80619999999999981
1.11319999999999997
1.95820000000000016
2.08979999999999988
1.60000000000000009
1.84919999999999973
2.62860199999999988
1.58360000000000012
1.87479999999999980
2.37520000000000042
1.77199999999999980
1.81380199999999969
1.91760000000000019
1.22260000000000013
2.26279999999999992
1.64860000000000007
2.58019999999999960
2.53220000000000001
2.34499999999999975
1.51479999999999992
1.94540000000000002
1.99459999999999971
2.73860000000000037
1.64899999999999980
1.26580000000000004
1.99379999999999979
2.06459999999999955
1.42779999999999996
2.30419999999999980
1.83599999999999985
1.74299999999999988
2.07640000000000002
1.84179999999999988
1.35480000000000000
2.18420000000000014
2.12500000000000000
1.38760000000000017
1.83799999999999986
1.86560000000000015
1.72859999999999969
2.36880199999999963
2.35000000000000009
1.68640000000000012
1.70779999999999998
1.68720000000000003
1.50439999999999996
1.96299999999999963
1.80560000000000009
2.03099999999999969
1.65979999999999994
1.80500000000000016
1.86600000000000010
2.18359999999999976
1.82060000000000000
2.60300000000000020
2.43460000000000054
1.77979999999999983
2.35119999999999996
1.88640000000000008
1.49920000000000009
2.23539999999999983
2.30580000000000052
1.70839999999999992
2.02760000000000007
2.03699999999999992
2.20999999999999996
2.78740000000000032
1.12799999999999989
1.99639999999999995
1.97560000000000002
1.95360000000000023
2.63060000000000027
2.65680000000000005
1.02459999999999996
2.44639999999999969
1.22420000000000018
1.73419999999999996
2.22599999999999998
3.04200000000000026
1.74180000000000001
1.90060000000000007
1.96520000000000006
2.04780199999999990
2.01960000000000006
2.93819999999999970
2.45099999999999962
2.00459999999999994
1.93320000000000003
2.36580000000000013
2.39320000000000022
1.39159999999999995
1.77160000000000006
1.34279999999999999
1.79039999999999999
1.57660000000000022
2.82599999999999962
2.03639999999999999
1.11499999999999977
2.60960199999999976
1.95880000000000010
1.50899999999999990
0.98620000000000019
1.63019999999999987
1.46199999999999997
1.78400000000000003
1.86580000000000013
1.49100000000000010
1.59880000000000000
1.61619999999999986
1.78120000000000012
1.96039999999999992
1.66520000000000001
2.93440199999999951
2.03059999999999974
1.87459999999999982
2.03319999999999990
2.35840000000000050
1.86099999999999999
1.73799999999999999
2.26319999999999988
1.34359999999999991
1.98819999999999975
1.89999999999999991
1.48880000000000012
1.89860000000000007
1.43859999999999988
1.39300000000000024
1.37240000000000006
2.31580200000000014
2.36260000000000003
2.92119999999999980
2.31099999999999994
2.31020000000000048
2.26660000000000039
1.79260000000000019
1.69519999999999982
1.61080000000000001
1.92259999999999986
2.12040000000000006
1.41960000000000020
2.04800000000000004
1.30779999999999985
1.82379999999999987
1.81140000000000012
1.47639999999999993
2.31240000000000023
1.90139999999999998
2.51820000000000022
2.32759999999999989
1.97799999999999976
2.34100000000000019
2.56400000000000006
2.14919999999999956
3.02499999999999991
2.09739999999999949
1.77660000000000018
2.13079999999999981
1.60760000000000014
2.32139999999999969
2.38600000000000012
2.75000000000000000
2.08320000000000016
1.70520000000000005
1.69819999999999993
1.98820000000000019
2.16240000000000032
2.67360199999999981
1.93700000000000006
1.55580000000000007
1.95140000000000025
1.90859999999999985
1.44940000000000002
2.01719999999999988
1.63700000000000001
1.46259999999999990
2.23699999999999966
1.84400000000000008
1.26499999999999990
2.13500000000000023
2.19179999999999975
2.02199999999999935
1.47360000000000002
2.03880000000000017
1.31040000000000001
2.77460000000000040
1.82040000000000002
1.74560000000000004
1.38280000000000003
1.71380000000000021
2.03319999999999990
1.33020000000000005
1.40759999999999996
1.57640000000000002
2.07520000000000016
1.48860000000000015
1.78179999999999983
1.52520000000000011
1.27659999999999996
1.72459999999999991
2.11260000000000003
2.02260000000000018
1.35940000000000016
2.98819999999999997
1.29780000000000006
1.28140000000000009
1.87420000000000009
1.86020000000000008
1.53480000000000016
1.70040000000000013
0.92979999999999996
1.57860000000000000
1.43159999999999998
2.33479999999999999
2.05820000000000025
2.07260000000000000
1.57440000000000002
2.11479999999999979
1.31420000000000003
2.33440000000000003
1.80320000000000036
1.50139999999999985
2.40779999999999994
1.48660000000000014
1.12700000000000000
1.75700000000000012
1.75700000000000012
1.49519999999999986
2.66000000000000014
1.22699999999999987
1.70820000000000016
2.01540000000000008
1.76520000000000010
1.97580000000000022
1.46859999999999991
0.94520000000000004
1.61319999999999975
1.32299999999999995
1.66499999999999981
2.60440000000000005
2.27239999999999975
1.72659999999999991
1.58660000000000023
2.05159999999999965
1.87479999999999980
2.78740000000000032
1.47120000000000006
1.85659999999999981
2.62860199999999988
1.47279999999999989
1.27039999999999997
1.59160000000000013
1.68320000000000003
3.02580199999999966
2.37519999999999953
1.87900000000000023
1.97940000000000005
1.72619999999999973
2.04499999999999993
1.54459999999999997
1.62339999999999973
1.44920000000000004
1.44740000000000002
1.64359999999999995
1.87119999999999997
1.19280000000000008
1.28100000000000014
2.23599999999999977
1.33500000000000019
1.65940000000000021
1.87880000000000003
2.07379999999999987
1.12540000000000018
1.65080000000000027
1.41280000000000006
1.32299999999999995
1.65199999999999991
1.87880000000000003
1.68019999999999992
1.02439999999999998
1.13960000000000017
2.20920000000000005
2.06599999999999984
2.15960000000000019
1.66059999999999985
2.02479999999999993
2.24639999999999951
2.67479999999999984
2.14599999999999991
3.15560399999999985
1.73279999999999990
1.91799999999999993
1.82419999999999982
1.75639999999999996
1.60380000000000011
1.94680000000000009
1.68180000000000018
1.20579999999999998
1.36460000000000004
0.99800000000000000
2.34500000000000020
2.27839999999999998
1.54679999999999995
1.13959999999999995
1.17320000000000002
1.66359999999999997
1.99579999999999980
1.49299999999999988
1.89300000000000002
1.66159999999999997
1.70300000000000007
1.21859999999999991
2.11399999999999988
2.06640000000000024
1.75220000000000020
1.24279999999999990
1.52039999999999997
0.80899999999999994
1.44779999999999975
1.72699999999999987
2.14480000000000004
1.87680000000000002
1.52779999999999982
2.07819999999999983
1.11039999999999983
0.89879999999999993
1.28619999999999979
1.21679999999999988
1.50219999999999976
1.21059999999999990
1.53479999999999994
1.09620000000000006
1.62119999999999997
1.58960000000000012
1.01019999999999999
2.07580000000000009
1.51200000000000001
1.48199999999999998
1.59600000000000009
2.33800000000000008
1.56939999999999991
2.12760000000000016
2.17019999999999991
1.10199999999999987
0.86539999999999995
1.76499999999999990
1.99960000000000027
1.95259999999999989
2.18540199999999984
2.32319999999999993
1.00899999999999990
1.85339999999999949
2.47159999999999958
1.86180000000000012
1.04559999999999986
1.04020000000000001
1.70480000000000009
1.23499999999999988
2.31840000000000002
3.16420000000000012
1.86480000000000001
2.26579999999999959
1.77220000000000022
1.84179999999999988
1.28259999999999996
1.86739999999999995
2.12259999999999982
2.76020200000000004
2.33520199999999978
1.47560000000000002
1.51760000000000006
1.55119999999999991
2.08899999999999997
2.01499999999999968
1.64999999999999991
1.69780000000000020
1.72479999999999967
1.96740000000000004
1.56279999999999997
2.03540000000000010
1.56800000000000006
2.35780199999999995
1.13200000000000012
1.75100000000000011
1.40399999999999991
1.96939999999999982
2.13400199999999973
1.39819999999999989
1.91880000000000028
2.35700000000000021
1.68279999999999963
1.58099999999999996
2.46220000000000017
2.26780000000000026
1.81320000000000014
1.52139999999999986
2.27700000000000014
1.42639999999999989
1.12860000000000005
1.03439999999999999
1.82040000000000002
2.39740000000000020
2.03679999999999994
1.63960000000000017
2.62100000000000000
1.80000000000000004
2.52420000000000000
1.56199999999999983
2.02240200000000003
0.97099999999999986
1.61200000000000010
1.97940000000000005
2.57760200000000017
1.64080000000000004
2.37760000000000016
2.88460200000000011
2.03460000000000019
2.05859999999999976
1.66940000000000000
1.17979999999999996
1.92000000000000037
1.97760000000000002
0.82480000000000009
1.42240000000000011
1.20300000000000007
1.91660000000000008
1.27039999999999997
1.85020000000000029
1.42880000000000007
1.00099999999999989
1.27699999999999991
1.84179999999999988
1.62379999999999991
1.49560000000000004
1.23720000000000008
2.94420199999999976
2.04980000000000029
1.39580000000000015
1.82859999999999978
1.07260000000000000
2.06420000000000003
1.35620000000000007
2.06020000000000003
1.51939999999999986
1.32900000000000018
1.88500000000000023
1.77739999999999965
1.41379999999999995
2.13479999999999981
1.11400000000000010
1.52919999999999989
1.39359999999999995
1.20259999999999989
1.74860000000000015
0.79480000000000006
1.60739999999999972
1.30759999999999987
1.74800000000000000
1.59379999999999988
1.52699999999999991
2.46059999999999990
1.08760000000000012
1.62220000000000009
2.55420000000000025
2.76759999999999984
1.41700000000000004
1.40560000000000018
2.03799999999999937
1.79259999999999975
2.25480200000000020
1.53140000000000009
1.93100000000000027
1.44280000000000008
1.19740000000000002
2.09600000000000009
1.43159999999999998
1.86419999999999986
1.52340000000000009
2.01840000000000019
2.01400000000000023
1.89600000000000013
1.71839999999999971
1.26939999999999986
1.85460000000000003
1.29899999999999993
2.27300199999999997
1.17599999999999993
1.44419999999999993
1.14460000000000006
2.37360000000000015
1.42359999999999998
1.40739999999999998
1.64159999999999995
2.04159999999999986
1.16880000000000006
1.64780000000000015
1.80040000000000022
2.36959999999999971
1.85699999999999998
1.02039999999999997
1.18840000000000012
1.97460000000000013
1.91559999999999997
1.61499999999999977
1.66400000000000015
1.27340000000000009
2.39480199999999988
2.07219999999999960
1.09380000000000011
1.98279999999999990
1.53140000000000009
0.97360000000000002
1.17740000000000000
1.49299999999999988
1.28059999999999996
1.38760000000000017
1.66999999999999993
1.58519999999999994
1.39940000000000020
1.22619999999999996
1.30879999999999996
1.65420000000000011
1.31960000000000011
1.57120000000000015
1.04099999999999993
1.42920000000000025
1.64139999999999975
2.85460199999999986
1.15159999999999996
1.38859999999999983
2.11859999999999982
1.20480000000000009
1.90959999999999996
1.77360000000000007
1.29959999999999987
1.23159999999999981
1.25979999999999981
1.32340000000000013
1.20940000000000003
1.34259999999999979
1.77220000000000022
1.43039999999999989
0.98539999999999994
1.33380000000000010
1.29740000000000011
1.18880000000000008
2.29440000000000000
1.98080199999999995
1.25119999999999987
2.80820000000000025
1.55899999999999994
1.64759999999999995
1.87540000000000018
1.75680000000000014
1.70079999999999987
1.98380000000000001
1.96840000000000015
1.40220000000000011
0.91739999999999999
2.23019999999999996
2.38960200000000000
1.82599999999999985
1.44340000000000002
2.01339999999999986
1.62019999999999986
1.08860000000000001
1.22680000000000011
1.83879999999999977
1.42720000000000002
1.18640000000000012
1.65600199999999975
1.95539999999999980
1.54859999999999998
0.96200000000000008
1.61439999999999984
1.04719999999999991
1.46259999999999990
1.68859999999999988
3.25700199999999995
1.28859999999999997
2.07140199999999997
1.07600000000000007
2.05319999999999947
1.12480000000000002
1.21099999999999985
1.48140000000000005
1.68240000000000012
1.32120000000000015
1.38779999999999992
1.39800000000000013
1.02420000000000000
1.97539999999999982
1.26439999999999997
1.52620000000000000
1.47160000000000002
1.47960000000000003
1.51920000000000011
1.06360000000000010
2.08780000000000010
0.73840000000000006
1.56800000000000006
2.13620199999999993
1.80359999999999987
2.15240000000000009
2.61439999999999984
2.16959999999999997
2.20319999999999983
1.29319999999999991
1.64359999999999995
2.10139999999999949
0.96460000000000012
1.64439999999999986
2.76460000000000017
2.29680000000000017
1.80400000000000027
0.92160000000000009
1.63299999999999979
0.76479999999999992
1.53719999999999990
1.42359999999999998
2.72919999999999963
1.68500000000000005
1.58580000000000032
2.24260000000000037
1.31459999999999999
1.13580000000000014
1.00800000000000001
1.30640000000000001
1.04259999999999997
2.00579999999999981
1.32699999999999996
1.58460000000000023
2.38140000000000018
2.45179999999999998
1.84980000000000011
1.13859999999999983
1.51979999999999982
1.63760000000000017
1.31560000000000010
1.84520199999999979
1.63900000000000001
2.31440199999999985
0.98739999999999983
2.35860000000000003
2.32220000000000004
1.60820199999999991
1.42120000000000002
1.97919999999999985
1.97760000000000002
1.80819999999999981
2.17180000000000017
2.01860000000000017
2.07260000000000000
1.32400000000000007
1.52779999999999982
1.15579999999999994
1.70300000000000007
2.04020000000000001
2.02620000000000022
2.34280199999999983
2.23440200000000022
1.63120000000000021
2.00419999999999998
1.18659999999999988
2.60180200000000017
1.53299999999999992
2.03579999999999961
2.23819999999999997
1.24920000000000009
3.04620200000000008
1.98720000000000008
2.15339999999999998
1.44340000000000002
2.08160000000000034
2.33619999999999983
1.73580000000000001
1.04660000000000020
1.69580000000000020
1.94799999999999995
2.95940199999999987
1.18980000000000019
1.95620199999999977
2.07660000000000000
1.72819999999999974
1.12459999999999982
1.56459999999999999
1.68659999999999988
1.65579999999999994
2.37500000000000000
2.10099999999999998
2.03740000000000032
1.34900000000000020
1.08219999999999983
2.91040199999999949
1.74660000000000015
2.37880199999999986
1.79099999999999993
1.05879999999999996
1.55000000000000004
1.98239999999999972
1.99080000000000013
1.63399999999999990
1.82220000000000004
1.03620000000000001
1.90700000000000003
1.02080000000000015
1.59019999999999984
1.50540000000000007
1.39840000000000009
1.97960000000000003
1.49239999999999995
1.16500000000000004
1.12300000000000000
2.01980000000000004
1.36039999999999983
0.96660000000000001
2.00160000000000027
2.54960199999999970
2.12440000000000051
1.56980000000000008
1.51019999999999999
1.04080000000000017
2.10240000000000027
2.65180199999999999
1.04320000000000013
1.91080199999999989
1.69819999999999993
1.53540000000000010
1.23160000000000003
2.10540000000000038
1.62339999999999973
1.36319999999999975
2.52660199999999957
1.29920000000000013
1.57260000000000000
1.14640000000000031
1.74740000000000006
1.54820000000000024
1.08219999999999983
2.17260000000000009
2.21420000000000039
2.16699999999999982
1.46259999999999990
2.43860000000000010
1.57279999999999998
1.31479999999999997
1.15499999999999980
2.15080000000000027
1.02940000000000009
2.15020000000000033
1.87700000000000000
1.77639999999999998
2.50219999999999976
1.12139999999999995
1.35519999999999996
2.06479999999999997
1.63719999999999999
1.62219999999999986
2.20179999999999954
1.91039999999999988
1.94419999999999993
1.42140000000000000
1.90520000000000000
1.73999999999999977
1.29320000000000013
1.72039999999999971
1.63260000000000005
2.65339999999999998
1.34140000000000015
1.13919999999999999
1.65779999999999994
1.69100000000000006
1.76580000000000004
1.31679999999999997
1.26680000000000015
1.59680000000000000
1.67439999999999989
0.96319999999999995
1.49060000000000015
2.65260000000000051
1.18019999999999992
2.64099999999999957
2.42260000000000009
1.47219999999999973
1.09319999999999995
1.48760000000000003
2.01180199999999987
1.89739999999999998
1.67559999999999998
1.43540000000000001
2.36699999999999999
1.12999999999999989
1.72899999999999987
1.15560000000000018
1.42040000000000011
2.13719999999999999
1.61999999999999988
1.24759999999999982
1.37880000000000003
1.40979999999999994
1.18880000000000008
1.23780000000000001
1.99420200000000003
1.67160000000000020
0.78379999999999994
1.58640000000000003
1.41840000000000011
1.60820000000000007
1.61339999999999995
1.86099999999999999
1.55199999999999982
1.36780000000000013
1.88399999999999990
2.16179999999999994
1.39500000000000002
1.91440000000000010
1.21340000000000003
1.89959999999999996
1.08820000000000006
0.99439999999999995
1.98099999999999987
1.61759999999999993
1.67100000000000004
1.39180000000000015
2.02300000000000013
2.14079999999999959
1.01560000000000006
1.13159999999999994
1.59380000000000011
1.09679999999999978
1.57780000000000009
1.05399999999999983
1.74219999999999997
1.40259999999999985
1.91859999999999964
2.16779999999999973
1.49919999999999964
0.90560000000000007
1.66679999999999984
1.60919999999999996
1.30880000000000019
1.52020000000000022
1.43679999999999986
1.97180000000000000
1.22540000000000004
1.64699999999999980
1.19260000000000010
1.76440000000000019
1.34260000000000002
1.30859999999999999
2.02780000000000005
1.92620000000000013
0.95199999999999996
1.53820000000000023
1.35800000000000010
2.01879999999999971
1.75459999999999994
1.80580000000000029
1.39979999999999993
0.85380000000000000
1.36519999999999997
1.85119999999999996
1.68299999999999983
0.80479999999999996
1.62780000000000014
1.51460000000000017
1.14820000000000011
1.03419999999999979
1.55399999999999983
1.91780000000000017
1.12399999999999989
0.71899999999999997
1.64519999999999977
2.52559999999999985
1.00519999999999987
1.18060000000000009
2.06880000000000042
0.89540000000000008
2.26600000000000046
1.45719999999999983
1.22219999999999995
1.85979999999999990
1.64899999999999980
0.89319999999999988
0.78159999999999996
1.96779999999999977
1.96160000000000001
1.10800000000000010
1.53600000000000003
1.57899999999999996
0.71080000000000010
1.09939999999999993
1.07759999999999989
2.02840000000000042
1.39640000000000009
1.59179999999999988
1.48399999999999976
2.16940000000000044
0.82060000000000000
1.19680000000000009
1.70339999999999980
1.57900000000000018
1.92059999999999986
2.03780000000000028
0.94420000000000004
1.82899999999999996
1.58620000000000005
2.05200000000000005
1.04479999999999995
1.20560000000000000
1.20560000000000000
1.68260000000000010
2.70380199999999959
1.59019999999999984
1.80339999999999989
1.73720000000000008
1.08939999999999992
0.72439999999999993
0.75960000000000005
1.56939999999999991
0.99299999999999999
1.37580000000000013
2.35200000000000031
1.35859999999999981
1.63020199999999993
0.83460000000000001
1.43300000000000027
1.42819999999999991
1.11320000000000019
0.73039999999999994
1.30519999999999992
1.47619999999999996
1.91020000000000012
0.87779999999999991
1.11400000000000010
1.32479999999999998
1.02360000000000007
1.52319999999999989
1.06220000000000003
1.26639999999999975
1.92340000000000022
1.12259999999999982
0.98480000000000012
2.02000000000000002
1.78000000000000003
1.70639999999999992
1.19919999999999982
1.97980000000000023
2.16560199999999980
1.37840000000000007
1.68059999999999965
1.21740000000000004
0.90220000000000000
1.34259999999999979
1.98820000000000019
1.48439999999999994
0.87700000000000011
1.25859999999999994
0.92179999999999995
1.39500000000000002
0.87999999999999989
1.30819999999999981
0.98999999999999988
0.90860000000000007
1.05099999999999993
1.08139999999999992
1.42520000000000002
0.88180000000000014
0.91339999999999999
1.47439999999999993
2.78280199999999978
1.74140000000000006
1.40159999999999973
0.94120000000000004
1.34200000000000008
1.32460000000000000
0.85880000000000012
1.16300000000000003
1.67339999999999978
0.86579999999999990
1.00559999999999983
1.48279999999999990
0.94259999999999999
0.94719999999999993
1.29720000000000013
1.26619999999999999
1.56819999999999982
0.77759999999999996
1.41679999999999984
1.12080000000000002
0.93560000000000021
0.96760000000000002
1.62359999999999971
0.86340000000000006
0.98140000000000005
1.63680000000000025
1.01160000000000005
1.49760000000000004
1.90520000000000000
1.30500000000000016
0.95740000000000003
1.20360000000000000
0.95679999999999998
1.21179999999999999
2.42780000000000040
1.21819999999999995
1.22119999999999984
0.81960000000000000
1.16299999999999981
1.08400000000000007
1.29959999999999987
0.65239999999999998
0.92899999999999994
0.74320000000000008
1.08679999999999999
0.98759999999999992
1.28299999999999992
1.33939999999999992
0.91780000000000006
0.99360000000000004
1.21059999999999990
0.98619999999999997
1.02439999999999998
0.68820000000000003
1.39020000000000010
1.63719999999999999
0.92300000000000004
1.63039999999999985
1.20919999999999983
0.83499999999999996
0.76660000000000006
1.17579999999999996
1.15720000000000001
0.80139999999999989
1.21099999999999985
0.83360000000000001
0.84939999999999993
0.81879999999999986
0.87539999999999996
0.99860000000000004
1.25620000000000021
1.23320000000000007
1.16379999999999972
1.03160000000000007
0.92300000000000004
0.89239999999999997
0.91820000000000002
1.22599999999999998
1.57679999999999998
1.11860000000000004
0.88519999999999999
1.26279999999999992
1.14260000000000006
1.23100000000000009
0.96579999999999999
1.11779999999999990
0.86860000000000004
0.98600000000000010
0.95899999999999996
1.40399999999999991
1.21300000000000008
1.12219999999999986
1.31699999999999995
0.96320000000000017
0.81240000000000001
1.46980000000000000
1.50740000000000007
1.60680000000000023
0.89480000000000004
1.03200000000000003
1.03440000000000021
0.92780000000000007
1.11819999999999986
1.02079999999999993
1.15600000000000014
1.18180000000000018
1.31539999999999990
0.90639999999999998
1.25500000000000012
1.81340000000000012
1.22180000000000000
0.80440000000000000
0.99660000000000015
0.96799999999999997
0.81679999999999997
1.23380000000000001
1.07980000000000009
1.16179999999999994
1.15939999999999999
1.06879999999999997
1.18300000000000005
1.10359999999999991
0.83960000000000012
1.25979999999999981
0.83819999999999995
0.88979999999999992
1.62559999999999993
1.03180000000000005
1.23479999999999990
0.98100000000000009
1.15080000000000005
0.99580000000000002
1.03100000000000014
0.82860000000000000
0.93179999999999996
1.11100000000000021
0.91159999999999997
0.98479999999999990
1.14339999999999997
1.19799999999999995
1.04099999999999993
0.91960000000000020
1.25760000000000005
1.09380000000000011
1.16100000000000003
0.83599999999999997
1.08840000000000003
0.83300000000000018
0.80779999999999996
0.78320000000000001
0.74919999999999987
0.81259999999999999
0.75580000000000003
0.86919999999999997
0.96659999999999990
1.02180000000000026
1.27639999999999998
0.80919999999999992
1.03940000000000010
1.02319999999999989
0.85400000000000009
0.66879999999999995
1.08280000000000021
0.79540000000000011
0.81640000000000001
1.29360000000000008
1.40060000000000007
0.88299999999999979
0.94640000000000002
0.84260000000000002
1.39179999999999993
1.12860000000000005
0.94940000000000013
0.83599999999999997
0.77539800000000003
0.94779999999999998
1.28980000000000006
0.74039999999999995
0.88179999999999992
1.75700000000000012
0.89419999999999999
0.82319999999999993
1.14659999999999984
0.89580000000000004
1.19720000000000004
0.87959999999999994
0.89839999999999998
1.19479999999999986
1.00100000000000011
0.63979999999999992
0.90200000000000014
1.07600000000000007
0.98900000000000010
0.72760000000000002
0.77959999999999996
0.96960000000000002
0.84740000000000004
0.62019999999999997
0.95999999999999996
0.96279999999999999
0.69000000000000006
0.97200000000000009
0.85619999999999996
0.86699999999999999
0.79960000000000009
1.44659999999999989
0.93179999999999996
1.04459999999999997
0.87780000000000002
0.74519999999999997
0.85640000000000005
0.94520000000000004
0.82519999999999993
0.84360000000000002
1.03220000000000001
0.83039999999999980
0.66900000000000004
1.13799999999999990
1.14040000000000008
0.68079999999999996
0.56379999999999997
0.75000000000000000
1.45260000000000011
0.66980000000000006
1.04700000000000015
1.12119800000000014
0.81759799999999994
1.05340000000000011
0.93879799999999991
0.99240000000000017
1.08440000000000003
1.07499999999999996
0.49019800000000002
0.99960000000000004
0.91759999999999997
0.69099799999999989
0.86760000000000004
0.84020000000000006
1.25120000000000009
1.15680000000000005
1.39000000000000012
0.78200000000000003
0.58520000000000005
0.81440000000000001
0.78959999999999997
0.70099999999999996
0.71320000000000006
1.36880000000000024
1.08660000000000001
0.90480000000000005
1.00740000000000007
0.86319999999999997
0.77000000000000002
0.69799999999999995
0.76100000000000012
1.43540000000000001
0.62760000000000005
0.53260000000000007
0.87520000000000009
0.83919999999999995
0.96820000000000006
0.77500000000000002
0.97579999999999989
0.99480000000000002
0.62860000000000005
1.08360000000000012
0.84300000000000019
0.79239999999999999
0.94000000000000006
1.11320000000000019
0.90599999999999992
0.90759999999999985
0.84880000000000000
0.75419999999999998
1.39680000000000004
0.72660000000000002
0.87400000000000000
0.68159999999999998
0.66779999999999995
0.88519999999999999
0.98699999999999988
1.42740000000000000
0.91379999999999995
0.91400000000000003
0.64799999999999991
0.92479999999999996
1.18880000000000008
0.86539999999999995
0.88059999999999994
0.93499999999999994
0.74480000000000002
0.89520000000000000
1.05640000000000023
1.00800000000000001
0.86919999999999997
0.91180000000000005
0.80560000000000009
0.87579999999999991
0.69279999999999997
0.70079999999999998
0.76000000000000001
0.66900000000000004
0.74339999999999995
0.91500000000000004
0.77699999999999991
0.79740000000000000
1.23799999999999999
0.69440000000000002
1.00160000000000005
0.58479999999999988
0.79440000000000000
0.65139999999999998
0.87840000000000007
0.88840000000000008
0.69400000000000017
0.74220000000000008
0.86559999999999993
0.86200000000000010
0.80659999999999987
0.71479999999999999
0.68800000000000006
1.01420000000000021
1.02360000000000007
0.81260000000000010
0.84639999999999982
0.92440000000000011
1.14100000000000001
1.33979999999999988
0.90999999999999992
0.86680000000000013
0.63900000000000001
0.95160000000000000
1.03520000000000012
0.83360000000000001
0.76019999999999999
0.80259999999999998
0.76259999999999994
0.69779999999999998
0.60680000000000001
0.70240000000000014
0.68119999999999992
0.78899999999999992
0.94719999999999993
0.76580000000000004
0.88239999999999996
0.64539999999999997
1.16579999999999995
0.83360000000000001
0.90320000000000000
0.68800000000000006
0.65139999999999998
0.69380000000000008
0.79159999999999997
0.74980000000000002
0.86520000000000008
0.79719999999999991
0.65679999999999994
0.61700000000000010
0.84420000000000006
0.77500000000000002
0.77840000000000009
0.79260000000000008
0.86660000000000004
0.65000000000000013
1.27000000000000002
1.06479999999999997
1.00139999999999985
0.76080000000000003
0.75140000000000007
0.68519999999999992
0.86299999999999988
0.64499999999999991
0.97679999999999989
0.66799999999999993
0.86820000000000008
1.11359999999999992
0.86660000000000004
1.23920000000000008
1.35699999999999998
0.57979999999999998
0.72760000000000002
0.79359999999999986
0.93499999999999994
0.63719999999999999
0.60299999999999998
0.68720000000000003
0.60540000000000005
0.68080000000000007
0.78059999999999996
0.68659999999999999
0.85940000000000016
0.74360000000000004
0.72799999999999998
0.79419999999999991
0.71699999999999997
0.81100000000000017
0.75739999999999996
0.75180000000000002
1.05279999999999996
0.68940000000000001
0.78139999999999998
0.78479999999999994
0.95979999999999988
0.84999999999999998
0.65660000000000007
0.88200000000000001
0.95899999999999996
0.91240000000000010
0.86180000000000001
1.00200000000000000
0.68520000000000003
0.85140000000000016
0.88639999999999985
0.60860000000000003
0.67120000000000002
0.85220000000000007
0.81279999999999997
0.66200000000000003
0.73459999999999992
0.75820000000000010
0.56679999999999997
0.76420000000000010
0.68999999999999995
0.88119999999999998
0.79740000000000000
0.98219999999999996
0.77820000000000000
0.64920000000000000
0.74199999999999999
0.71639999999999993
0.95719999999999994
1.08679999999999999
1.12419999999999987
0.70460000000000000
1.26200000000000001
0.75000000000000000
0.80379999999999985
1.23839999999999995
0.77820000000000000
1.23060000000000014
0.78100000000000003
0.60260000000000002
1.06499999999999995
0.64560000000000006
0.94760000000000011
0.70500000000000007
0.61460000000000004
0.80800000000000005
0.78279999999999994
0.85260000000000002
0.70579999999999998
0.64680000000000004
0.76159999999999994
0.79640000000000000
0.67680000000000007
0.64599999999999991
0.87180000000000002
0.70020000000000004
0.65139999999999998
0.83759999999999990
0.76720000000000010
0.82680000000000009
0.95239999999999991
0.91120000000000023
0.65559999999999996
0.95999999999999996
0.88780000000000003
0.66419999999999990
0.73699999999999999
0.89000000000000001
0.60020000000000007
0.93619999999999981
0.77320000000000000
0.87500000000000000
1.02720000000000011
0.81579999999999997
0.86420000000000008
0.93759999999999999
1.78740000000000032
1.03299999999999992
0.83679999999999999
0.84119999999999995
0.73799799999999993
0.76679999999999993
1.03000000000000003
0.95519999999999994
0.73919999999999997
0.69399999999999995
0.80659999999999987
0.83599999999999997
0.57740000000000002
0.62700000000000000
0.94779999999999998
0.68219999999999992
0.68000000000000005
1.25200000000000000
1.00120000000000009
0.80939999999999990
1.03480000000000016
0.76099999999999990
1.11620000000000008
0.83620000000000005
0.81200000000000006
0.72280000000000000
0.71500000000000008
0.83019999999999994
0.66980000000000006
0.79200000000000004
0.73060000000000003
0.55620000000000003
1.16860000000000008
1.02359999999999984
0.62579999999999991
0.86280000000000001
0.96240000000000003
0.90480000000000005
0.90839999999999999
0.62500000000000000
0.97019999999999995
0.78520000000000001
0.79640000000000000
0.87400000000000000
0.79679999999999995
0.80579999999999996
0.74519999999999997
0.93420000000000003
0.79800000000000004
1.26560000000000006
0.63360000000000005
0.74900000000000000
0.75280000000000002
0.96419999999999995
0.75900000000000001
0.94579999999999986
0.68879999999999997
1.09460000000000024
0.87539999999999996
0.73219999999999996
0.83799999999999986
1.02740000000000009
0.91380000000000017
0.88339999999999996
0.76480000000000004
0.82300000000000006
0.84899999999999987
0.81359999999999988
0.84800000000000009
1.02340000000000009
1.30399999999999983
0.83139800000000008
0.59539999999999993
0.66500000000000004
0.69100000000000006
0.91259999999999997
0.85760000000000003
0.87839999999999985
0.83119999999999994
0.95399999999999996
0.91680000000000006
0.71860000000000002
0.83620000000000005
1.06279999999999997
0.88519999999999999
1.07980000000000009
0.98980000000000001
1.27480000000000016
0.96239999999999992
0.68219999999999992
0.80700000000000005
0.81640000000000001
0.64379999999999993
1.04099999999999993
0.96060000000000001
0.89800000000000002
0.66500000000000004
0.87240000000000006
0.94299999999999995
0.62200000000000011
1.28240000000000021
0.90700000000000003
0.93759999999999999
0.95619999999999994
0.90459999999999996
0.98839999999999983
1.26479999999999992
0.89720000000000011
0.74540000000000006
0.69560000000000000
0.49519999999999997
0.97019999999999995
0.96999999999999997
0.88919999999999999
1.09980000000000011
0.48520000000000002
1.00879999999999992
0.62580000000000002
0.93079999999999996
0.91199999999999992
0.81659999999999999
0.81700000000000017
0.69599999999999995
0.90479999999999983
0.85380000000000000
0.96080000000000010
0.69000000000000006
1.04559999999999986
0.83479999999999988
0.92080000000000006
0.69679999999999997
1.02479999999999993
0.85739999999999994
0.77200000000000002
0.81259999999999999
0.89160000000000006
0.92340000000000000
0.71920000000000006
0.94779999999999998
1.10420000000000007
0.81999999999999995
0.90459999999999996
1.07100000000000017
0.81779999999999986
0.68320000000000003
0.85960000000000003
0.93480000000000008
0.80359999999999998
0.92639999999999989
0.79039999999999999
0.72120000000000006
0.61499999999999999
0.98680000000000001
0.89419999999999988
1.12719999999999998
0.82279999999999998
0.62600000000000000
0.91599999999999981
0.92520000000000002
0.71340000000000003
0.70460000000000000
1.13679999999999981
0.82120000000000015
0.86739999999999995
0.85419999999999996
0.71319999999999995
0.85739999999999994
0.71140000000000003
0.75380000000000003
0.73539999999999994
1.00339999999999985
0.96639999999999993
0.82740000000000014
0.97119999999999995
0.78739999999999999
1.17959999999999998
0.67800000000000005
0.66259999999999997
0.65980000000000005
0.81259999999999999
1.51120000000000010
0.95560000000000012
0.99120000000000008
0.76020000000000010
1.18120000000000003
0.63639999999999985
0.90620000000000012
0.70260000000000011
0.86039999999999994
0.92720000000000002
1.11499999999999999
0.81419999999999992
0.99580000000000002
0.95219999999999982
0.71419999999999995
0.81640000000000001
0.72960000000000003
0.62639999999999996
0.85020000000000007
0.64579999999999993
0.74399999999999999
0.72580000000000011
0.62080000000000002
0.84199999999999997
1.10680000000000001
0.73780000000000012
1.04740000000000011
0.83340000000000014
0.79719999999999991
0.88860000000000006
0.99780000000000002
0.90639999999999998
0.70979999999999999
0.95419999999999983
0.69779999999999998
0.78659999999999997
1.20459999999999989
0.81020000000000003
0.77060000000000006
0.95540000000000003
1.01340000000000008
0.82020000000000015
0.76759999999999995
0.78039999999999998
0.62060000000000004
0.79779999999999995
0.79900000000000004
1.11139999999999994
0.71240000000000003
0.58079999999999998
0.79779999999999995
0.90760000000000007
0.97140000000000004
0.71960000000000002
0.94900000000000007
0.77379999999999993
0.79560000000000008
0.85500000000000009
0.68279999999999996
0.65860000000000007
0.89359999999999995
1.13500000000000001
1.10479999999999978
0.72859999999999991
0.68220000000000003
0.66759799999999991
1.08360000000000012
0.72760000000000002
1.13819999999999988
0.69979999999999998
1.13339999999999996
0.78559999999999997
1.13899999999999979
0.74260000000000004
0.96860000000000002
1.21840000000000015
0.94719999999999993
0.85820000000000007
0.87560000000000004
0.77360000000000007
0.75980000000000003
1.06359999999999988
0.84019999999999995
1.16500000000000004
0.97799999999999998
0.83580000000000010
0.80620000000000014
0.81859999999999999
1.01219999999999999
1.00600000000000001
1.06020000000000003
0.92540000000000000
0.45520000000000005
0.93659999999999999
0.68620000000000003
0.76519999999999988
0.94040000000000001
1.20719999999999983
1.30719999999999992
0.97720000000000007
0.92319999999999991
0.97340000000000004
0.68879999999999997
0.88999999999999990
0.96340000000000003
0.74320000000000008
0.90379799999999988
0.93979999999999997
0.86519999999999997
0.79560000000000008
0.82620000000000005
0.97840000000000005
1.00079999999999991
1.06259999999999999
1.19439999999999991
0.74120000000000008
1.07499999999999996
0.92179999999999995
0.77960000000000007
0.89139999999999997
1.08099999999999996
1.19619999999999993
0.49899800000000000
0.95579999999999998
0.88840000000000008
1.11739999999999995
1.01519999999999988
0.98140000000000005
0.99499999999999988
0.70520000000000005
0.62319999999999998
0.99239999999999995
0.99760000000000004
0.85340000000000005
1.08860000000000001
1.23760000000000003
0.79599999999999993
0.50019800000000003
0.82940000000000003
0.59959999999999991
1.23380000000000001
1.19019999999999992
0.69840000000000013
0.71460000000000001
0.79359999999999997
0.94940000000000002
0.90760000000000007
0.94819999999999993
1.10840000000000005
0.62260000000000004
0.92620000000000002
0.82420000000000004
0.92519999999999991
0.91339999999999999
0.79000000000000004
1.12100000000000000
1.04299999999999993
0.94820000000000015
0.66980000000000006
0.84220000000000006
0.65359999999999996
0.78740000000000010
0.52260000000000006
0.68020000000000003
0.78420000000000001
0.85219999999999985
0.79940000000000000
0.78620000000000001
0.81820000000000004
0.76479999999999992
0.84700000000000009
1.11419999999999986
0.76219999999999999
0.70799999999999996
0.70240000000000002
0.57679800000000003
0.69059999999999999
0.71120000000000005
0.61320000000000008
0.75079999999999991
0.76360000000000006
1.03339999999999987
1.06359999999999988
0.61040000000000005
0.71960000000000002
0.63219999999999998
0.66620000000000013
1.01139999999999985
0.59219999999999995
0.70320000000000005
0.64639999999999997
1.06079999999999997
1.09719999999999995
0.69299999999999995
0.73580000000000001
0.47680000000000000
0.76219999999999999
0.61819999999999997
0.78739999999999988
0.71460000000000001
0.75459999999999994
0.61080000000000001
0.80719999999999992
0.95959999999999979
0.66839999999999988
0.65420000000000000
0.89900000000000002
0.62480000000000002
1.13759999999999994
0.76380000000000003
0.69159999999999999
0.69800000000000006
0.68059999999999998
0.79719999999999991
0.82340000000000002
1.46019999999999994
1.11840000000000006
0.83439999999999992
0.67259999999999998
0.79079999999999995
1.06259999999999999
0.61819999999999997
0.84380000000000011
1.33379999999999987
0.60399999999999987
1.14260000000000006
0.84340000000000015
1.00360000000000005
0.72040000000000004
0.83480000000000010
1.20740000000000003
0.62379999999999991
0.66779999999999995
0.67559999999999998
1.10380000000000011
0.56560000000000010
0.88500000000000001
0.68100000000000005
0.93559999999999999
1.02200000000000002
0.59060000000000001
0.95860000000000001
0.78980000000000006
0.66959999999999997
1.33539999999999992
1.12040000000000006
1.19140000000000024
0.78599799999999997
0.68039999999999989
1.03039999999999998
1.41800000000000015
0.91020000000000001
0.58779999999999999
0.98759999999999992
0.74860000000000004
1.67880000000000007
1.10860000000000003
1.14720000000000000
0.99680000000000002
0.82680000000000009
1.04899999999999993
1.55300000000000016
0.60839999999999994
0.80760000000000010
0.89419999999999999
1.08780000000000010
1.34979999999999989
0.98119999999999996
0.83019999999999994
0.66940000000000011
1.02459999999999996
0.98199999999999998
0.79459999999999997
1.05559999999999987
1.59720000000000018
1.21639999999999993
1.03600000000000003
0.64600000000000002
1.31500000000000017
1.04139999999999988
1.60180000000000011
0.87700000000000000
0.98180000000000001
0.92599999999999993
0.74339999999999995
1.03939999999999988
0.80420000000000003
1.29519999999999991
0.78239999999999998
1.21639999999999970
1.62319999999999998
0.99339999999999995
1.49119999999999986
0.76959999999999995
0.76439999999999997
1.20360000000000000
1.00400000000000000
1.30420000000000003
0.88480000000000003
0.83679999999999999
1.12300000000000000
0.83599999999999997
0.86140000000000005
0.90320000000000000
1.49960000000000004
0.81040000000000012
0.83879999999999999
0.91799999999999993
0.89300000000000002
0.90159999999999996
1.02539999999999987
0.94759999999999989
0.88880000000000003
1.00939999999999985
0.82020000000000004
1.12300000000000000
1.28859999999999997
0.92580000000000007
1.17619999999999991
1.24060000000000015
0.85939999999999994
0.78339999999999999
1.23499999999999988
0.94119999999999993
1.50100000000000011
0.62180000000000013
1.07999999999999985
1.78279999999999994
1.18900000000000006
1.33539999999999992
1.40740000000000021
0.78280000000000005
1.04039999999999999
1.17779999999999996
1.25000000000000000
0.75500000000000000
1.24459999999999993
1.19780000000000020
0.69819999999999993
1.06020000000000003
1.00140000000000007
0.82519999999999993
0.85660000000000003
1.51540000000000008
1.24980000000000002
1.47419999999999995
0.81400000000000006
1.83719999999999994
1.03639999999999999
0.88339999999999996
1.15820000000000012
0.92780000000000007
1.39660000000000006
1.16280000000000006
1.12400000000000011
1.09159999999999990
1.38219999999999965
1.66599999999999993
1.19239999999999990
1.26399999999999979
1.47180000000000000
0.94800000000000006
1.11260000000000003
0.95879999999999987
1.42139999999999977
2.22880199999999995
1.60940000000000016
2.65320000000000000
1.14140000000000019
0.80420000000000014
0.92800000000000016
0.97800000000000009
1.02600000000000002
1.56479999999999997
1.47360000000000002
1.46500000000000008
1.56359999999999988
0.96639999999999993
1.28780000000000006
1.43219999999999992
1.26679999999999993
1.60640000000000005
1.55200000000000005
1.40680000000000005
1.44439999999999991
1.65720000000000023
1.42199999999999993
1.56619999999999981
2.13680000000000003
2.08260000000000023
1.19120000000000004
1.16380000000000017
0.77339999999999987
1.32460000000000000
1.67400200000000021
1.52279999999999993
1.06420000000000003
1.40420000000000011
1.33240000000000003
1.24360000000000004
0.66660000000000008
1.28620000000000001
1.51879999999999993
1.69940000000000002
1.84819999999999984
1.23099999999999987
1.71999999999999997
1.08579999999999988
0.97860000000000014
1.23940000000000006
0.94819999999999993
1.33079999999999998
1.13219999999999987
1.07759999999999989
0.58999999999999997
1.45379999999999998
1.27620000000000000
1.67399999999999993
0.86239999999999983
1.91480000000000006
0.73140000000000005
1.23839999999999995
0.90559999999999996
0.65979999999999994
1.45999999999999996
1.08579999999999988
1.53319999999999990
1.73800000000000021
1.21140000000000003
1.57160000000000011
1.89320000000000022
1.29700000000000015
1.24400000000000022
0.93720000000000003
1.68940000000000023
1.76120000000000010
1.71899999999999986
1.42559999999999976
0.88799999999999990
1.05399999999999983
1.29479999999999995
0.84220000000000006
1.21300000000000008
0.61799999999999999
1.44799999999999995
0.62360000000000004
2.11739999999999995
1.79559999999999964
1.32860000000000000
1.33999999999999986
1.97100000000000009
1.22740000000000005
1.14619999999999989
0.92040000000000011
1.44419999999999993
1.38019999999999987
1.31560000000000010
0.68900000000000006
0.85760000000000003
0.81980000000000008
2.11319999999999997
1.31999999999999984
1.89100000000000001
1.05779999999999985
0.83660000000000001
1.29620000000000024
1.07079999999999997
0.91479999999999995
1.36819999999999986
0.80420000000000003
0.97499999999999998
1.40079999999999982
2.18040000000000012
0.79979999999999996
0.93340000000000001
1.23499999999999988
1.74180000000000001
1.22080000000000011
2.31240000000000023
1.50900199999999995
1.24480000000000013
0.78800000000000003
1.66339999999999999
0.92900000000000005
3.10440199999999988
0.87780000000000002
1.18659999999999988
1.37559999999999993
1.19499999999999984
2.93060199999999993
1.85000000000000009
1.66339999999999999
1.48940000000000006
1.83500000000000019
1.60820000000000007
1.37499999999999978
0.78000000000000003
2.19580000000000020
1.84800000000000009
1.84400000000000008
2.21859999999999991
2.16959999999999997
1.26559999999999984
0.80899999999999994
2.53600199999999987
1.68659999999999988
2.90500200000000008
1.16060000000000008
1.52879999999999994
1.20719999999999983
1.27079999999999993
2.51100199999999996
1.68559999999999977
1.21779999999999999
1.73040000000000016
1.21380000000000021
1.05299999999999994
2.43620000000000037
0.80020000000000002
0.89239999999999997
2.07139999999999969
1.61000000000000010
0.97819999999999996
1.31279999999999974
1.49379999999999979
2.80879999999999974
1.36319999999999997
0.97779999999999989
1.41840000000000011
1.45179999999999998
0.66339999999999999
1.61520000000000019
1.52260000000000018
1.18799999999999994
1.43979999999999997
0.77820000000000000
1.07700000000000018
1.26039999999999996
0.94480000000000008
0.93899999999999983
1.67500199999999988
1.80840000000000001
2.03420000000000023
1.28280000000000016
2.11600000000000010
0.96860000000000002
0.90880000000000005
1.14640000000000009
1.22679999999999989
1.12199999999999989
1.35220000000000007
1.71559999999999979
1.18319999999999981
1.02180000000000004
2.09579999999999966
2.59939999999999971
2.06000000000000005
0.99360000000000004
1.30819999999999981
0.96299999999999986
1.48819999999999997
2.42079999999999984
1.32599999999999985
1.67800000000000016
1.76219999999999999
2.15519999999999978
1.29240000000000022
1.97040000000000015
1.17040000000000011
2.19720000000000004
1.48540000000000005
1.57600000000000007
1.54620000000000002
1.23860000000000015
1.00679999999999992
1.66979999999999973
1.84800000000000009
1.71719999999999962
1.83100000000000018
1.29160000000000008
2.06520200000000020
1.38840000000000008
1.73279999999999990
1.25839999999999996
2.15160199999999957
1.77160000000000006
1.23239999999999994
1.04679999999999995
1.11460000000000004
1.93479999999999985
1.50519999999999987
1.38319999999999999
1.18460000000000010
1.11919999999999997
1.30679999999999996
1.20740000000000003
0.80400000000000005
1.51179999999999981
1.14559999999999995
0.99740000000000006
1.56879999999999997
1.15339999999999998
1.19920000000000004
1.21080000000000010
1.30899999999999994
1.56360000000000032
2.34060199999999963
2.84019999999999984
1.91359999999999997
1.64520000000000022
1.97999999999999998
1.42120000000000002
0.80560000000000009
1.55120000000000013
1.50219999999999976
2.29800000000000004
1.55779999999999985
1.78060000000000018
1.65559999999999974
1.29400000000000004
1.51839999999999997
2.10880000000000001
1.95579999999999998
2.45319999999999983
2.45319999999999983
1.96900000000000008
1.88040000000000029
1.46859999999999991
1.51119999999999988
1.44720000000000004
2.06619999999999981
1.45599999999999996
1.59259999999999979
1.27000000000000002
2.43340200000000006
2.29479999999999995
1.78259999999999996
2.35320000000000018
1.54220000000000002
1.09779999999999989
1.92460000000000031
1.44340000000000002
2.39400000000000013
0.93359999999999999
1.59040000000000026
2.12660000000000027
1.63819999999999988
2.41260000000000030
2.08180000000000032
1.71219999999999994
1.85480000000000023
1.83899999999999997
1.98479999999999990
1.82839999999999980
1.75220000000000020
1.74360000000000004
2.44520000000000026
1.50920000000000010
2.37719999999999976
1.23900000000000010
1.68019999999999992
1.93140000000000001
0.87300000000000000
2.07940000000000014
1.93040000000000012
1.02899999999999991
0.94520000000000004
2.31740000000000013
1.16439999999999988
1.72520000000000029
0.89659999999999995
1.24480000000000013
1.74860000000000015
1.88260000000000005
1.52280000000000015
1.67740000000000000
2.50079999999999991
2.00959999999999983
1.91139999999999999
2.37999999999999989
2.10499999999999954
1.57300000000000018
1.07919999999999994
2.18020000000000014
1.65300000000000002
1.19819999999999993
2.21479999999999988
1.89639999999999986
1.49580000000000002
1.94459999999999988
1.40940000000000021
1.38300000000000001
1.31479999999999997
2.25720000000000010
2.35920200000000024
1.00899999999999990
2.35840000000000005
1.59759999999999991
1.19400000000000017
2.38099999999999978
1.60219999999999985
1.90640000000000009
1.77979999999999983
1.73119999999999985
2.59480000000000022
2.20039999999999969
1.61499999999999977
2.56540000000000035
2.09560000000000013
1.74959999999999982
1.99040000000000039
1.74219999999999975
2.39539999999999997
1.90820000000000012
1.75240000000000018
1.42620000000000013
2.08539999999999992
1.47360000000000002
2.92240000000000011
1.47640000000000016
2.29239999999999977
2.32900000000000018
1.62160000000000015
2.37419999999999964
1.67719999999999980
1.50360000000000005
1.24259999999999993
0.78320000000000012
2.24079999999999968
1.37859999999999983
1.48760000000000003
1.90220000000000011
2.07240000000000002
1.87340000000000018
1.26760000000000028
2.13660000000000005
1.14159999999999995
2.30379999999999985
2.81020000000000003
1.74200000000000021
1.59259999999999979
1.64200000000000013
1.68760000000000021
1.96779999999999999
2.07319999999999993
1.95339999999999980
1.12719999999999976
1.46540000000000004
2.53799999999999981
2.66179999999999994
1.62220000000000009
1.32400000000000007
1.08359999999999990
2.02479999999999993
1.42959999999999998
1.48419999999999996
1.70160000000000022
2.21819999999999995
2.10919999999999996
1.62900000000000000
2.59580199999999994
1.96519999999999984
1.15239999999999987
2.26060000000000016
1.95360000000000023
1.87599999999999989
2.16839999999999966
1.56619999999999981
1.30719999999999992
1.73019999999999996
2.44740000000000002
2.58320000000000016
1.75279999999999991
2.05959999999999965
2.32139999999999969
2.00279999999999969
2.51379999999999981
2.04539999999999988
2.04740000000000011
2.04720000000000013
1.94320000000000026
2.04159999999999986
1.79960000000000031
1.67899999999999983
2.02000000000000002
1.80200000000000005
1.82420000000000004
2.32440200000000008
1.94140000000000024
1.85600000000000032
1.48760000000000003
2.00740000000000007
1.84720000000000018
1.35099999999999998
1.75140000000000029
1.76959999999999984
1.30220000000000025
2.02820000000000000
2.52939999999999987
1.33339999999999992
2.01140000000000008
2.36119999999999974
2.21259999999999968
1.94599999999999973
1.72359999999999980
1.38240000000000007
1.66359999999999997
1.46140000000000003
2.46340000000000003
2.38600000000000012
2.27659999999999973
1.87280000000000024
2.32719999999999994
2.51760000000000028
1.64880000000000004
2.12760000000000016
2.14020000000000010
2.43540000000000045
2.40219999999999967
1.79600000000000004
1.29840000000000000
2.60480000000000000
1.88919999999999999
1.67639999999999989
2.97140000000000004
1.86840000000000006
1.95979999999999999
1.93679999999999986
2.62239999999999984
2.53860000000000019
1.19920000000000004
2.39279999999999982
2.14699999999999980
1.99299999999999988
1.79360000000000008
2.29260000000000019
1.72659999999999991
2.29320000000000013
2.63200000000000012
1.54119999999999990
2.09480000000000022
2.45300000000000029
2.01560000000000006
2.67679999999999962
2.04780000000000006
2.60720000000000018
2.84560000000000013
2.32180000000000009
1.90260000000000007
3.27400000000000002
1.60640000000000005
2.53240199999999982
2.33779999999999966
1.52899999999999991
2.72980199999999984
2.00579999999999981
2.95740000000000025
1.90420000000000011
2.16900000000000004
3.11339999999999995
1.45880000000000010
1.98520000000000008
1.99759999999999982
1.49659999999999993
2.37020000000000008
1.11860000000000026
1.89440000000000031
2.20019999999999971
2.06720000000000015
2.73039999999999994
2.10940199999999978
2.22300200000000014
2.39959999999999996
2.33400000000000007
2.08699999999999974
2.48040000000000038
2.14080000000000004
2.14820000000000011
2.48919999999999941
2.04939999999999989
1.42059999999999986
3.02620200000000006
2.25039999999999996
2.23300000000000010
2.85339999999999971
2.13140000000000018
1.89860000000000007
2.48240000000000016
2.03699999999999992
2.53739999999999988
1.32140000000000013
1.89119999999999999
2.81180000000000030
2.52300399999999980
1.19120000000000004
2.33440000000000047
0.89359999999999995
1.00619999999999998
1.92899999999999983
1.98679999999999990
2.00279999999999969
3.60020400000000018
1.93759999999999977
2.43820000000000014
2.08460000000000001
3.67880399999999952
2.12360000000000015
2.69879999999999987
2.89280000000000026
2.96019999999999950
2.33579999999999988
2.42260199999999992
1.46520000000000006
2.58199999999999985
1.10860000000000003
2.13839999999999986
2.28620000000000001
1.07319999999999993
2.87820199999999993
2.67620000000000013
2.64679999999999982
2.10260000000000025
1.55420000000000003
1.64200000000000013
2.29460200000000025
2.07100000000000017
1.77520000000000033
3.53420199999999962
2.58300000000000018
3.07800200000000013
2.29600000000000026
3.17940200000000006
1.93659999999999988
2.30940199999999995
1.98220000000000018
2.03399999999999981
2.09020000000000028
1.97779999999999978
4.07140400000000025
1.86020000000000030
2.88339999999999952
2.83100199999999980
2.93980000000000041
2.04560000000000031
2.37840000000000007
2.47640000000000038
3.32560199999999995
3.12659999999999982
2.48899999999999988
2.35460000000000003
2.52400000000000002
1.93119999999999981
2.26639999999999997
1.84819999999999984
2.37460000000000004
1.92459999999999987
2.65359999999999996
2.35660000000000025
2.57920199999999999
1.93540000000000001
1.90820000000000012
2.37219999999999986
2.65899999999999981
2.67900000000000027
1.87980000000000014
2.13660000000000005
2.48479999999999990
3.01580000000000004
1.96960000000000024
1.95919999999999983
2.81240000000000023
2.42480000000000029
1.80640000000000001
2.26040000000000019
2.22040000000000015
2.88720199999999982
2.47239999999999949
2.39319999999999977
2.95840000000000014
1.95500000000000007
2.81079999999999997
2.27320000000000011
1.80219999999999980
1.81819999999999982
2.03739999999999988
2.06120000000000037
2.78080200000000000
3.11300000000000043
1.20239999999999991
1.28119999999999989
2.46120000000000028
2.07100000000000017
1.84620000000000006
2.50080199999999975
1.30620000000000003
1.81619999999999981
1.75259999999999994
1.82299999999999973
2.65980200000000000
2.79960000000000031
2.48019999999999996
2.32279999999999998
2.25059999999999993
1.55259999999999998
1.90539999999999976
1.96579999999999977
2.06059999999999999
1.79339999999999966
2.39999999999999947
1.82740000000000014
1.98819999999999975
2.10219999999999985
2.47619999999999996
1.02180000000000004
1.17640000000000011
1.78679999999999994
1.85420000000000007
2.04539999999999988
2.56860199999999983
2.25360000000000049
2.17440000000000033
1.57699999999999996
1.77259999999999995
2.29900200000000021
2.73860000000000037
2.19439999999999991
2.59879999999999978
2.00499999999999989
2.93680000000000030
2.70579999999999998
2.05960000000000010
2.48439999999999994
2.80759999999999987
3.10040199999999988
2.41840000000000055
2.93280200000000013
2.05900000000000016
2.11820000000000030
2.46480199999999972
2.06899999999999995
2.71220000000000017
3.23320000000000007
3.41220199999999974
2.93360000000000021
2.72200199999999981
3.06060200000000027
1.99419999999999997
2.15059999999999985
3.06520200000000020
2.45100000000000007
2.60640200000000011
2.19160000000000021
2.57359999999999989
2.46559999999999979
3.02819999999999956
2.67600000000000016
2.23960000000000026
2.94320400000000015
2.29800000000000004
2.89139999999999997
2.27579999999999982
2.48360000000000003
2.02619999999999978
2.46560000000000024
2.88600199999999996
3.09020200000000012
2.57860200000000006
2.59219999999999962
2.12539999999999996
2.65400000000000036
1.92359999999999998
2.46839999999999993
2.89500000000000046
2.70819999999999972
2.53580000000000005
1.87019999999999986
2.29300000000000015
1.87939999999999996
3.02980200000000011
3.02940200000000015
2.46420000000000039
1.91640000000000010
2.24219999999999997
2.47660000000000036
2.44380000000000042
0.83000000000000007
2.45120000000000005
2.53440000000000021
2.44000000000000039
2.32760000000000034
2.87100199999999983
2.35540000000000038
2.04879999999999995
2.04960000000000031
2.93940199999999985
2.32120000000000015
3.10360199999999953
1.67860000000000009
2.20479999999999965
2.59980000000000011
2.97360000000000024
2.47360000000000024
2.30040000000000022
2.30880000000000019
2.63819999999999988
2.85899999999999999
1.76160000000000005
2.27520000000000033
2.47100000000000009
2.33919999999999995
2.79620200000000008
2.47900199999999993
2.81080199999999980
1.95480000000000009
2.08800000000000008
2.49500000000000011
2.47480199999999995
1.89420000000000011
2.17519999999999980
3.21020000000000039
2.81059999999999999
2.01460000000000017
3.24020000000000019
2.61579999999999968
2.52439999999999998
3.37659999999999982
2.83579999999999988
3.15900200000000009
2.39420000000000011
2.36220000000000008
3.17140000000000022
2.92519999999999980
2.47500000000000009
2.88420000000000032
2.58219999999999983
3.03020200000000006
2.72300000000000031
2.76060199999999956
1.89259999999999984
2.08819999999999961
2.00099999999999989
2.54099999999999993
2.05319999999999991
3.68200400000000005
3.04820200000000030
2.64000000000000012
2.36160199999999998
2.04520000000000035
3.10400000000000009
3.19240199999999996
3.24140000000000006
3.12220200000000014
2.34140000000000015
3.29540200000000016
2.01119999999999965
2.37460000000000004
2.02339999999999964
2.64399999999999968
2.66199999999999992
3.49140199999999989
2.12260000000000026
1.93799999999999994
2.89960200000000023
2.65580000000000016
2.24260000000000037
3.64960200000000023
2.83879999999999999
3.18580199999999980
2.08659999999999979
3.21860199999999974
2.09320000000000039
2.79680200000000001
2.55700199999999978
3.30580000000000007
3.01480000000000015
2.92180000000000017
3.15880200000000011
2.79559999999999986
2.59019999999999984
3.09140199999999998
2.28679999999999994
2.52600000000000025
2.23660000000000014
1.79579999999999984
2.51279999999999992
3.55800199999999966
1.72439999999999993
3.09520200000000001
2.10480000000000000
2.01540000000000008
2.22900000000000009
2.95859999999999967
2.09279999999999999
2.28040000000000020
2.98460000000000036
1.95240000000000014
2.32260000000000000
2.19640000000000013
2.13260000000000005
2.10460000000000003
2.64119999999999999
2.27120000000000033
2.22860000000000014
1.86780000000000013
2.57140000000000013
2.74580199999999985
2.12860000000000005
2.31679999999999975
2.34220000000000006
2.34000199999999969
2.40660200000000035
2.30679999999999996
1.97919999999999985
1.79299999999999993
2.39599999999999991
2.09160000000000013
2.90780199999999978
2.07419999999999982
2.25039999999999996
2.83280000000000021
2.04599999999999982
1.94460000000000011
3.18680199999999969
3.66800399999999982
2.49800000000000022
2.99180000000000001
3.11720199999999981
3.27200199999999963
2.75000199999999984
4.43800399999999939
2.20960000000000001
2.80640000000000001
2.61740000000000039
2.98260199999999998
2.10679999999999978
2.37539999999999996
2.16999999999999993
3.16719999999999979
2.13759999999999994
2.44320000000000004
2.22520000000000007
1.80659999999999998
2.35199999999999987
2.41400000000000015
2.85200000000000031
2.83180200000000015
2.78440200000000004
2.25100000000000033
3.65880399999999995
2.67220199999999997
2.76580000000000004
2.87320200000000003
1.97600000000000020
2.19499999999999984
1.80259999999999998
2.19080000000000030
2.31020000000000003
2.24720000000000031
1.74199999999999977
2.62740000000000018
2.75140199999999968
2.30679999999999996
3.69980400000000031
3.15760000000000041
3.31460199999999983
3.81100199999999978
2.39260000000000028
2.82800000000000029
2.07759999999999989
2.34439999999999982
2.45679999999999987
2.89440200000000036
2.08119999999999994
2.53259999999999996
2.14559999999999995
2.55959999999999965
2.88560000000000016
2.02320000000000011
2.26679999999999993
2.46100000000000030
2.44580000000000020
2.84059999999999979
3.60060399999999969
2.72920000000000007
2.02299999999999969
2.48740000000000006
2.39699999999999980
2.93700000000000028
3.71880199999999927
2.06660000000000021
2.34100000000000019
1.85119999999999996
2.22599999999999998
4.43800400000000028
2.41100199999999987
2.33519999999999994
2.20000000000000018
1.64739999999999998
2.47280200000000017
3.26000200000000007
2.50279999999999969
2.82620000000000005
3.28560199999999991
3.01180200000000031
2.06280000000000019
1.92240000000000033
2.18920000000000003
2.16640000000000033
2.03119999999999967
1.71240000000000014
3.16200199999999976
1.89639999999999986
1.79799999999999960
2.49120199999999992
2.49299999999999988
2.03820000000000023
2.00199999999999978
3.89500000000000046
3.25879999999999992
2.57580000000000009
2.20760000000000023
2.33579999999999988
1.91660000000000008
1.82879999999999998
3.38940199999999958
2.00039999999999996
2.47639999999999993
2.43840000000000012
2.10480000000000000
1.97680000000000011
1.72479999999999967
2.30820000000000025
2.07600000000000007
1.94220000000000015
1.92579999999999996
1.80459999999999998
1.98880000000000012
2.00899999999999990
2.84600199999999948
2.37359999999999971
3.32440200000000008
2.91640000000000033
2.35279999999999978
1.79980000000000007
2.18359999999999976
2.71520200000000012
2.74140000000000006
2.73280000000000012
2.55379999999999985
3.15360199999999979
2.14999999999999991
2.57800000000000029
1.67500000000000004
2.11540000000000017
2.00739999999999963
2.65720000000000001
2.13319999999999999
2.17879999999999985
3.50180200000000008
2.20960000000000001
2.71760000000000002
2.95680000000000032
2.25259999999999971
1.86839999999999984
2.06619999999999981
4.01300400000000046
2.17720000000000002
2.28600000000000003
2.42260000000000009
1.84939999999999993
2.40039999999999987
2.20760200000000006
2.10440000000000005
2.02199999999999980
2.07899999999999974
3.00000000000000000
2.37440199999999990
2.24919999999999964
2.21940000000000026
2.50039999999999996
1.98539999999999983
2.59380000000000033
2.10700000000000021
2.21799999999999997
2.54800000000000004
2.33700000000000019
2.22860000000000014
2.34240000000000004
1.99980000000000002
2.78860000000000019
2.20000000000000018
3.22720199999999968
1.72619999999999996
2.09079999999999977
2.06700000000000017
1.96380000000000021
2.95320000000000027
2.38619999999999965
1.67940000000000000
2.99760200000000010
1.89819999999999989
2.17019999999999991
1.91840000000000011
1.54859999999999975
1.81819999999999982
2.35760000000000014
3.12520200000000026
2.92300000000000049
3.26560000000000006
2.05340000000000034
3.34040200000000009
1.81639999999999979
3.13080200000000008
2.11199999999999966
2.00019999999999998
2.66880000000000006
2.30520000000000014
2.01619999999999999
2.14920000000000000
2.02879999999999994
1.89300000000000002
2.08899999999999952
1.98019999999999996
2.05319999999999991
1.74140000000000006
1.68599999999999994
3.10540199999999977
2.28819999999999979
3.58420000000000005
3.27240199999999959
3.18040000000000012
2.01860000000000017
2.60340000000000016
2.29419999999999957
1.93039999999999989
2.79140200000000016
2.22460000000000013
1.90339999999999998
2.78699999999999992
2.05279999999999996
2.09499999999999975
2.42940199999999962
3.42180400000000029
2.05820000000000025
2.29919999999999991
2.31159999999999988
1.87280000000000024
1.64720000000000022
2.30060000000000020
1.84040000000000004
2.03779999999999983
2.06720000000000015
1.76939999999999986
2.52680000000000016
2.69620000000000015
1.83079999999999998
2.98020199999999980
2.68360000000000021
2.67500200000000010
1.75039999999999973
1.77680000000000016
2.76619999999999999
2.35939999999999994
2.70080200000000037
2.19519999999999982
2.79340199999999994
2.04740000000000011
3.06239999999999979
1.83179999999999987
3.52060399999999962
3.29920200000000019
2.01100000000000012
1.61379999999999990
2.03859999999999975
2.57400000000000029
2.32159999999999966
1.80440000000000000
2.88779999999999992
1.71560000000000024
2.68940199999999985
2.58620000000000028
3.97760400000000036
3.39960200000000023
3.67980199999999957
2.28600000000000003
3.76420200000000005
1.94520000000000026
2.04479999999999995
2.91360000000000019
2.65480200000000011
1.94660000000000011
3.54699999999999971
2.10820000000000007
3.35280199999999962
2.93960199999999983
2.53500199999999998
1.88819999999999988
2.66840199999999950
3.08280400000000032
2.04059999999999997
2.86540199999999956
2.87020000000000008
2.79780199999999990
3.22319999999999984
2.49740199999999968
2.14960000000000040
1.80560000000000009
3.74880399999999980
3.00900199999999973
2.79060200000000025
3.17560000000000020
3.02860200000000024
3.60240000000000027
3.41580200000000023
2.75660200000000000
1.95459999999999989
2.77879999999999949
1.86319999999999975
1.75019999999999998
4.15840399999999910
3.17659999999999965
2.12959999999999994
2.09160000000000013
3.28460199999999958
2.61839999999999984
3.74800200000000050
2.22160000000000002
3.77520200000000017
3.62820200000000037
3.20220199999999977
3.34519999999999973
2.91820199999999996
2.62800000000000011
4.27660599999999924
2.06700000000000017
3.44600000000000017
2.41159999999999997
2.90700199999999986
3.36300200000000027
2.68119999999999958
4.08560199999999973
3.65820200000000018
3.20060000000000011
2.73680199999999996
2.57580000000000009
2.01419999999999977
2.80220000000000002
3.32220000000000004
1.76460000000000017
3.22240000000000038
2.65580000000000016
3.02139999999999986
2.39599999999999991
2.00300000000000011
2.08579999999999988
2.57919999999999972
2.67799999999999994
2.40720000000000045
2.19960000000000022
1.99119999999999986
2.65180000000000016
2.80380200000000013
2.13919999999999977
2.38040000000000029
1.52159999999999984
3.48640200000000045
3.70459999999999923
2.19059999999999988
2.72499999999999964
2.10820000000000007
1.97839999999999994
2.35020000000000007
2.65020000000000033
2.92439999999999989
3.22580200000000028
1.82299999999999995
2.33279999999999976
3.11999999999999966
2.44220199999999998
2.46879999999999988
2.40159999999999973
2.11260000000000003
2.02840199999999982
2.01380000000000026
2.15979999999999972
2.51779999999999982
2.46399999999999997
2.37259999999999982
2.91920000000000002
2.93720200000000009
2.90560200000000002
2.21579999999999977
2.62580000000000036
3.08060000000000000
2.76920199999999994
1.64880000000000004
2.36760000000000037
3.33960200000000018
2.16420000000000012
2.57819999999999983
2.02079999999999993
3.63800199999999929
2.69760199999999983
1.78500000000000014
1.81400000000000006
2.29660000000000020
1.52659999999999973
2.41679999999999984
1.80820000000000003
2.18220200000000020
3.41900199999999987
3.29740199999999950
3.40459999999999985
1.95339999999999980
2.32479999999999976
2.89599999999999991
2.51799999999999979
2.73940199999999967
2.65640199999999993
3.22300199999999970
1.93240000000000012
2.60759999999999970
2.09299999999999997
2.74759999999999982
2.04879999999999995
1.89300000000000002
2.46100199999999969
3.10340000000000060
2.79059999999999997
2.50660200000000000
1.96200000000000019
3.11160199999999998
2.48119999999999985
2.01819999999999977
2.55740200000000018
2.10240000000000027
2.63880199999999965
2.93900199999999989
2.24380000000000024
3.38480399999999992
2.79039999999999999
1.63059999999999983
2.12600000000000033
1.95199999999999996
2.11080000000000023
1.85119999999999996
2.85579999999999989
3.38460200000000011
1.94080000000000008
2.69639999999999969
2.70260199999999973
1.69579999999999975
2.20239999999999991
2.04660000000000020
2.50600200000000006
2.11580000000000013
2.47580000000000044
2.54619999999999980
1.78520000000000012
2.95680000000000032
1.53059999999999996
1.98800000000000021
2.74580199999999985
1.72599999999999976
2.44860200000000017
3.22920400000000019
2.55259999999999998
1.88340000000000041
1.68900000000000006
2.89299999999999979
2.49239999999999995
2.79459999999999997
1.94220000000000015
2.18139999999999956
1.77480000000000016
2.46260199999999996
2.49940000000000007
2.93259999999999987
2.35800000000000010
2.44200000000000017
2.71919999999999984
2.69939999999999980
2.45679999999999987
2.61300200000000027
2.19359999999999999
2.67779999999999996
1.68720000000000003
1.99679999999999991
1.73500000000000010
1.96740000000000004
2.74880199999999997
2.30460000000000020
1.93240000000000012
2.06960000000000033
1.88120000000000043
3.22219999999999995
3.13740000000000041
1.89379999999999993
3.57940200000000042
3.23340400000000017
1.54599999999999982
2.42999999999999972
3.19019999999999992
2.20220200000000021
2.13939999999999975
1.31220000000000003
2.00560000000000027
2.44920000000000027
1.89179999999999993
2.49720200000000014
2.88839999999999986
2.34899999999999975
2.23219999999999974
3.15700399999999970
1.64020000000000010
1.34599999999999986
3.09160200000000041
3.41880200000000034
1.57299999999999995
2.44580000000000020
2.14939999999999998
2.03160000000000007
1.58620000000000005
2.89020000000000010
2.86620199999999992
3.25400199999999984
2.22199999999999998
1.78479999999999994
2.19920000000000027
2.16259999999999986
2.81360000000000010
1.76739999999999986
3.05679999999999996
1.91520000000000001
1.66320000000000023
2.80640199999999940
3.21059999999999945
1.50180000000000002
2.46360000000000046
3.13780199999999976
2.35280199999999962
2.05560000000000009
2.24059999999999970
2.82200199999999990
1.87639999999999985
1.51400000000000001
3.87220399999999998
1.83400000000000007
1.78819999999999979
2.33579999999999988
2.40600000000000014
2.83920200000000023
1.91979999999999995
1.52099999999999991
2.24299999999999988
2.85939999999999994
2.24800200000000050
3.61920200000000003
2.14219999999999988
1.80180000000000007
1.72439999999999993
1.58479999999999999
3.16460000000000008
1.83999999999999986
3.01620200000000027
2.07899999999999974
2.41740200000000005
2.46120200000000011
1.59620000000000006
2.77700399999999981
2.19480200000000014
3.39900199999999941
2.26020000000000021
1.67700000000000027
2.97140000000000004
3.53059999999999974
3.36340400000000006
2.70140199999999986
1.17940000000000000
1.92640000000000033
1.88840000000000008
2.32560000000000011
2.03779999999999983
3.41300200000000009
3.89420199999999905
2.10220000000000029
1.80940000000000012
3.09759999999999991
3.14720200000000006
2.48219999999999974
2.06840199999999985
1.21560000000000001
2.44840199999999975
1.59759999999999991
1.88419999999999987
2.17579999999999973
1.89199999999999990
1.59979999999999967
2.37800199999999995
1.39720000000000022
1.29020000000000001
2.13040200000000013
1.93579999999999974
1.72920000000000007
2.63440199999999969
2.14660199999999968
1.45579999999999998
2.82200199999999990
2.50940000000000030
1.86080000000000001
1.87319999999999998
3.16420199999999996
3.09500399999999987
2.73319999999999963
1.86359999999999992
1.87060000000000004
1.59019999999999984
1.42839999999999989
2.01380000000000026
1.91799999999999993
3.34000199999999969
2.89040199999999992
2.73940199999999967
1.91879999999999984
2.10980199999999973
1.90100000000000025
3.12919999999999998
2.42720199999999986
1.97100000000000009
2.55800000000000027
2.25619999999999976
2.36580000000000013
3.45220199999999977
1.61919999999999997
2.04960000000000031
2.41080199999999989
2.13520000000000021
2.82960199999999995
2.05640000000000001
1.61719999999999997
1.97500199999999992
1.44440000000000013
2.03920000000000012
3.89520399999999967
2.60899999999999954
2.51279999999999992
2.67019999999999991
3.10880199999999984
1.71499999999999986
2.46900200000000014
1.39920000000000000
3.08640199999999965
2.75099999999999989
1.35680000000000001
2.27099999999999991
2.44859999999999989
2.60759999999999970
1.76340000000000008
3.32339999999999947
2.73460199999999976
2.53440000000000021
2.47560000000000002
1.94579999999999975
2.22559999999999958
2.44499999999999940
2.48240199999999955
1.40099999999999980
2.55720199999999975
1.39539999999999997
2.07640200000000030
2.62600199999999973
2.58139999999999992
1.66519999999999979
1.59519999999999995
2.50280199999999997
2.14939999999999998
2.52279999999999971
2.63419999999999987
1.94640000000000013
1.91979999999999995
2.46799999999999997
1.86680000000000001
2.06599999999999984
2.66439999999999966
2.69900199999999968
1.69720000000000004
1.38739999999999997
2.78920000000000012
1.76719999999999966
1.40759999999999996
1.87519999999999998
2.52499999999999991
1.76000000000000023
2.64720000000000022
1.53499999999999992
1.78259999999999996
1.87100000000000000
2.04919999999999991
1.93479999999999985
1.57360000000000011
1.89979999999999971
2.30100000000000016
1.90580000000000038
1.88900200000000007
1.43640000000000012
1.42460000000000009
2.86640199999999989
1.93620199999999976
2.23819999999999997
1.74439999999999995
1.47139999999999982
2.62820199999999993
2.59880200000000006
1.67399999999999993
2.02039999999999997
1.48720000000000008
1.66079999999999961
2.49639999999999995
1.55020000000000002
1.61980000000000013
1.92700000000000005
1.20880000000000010
3.01180000000000003
1.79559999999999986
2.15960200000000002
1.60219999999999985
1.29119999999999990
1.68419999999999992
1.84379999999999988
3.01160400000000017
1.56819999999999982
1.69499999999999984
1.43979999999999997
1.53480000000000016
2.37020000000000008
1.84519999999999973
1.85820000000000007
2.03980000000000006
2.02660200000000001
1.42680000000000007
2.19400200000000023
1.72760000000000002
1.34059999999999979
1.80719999999999992
1.47380000000000000
1.42779999999999996
1.99280000000000013
2.69380200000000025
1.37579999999999991
1.95120000000000005
2.48559999999999981
1.49400000000000022
1.43120000000000003
1.45379999999999998
1.48439999999999972
1.29800000000000004
1.40759999999999996
1.66860000000000008
2.58040000000000003
1.40879999999999983
2.58180000000000032
1.98960000000000004
1.43900000000000006
1.51380000000000003
2.19620199999999999
2.54340199999999950
2.82120199999999954
2.47319999999999984
1.54340000000000011
1.44459999999999988
2.23379999999999956
1.91240000000000032
1.75160000000000027
1.28400000000000003
2.63999999999999968
2.37660000000000027
1.85739999999999972
1.35680000000000001
2.09199999999999964
1.36999999999999988
2.49460199999999999
1.42700000000000005
1.69799999999999995
1.28879999999999995
1.36220000000000008
2.59700199999999981
1.30079999999999996
1.42499999999999982
1.16819999999999991
2.54000000000000004
2.59480000000000022
2.62380000000000013
2.00059999999999993
2.01539999999999964
1.39299999999999979
1.06420000000000003
1.63500000000000023
2.25260000000000016
0.99660000000000015
1.45740000000000003
1.62800000000000011
2.40280000000000005
1.15799999999999992
2.14660200000000012
2.37040199999999990
2.73680000000000012
2.49600199999999983
1.53320000000000012
1.67339999999999978
2.02339999999999964
2.06999999999999940
1.85239999999999982
2.62520000000000042
1.99899999999999989
2.33080199999999982
1.98359999999999981
2.75019999999999998
2.78500399999999981
1.77660000000000018
1.35239999999999982
1.29720000000000013
1.88759999999999972
1.80919999999999992
1.94080000000000008
2.16020000000000012
2.75939999999999985
1.40440000000000009
1.42800000000000016
1.33600000000000008
1.33879999999999999
2.31200000000000028
1.08119999999999994
1.57940000000000014
1.49340000000000006
1.26179999999999981
2.47980000000000000
2.17300199999999988
1.79660000000000020
1.30359999999999987
1.36240000000000028
1.65959999999999996
1.25059999999999993
1.89720200000000006
1.57980000000000009
1.79779999999999984
1.82560000000000011
2.21439999999999992
1.72480000000000011
2.40100000000000025
1.10260000000000002
1.54699999999999993
2.58939999999999992
2.45120199999999988
1.25839999999999996
1.59599999999999986
2.55420200000000008
1.76880000000000015
1.72839999999999994
2.29180199999999967
2.59960199999999997
1.53399999999999981
2.68440000000000012
3.20140400000000014
2.26000199999999962
1.35299999999999998
1.36860000000000004
2.36419999999999986
1.44839999999999991
2.91840399999999978
2.66420000000000012
2.33860000000000001
2.53480200000000000
1.67100000000000004
2.05240199999999984
1.68800000000000017
2.20200199999999979
2.03819999999999979
2.22839999999999971
2.50020199999999981
2.28220199999999984
1.34679999999999978
1.90079999999999982
2.74660200000000021
1.69379999999999997
1.38819999999999988
3.99040600000000012
3.63280599999999998
1.65799999999999992
1.99139999999999984
1.33219999999999983
2.85800399999999977
1.37900000000000000
2.47859999999999969
1.92320000000000002
2.84660400000000013
3.44660599999999917
1.87259999999999982
1.92800000000000016
2.07200199999999990
2.18760200000000005
1.36980000000000013
2.11020200000000013
1.23960000000000004
2.41940199999999983
2.32700199999999979
2.18700000000000028
2.41520199999999985
1.32719999999999994
2.50160200000000010
2.23340199999999989
1.78400000000000003
2.05799999999999983
1.35180000000000011
2.39640000000000031
1.64179999999999993
2.28920000000000012
2.58979999999999988
2.71000199999999980
1.08299999999999996
1.67420000000000013
2.21260199999999951
2.58420000000000005
1.92280200000000012
3.37640399999999996
1.26520000000000010
3.41000000000000014
1.86439999999999984
1.29820000000000002
2.50040200000000024
2.74160199999999987
2.10460199999999986
1.53939999999999988
1.29039999999999999
1.90219999999999989
2.13320199999999982
1.32740000000000014
2.63120200000000004
2.07759999999999989
1.76659999999999995
4.07240599999999908
2.83619999999999983
2.01840199999999959
2.19700000000000006
2.53920000000000012
2.00940199999999969
2.19340199999999985
2.50840199999999980
1.62860000000000005
3.79400399999999971
3.99040600000000012
2.20060000000000011
1.40320000000000000
2.78120399999999979
2.22859999999999969
2.27960199999999968
2.41379999999999972
4.26660799999999973
1.98419999999999996
1.63240000000000007
3.11780400000000002
1.21200000000000019
3.02640399999999987
1.08020000000000005
1.75380000000000003
2.71120199999999967
3.11720399999999964
1.05979999999999985
2.84499999999999975
2.35880199999999984
3.32000200000000012
3.81000400000000017
1.67700000000000005
2.68680399999999997
3.11060399999999992
1.48540000000000005
1.35220000000000007
2.45680199999999971
1.35940000000000016
1.40399999999999991
1.41620000000000013
2.08700000000000019
2.48720000000000008
2.10179999999999989
2.60380199999999995
2.72120400000000018
2.43500000000000005
1.47819999999999996
2.43999999999999995
1.86680199999999985
2.18260200000000015
2.07200199999999990
2.86660000000000004
3.05840399999999990
3.00659999999999972
2.33100200000000024
1.87080199999999985
2.48920000000000030
1.38700000000000001
1.74620199999999981
2.40559999999999974
2.34780000000000033
4.33260399999999990
1.19659999999999989
1.90060199999999990
1.42899999999999983
2.91360200000000003
1.90019999999999989
3.44860399999999956
3.02780399999999972
2.74300199999999972
2.81240399999999990
1.90920200000000007
1.35739999999999994
1.22040000000000015
2.23320000000000007
2.30619999999999958
1.57079999999999997
3.83800399999999931
1.73799999999999999
2.81260399999999988
3.22780399999999990
1.89200000000000013
2.35380199999999995
2.10400199999999993
4.18720200000000009
1.62300000000000000
2.13140000000000018
2.06700200000000001
3.21280000000000010
1.47680000000000011
1.90340199999999982
2.19800199999999979
2.78460200000000002
2.51080199999999953
2.10139999999999993
2.58479999999999999
2.74960000000000004
2.86260199999999987
1.17959999999999998
1.00919999999999987
1.99520000000000008
2.59820199999999968
1.74320000000000030
2.20140200000000030
1.40880000000000005
3.52800400000000014
3.23500200000000016
2.37380199999999997
2.32419999999999982
2.01120000000000010
2.16359999999999975
1.98739999999999983
3.15760199999999980
2.57620399999999972
2.97520399999999974
2.08919999999999995
1.68599999999999994
2.86260199999999987
2.10179999999999989
3.09560000000000013
1.10959999999999992
1.30859999999999976
2.18799999999999972
1.30059999999999998
1.41520000000000001
2.14700000000000024
3.29960399999999998
3.29420000000000002
2.84899999999999975
1.91979999999999995
2.36740199999999978
4.26460400000000028
1.48440000000000016
1.77540200000000015
2.98640399999999984
3.39920599999999951
3.41060600000000003
2.26360000000000028
2.17419999999999991
2.76620199999999983
3.70500399999999974
1.92700200000000033
2.20779999999999976
1.40880000000000005
2.44000200000000023
1.80640000000000001
2.06919999999999993
1.73960200000000009
2.66920199999999985
2.73380199999999984
2.73780000000000046
2.70060000000000011
2.03659999999999997
3.44420199999999976
3.44320000000000004
3.70360399999999990
3.20120000000000005
3.13360199999999978
2.89100199999999985
1.71419999999999995
3.17940399999999990
2.79440199999999983
2.15860000000000030
2.13440200000000013
1.22520000000000007
1.64500000000000002
4.31780799999999942
2.24420200000000003
1.05240000000000000
1.99920000000000009
3.21020399999999961
2.10119999999999996
1.24600000000000000
2.00740000000000007
2.50000199999999984
2.61760200000000021
1.14999999999999991
4.24780200000000008
2.52959999999999985
2.29400199999999987
2.72340200000000010
1.22560000000000002
2.69760000000000044
2.17980000000000018
2.86960199999999999
3.92940600000000018
2.26160000000000005
3.61080400000000035
2.40620000000000012
2.42160000000000020
2.14060199999999989
1.63799999999999990
1.66920000000000002
3.17800200000000022
3.24280199999999974
2.63680199999999987
2.44740000000000002
3.24380200000000007
4.18000799999999906
3.09020200000000012
1.98260000000000014
2.04740000000000011
2.63500200000000007
3.97780599999999973
2.06999999999999984
2.14400000000000013
3.02180200000000010
2.43780200000000002
2.82700199999999979
2.93460000000000010
1.50059999999999993
2.18780200000000002
1.99639999999999995
2.31740199999999996
1.94360199999999983
1.84959999999999991
3.21120200000000011
3.09700399999999965
3.36280000000000001
3.79400399999999971
2.99659999999999993
1.56800000000000006
1.85380000000000011
1.39479999999999982
2.36620000000000008
1.08840000000000003
3.87539999999999996
1.03079999999999994
1.59040000000000004
2.33119999999999994
3.00880200000000020
2.25480199999999975
2.58520199999999978
2.24940000000000007
2.47560000000000002
3.39240199999999970
1.60359999999999969
2.74420200000000003
2.87480000000000002
4.02120599999999939
2.03560199999999991
3.75740399999999974
2.84480000000000022
2.07439999999999980
1.61139999999999972
2.74320200000000014
1.69560000000000000
2.52800199999999986
2.91180200000000022
2.99300400000000000
3.61220399999999975
2.31800199999999990
1.86999999999999988
1.53999999999999981
1.88660000000000005
1.99920000000000009
2.91580200000000023
1.70859999999999990
2.22520200000000035
1.91940000000000000
2.45679999999999987
3.58860200000000029
2.73820200000000025
1.35460000000000003
1.86220199999999991
1.56900000000000017
2.90159999999999973
1.62459999999999982
2.54960200000000015
2.08300000000000018
3.61500199999999960
2.87340000000000018
2.48980200000000007
1.69300000000000006
2.97780200000000006
1.81139999999999968
1.93560200000000004
1.76400000000000001
1.54679999999999995
1.78400000000000003
2.73380000000000001
1.54919999999999991
2.76980199999999988
2.66520199999999985
3.24440199999999956
3.31080199999999980
4.70340799999999959
2.31779999999999964
2.77660199999999957
2.08179999999999987
2.60120199999999979
1.57879999999999976
3.03120199999999995
2.13880000000000026
2.08299999999999974
4.00240400000000029
2.50880200000000020
3.49560199999999943
1.05040000000000000
1.88779999999999992
3.52800399999999925
1.80259999999999998
3.18760200000000005
3.59220399999999973
1.64640000000000031
1.33120000000000016
2.66880000000000006
2.49980000000000002
2.27340000000000009
2.47100199999999992
2.37960199999999977
1.44940000000000024
2.03700199999999976
2.02259999999999973
1.52100000000000013
1.61359999999999992
2.44620199999999999
2.11140000000000017
3.47999999999999954
4.00160400000000038
2.82040000000000024
2.69240000000000013
2.82059999999999977
2.01659999999999995
2.56159999999999988
2.08960199999999974
1.86000200000000016
2.09420199999999967
2.71920399999999995
1.75079999999999991
3.68700399999999950
1.37460000000000004
1.76940000000000031
1.25999999999999979
2.02380199999999988
1.86099999999999999
1.55679999999999974
3.25780400000000014
3.39280399999999949
1.92800000000000016
1.70359999999999978
3.09660399999999969
2.37760000000000016
2.59900000000000020
1.24839999999999995
2.37460199999999988
1.65299999999999980
3.81400399999999973
3.89120399999999922
2.56300200000000000
3.28180399999999972
2.13140000000000018
2.76880199999999999
2.02279999999999971
2.35099999999999998
2.72040000000000015
3.10620199999999969
1.87639999999999985
2.93420199999999998
2.21020200000000022
1.62459999999999982
1.70939999999999981
2.41720199999999963
3.10200000000000031
1.56020000000000003
2.08440199999999987
2.30699999999999994
2.86960199999999954
3.38240199999999991
2.10900199999999982
1.36319999999999975
1.82939999999999969
1.94139999999999979
1.61220000000000008
2.86020200000000013
1.23499999999999988
3.12060399999999971
2.27900199999999975
2.34480000000000022
2.65200000000000014
2.33760199999999996
2.97820200000000002
2.39480199999999943
3.08240199999999964
2.01860000000000017
2.95980000000000043
2.90780399999999961
1.98800000000000021
2.78200000000000003
2.78379999999999983
2.59880200000000006
2.65759999999999996
3.54280199999999956
1.29299999999999993
3.19280199999999992
3.49840399999999985
3.36880399999999991
1.12259999999999982
1.72580000000000000
2.66000199999999998
2.99360199999999965
1.50340000000000007
3.93940399999999968
2.09700200000000025
1.41359999999999975
4.42180199999999957
3.30800199999999966
2.08060199999999984
2.80200199999999988
2.69680199999999992
3.29000199999999987
2.09620200000000034
2.69719999999999960
1.54099999999999993
2.00279999999999969
1.74639999999999995
3.04880199999999979
1.55160000000000009
3.80680400000000052
1.97459999999999991
2.26980000000000004
1.78200000000000003
4.41560599999999948
3.30380399999999952
2.15059999999999985
2.24180000000000001
2.22319999999999984
3.34800199999999970
3.11360199999999976
2.43740000000000023
2.15120000000000022
3.55180399999999974
3.08579999999999988
1.66979999999999995
1.85859999999999981
3.09440200000000010
2.74880399999999980
2.73100199999999971
2.47540199999999988
4.42180199999999957
2.93340199999999962
3.53840200000000005
1.34600000000000009
2.88740199999999980
2.75660200000000000
3.20500199999999946
4.23260599999999965
3.05679999999999996
3.11760200000000021
2.65840199999999971
2.91559999999999997
2.87959999999999994
2.62220200000000014
3.03820199999999963
2.63460200000000011
2.41920000000000046
4.02960599999999936
2.67100200000000010
2.52140199999999970
1.93219999999999992
2.61000000000000032
1.82539999999999969
2.55999999999999961
1.38739999999999997
2.89800200000000041
2.63519999999999976
1.57879999999999998
3.29220000000000024
2.13020000000000032
3.57600199999999990
2.63520000000000021
2.80919999999999970
1.99100000000000010
3.06319999999999970
2.65620000000000012
1.70620000000000016
3.43940399999999968
3.41040199999999993
3.17960200000000004
2.92620199999999997
2.79640199999999961
1.80080200000000024
3.55760399999999999
2.70280199999999970
2.85300200000000004
3.03759999999999986
2.36819999999999986
3.69020200000000020
2.25899999999999990
1.63660000000000005
3.96260000000000057
4.04520400000000002
1.85779999999999990
1.05659999999999998
3.51800200000000007
3.88280400000000014
2.80720199999999975
3.00460199999999977
2.76060200000000000
2.23319999999999963
1.66219999999999990
1.89379999999999993
2.89140200000000025
3.39960200000000023
3.08240200000000009
3.22220200000000023
3.29060399999999964
2.46500000000000030
2.14840000000000009
2.27559999999999985
2.72759999999999980
2.76420200000000005
2.03799999999999981
1.76419999999999999
2.25119999999999987
3.70000399999999985
1.22500000000000009
2.72960199999999986
2.86740199999999978
2.01180000000000003
3.08200399999999997
2.14820000000000011
2.80259999999999998
2.46300000000000008
2.49360200000000010
2.22060199999999996
3.30240199999999984
3.25580200000000008
2.71440199999999976
2.36060199999999965
3.29220000000000024
2.40219999999999967
2.85560199999999975
2.03920000000000012
2.37519999999999998
3.04280200000000001
2.98200399999999988
2.68140000000000001
2.45300200000000013
1.38180000000000014
3.00560200000000011
1.89780000000000015
2.87060000000000004
3.71000200000000024
2.69039999999999990
2.72700199999999970
2.84299999999999997
2.85860000000000003
2.10480000000000000
2.52840000000000042
1.96440000000000015
2.57719999999999994
3.22120399999999929
1.26479999999999992
2.61319999999999997
2.92620199999999997
2.90400399999999959
2.33460000000000001
3.44660600000000006
2.30980000000000008
3.15560399999999941
1.54979999999999984
2.86900200000000005
2.56100199999999978
2.00299999999999967
2.51880199999999999
2.00680000000000014
3.13959999999999972
1.90360000000000018
2.60800000000000010
2.70260199999999973
3.69200399999999984
2.08819999999999961
1.60139999999999993
1.94440000000000035
2.06319999999999970
2.52960000000000029
2.78339999999999987
1.97419999999999973
3.61400200000000016
2.55620199999999986
2.29720000000000013
2.37260000000000026
2.12880000000000047
2.46320199999999989
2.79260199999999958
3.39280399999999949
2.92340199999999983
3.04660200000000003
3.00060199999999977
2.90180000000000016
3.57580399999999932
2.12199999999999989
2.99680200000000019
3.00160199999999966
4.13540399999999941
2.22580000000000000
2.59839999999999982
2.84680199999999983
2.26600199999999985
2.27659999999999973
3.17380199999999979
2.17919999999999980
2.85560199999999975
2.75680199999999997
2.36820000000000030
3.97920199999999991
3.53920399999999935
2.15660000000000007
3.41960599999999948
2.80480200000000002
2.11080200000000007
3.19100399999999951
2.12539999999999996
2.37279999999999980
2.77879999999999949
2.76060200000000000
2.12460000000000004
2.92460199999999970
2.54199999999999982
2.84120200000000001
2.74300199999999972
3.31580200000000014
3.06160200000000016
3.10620200000000013
2.32079999999999975
2.59119999999999973
2.53980199999999989
3.35100199999999981
2.69540000000000024
2.47300000000000031
3.53840399999999988
2.54160199999999969
1.85300000000000020
1.93340000000000023
2.71379999999999999
2.59220199999999945
2.37840000000000007
2.12000000000000011
1.55879999999999996
3.30080399999999941
3.11000000000000032
2.55500000000000016
2.73539999999999983
2.69900000000000029
2.53359999999999985
2.28319999999999990
2.00379999999999958
2.36499999999999977
1.80159999999999987
2.66720000000000024
2.54620200000000008
2.29620000000000024
2.20160000000000000
2.01020000000000021
2.21459999999999990
2.46079999999999988
3.29719999999999924
1.85300000000000020
2.32800000000000029
2.18719999999999981
2.96300199999999991
3.09440399999999993
1.83899999999999997
2.89780199999999999
2.11799999999999988
1.86860000000000004
2.36000000000000032
2.04399999999999959
2.49439999999999973
2.69080000000000030
1.31359999999999988
3.42260199999999992
2.42099999999999982
2.91820199999999996
2.11699999999999999
3.50340399999999974
1.78179999999999983
3.11980199999999952
3.14040199999999947
3.25459999999999994
2.34799999999999986
2.49679999999999946
3.41700199999999921
2.31800199999999990
2.40800000000000036
2.52260200000000001
2.21239999999999970
2.09579999999999966
1.98419999999999996
2.69300199999999990
1.61760000000000015
3.45300000000000029
2.84880200000000006
2.50420200000000026
2.83040199999999986
1.68080000000000007
3.11060199999999965
2.25499999999999989
2.13400000000000034
2.72740000000000027
3.17620199999999997
2.05500000000000016
2.58160199999999973
2.64119999999999999
1.53799999999999981
2.32220199999999988
2.61640199999999989
2.19179999999999975
1.56900000000000017
3.62160200000000021
2.20700200000000013
1.91339999999999999
2.04479999999999951
2.79340199999999950
2.79180199999999967
2.93620200000000020
2.39260000000000028
2.60939999999999994
3.67980200000000002
3.26340200000000014
3.30120000000000013
1.88399999999999967
2.93640200000000018
2.17720000000000002
3.30120000000000013
2.16920000000000002
3.36600000000000055
2.33279999999999976
3.18259999999999987
3.03099999999999969
2.49760200000000010
2.32700199999999979
2.20840000000000014
2.07739999999999991
2.21919999999999984
3.36860200000000010
2.81440200000000029
4.47480199999999950
1.63339999999999996
2.45060199999999995
3.43100200000000033
3.23060399999999959
2.87880200000000031
2.86440199999999967
2.44980200000000004
3.55000399999999994
3.12440199999999990
4.35320200000000046
3.27260200000000001
2.80880000000000019
2.13159999999999972
2.95140200000000030
2.41739999999999977
2.88100000000000023
2.23759999999999959
3.68760399999999944
1.70740000000000025
3.98900200000000016
3.09340200000000021
2.98800200000000027
2.41920000000000002
3.55220000000000047
2.28040000000000020
2.38220000000000010
2.43140199999999984
2.65480000000000027
2.74639999999999995
2.29380000000000006
2.30679999999999996
2.71779999999999955
2.66440199999999994
2.74320199999999970
2.96379999999999999
1.92959999999999998
1.53759999999999986
1.77139999999999986
3.01300399999999957
2.44780200000000026
1.49759999999999982
2.20980199999999982
2.20559999999999956
2.85440199999999988
2.28600000000000003
2.74120000000000008
2.95380200000000004
2.21919999999999984
2.38459999999999983
2.18979999999999997
2.20799999999999974
2.32299999999999995
2.92920200000000008
2.48360000000000003
3.23580199999999962
2.59040200000000009
2.99279999999999990
3.78520199999999951
2.63340000000000041
2.58680000000000021
2.47740200000000010
3.55700199999999978
2.07460000000000022
1.61559999999999993
1.71460000000000012
3.36560399999999982
2.86360199999999976
2.93000199999999955
2.75620200000000004
2.41680000000000028
2.17700000000000005
2.20339999999999980
2.98619999999999974
2.04399999999999959
2.53479999999999972
2.49679999999999946
3.46620399999999984
2.48159999999999981
2.20720000000000027
1.37240000000000006
2.48360199999999987
2.06360000000000010
2.66380200000000000
2.97280200000000017
2.74140199999999989
2.07960000000000012
2.18820000000000059
2.37359999999999971
2.13799999999999990
2.80379999999999985
2.77800000000000002
2.04600000000000026
3.69380199999999936
2.68880199999999991
2.63780199999999976
2.40739999999999998
3.82480599999999971
1.91060000000000008
2.12400000000000011
2.70319999999999983
2.85839999999999961
2.04640000000000022
3.17499999999999982
3.18140199999999984
3.57760400000000001
2.87259999999999982
2.81200000000000028
2.23519999999999985
2.51779999999999982
2.85039999999999960
2.24259999999999993
2.90080199999999966
2.36020200000000013
2.36860200000000010
2.81800199999999990
1.95720000000000027
1.68179999999999974
2.00700000000000012
2.61820200000000014
3.05500199999999955
3.11840000000000028
3.03520199999999996
1.98060000000000014
2.48539999999999983
2.88640000000000008
2.47100199999999992
2.69819999999999993
2.56220200000000009
3.83520200000000022
3.00020199999999981
1.61020000000000008
2.91980199999999979
2.87260199999999966
3.01920199999999994
2.41240000000000032
3.37840199999999991
2.60080200000000028
2.17359999999999953
3.78960199999999947
2.74699999999999989
2.63440199999999969
1.63719999999999999
3.23120199999999969
3.44220199999999954
2.06599999999999984
2.65420200000000017
1.99119999999999986
3.05719999999999992
3.81980200000000014
2.50760000000000005
2.38699999999999957
2.28359999999999985
2.76620199999999983
2.37959999999999994
2.17739999999999956
3.22960199999999986
2.83519999999999994
2.26799999999999979
3.13820199999999971
3.03580000000000005
2.25119999999999987
2.26880199999999999
1.80519999999999992
2.41279999999999983
2.85780200000000040
2.39780000000000015
3.14960399999999963
1.83419999999999983
2.26880000000000015
1.77059999999999995
2.68120199999999986
3.36020199999999969
2.59720200000000023
2.86160000000000014
1.73359999999999981
2.18219999999999992
2.99120199999999992
2.50360000000000005
2.52820199999999984
1.54639999999999977
2.43080000000000007
3.41180400000000006
2.83080199999999982
2.69280000000000008
2.68480000000000008
3.26800200000000007
2.56340200000000040
2.70960000000000001
2.08359999999999967
1.92119999999999957
2.77780000000000005
2.16800000000000015
2.89380199999999999
2.49420199999999959
2.10460000000000003
1.57579999999999987
2.38399999999999945
2.47239999999999949
2.59100000000000019
2.77760199999999990
2.72699999999999987
1.82899999999999996
2.59840000000000027
3.10160200000000019
2.05079999999999973
2.55819999999999981
2.34640199999999988
2.48119999999999985
3.07300199999999979
2.46459999999999990
1.68620000000000014
2.11939999999999973
3.67980200000000002
1.96719999999999962
2.62960199999999977
2.26299999999999990
2.03479999999999972
3.39480199999999988
2.22420000000000018
2.49500000000000011
2.00819999999999999
2.32400000000000029
3.22100000000000009
2.48820200000000025
2.63739999999999997
2.39139999999999997
3.05880000000000019
3.75820199999999982
2.48820199999999980
3.14120200000000027
2.32620000000000005
1.60599999999999987
2.22440000000000015
2.20979999999999999
1.86500000000000021
2.05900000000000016
1.83240000000000025
2.53639999999999999
1.75560000000000005
2.91999999999999993
2.54720000000000013
1.83940000000000015
2.05859999999999976
2.12140000000000040
2.61519999999999975
2.43080000000000007
1.69959999999999978
2.27559999999999985
3.08440199999999987
2.00819999999999999
1.74239999999999995
1.86799999999999988
2.08579999999999988
2.97560000000000002
3.26880000000000015
2.94639999999999969
1.94940000000000002
2.34200000000000008
2.72080000000000011
3.70780400000000032
2.97980000000000000
2.01100000000000012
2.64640000000000031
3.16660000000000030
2.65600000000000014
3.33079999999999998
2.03039999999999976
2.43900000000000006
1.81259999999999977
2.42420200000000019
2.92000199999999976
2.42660000000000009
2.96239999999999970
1.33759999999999990
4.15500399999999992
1.97980000000000023
2.39640000000000031
2.35320000000000018
1.83279999999999954
2.08959999999999990
4.09860000000000024
3.21700000000000008
1.79199999999999982
2.20699999999999985
2.93100000000000005
1.92940000000000000
1.70559999999999978
2.45820000000000016
2.64939999999999998
1.86739999999999995
1.78859999999999997
3.05620199999999986
3.26999999999999957
2.29399999999999959
1.85779999999999990
3.26540000000000052
1.61339999999999995
3.13140000000000018
2.08579999999999988
1.79679999999999995
2.68020000000000014
2.61240000000000006
2.35059999999999958
2.73819999999999997
2.74659999999999993
3.71839999999999993
2.61319999999999997
3.24740199999999968
2.39920000000000000
2.33600000000000030
3.06740000000000013
2.13079999999999981
2.19740000000000046
3.48899999999999988
2.87419999999999964
1.97340000000000027
2.97400199999999959
2.96919999999999984
1.71700000000000008
2.31059999999999999
2.93279999999999985
2.42000000000000037
2.46980000000000022
2.64459999999999962
2.30420000000000025
1.60199999999999987
2.46300199999999991
3.61260200000000031
1.81999999999999984
2.38140000000000018
2.58780000000000010
2.26799999999999979
2.72680200000000017
3.60680000000000067
3.64260000000000028
1.92280000000000006
3.00899999999999945
2.47619999999999951
2.73940000000000028
2.08539999999999992
2.11080000000000023
2.18259999999999987
1.73859999999999992
1.86179999999999990
2.51000000000000023
1.95700000000000007
1.88859999999999983
1.99480000000000013
2.22700000000000031
2.38700000000000001
2.88220000000000010
1.69560000000000000
1.57419999999999982
2.26740199999999970
1.86000000000000010
2.45619999999999994
1.89939999999999998
2.73660000000000014
1.86000000000000010
2.27900000000000036
2.54559999999999986
2.77299999999999969
2.34460000000000024
1.94720000000000004
2.66080000000000005
2.82599999999999962
2.55240000000000000
1.66440000000000010
1.90179999999999971
2.87779999999999969
3.36199999999999966
2.22560000000000002
2.21559999999999979
2.18540000000000045
2.70960000000000001
2.50700000000000012
3.72940199999999944
2.22759999999999980
1.60599999999999987
2.08420000000000005
1.54580000000000006
2.63680000000000003
2.32359999999999989
2.48380000000000001
1.82440000000000002
2.21419999999999995
2.07180000000000009
3.45760399999999990
2.82200000000000006
2.32699999999999996
2.95120199999999988
1.69219999999999970
2.53060000000000018
2.39559999999999995
2.57740200000000019
2.65260000000000051
2.34739999999999993
2.89999999999999991
2.43760000000000021
2.05399999999999983
1.73159999999999981
2.06740000000000013
2.87440000000000007
1.66300000000000026
2.94180200000000003
2.15059999999999985
3.24680200000000019
1.94059999999999988
2.22459999999999969
2.00579999999999981
2.91160199999999980
1.69600000000000017
1.83339999999999992
2.12939999999999952
1.49920000000000009
1.81179999999999986
1.84259999999999979
2.09020000000000028
2.03520000000000012
1.94439999999999991
1.62600000000000011
2.16020000000000012
2.57560000000000011
2.40379999999999994
2.67199999999999971
2.41660200000000014
2.51019999999999976
2.44099999999999984
2.01839999999999975
2.23619999999999974
2.54240000000000022
2.21180000000000021
1.93260000000000010
1.85060000000000002
2.05659999999999998
2.12440000000000007
1.85579999999999989
2.53319999999999990
2.02259999999999973
2.51280199999999976
1.87060000000000004
2.91199999999999992
2.71859999999999991
2.57899999999999974
1.91779999999999973
2.22060000000000013
1.96879999999999988
2.05620000000000003
2.09699999999999998
2.23300000000000010
3.38379999999999992
2.15960000000000019
2.37440000000000007
1.70820000000000016
2.44199999999999973
1.74119999999999986
3.16800000000000015
2.18659999999999988
1.90599999999999992
2.61560000000000015
2.20979999999999999
1.98580000000000001
1.76140000000000008
1.68540000000000001
1.64859999999999962
1.97519999999999984
2.10240000000000027
1.61000000000000010
2.13280000000000047
1.99740000000000006
2.19620199999999999
1.95960000000000001
1.49920000000000009
1.89979999999999971
1.89059999999999984
2.44280000000000008
1.92639999999999989
1.70459999999999989
2.73139999999999983
3.38379999999999992
2.19739999999999958
3.05640000000000001
3.00220000000000020
2.06300000000000017
2.34680000000000000
3.00260200000000044
2.40260000000000007
2.32220000000000004
2.52899999999999991
2.38939999999999975
2.08659999999999979
2.04159999999999986
1.68019999999999992
2.82480000000000020
3.06940199999999974
1.96720000000000006
1.98820000000000019
2.86099999999999977
2.87500000000000000
3.18480000000000008
2.11820000000000030
2.36119999999999974
2.69419999999999993
3.42620000000000013
2.95140200000000030
2.57120000000000015
2.83480000000000043
3.06700000000000017
3.34940000000000015
2.54120200000000018
2.62119999999999997
2.09700000000000042
2.91480000000000006
2.23859999999999992
2.57180000000000053
2.63260000000000005
2.47080000000000011
2.28380000000000027
1.59339999999999993
2.53840000000000021
1.67740000000000000
1.69419999999999993
2.26480000000000015
2.33999999999999986
3.12380199999999997
2.80460000000000020
3.02700000000000014
2.08259999999999978
1.66240000000000032
2.43540000000000001
2.87239999999999984
2.04600000000000026
2.91500199999999987
3.28100000000000014
2.27820000000000000
3.48920000000000030
1.93680000000000030
2.42180000000000017
2.64580000000000037
3.06280000000000019
3.11319999999999997
2.02479999999999993
1.69840000000000013
1.92320000000000002
2.66420000000000012
1.55740000000000012
3.33880000000000043
3.27559999999999985
2.71220000000000017
2.22360000000000024
2.28620000000000001
2.70999999999999996
2.86119999999999974
2.53200000000000003
1.79859999999999998
2.24279999999999990
2.71720199999999990
3.60460199999999986
2.10020000000000007
3.53780399999999995
2.13160000000000016
2.77059999999999995
1.91559999999999997
1.96460000000000012
2.22720199999999968
2.17540000000000022
3.06140200000000018
2.34659999999999958
1.55059999999999998
2.11079999999999979
2.14880000000000004
1.89179999999999993
1.77699999999999991
1.91439999999999988
2.34279999999999955
2.58160199999999973
2.31239999999999979
1.69359999999999999
2.19580000000000020
2.74660200000000021
1.84340000000000015
2.28980000000000006
3.08079999999999998
2.48699999999999966
1.85759999999999970
1.73199999999999998
2.12460000000000004
2.92700000000000049
2.57560000000000011
2.76820000000000022
2.59020200000000012
2.27280000000000015
2.93279999999999941
2.56899999999999995
2.86200199999999993
3.03280200000000022
2.77980199999999966
2.10000000000000009
1.83120000000000016
2.83639999999999981
2.84200199999999992
2.67040200000000016
2.02499999999999991
2.26060000000000016
1.77400000000000024
1.85760000000000014
2.56640399999999991
2.16500000000000004
2.94200200000000001
2.49480000000000013
1.92779999999999996
2.91540000000000044
1.75200000000000000
2.06000000000000005
1.98180000000000023
2.32439999999999980
1.89800000000000013
2.21320000000000006
2.97180199999999983
1.71379999999999977
2.82960000000000012
2.43920000000000003
2.68179999999999996
1.79420000000000002
2.93520199999999987
2.69160000000000021
1.55420000000000003
1.61319999999999975
2.00119999999999987
1.99699999999999989
2.23139999999999983
2.14660000000000029
2.18259999999999987
2.05260000000000042
2.68500199999999989
1.70339999999999980
2.66860000000000008
3.43580000000000041
2.80640000000000045
2.04300000000000015
2.71040200000000020
2.49920199999999992
3.20600199999999935
1.82139999999999991
3.32100200000000001
2.88300000000000001
2.17779999999999996
1.94720000000000004
2.66500000000000004
3.55640000000000001
3.34279999999999955
4.02360199999999946
2.96300000000000008
3.22300000000000031
3.63980399999999937
4.30760399999999954
3.59180199999999994
3.61100399999999988
2.67439999999999989
2.10559999999999992
3.35919999999999996
3.84840399999999994
3.18160000000000043
1.72239999999999993
1.73599999999999999
2.33620000000000028
1.79020000000000001
1.66219999999999990
1.95919999999999983
2.27979999999999983
1.76720000000000010
2.38319999999999999
1.32180000000000009
3.43480000000000008
2.25700000000000012
2.77740199999999948
2.21619999999999973
2.58620000000000028
3.24980199999999986
2.23280000000000012
2.63980000000000015
2.76419999999999977
2.80680200000000024
2.68620000000000037
3.63980399999999937
1.72880000000000011
2.11559999999999970
1.72839999999999994
1.48399999999999999
2.08139999999999992
3.09540000000000015
1.64920000000000000
2.05540000000000012
3.20960000000000045
1.78739999999999988
2.99800200000000006
2.15320000000000000
2.68040199999999995
1.70019999999999993
2.09480000000000022
2.41700000000000026
2.25959999999999983
2.78800199999999965
3.13719999999999999
2.36520000000000019
1.92420000000000013
2.05980000000000008
3.48300199999999993
2.12120000000000042
1.83100000000000018
1.92400000000000015
1.66020000000000012
1.53159999999999985
2.36640000000000006
1.58939999999999992
2.04960000000000031
3.52000199999999941
1.49480000000000013
1.68399999999999994
1.69639999999999991
1.69320000000000026
2.35979999999999990
1.76419999999999999
2.95280199999999970
2.33759999999999968
1.64880000000000004
2.99080000000000013
2.85300000000000020
1.60380000000000011
2.26100000000000012
2.10139999999999993
2.59080000000000021
1.55519999999999992
2.01679999999999993
2.14579999999999993
1.58620000000000005
2.58620200000000011
2.48360200000000031
1.87300000000000000
1.70379999999999998
1.68260000000000010
3.12000000000000011
1.60099999999999976
2.27939999999999987
2.13319999999999954
2.39900000000000002
2.04499999999999993
2.50899999999999990
2.24000000000000021
1.72899999999999987
1.85620000000000007
2.80099999999999971
2.31800000000000006
2.20520000000000005
3.05420000000000025
2.69340199999999985
2.04800000000000004
3.05759999999999987
2.35140000000000038
1.83239999999999981
1.55880000000000019
2.24300200000000016
1.40279999999999982
2.69020200000000020
3.20820200000000000
2.11319999999999997
2.14740000000000020
1.62820000000000009
2.42040200000000016
2.44280000000000008
2.46119999999999983
2.10599999999999987
2.20460000000000012
1.89759999999999995
2.46999999999999975
3.54680199999999957
3.22299999999999986
2.38579999999999970
1.99980000000000002
3.30180199999999990
2.11460000000000026
1.61499999999999977
2.15180000000000016
2.48059999999999992
2.45279999999999987
2.12740000000000018
2.39679999999999982
1.63999999999999990
2.46480200000000016
1.69319999999999982
2.06079999999999952
1.89300000000000002
1.57879999999999998
2.43700199999999967
1.63660000000000005
2.11859999999999982
2.21559999999999979
2.42039999999999988
1.96140000000000003
2.03719999999999990
2.32500000000000018
1.64059999999999984
1.65280000000000027
3.02900199999999975
1.71460000000000012
1.93959999999999999
1.49679999999999991
1.90720000000000023
2.12820000000000009
1.69940000000000002
2.07219999999999960
2.63779999999999992
1.86879999999999979
2.35480200000000028
2.42459999999999942
1.86600000000000033
1.65659999999999985
1.67160000000000020
2.78740199999999971
1.74520000000000008
1.80739999999999990
1.90620000000000012
2.87600200000000017
1.74019999999999975
2.55220000000000002
1.77660000000000018
2.70940000000000003
3.40260199999999946
2.47099999999999964
1.39779999999999993
3.04119999999999990
1.57780000000000009
1.61380000000000012
2.70920200000000033
1.84899999999999975
2.37679999999999980
2.70120000000000005
2.03339999999999987
1.70579999999999998
1.86280000000000001
1.86719999999999997
1.52820000000000000
2.13660000000000005
3.02740000000000054
2.07599999999999962
1.35000000000000009
1.79699999999999993
2.37119999999999997
1.94059999999999988
2.06859999999999999
1.65139999999999998
1.58599999999999985
2.43900199999999989
1.75380000000000003
2.11300000000000043
1.57700000000000018
2.07520000000000016
1.73599999999999999
2.00959999999999983
2.53020200000000006
1.86640000000000006
2.47300000000000031
2.05919999999999970
2.33680000000000021
3.21880400000000000
2.39159999999999950
2.96680199999999994
1.94779999999999975
3.59700199999999981
1.86080000000000001
3.08420000000000005
1.78119999999999967
2.50959999999999983
2.14820000000000011
2.70120000000000005
2.38520000000000021
2.62460000000000004
1.94039999999999990
2.96900200000000014
2.08780000000000010
3.34320200000000023
2.02839999999999998
2.81380199999999991
1.69719999999999982
2.04239999999999977
2.46720199999999945
1.48099999999999987
2.10659999999999981
2.10780000000000012
2.22340000000000027
3.04360199999999992
3.42239999999999966
1.92999999999999972
2.27040000000000042
3.02360199999999990
1.93340000000000001
2.11119999999999974
2.70639999999999992
2.58740199999999998
1.86799999999999988
1.59299999999999997
1.92899999999999983
3.36540399999999940
2.15059999999999985
2.07520000000000016
2.78400200000000009
1.87759999999999994
2.42140000000000022
2.10099999999999998
3.11639999999999961
2.48459999999999992
2.41320199999999963
2.25859999999999994
1.79800000000000004
2.01840000000000019
2.33040000000000003
1.88280000000000003
2.96180199999999960
2.13740000000000041
1.69240000000000035
3.31280199999999914
1.65199999999999991
2.38660000000000005
1.79099999999999993
2.01940000000000008
3.14700399999999991
1.92959999999999998
1.61639999999999984
1.81780000000000008
1.85699999999999998
2.38900000000000023
2.10820000000000007
2.56140200000000018
2.78479999999999972
2.23220000000000018
2.44620000000000015
1.89440000000000031
2.31820000000000004
1.67700000000000005
1.93219999999999992
2.85580199999999973
1.66660000000000008
3.47060400000000024
2.72339999999999982
2.02439999999999998
2.31340000000000012
1.85880000000000001
2.72980000000000000
1.89959999999999996
2.24399999999999977
3.04420000000000046
1.83180000000000009
2.02879999999999994
1.85660000000000025
2.33860000000000046
2.41779999999999973
1.63739999999999997
1.82260000000000000
2.02580000000000027
2.43120199999999986
1.75720000000000032
2.03299999999999992
1.75380000000000003
2.45039999999999969
2.37460200000000032
1.82879999999999998
2.41319999999999979
1.73099999999999987
2.00020000000000042
2.55440000000000023
2.19920000000000027
2.84339999999999993
1.81699999999999973
1.88799999999999990
1.75339999999999985
2.29500000000000037
1.72239999999999993
1.99279999999999968
2.32940000000000058
2.12960000000000038
1.76580000000000004
3.00480199999999975
2.34380000000000033
1.83139999999999992
2.03239999999999998
1.90900000000000003
2.54100000000000037
2.38800200000000018
2.10239999999999982
1.61400000000000010
2.45920000000000005
2.14380000000000015
1.88800000000000034
3.01079999999999970
1.92399999999999993
3.01539999999999964
2.89080199999999987
1.69340000000000002
2.08559999999999990
2.26440000000000019
2.88140000000000018
1.80940000000000012
2.83320000000000016
2.75879999999999992
1.91760000000000019
1.96700000000000008
2.20179999999999998
2.01080000000000014
2.96260199999999996
2.25519999999999987
2.66520000000000001
2.72020000000000017
1.63519999999999999
1.81780000000000008
1.87700000000000000
2.07720000000000038
2.18000000000000016
1.87219999999999986
2.02300000000000013
2.51120000000000010
3.00199999999999978
1.77199999999999980
2.13759999999999994
2.95079999999999965
1.76479999999999992
2.57500000000000018
1.58659999999999979
2.04039999999999999
1.74379999999999979
2.22040000000000015
2.31120000000000037
1.87659999999999982
2.20659999999999945
1.75360000000000005
1.91760000000000019
1.63580000000000014
2.02179999999999982
1.73760000000000003
3.39620000000000033
1.82240000000000002
1.78100000000000014
3.13740400000000008
1.86559999999999993
1.84979999999999967
2.24960000000000004
2.74420200000000047
1.83159999999999989
1.92639999999999989
1.55100000000000016
2.00579999999999981
1.73500000000000010
1.87259999999999982
1.92599999999999971
1.51719999999999988
2.10519999999999996
1.77159999999999984
1.82359999999999967
1.64999999999999991
1.55519999999999992
1.76219999999999999
2.32940000000000014
2.39820000000000011
1.95719999999999983
1.85780000000000034
2.41179999999999994
2.51100000000000012
2.14979999999999993
1.97479999999999967
1.96839999999999971
1.89720000000000022
2.78540199999999993
3.15100199999999964
2.34359999999999991
2.35780200000000040
2.08679999999999977
2.83020000000000049
2.15459999999999985
1.91860000000000008
2.42280199999999990
2.29600000000000026
2.35420000000000007
1.59420000000000006
3.01840399999999942
1.99540000000000006
2.07500000000000018
2.73340199999999989
2.18540000000000045
3.04320000000000013
2.04519999999999991
1.81320000000000014
1.82260000000000000
1.42040000000000011
2.38200000000000012
2.96819999999999995
2.86860200000000010
2.09059999999999979
2.47520000000000007
3.90280400000000061
1.90800000000000014
2.59339999999999993
1.97800000000000020
1.96320000000000006
2.01439999999999975
1.88859999999999983
2.06779999999999964
2.02800000000000002
1.76900000000000013
1.69799999999999995
2.03960000000000008
3.00420199999999982
2.93140199999999984
2.48980200000000007
2.25360000000000005
1.83139999999999992
2.10239999999999982
2.44839999999999991
2.22140000000000004
2.33579999999999988
1.83260000000000001
2.27120000000000033
2.09339999999999993
2.85020000000000007
1.61379999999999990
2.08320000000000016
2.01520000000000010
2.09779999999999989
2.00380000000000003
1.77100000000000013
1.88539999999999996
2.06380000000000008
1.63120000000000021
2.38640000000000008
2.35820000000000007
1.64059999999999984
2.21319999999999961
2.29399999999999959
1.90839999999999987
2.37559999999999993
2.62300200000000006
2.24480000000000013
2.11719999999999997
1.84800000000000009
2.80120199999999997
2.36720000000000041
1.80519999999999992
1.74800000000000000
2.46140000000000025
1.96120000000000028
1.73300000000000010
1.69959999999999978
1.67759999999999998
2.59100000000000019
1.93579999999999997
2.79799999999999960
2.37919999999999998
1.51960000000000006
1.53779999999999983
1.73159999999999981
2.48200000000000021
1.83619999999999983
2.01300000000000034
2.47540000000000049
2.84620000000000006
1.73579999999999979
1.89359999999999995
2.55319999999999991
2.59160000000000057
2.74940000000000007
1.82360000000000011
2.78079999999999972
2.10480000000000000
1.81580000000000008
2.41539999999999999
2.07600000000000007
2.35000000000000009
3.08479999999999999
2.23179999999999978
1.98539999999999983
1.92980000000000018
1.68759999999999977
2.46720000000000006
2.28819999999999979
1.94280000000000008
2.88420199999999971
2.12599999999999989
2.65580200000000000
1.78500000000000014
2.46560200000000007
2.03039999999999976
2.03380000000000027
2.32359999999999989
2.54240000000000022
2.09719999999999995
1.70300000000000007
1.56679999999999997
2.45960000000000001
2.57939999999999969
1.73839999999999995
2.26239999999999997
2.09240000000000004
3.08200399999999997
1.55000000000000004
2.00959999999999983
3.02460000000000040
2.58720000000000017
1.70579999999999998
2.02020000000000000
2.20060000000000011
1.86760000000000015
1.78939999999999988
2.44620000000000015
2.35959999999999948
2.48599999999999977
3.00239999999999974
1.91659999999999964
2.61859999999999982
2.82839999999999980
1.63440000000000007
2.05880000000000019
1.86320000000000019
1.92840000000000034
1.74259999999999993
2.04519999999999991
1.61600000000000010
1.91000000000000014
1.44119999999999981
2.32679999999999998
2.24560000000000004
1.84060000000000024
1.63280000000000003
1.84699999999999998
1.71679999999999988
2.48679999999999968
1.50240000000000018
1.71779999999999999
2.17579999999999973
1.82820000000000005
2.57260000000000044
2.96360200000000029
1.70639999999999992
1.76139999999999963
2.54580199999999968
1.74399999999999977
1.56239999999999979
1.38280000000000003
1.52600000000000025
1.82719999999999994
1.83940000000000015
2.22100000000000009
1.54600000000000004
1.73780000000000001
1.81939999999999991
1.91079999999999961
2.20419999999999972
1.83040000000000025
2.47079999999999966
2.15819999999999990
1.91599999999999993
2.18739999999999979
1.99760000000000026
1.73399999999999999
2.13859999999999983
2.78099999999999969
2.58160199999999973
1.63000000000000012
1.72920000000000007
1.76659999999999995
1.75240000000000018
2.44739999999999958
2.17240000000000011
1.91379999999999972
2.55379999999999985
2.24580000000000002
2.03859999999999975
2.30479999999999974
2.10639999999999983
2.55480200000000002
1.71460000000000012
1.72100000000000009
1.91219999999999990
2.24960000000000004
1.85040000000000004
2.05880000000000019
1.83880000000000021
2.26359999999999983
1.78980000000000006
2.10739999999999972
1.68119999999999981
1.68999999999999995
1.78919999999999990
1.76279999999999992
2.65780199999999978
1.69619999999999993
2.06020000000000003
1.70379999999999998
2.10419999999999963
2.95900199999999991
1.58060000000000000
1.96920000000000006
1.82139999999999991
2.28479999999999972
3.30020399999999947
1.78459999999999996
1.99180000000000001
2.29440000000000044
2.42260000000000009
1.73780000000000001
2.14419999999999966
1.86799999999999988
2.16279999999999983
2.72280200000000017
2.32560000000000011
1.51720000000000010
1.86320000000000019
2.15260000000000007
2.66180200000000022
2.72699999999999987
2.49980199999999986
1.91280000000000006
2.30179999999999962
1.54360000000000008
1.78140000000000009
1.84699999999999998
2.54179999999999984
1.73039999999999994
2.15139999999999976
1.88779999999999992
2.26180000000000003
2.10780000000000012
1.72420000000000018
1.59439999999999982
2.33260000000000023
1.89520000000000022
1.82100000000000017
1.98540000000000028
1.70120000000000005
1.79540000000000011
2.60600199999999971
1.95379999999999998
1.52259999999999995
1.63660000000000005
2.62099999999999955
2.07940000000000058
2.37380000000000013
1.90859999999999985
1.74819999999999998
1.79780000000000006
1.55599999999999983
2.77020200000000028
3.00640000000000018
1.81539999999999990
1.68320000000000003
2.02359999999999962
2.44100200000000012
1.60019999999999984
2.10400000000000009
2.34520200000000001
1.89939999999999998
1.54820000000000002
1.78339999999999965
3.12560199999999977
2.40079999999999982
2.32459999999999978
1.78400000000000003
1.75380000000000003
1.80300000000000016
2.30419999999999980
2.03439999999999976
1.94239999999999990
1.79319999999999991
2.21960199999999963
1.53940000000000010
2.52480200000000021
2.38759999999999994
1.35640000000000005
1.70599999999999996
2.26600000000000001
2.40800199999999975
1.46580000000000021
1.88580000000000014
3.14560199999999979
2.08320000000000016
2.47239999999999949
1.77760000000000007
2.20440000000000014
1.75480000000000014
1.73859999999999992
1.74800000000000000
1.84920000000000040
1.58819999999999983
1.92800000000000016
2.16040199999999993
1.50439999999999996
2.07839999999999980
2.12440000000000051
2.05020000000000024
1.82139999999999991
1.63319999999999999
1.62240000000000006
1.82260000000000022
1.76060000000000016
2.00459999999999994
1.64259999999999984
2.59740199999999977
1.87259999999999982
1.76520000000000010
2.64879999999999960
2.12999999999999989
1.65060000000000007
1.82060000000000000
2.27300000000000013
1.86299999999999999
2.45920200000000033
1.57719999999999994
2.66020199999999996
1.54780000000000006
1.88619999999999988
2.75740199999999991
2.78080200000000000
2.76040200000000002
1.79579999999999984
1.74160000000000004
2.81820000000000004
2.35919999999999996
1.60099999999999976
2.33260000000000023
1.79980000000000007
2.20040000000000013
1.83799999999999986
2.00860000000000039
1.91380000000000017
2.79480199999999979
1.82020000000000026
1.90260000000000007
1.60440000000000005
1.88499999999999979
1.62639999999999985
1.57980000000000009
2.16959999999999997
2.08340000000000014
2.26600000000000001
1.95739999999999981
2.34799999999999986
2.13919999999999977
1.80180000000000007
1.80499999999999972
1.85720000000000018
2.71059999999999990
1.62620000000000009
2.03680000000000039
2.08179999999999987
1.66199999999999970
2.32860200000000006
1.64239999999999986
2.20899999999999963
1.76359999999999983
1.76800000000000002
1.94900000000000029
2.31219999999999981
1.86400000000000010
1.58739999999999992
1.97360000000000047
1.51219999999999999
1.69999999999999996
2.22140199999999988
2.06380000000000008
1.71440000000000015
2.19459999999999988
2.49860199999999999
1.88559999999999972
1.92580000000000018
1.68060000000000009
2.19180000000000019
2.22599999999999998
1.43120000000000003
1.90700000000000003
1.43679999999999986
1.48659999999999992
1.94680000000000009
1.85640000000000005
1.57260000000000000
1.78360000000000030
1.84779999999999989
2.46579999999999977
1.44019999999999992
1.74740000000000006
1.73399999999999999
1.69100000000000006
1.62939999999999996
1.71519999999999984
1.64660000000000006
2.07400000000000029
1.63499999999999979
1.61980000000000013
1.85760000000000014
1.99379999999999979
1.68900000000000006
1.98999999999999977
2.17240000000000011
1.91460000000000008
1.54360000000000008
1.97799999999999976
1.75439999999999974
2.25480000000000036
1.61640000000000006
2.39480199999999988
1.79379999999999984
1.65340000000000020
2.08800199999999991
2.38480199999999964
1.36299999999999999
1.85280000000000022
1.53939999999999988
1.73320000000000007
2.46499999999999986
1.76419999999999999
1.65040000000000009
1.58180000000000009
1.77740000000000009
1.97960000000000003
2.63300200000000029
1.76800000000000002
1.53480000000000016
1.64800000000000013
1.98440000000000016
1.94119999999999981
1.61400000000000010
2.16060000000000008
1.34220000000000006
1.64080000000000004
2.05440000000000023
1.48580000000000001
1.58800000000000008
1.37719999999999976
2.28520000000000012
1.76759999999999984
2.47380200000000006
1.65720000000000001
1.92980000000000018
1.53099999999999992
1.65159999999999973
1.85820000000000007
1.93739999999999957
2.16999999999999993
1.60139999999999993
1.61680000000000001
1.55399999999999983
1.82000000000000028
1.70459999999999989
1.78600000000000003
1.58079999999999998
1.76900000000000013
1.99480000000000013
1.90740000000000021
1.77980000000000027
1.85600000000000032
2.17779999999999996
1.39939999999999998
1.51359999999999983
1.32659999999999978
1.87959999999999994
1.60840000000000005
1.88280000000000025
1.80259999999999998
1.96939999999999982
1.88599999999999990
1.73240000000000016
1.91200000000000014
1.50459999999999994
2.25720000000000010
1.92799999999999971
1.65700000000000003
2.28740000000000032
2.01000000000000023
1.59419999999999984
1.59500000000000020
1.69159999999999999
1.62420000000000009
1.50699999999999990
1.40459999999999985
1.77979999999999983
1.79239999999999999
1.77920000000000011
1.45840000000000014
2.21099999999999985
1.95739999999999981
1.56159999999999988
1.74379999999999979
1.80279999999999996
1.53940000000000010
1.89379999999999993
1.72000000000000020
1.64120000000000021
1.95300000000000007
1.73880000000000012
1.86379999999999990
2.20679999999999987
1.88599999999999990
1.61099999999999999
1.72100000000000009
1.59379999999999988
1.73599999999999999
1.72999999999999998
1.49600000000000000
1.62800000000000011
1.49400000000000022
1.66159999999999997
1.59539999999999993
1.91420199999999996
1.56220000000000003
1.38300000000000023
2.18100000000000005
1.88359999999999994
2.12619999999999987
1.63660000000000005
1.56879999999999997
2.43820000000000014
1.79839999999999978
1.55820000000000003
1.91080000000000005
1.70040000000000013
1.80319999999999991
1.93639999999999968
1.70639999999999992
1.82939999999999969
1.55600000000000005
2.10379999999999967
1.91679999999999984
1.73759999999999981
2.32540199999999997
1.67579999999999996
1.50899999999999990
2.17819999999999991
1.66680000000000028
1.80680000000000018
1.69680000000000009
2.20900000000000052
1.79920000000000013
1.57080000000000020
1.37939999999999996
1.63000000000000012
1.53159999999999985
1.88699999999999979
1.92179999999999995
1.90060000000000007
1.76800000000000002
1.54899999999999993
1.64919999999999978
1.93500000000000005
1.37340000000000018
1.24819999999999998
1.66400000000000015
1.57840000000000003
2.68140000000000001
1.52879999999999994
2.01679999999999993
1.60880000000000001
1.57779999999999987
1.69600000000000017
1.36600000000000010
1.82919999999999972
1.62040000000000006
1.63200000000000012
1.69460000000000011
2.17779999999999996
1.75659999999999994
1.73199999999999998
1.79720000000000013
1.66019999999999968
1.66319999999999979
1.76940000000000031
1.64319999999999977
1.54939999999999989
1.62659999999999982
2.03200000000000003
2.02619999999999978
1.52520000000000011
1.19760000000000000
1.98800000000000021
1.22940000000000005
2.23579999999999979
2.32439999999999980
1.80599999999999983
1.88060000000000005
2.03879999999999972
1.76580000000000004
1.39359999999999995
1.65579999999999994
1.32820000000000005
1.66819999999999991
2.05820000000000025
1.96179999999999977
1.47560000000000002
1.91139999999999999
1.82119999999999993
1.95320000000000005
1.57719999999999994
1.98299999999999987
1.77940000000000009
1.65420000000000011
1.73260000000000014
1.99679999999999991
1.81960000000000011
1.87240000000000006
1.68760000000000021
2.07899999999999974
1.67220000000000013
2.13260199999999989
1.67240000000000011
1.76019999999999999
1.56020000000000003
1.96520000000000006
1.96960000000000024
1.68260000000000010
1.65800000000000014
2.15579999999999972
1.57860000000000023
1.92800000000000016
1.63479999999999981
1.48080000000000012
1.46699999999999986
2.07699999999999996
1.72300000000000009
1.22960000000000003
1.25279999999999991
1.56880000000000019
1.83519999999999972
1.74919999999999964
1.59320000000000017
1.60519999999999996
1.90900000000000003
1.48819999999999997
1.61839999999999984
1.55640000000000001
1.97940000000000005
1.67779999999999996
1.92639999999999989
2.08800000000000008
1.81579999999999986
1.60380000000000011
2.17260000000000009
1.65500000000000003
1.49679999999999991
1.81999999999999984
1.64900000000000024
2.04600000000000026
1.45799999999999974
1.82840000000000025
2.05439999999999978
1.83279999999999998
1.73019999999999996
1.59519999999999973
2.07059999999999977
1.53299999999999992
1.65260000000000007
1.57240000000000002
1.60540000000000016
1.76880000000000015
1.58279999999999998
1.45960000000000023
2.03380000000000027
1.71360000000000001
1.78559999999999985
1.74720000000000009
1.47679999999999989
1.75300000000000011
1.40919999999999979
1.47120000000000006
1.76060000000000016
1.53679999999999994
1.33939999999999992
1.87159999999999971
1.95379999999999998
1.73919999999999986
1.57260000000000000
2.06539999999999990
2.03279999999999994
1.64260000000000028
1.85939999999999972
1.69879999999999987
1.40919999999999979
1.99719999999999986
1.93199999999999994
1.80559999999999965
1.74580000000000024
1.90619999999999967
1.73859999999999992
1.80560000000000009
1.76940000000000031
2.01379999999999981
1.64920000000000000
1.45059999999999989
1.60020000000000029
1.80660000000000021
1.58980000000000010
1.67559999999999998
1.54259999999999997
1.55920000000000014
1.46619999999999995
1.93959999999999999
1.78520000000000012
1.42779999999999996
1.95099999999999985
1.82779999999999987
2.02920000000000034
1.74260000000000015
2.39959999999999996
1.94960000000000022
1.84380000000000033
1.84240000000000004
1.62019999999999986
1.65180000000000016
2.47160199999999985
1.99319999999999986
2.12080000000000002
1.64780000000000015
1.74560000000000004
1.54020000000000001
1.37119999999999997
2.69460199999999972
1.49879999999999991
1.92259999999999986
1.52979999999999983
1.88879999999999981
2.22960000000000003
2.21960000000000024
1.89660000000000006
1.78100000000000014
3.06460199999999983
1.87519999999999998
1.82879999999999998
1.91139999999999999
1.92919999999999980
1.69560000000000000
1.55699999999999994
1.57379999999999987
1.86520000000000019
2.02659999999999973
1.68039999999999989
1.55700000000000016
2.19259999999999966
1.59359999999999991
1.73640000000000017
1.42919999999999980
1.54499999999999971
1.51580000000000004
1.79100000000000037
1.56459999999999999
2.02140000000000031
1.87340000000000018
1.45560000000000000
2.00000000000000000
1.21199999999999997
2.18020000000000014
1.43340000000000001
1.86559999999999993
1.89580000000000015
2.33100000000000041
1.63559999999999972
1.79540000000000011
1.63040000000000029
1.73399999999999999
2.21600000000000019
1.76800000000000002
1.78360000000000030
1.74719999999999986
1.68959999999999999
1.42900000000000005
1.33780000000000010
1.32560000000000011
1.66820000000000013
1.64220000000000010
1.34800000000000009
1.82720000000000016
1.72960000000000003
1.98299999999999987
1.59540000000000015
1.57739999999999991
1.57640000000000002
1.55939999999999990
1.59899999999999975
1.76080000000000014
1.45639999999999992
1.79080000000000017
1.86700000000000021
1.39119999999999999
1.66320000000000023
1.53520000000000012
1.34759999999999991
1.53639999999999999
1.40379999999999994
2.01639999999999997
1.34760000000000013
1.65060000000000007
1.81840000000000002
1.40659999999999985
1.54639999999999977
1.66439999999999988
1.87860000000000005
1.56459999999999999
1.43520000000000003
2.07699999999999996
1.50700000000000012
1.54459999999999997
1.72940000000000005
1.50700000000000012
1.38579999999999992
1.40620000000000012
1.48080000000000012
1.51359999999999983
2.03279999999999994
2.76539999999999964
1.57600000000000007
1.61320000000000019
1.57940000000000014
1.60939999999999972
1.96239999999999992
1.44300000000000006
1.60979999999999990
1.55120000000000013
2.02439999999999998
1.69839999999999991
1.48960000000000004
1.80100000000000016
1.37539999999999973
1.63319999999999999
2.08879999999999999
2.20760000000000023
2.32759999999999989
1.51080000000000014
1.47899999999999987
1.39239999999999986
1.37100000000000000
1.60280000000000022
1.56720000000000015
2.04740000000000011
1.70700000000000007
1.72320000000000029
1.50819999999999976
1.83599999999999985
2.24439999999999973
2.13800000000000034
1.94200000000000017
1.49940000000000007
1.38799999999999990
2.09819999999999984
2.19259999999999966
1.97259999999999991
1.76240000000000019
1.48859999999999992
1.84259999999999979
1.78900000000000015
1.58799999999999986
2.09640000000000004
1.65399999999999991
1.79420000000000002
2.14179999999999993
1.91520000000000001
1.65579999999999994
2.05120000000000013
1.83819999999999983
1.73800000000000021
1.60919999999999996
2.06580000000000030
1.62520000000000020
1.74219999999999997
1.70820000000000016
1.51500000000000012
1.89739999999999998
1.78639999999999977
1.29519999999999991
1.90520000000000000
2.20060000000000011
1.99380000000000024
2.28339999999999987
1.48640000000000017
1.94780000000000020
1.58359999999999990
1.96580000000000021
1.53839999999999977
1.45219999999999994
1.46779999999999999
1.66660000000000008
1.59160000000000013
1.27459999999999996
1.58940000000000015
1.41700000000000004
1.77059999999999995
1.52299999999999991
1.39319999999999999
1.76619999999999999
1.84780000000000011
1.95579999999999998
1.86280000000000001
1.87680000000000002
1.73880000000000012
1.36880000000000002
1.56279999999999997
1.57879999999999998
1.98440000000000016
1.22760000000000002
1.54980000000000007
1.90779999999999994
1.29580000000000006
1.88440000000000007
1.69799999999999995
2.34439999999999982
1.21179999999999977
1.40379999999999994
2.04020000000000001
2.26219999999999999
1.53039999999999998
1.30279999999999996
1.48960000000000004
1.41520000000000001
1.62680000000000002
1.30180000000000007
1.55499999999999994
1.44300000000000006
1.64279999999999982
2.11160000000000014
1.38359999999999994
1.23839999999999995
1.43360000000000021
1.33620000000000005
1.48180000000000001
1.45520000000000005
1.38980000000000015
1.60620000000000007
1.75700000000000012
1.47940000000000005
1.76440000000000019
1.60760000000000014
1.44320000000000004
1.38939999999999997
2.04479999999999995
1.70240000000000014
1.72540000000000004
1.51839999999999997
1.62900000000000000
1.86259999999999981
1.70360000000000023
1.29559999999999986
1.42340000000000022
1.65139999999999998
1.53339999999999987
1.69439999999999991
1.37799999999999989
1.83200000000000007
1.45540000000000025
1.44020000000000015
1.45620000000000016
1.72280000000000011
1.43940000000000001
1.74480000000000013
2.04599999999999982
1.47100000000000009
1.93940000000000023
1.95779999999999998
1.38439999999999985
1.96819999999999995
1.61320000000000019
1.66720000000000002
2.12179999999999991
1.62399999999999989
1.98640000000000017
1.79519999999999991
2.04259999999999975
1.58020000000000005
2.32719999999999994
1.84279999999999999
1.71200000000000019
2.09020000000000028
1.46900000000000008
1.40080000000000005
2.51860000000000017
1.53799999999999981
1.65359999999999974
2.18639999999999990
1.58699999999999997
1.94700000000000029
2.43920000000000003
1.36740000000000017
2.05079999999999973
1.70679999999999987
1.78600000000000003
1.68519999999999959
1.82779999999999987
1.86879999999999979
2.05739999999999990
1.70339999999999980
1.52159999999999984
1.81379999999999986
1.41060000000000008
2.10959999999999992
1.73279999999999990
1.93979999999999997
2.20359999999999978
1.50160000000000005
1.86600000000000010
1.58820000000000006
1.62240000000000006
2.49960000000000004
1.66080000000000005
1.97720000000000029
2.12320000000000020
1.95479999999999987
2.20840000000000014
1.86919999999999997
1.70259999999999989
1.89959999999999996
1.35719999999999996
2.09660000000000002
1.98079999999999989
2.05560000000000009
1.96119999999999983
1.66319999999999979
1.59040000000000004
2.10320000000000018
1.60979999999999990
1.40940000000000021
1.64640000000000031
1.45300000000000007
2.34980000000000011
1.63879999999999981
1.84399999999999986
1.60660000000000025
2.07240000000000002
1.70820000000000016
1.81820000000000026
1.53420000000000001
1.67919999999999980
1.88859999999999983
1.56139999999999990
1.60659999999999981
1.57940000000000014
1.59699999999999998
1.53339999999999987
2.24400200000000005
1.80779999999999985
1.51180000000000003
1.72199999999999998
2.00000000000000000
1.60199999999999987
1.77919999999999989
1.25920000000000010
1.22760000000000002
1.86499999999999977
1.80960000000000010
1.62019999999999986
1.42720000000000002
1.82440000000000002
1.60720000000000018
1.78839999999999999
1.41960000000000020
1.95339999999999980
1.49280000000000013
1.68479999999999985
1.43300000000000005
2.22200000000000042
1.73640000000000017
1.72899999999999987
1.96099999999999985
1.73239999999999972
1.63740000000000019
1.62719999999999976
1.94940000000000002
1.77919999999999989
1.69359999999999999
1.83740000000000014
2.53840000000000021
1.97360000000000002
1.86299999999999999
2.26019999999999976
1.70119999999999960
1.74840000000000018
1.92979999999999974
1.64459999999999984
1.41720000000000002
1.60859999999999981
1.30820000000000003
1.41120000000000023
2.18700000000000028
1.88200000000000012
2.03080000000000016
1.94459999999999988
1.91439999999999988
1.76739999999999986
2.25439999999999996
1.64920000000000000
2.18199999999999994
1.55919999999999992
1.76099999999999990
2.15100000000000025
1.73340000000000005
1.80299999999999971
1.27919999999999989
1.65459999999999985
1.71379999999999977
1.85460000000000003
2.14639999999999986
1.63200000000000012
1.59519999999999995
1.95320000000000005
2.08379999999999965
1.99900000000000011
2.19419999999999993
2.13060000000000027
1.90980000000000016
2.14200000000000035
1.47419999999999995
1.68799999999999994
1.53039999999999998
1.88060000000000005
1.77940000000000009
1.44060000000000010
1.63120000000000021
2.10699999999999976
2.51020000000000021
1.46599999999999997
2.07940000000000014
1.83699999999999974
1.97819999999999996
1.85540000000000016
2.06219999999999981
2.02340000000000009
2.45179999999999998
2.10499999999999998
1.98639999999999972
1.50940000000000007
1.45680000000000009
2.39100000000000001
2.26080000000000014
1.52840000000000020
1.81400000000000006
1.76359999999999983
2.24860000000000015
1.43820000000000014
1.57800000000000007
1.79119999999999990
1.71019999999999994
1.78200000000000003
2.79339999999999966
1.65480000000000027
2.06399999999999961
1.70299999999999985
1.77419999999999978
1.79759999999999986
1.90379999999999994
1.52540000000000009
1.50259999999999971
2.12999999999999989
1.44320000000000004
1.63859999999999983
1.50480000000000014
1.30519999999999992
1.68399999999999994
1.48019999999999996
2.21140000000000025
1.39179999999999993
1.55479999999999996
1.59600000000000009
2.26259999999999994
1.81780000000000008
2.15079999999999982
1.96399999999999997
2.74299999999999988
1.77279999999999971
1.87939999999999996
1.78419999999999979
2.47639999999999993
1.97779999999999978
2.10419999999999963
1.57140000000000013
2.22339999999999982
1.66039999999999988
1.42080000000000006
1.72300000000000009
1.72319999999999984
1.95140000000000025
1.44439999999999991
1.76839999999999975
2.49199999999999999
1.65019999999999989
2.40220000000000011
2.27600000000000069
1.73780000000000001
2.20160000000000000
1.98379999999999979
1.59980000000000011
2.54300199999999998
1.43619999999999992
1.49879999999999991
1.28360000000000007
1.57799999999999985
2.22280000000000033
2.45520000000000049
1.39460000000000006
1.87340000000000018
1.76879999999999993
1.70240000000000014
1.83580000000000010
1.75079999999999991
1.57040000000000002
2.07940000000000014
2.34759999999999991
1.69600000000000017
1.57659999999999978
1.75000000000000000
1.56600000000000006
2.31379999999999963
2.08199999999999985
2.61879999999999979
2.14380000000000015
1.71160000000000001
2.87460199999999988
1.49280000000000013
1.83899999999999997
1.78459999999999996
1.57079999999999975
1.81499999999999995
1.45060000000000011
1.93499999999999983
1.80099999999999971
2.36580000000000013
2.14440000000000008
2.03939999999999966
1.84099999999999997
2.06200000000000028
1.51739999999999986
1.73120000000000007
2.78280000000000038
1.36579999999999990
1.93279999999999985
2.50280199999999997
1.76520000000000010
1.52220000000000022
2.00459999999999994
1.50240000000000018
1.53940000000000010
1.44379999999999997
1.81600000000000006
1.66599999999999993
1.73880000000000012
2.13159999999999972
1.59840000000000004
1.62040000000000006
1.66879999999999984
1.96319999999999983
2.26679999999999993
2.02460000000000040
1.71580000000000021
1.88999999999999990
1.94059999999999988
2.80240000000000000
1.71540000000000004
1.98900000000000010
1.75000000000000000
1.88259999999999961
2.49099999999999966
2.35779999999999967
2.29300000000000015
2.48139999999999983
1.50280000000000014
1.51499999999999990
1.48140000000000005
1.57860000000000000
1.75540000000000029
1.69560000000000000
2.27839999999999998
2.92760199999999937
2.09339999999999993
1.32119999999999993
1.88059999999999983
1.89399999999999968
1.75839999999999996
1.81779999999999964
1.98340000000000005
2.00320000000000009
2.37000000000000011
2.01039999999999974
1.80020000000000024
2.48480199999999973
1.58160000000000012
2.15200000000000014
1.72459999999999991
2.03380000000000027
1.88660000000000005
2.80860199999999960
2.03220000000000001
1.84200000000000008
1.96360000000000001
1.82839999999999980
1.97819999999999996
2.06299999999999972
2.42300000000000004
2.33159999999999989
1.94020000000000015
1.64140000000000019
2.16080000000000005
1.91039999999999988
1.64220000000000010
1.92340000000000022
2.00480000000000036
2.68100199999999989
2.18699999999999983
1.67559999999999998
1.61640000000000006
1.76439999999999975
1.37259999999999982
2.67340199999999983
1.66679999999999984
1.65240000000000009
2.64079999999999959
2.45140000000000002
2.48939999999999984
1.34819999999999984
1.84080000000000021
2.05159999999999965
1.56879999999999997
1.53879999999999995
1.59539999999999993
1.77699999999999991
1.86999999999999988
2.07920000000000016
2.29220200000000007
1.55760000000000010
1.52800000000000002
2.19000000000000039
2.32320199999999977
2.16420000000000012
1.99219999999999997
1.62759999999999994
1.83060000000000000
2.01639999999999997
2.16579999999999995
1.53020000000000000
1.73939999999999984
2.02400000000000002
1.82060000000000000
2.65999999999999970
2.37080000000000002
2.92700000000000005
2.22619999999999996
1.93100000000000027
1.82839999999999980
2.62919999999999998
3.18820000000000014
2.04159999999999986
2.19620000000000015
1.67680000000000007
2.14839999999999964
1.66840000000000011
1.84200000000000008
2.18060000000000009
2.29179999999999984
1.39239999999999986
1.74119999999999986
2.01920000000000011
2.36980000000000013
2.27660000000000018
2.12319999999999975
1.78420000000000023
1.99819999999999998
1.88300000000000023
2.22500000000000009
1.95679999999999987
2.22360000000000024
1.91020000000000012
2.12040000000000006
2.35700000000000021
2.37599999999999989
2.06079999999999997
2.08380000000000010
1.54460000000000020
1.48819999999999997
1.51239999999999997
1.99499999999999988
1.96599999999999997
1.94159999999999999
2.27439999999999998
2.06259999999999977
2.23419999999999996
2.11920000000000019
2.65760199999999980
2.52160200000000012
2.02520000000000033
2.71200000000000019
1.86419999999999986
2.02000000000000002
1.69579999999999975
2.14599999999999991
2.24759999999999982
2.16579999999999995
2.18460000000000010
2.07580000000000009
1.84779999999999989
2.25000000000000000
2.54900200000000021
2.22459999999999969
2.03080000000000016
2.35259999999999980
2.69420199999999976
2.63799999999999990
2.07539999999999969
2.13999999999999968
1.74879999999999991
2.23720000000000008
2.25679999999999970
2.58680199999999960
2.71300199999999947
1.79660000000000020
2.33820199999999989
2.45380000000000020
1.91000000000000014
1.72699999999999987
2.67299999999999960
1.92040000000000011
1.99540000000000006
2.02539999999999987
2.29499999999999993
2.94040199999999974
1.77339999999999987
2.13520000000000021
1.87800000000000011
2.46240000000000014
2.12220000000000031
2.36319999999999997
1.62300000000000000
2.17700000000000005
2.09400000000000031
2.20939999999999959
3.15660199999999991
1.92159999999999975
2.56979999999999986
2.11319999999999997
2.11019999999999985
2.30080000000000018
2.63520000000000021
1.85119999999999996
2.17600000000000016
2.25540000000000029
3.06900199999999979
1.76299999999999990
2.38240199999999991
2.60199999999999987
2.26020000000000021
2.55480200000000002
2.60780199999999995
2.48720000000000008
2.66880000000000006
2.57580000000000009
2.66320000000000023
2.02080000000000037
2.87339999999999929
2.97540000000000004
2.34180000000000010
2.03840000000000021
2.85580199999999973
2.62980200000000020
2.09879999999999978
2.49440000000000017
2.87680000000000025
1.97699999999999987
3.11280000000000001
1.79299999999999993
2.80699999999999994
2.43600199999999978
2.19160000000000021
2.07220000000000004
2.12080000000000002
2.14400000000000013
1.92659999999999987
2.27340000000000009
2.21400000000000041
2.09220000000000006
2.55680199999999980
2.37700000000000022
2.39599999999999991
2.84100000000000019
2.13360000000000039
2.31779999999999964
2.10939999999999994
1.60779999999999990
2.19959999999999978
2.77840199999999982
1.53799999999999981
1.89999999999999991
1.95320000000000005
2.35820000000000007
2.39760000000000018
1.79780000000000006
2.37520000000000042
2.19300000000000006
3.31360200000000038
2.18520000000000003
2.45060000000000011
2.91600199999999976
2.02620000000000022
2.05499999999999972
1.66900000000000004
2.22120000000000006
3.84700399999999965
2.76080199999999953
2.93500000000000005
2.72240199999999977
3.42520200000000008
1.69059999999999988
1.77059999999999995
1.94340000000000002
2.72020000000000017
1.58340000000000014
2.43400200000000000
2.12759999999999971
2.12460000000000004
2.46660000000000013
2.61720199999999981
3.31059999999999999
2.66040199999999993
2.34020000000000028
1.95419999999999972
2.79800000000000004
2.12220000000000031
2.02659999999999973
1.98580000000000001
1.90779999999999994
2.51160000000000005
2.46020000000000039
1.75079999999999991
2.67900199999999966
2.92000200000000021
2.19000000000000039
2.07960000000000012
2.43579999999999997
3.24260199999999932
2.67660000000000009
2.34100000000000019
3.43360200000000049
2.70660200000000017
3.35240200000000010
2.90660199999999991
2.01240000000000041
2.14880000000000004
1.97140000000000026
1.85080000000000000
2.88519999999999976
3.53720400000000001
2.18780000000000019
1.48959999999999981
1.99499999999999988
2.06159999999999988
1.97580000000000022
2.69579999999999975
1.85020000000000029
1.76679999999999993
2.25879999999999992
2.30940000000000012
2.95719999999999983
2.43140000000000045
1.84939999999999993
2.11399999999999988
2.22319999999999984
1.94920000000000004
2.36940200000000001
2.30759999999999987
2.37440000000000051
2.64679999999999982
2.28699999999999992
3.72740399999999994
2.91619999999999990
2.59860000000000024
2.63780000000000037
1.59899999999999998
2.61739999999999995
2.27099999999999991
1.69359999999999999
2.69740000000000002
3.06640000000000024
1.60319999999999996
2.08599999999999985
2.00659999999999972
2.15220000000000011
2.90399999999999991
2.91180200000000022
2.49180000000000001
2.43080000000000007
2.47699999999999987
2.72580000000000044
1.84600000000000009
2.57880000000000020
2.75299999999999967
2.29919999999999991
2.45639999999999992
3.00180200000000008
1.85899999999999999
3.10000000000000053
2.97040000000000060
2.35219999999999985
3.13480199999999964
1.64720000000000022
2.18020000000000014
2.84560200000000041
2.15040000000000031
2.09679999999999955
2.88400199999999973
1.85419999999999985
2.40179999999999971
2.50679999999999970
2.02859999999999996
1.81220000000000026
1.62719999999999976
1.83359999999999990
2.00439999999999996
3.36620199999999992
2.96459999999999990
2.56440000000000001
2.45120000000000005
1.98879999999999990
2.58840000000000048
3.27600199999999964
1.99959999999999982
2.76140000000000008
3.87900000000000000
3.32100200000000001
2.69719999999999960
2.10199999999999987
2.91040199999999993
2.80960199999999993
1.66640000000000010
2.52979999999999983
2.12219999999999986
1.96179999999999977
2.41880200000000034
2.90440200000000015
2.29000199999999987
1.99360000000000004
2.68420199999999998
2.44999999999999973
3.37239999999999984
2.75740199999999991
3.04699999999999971
3.64420199999999994
2.70239999999999991
2.65420199999999973
2.27879999999999994
2.83899999999999997
2.53760200000000014
2.94880000000000031
2.81560200000000016
2.08400000000000007
2.22939999999999960
1.92119999999999957
1.85920000000000019
3.34420200000000012
3.18979999999999997
3.66460199999999992
1.66940000000000000
2.44179999999999975
2.46700199999999992
1.95060000000000011
3.44580399999999987
2.42779999999999996
3.09840200000000010
2.72060000000000013
2.72080199999999994
3.50860199999999978
3.12340399999999985
1.66840000000000011
2.51279999999999992
2.84920200000000001
3.00900200000000018
3.29480199999999979
2.30520000000000014
1.87319999999999998
2.48099999999999987
3.39300399999999991
3.99000199999999960
2.06280000000000019
2.62500000000000044
2.37200000000000033
3.24040200000000045
2.89740200000000003
2.59620000000000006
1.68540000000000001
2.97460000000000013
2.03060000000000018
2.16059999999999963
2.23059999999999992
2.93899999999999961
3.31340199999999996
2.18480000000000008
2.80600199999999989
1.84800000000000009
3.08020200000000033
3.03119999999999967
3.01560199999999989
2.90560000000000063
1.88840000000000008
2.43900000000000006
3.49960400000000016
3.14660200000000012
3.55420399999999992
2.65340200000000026
3.75240399999999985
2.54700199999999999
3.19940399999999991
2.69640199999999997
2.87260199999999966
3.23960199999999920
2.81400000000000006
2.03080000000000016
2.64660000000000029
1.90940000000000021
2.14479999999999960
2.03200000000000003
2.38440000000000030
2.48780000000000001
2.96540000000000026
2.57700000000000040
2.51200000000000001
2.58740199999999998
2.46839999999999993
3.46380400000000055
2.70380200000000004
2.51540000000000008
2.42920000000000025
4.05000399999999949
2.39200199999999974
1.98140000000000027
2.79640000000000022
2.44980000000000020
3.06160199999999971
3.06040199999999984
3.15439999999999987
2.33219999999999983
3.51720199999999972
2.67940199999999962
3.47619999999999996
2.14740000000000020
2.64699999999999980
3.46420200000000023
3.13179999999999970
2.13600000000000012
3.22760400000000036
3.58980399999999999
2.97840199999999999
2.90300199999999986
2.16920000000000002
3.49600400000000011
3.27680399999999983
2.22000000000000020
1.85199999999999987
2.64319999999999977
3.09120200000000001
2.61319999999999997
2.46520000000000028
2.91120200000000029
2.95799999999999974
2.82260000000000000
2.34100000000000019
2.44980000000000020
1.86140000000000017
3.77520400000000000
2.56360000000000010
3.90920200000000051
2.84060199999999963
3.50700399999999979
2.76060199999999956
2.87020199999999992
3.28760000000000030
2.87260000000000026
1.97839999999999994
2.98020199999999980
1.84819999999999984
3.36180400000000024
2.65459999999999985
3.21500399999999953
2.63980199999999998
1.64880000000000004
2.72960000000000003
2.57219999999999960
1.64819999999999989
3.68040199999999995
2.70579999999999954
2.17520000000000024
3.06800399999999973
4.08960399999999957
2.26279999999999992
4.06760000000000055
2.84680000000000000
2.96039999999999992
3.06540199999999974
3.38800200000000018
2.24800000000000022
3.45880000000000010
3.84180199999999994
3.28380399999999995
3.51440200000000047
2.84360199999999974
3.21260000000000057
2.60240199999999966
2.23879999999999990
1.70440000000000014
3.24580199999999985
3.05019999999999980
2.22100000000000009
3.33239999999999981
3.24320000000000030
2.21379999999999999
2.62040199999999990
3.20200200000000024
3.02960199999999968
2.28100000000000014
3.16400000000000015
3.70920000000000005
2.74400199999999961
3.08999999999999986
1.75200000000000022
3.16100199999999987
3.64860399999999974
2.85280200000000006
2.61740199999999978
3.02420000000000000
2.51760000000000028
3.19360199999999983
3.86860200000000010
3.30740199999999973
2.76340200000000014
2.71640000000000015
2.48619999999999974
3.93080399999999974
2.70399999999999974
3.83880199999999983
3.26339999999999986
3.19280399999999975
2.83440199999999987
2.95739999999999981
2.91900199999999987
3.56720199999999954
2.37100000000000000
1.56020000000000003
2.70320000000000027
2.30520000000000014
3.47940399999999972
3.11640199999999989
3.07240199999999986
3.60340199999999999
2.57960000000000012
2.58960200000000018
3.34219999999999962
3.66920199999999985
3.22660199999999975
2.59359999999999991
2.37880000000000003
3.78260400000000008
3.17819999999999991
3.58760399999999979
4.30380599999999980
2.92519999999999980
2.94900199999999968
3.88160399999999939
3.99440399999999940
3.10160200000000019
3.21500399999999953
3.80760200000000015
3.20540200000000031
1.83960000000000012
3.80760200000000015
3.17939999999999978
2.72259999999999991
3.64220399999999955
2.46720000000000006
2.40599999999999969
3.27520400000000000
2.67520000000000024
3.65380399999999961
3.83560399999999913
2.87940199999999979
3.57740200000000019
2.73239999999999972
2.40320000000000000
3.20920199999999989
2.81559999999999988
2.92479999999999984
3.06360000000000010
2.98560000000000025
2.19320000000000004
2.74600000000000000
3.50260399999999938
3.29040400000000011
3.59180200000000038
3.61579999999999924
2.94440400000000002
2.31919999999999993
2.56660000000000021
2.94260000000000010
2.87999999999999989
2.91700200000000009
1.92460000000000031
3.00540200000000013
2.20959999999999956
2.27360000000000051
1.78619999999999979
2.99640199999999979
2.42340000000000000
3.17779999999999996
3.47940399999999972
2.48539999999999983
2.84040000000000026
3.08460199999999984
1.63339999999999996
3.35700200000000004
3.73740000000000006
2.81360000000000010
3.16499999999999959
3.02940200000000015
2.54600000000000026
2.25419999999999998
4.14600599999999897
3.63740199999999936
2.51619999999999999
3.55320199999999975
3.42020200000000063
2.07899999999999974
3.19600200000000001
3.94620599999999921
1.62859999999999983
1.95219999999999994
2.86120200000000002
2.13520000000000021
2.70560000000000000
2.98860199999999976
2.31040000000000001
3.21900199999999970
2.75240200000000002
3.65620199999999951
2.84160000000000013
3.19860400000000045
2.09260000000000002
2.84760199999999974
3.02380199999999988
3.15720000000000001
3.09220000000000006
2.81580199999999969
2.53180199999999989
2.38860000000000028
2.93499999999999961
3.05020200000000008
2.92080199999999968
2.88640199999999991
2.79799999999999960
2.84780000000000033
1.88000000000000012
2.34840200000000010
3.20520199999999988
2.55740199999999973
3.30120199999999997
2.32279999999999998
2.80620199999999986
2.81959999999999988
2.63200199999999995
2.74380199999999963
2.15900200000000009
2.58979999999999988
2.98899999999999988
3.39740199999999959
3.14420000000000011
2.62420199999999992
3.11060399999999948
4.02020399999999967
1.93519999999999959
3.60720400000000030
2.21080200000000016
2.56000199999999989
2.37000199999999994
3.58040000000000003
3.35020200000000035
3.60480199999999940
3.76280400000000004
3.47940399999999972
2.40500199999999964
1.55460000000000020
2.00279999999999969
2.53660199999999980
3.28980200000000034
2.63580199999999953
2.84740199999999977
2.48760000000000003
3.26060000000000016
3.00819999999999999
2.25619999999999976
2.04959999999999942
2.94300199999999990
3.99380600000000019
3.04920199999999975
2.41840000000000011
1.54380000000000006
2.08700000000000019
3.45420199999999999
2.66260199999999969
2.55120000000000013
3.06540200000000018
2.69440199999999974
3.19520199999999965
3.28200000000000003
3.11740200000000023
2.23439999999999994
2.07739999999999991
2.01400000000000023
3.11260199999999987
3.04640199999999961
1.68819999999999970
3.03499999999999970
2.96640000000000015
3.10940200000000022
2.35439999999999960
2.52360000000000007
3.04120199999999974
3.07420199999999966
3.06660399999999989
2.55399999999999983
2.40500000000000025
3.14559999999999995
2.90519999999999978
3.47280200000000017
3.01379999999999981
2.44960000000000022
2.62840000000000007
3.16980199999999979
2.66659999999999986
2.61960199999999999
2.58959999999999990
2.56720000000000015
2.27740199999999993
2.62940200000000024
2.86479999999999979
3.31160199999999971
2.47219999999999995
3.15120199999999961
2.03039999999999976
2.86260000000000003
2.56820000000000004
2.50199999999999978
2.87199999999999989
2.83959999999999990
2.74380200000000007
2.54740199999999994
2.53940000000000010
3.73440399999999917
3.87800600000000006
2.45819999999999972
3.07800200000000013
2.62500000000000000
2.92140199999999961
3.01259999999999994
2.46479999999999944
4.21260399999999979
2.08900199999999980
2.49399999999999977
1.86020000000000008
1.76379999999999981
2.58160000000000034
2.46159999999999979
2.25459999999999994
1.77879999999999994
1.56259999999999977
1.72960000000000003
2.84660000000000002
2.05940000000000012
3.11900199999999961
2.36699999999999999
3.08999999999999986
3.25000199999999984
3.40360200000000024
3.61080199999999962
3.27580200000000010
3.01479999999999970
3.48780199999999985
3.80720400000000003
2.60460000000000003
3.07279999999999998
3.54579999999999984
2.90059999999999985
3.29440200000000027
2.94860200000000017
3.48940200000000056
2.56740000000000057
2.77800000000000002
2.59240000000000004
3.03820000000000023
3.34500400000000031
2.72160000000000002
2.47420000000000018
2.53179999999999961
3.94680400000000020
2.78680200000000022
2.90999999999999970
2.89240199999999970
1.89280000000000004
2.71960199999999963
2.04639999999999977
1.82880000000000043
2.53140000000000009
2.48919999999999986
1.40520000000000000
1.63799999999999990
2.45160000000000000
2.35499999999999998
2.75280199999999953
2.80140199999999995
2.97140199999999988
2.26960199999999990
2.31499999999999995
2.45619999999999994
2.79400199999999987
2.89420399999999978
1.99360000000000004
2.26639999999999997
3.24020000000000019
2.55940000000000012
2.76000200000000007
2.54900200000000021
1.90399999999999991
3.67599999999999971
2.47420000000000062
2.21260000000000012
3.42820199999999975
1.91000000000000014
4.27480399999999960
2.31459999999999955
2.34719999999999995
3.62139999999999995
2.62220200000000014
3.10120400000000007
2.76880000000000015
3.46380199999999983
2.98720199999999991
3.88780400000000004
3.15280200000000033
2.45480000000000009
2.79760199999999992
2.41659999999999986
2.59000000000000030
2.77520399999999956
3.68760599999999972
2.66720200000000007
3.50340199999999991
3.34600199999999992
2.99120199999999992
2.56680000000000019
4.03960000000000008
2.66160200000000025
3.38760400000000050
2.76199999999999957
1.95120000000000005
2.80160199999999993
1.90219999999999989
2.82220199999999988
2.61980000000000013
3.48300000000000054
2.19920000000000027
2.43800000000000017
2.74740200000000012
3.45720399999999994
3.26780399999999949
2.82699999999999996
3.68940199999999985
2.12440000000000007
3.85540599999999989
3.41300200000000009
2.60919999999999996
4.00499999999999989
2.24440200000000001
2.58939999999999992
2.84920399999999985
2.24480000000000013
2.76280199999999976
3.59440399999999993
3.02320400000000022
3.21440399999999959
3.30940199999999995
2.69260000000000010
2.62500000000000000
4.01440399999999986
2.58479999999999999
2.88920199999999960
3.57260000000000000
2.81259999999999977
4.13240200000000080
2.53020000000000023
2.63860000000000028
2.76740199999999970
3.42000000000000037
2.77040199999999981
3.37340000000000018
4.37920599999999993
3.08360199999999995
2.91840399999999978
3.56100399999999961
4.11260599999999954
3.60580199999999973
3.49880199999999997
3.88080200000000008
3.60420400000000019
2.22580000000000000
3.80700199999999978
3.37319999999999975
2.96440199999999976
3.20360200000000006
2.78300200000000020
2.37399999999999967
3.23280199999999951
2.49360000000000026
2.63000000000000034
3.33400199999999947
2.73900200000000016
3.51520399999999977
3.84400400000000042
4.09260800000000025
2.89800000000000013
3.15840199999999971
2.33100000000000041
2.97019999999999973
3.54740399999999934
3.14080199999999987
3.88540399999999986
3.77320199999999994
4.16500400000000059
3.21680000000000055
2.40600000000000014
2.98660000000000014
2.48560000000000025
2.86900199999999961
3.50220000000000065
3.07960200000000039
2.96460199999999974
2.30180000000000007
2.77439999999999998
4.07300200000000068
4.05380200000000013
4.00540200000000013
2.87420000000000009
3.33920000000000039
2.70439999999999969
3.15280199999999988
2.68339999999999979
2.10480000000000000
2.98420199999999980
3.25560399999999950
3.36839999999999984
3.18400399999999983
3.33420399999999972
2.61060000000000025
2.44379999999999997
2.82419999999999982
2.79539800000000005
4.04580599999999979
2.43280000000000030
2.93140199999999984
1.39039999999999986
2.91360200000000003
2.85740200000000000
2.69220199999999998
2.94599999999999973
1.27059999999999995
2.60400000000000009
2.97380000000000022
1.32079999999999975
3.70360399999999990
3.24220200000000025
1.60399999999999987
2.88999999999999968
2.36080000000000023
2.01219999999999999
3.03780200000000011
2.67779999999999996
2.64999999999999991
2.58919999999999995
3.86300200000000027
2.06540199999999974
2.93040199999999995
4.03060600000000058
2.84460000000000024
2.36520000000000019
3.36500000000000066
3.80619999999999958
2.85720200000000002
2.77740000000000009
3.55520000000000014
4.00000399999999967
3.28160199999999946
4.20940400000000015
2.30879999999999974
3.72839999999999971
3.35220199999999968
2.26339999999999986
1.66840000000000011
1.64959999999999996
3.48380000000000001
2.85739999999999972
3.24600000000000000
2.14200000000000035
3.46480399999999955
4.29760199999999948
2.41719999999999979
2.23780000000000001
3.26299999999999946
4.13720399999999966
2.64740200000000048
3.16540199999999983
2.91359999999999975
3.07040200000000008
3.34480399999999989
2.76520000000000010
3.68800400000000028
1.98780199999999985
2.47320000000000029
4.13780400000000004
1.94419999999999993
2.67240000000000011
1.02119999999999989
1.06600000000000006
2.46140000000000025
2.47759999999999980
4.46540400000000037
3.26620199999999983
2.42920000000000025
2.83939999999999992
4.20600400000000008
3.32140199999999997
2.34860200000000008
3.13480199999999964
2.05379999999999985
3.08440000000000003
3.44880399999999998
3.58039999999999958
3.24580199999999985
3.18320000000000025
3.17780399999999963
2.43380000000000019
2.86180000000000012
1.93659999999999988
1.77300000000000013
2.59860000000000024
2.32279999999999998
1.65360000000000018
2.07919999999999972
2.08720000000000017
2.80660199999999982
2.38680000000000003
2.67320000000000002
3.52700200000000041
4.00640600000000013
3.59160600000000008
2.20739999999999981
2.98380199999999984
2.42560000000000020
2.75680399999999981
2.66340000000000021
1.87279999999999980
2.96039999999999992
2.63980000000000015
2.79500199999999976
2.30479999999999974
2.03740000000000032
2.94180200000000003
3.24699999999999989
4.03299999999999947
3.61579999999999924
2.83460200000000029
2.27539999999999987
2.42839999999999989
2.02580000000000027
2.64640000000000031
2.86020200000000013
2.08079999999999998
3.12640399999999996
3.41380199999999956
3.05980199999999991
1.73219999999999996
2.68860199999999994
1.64840000000000009
2.82560199999999995
2.84760199999999974
1.59739999999999993
3.50700000000000012
1.28400000000000003
2.50240200000000002
3.74460399999999982
2.46680199999999994
3.53040200000000004
2.78900000000000015
2.74140000000000006
1.40420000000000011
3.57260399999999967
3.06340000000000012
1.79139999999999988
2.19419999999999993
2.66120000000000001
2.22040199999999999
3.06160199999999971
1.97160000000000002
2.17240000000000011
2.65680199999999989
3.05700199999999978
1.50039999999999996
3.17900000000000027
2.48500200000000016
2.49559999999999960
1.92200000000000015
2.42740000000000000
3.37400400000000023
4.20700400000000041
2.70700200000000013
1.93320000000000003
2.40419999999999989
1.94800200000000001
2.73880000000000035
2.31139999999999990
2.49340000000000028
1.99180000000000001
2.02039999999999997
2.98340399999999928
3.56379999999999963
3.52400200000000030
3.44360199999999983
2.72239999999999993
3.71840399999999960
1.91359800000000035
2.95780200000000004
3.18160200000000026
3.89100200000000029
2.35259999999999980
2.94140200000000007
2.73700000000000054
3.44140200000000007
2.86520200000000047
1.96760199999999985
3.39060399999999973
1.72920000000000007
1.58440000000000003
3.99600199999999983
1.09999999999999987
2.52620000000000022
2.03000000000000025
3.86140400000000028
2.05040000000000022
2.62920200000000026
3.47940399999999972
3.11799999999999988
1.40419999999999989
2.86160000000000014
2.93280000000000030
2.33360199999999995
2.31940200000000019
2.98980399999999991
0.89819999999999989
2.73800199999999982
2.75140199999999968
1.62760199999999999
1.78000000000000003
2.58640200000000009
2.07819999999999983
3.21040199999999976
1.19199999999999995
2.62319999999999975
2.12599999999999989
2.63080200000000008
3.48880000000000035
2.21020199999999978
2.56540000000000035
2.27999999999999980
1.30159999999999987
2.69120199999999965
2.27480000000000038
1.43159999999999998
3.04860199999999981
3.18220000000000036
2.25160000000000027
3.48859999999999948
1.66640000000000010
2.06379999999999963
2.25700199999999951
2.07620199999999988
3.21840199999999976
1.39880000000000004
2.26460000000000017
1.47239999999999993
2.34360199999999974
1.62240000000000006
4.15880399999999995
2.53880200000000000
1.64880000000000004
1.46019999999999994
2.46779999999999955
1.35979999999999990
2.29940199999999972
2.20559999999999956
1.06040000000000001
1.25039999999999996
1.89620200000000017
2.27919999999999989
2.59700400000000009
2.51820199999999961
1.30139999999999967
1.10339999999999994
2.66760200000000003
3.06660200000000005
2.72580399999999967
2.15720000000000045
3.21920399999999995
2.51100000000000012
2.38779999999999992
2.30840000000000023
3.69040200000000018
2.03819999999999979
1.90720000000000023
2.55880000000000019
1.94140000000000024
2.52500200000000019
2.63939999999999975
2.85579999999999989
2.12199999999999989
2.73580200000000007
2.28059999999999974
2.74780199999999963
1.93080000000000007
1.52659999999999973
3.55220399999999970
2.05980199999999991
1.92920000000000025
1.98019999999999996
4.32580399999999976
2.54340199999999994
2.01420000000000021
3.56700399999999984
1.32900000000000018
2.23540199999999967
2.33939999999999992
2.83660200000000007
1.16559999999999997
3.12980200000000020
1.75519999999999987
2.94920200000000010
2.97740200000000010
2.29340000000000011
1.51279999999999992
1.94680199999999992
3.38560200000000000
1.84020000000000006
3.49540199999999990
1.27639999999999998
1.79039999999999999
1.81000000000000005
2.36419999999999986
2.34540000000000015
1.09319999999999995
1.84160000000000013
1.71640000000000015
1.16940000000000000
1.66819999999999991
2.11299999999999999
2.61720200000000025
2.96079999999999988
2.33860000000000046
2.03940000000000010
2.09100000000000019
0.88939999999999986
1.50540000000000007
1.99019999999999975
1.97600000000000020
2.76580199999999987
2.59640200000000032
2.01359999999999983
1.45979999999999999
1.51219999999999999
1.36060000000000025
2.84940000000000015
3.60840199999999944
2.55380200000000013
1.46019999999999994
2.57640200000000030
3.25220400000000032
2.81599999999999984
2.69800200000000023
2.86600000000000055
2.13140200000000002
1.85300000000000020
2.75720200000000037
1.28939999999999988
1.93579999999999997
1.89260199999999967
2.13820200000000016
2.39020199999999949
2.87760400000000027
1.50819999999999999
2.32439999999999980
2.12199999999999989
2.24060199999999998
4.41660599999999981
1.93640000000000012
2.39940199999999981
2.34160199999999996
1.64999999999999991
1.83780000000000010
2.71459999999999990
1.49580000000000002
1.65159999999999973
2.72900200000000037
1.96099999999999985
3.09700399999999965
1.52940000000000009
2.24420000000000019
2.78680200000000022
1.30439999999999978
1.19979999999999998
1.78539999999999988
1.98599999999999999
1.48900000000000010
1.22979999999999978
1.94699999999999984
1.10080000000000000
1.93060000000000009
2.09039999999999981
2.50000000000000000
2.00959999999999983
2.11019999999999985
3.05859999999999976
3.03460200000000002
3.41600399999999960
3.70560399999999968
2.60260000000000025
2.24880000000000013
1.72940000000000005
2.04980000000000029
1.89959999999999996
1.74940000000000007
1.98400000000000043
1.63860000000000028
2.06539999999999990
2.71619999999999973
3.79360000000000008
3.81960200000000061
2.28920000000000012
2.19120000000000026
3.23160399999999992
3.29260000000000019
4.58780400000000022
2.77720199999999995
2.06639999999999979
2.83740400000000026
2.55940399999999979
1.70679999999999987
1.85640000000000005
2.58659999999999979
3.11119999999999974
1.78419999999999979
2.56459999999999999
2.95199999999999996
1.91100000000000003
3.48280199999999951
2.43300200000000011
2.38639999999999963
2.07019999999999982
2.00560000000000027
2.17560000000000020
1.07180000000000009
2.96539999999999981
1.72960000000000003
3.46680199999999994
1.53539999999999988
3.21020200000000022
2.52419999999999956
2.15979999999999972
3.55540400000000023
2.41900000000000004
2.00539999999999985
3.45540400000000014
2.08340000000000014
2.28680000000000039
2.41279999999999983
2.57480399999999987
1.32820000000000005
1.86619999999999986
1.66559999999999997
1.97899999999999987
2.78639999999999999
2.27860200000000024
2.50580200000000008
4.34220199999999945
1.56980000000000008
1.99819999999999953
1.66080000000000005
1.35560000000000014
2.25680199999999953
0.93099999999999983
1.49399999999999999
1.97500199999999992
2.55240000000000000
2.63799999999999990
1.92359999999999998
3.04380000000000006
2.01920199999999994
2.43000000000000016
2.32500000000000018
1.90520000000000000
2.41420199999999996
2.23240000000000016
2.64080199999999987
1.69680000000000009
1.56980000000000008
3.01260199999999978
3.04460199999999981
1.63019999999999987
2.58400000000000052
1.77380199999999988
2.66040000000000010
3.37980000000000036
3.21760000000000002
3.50020000000000042
1.47019999999999995
2.53740199999999971
2.09320000000000039
2.95420199999999999
3.10940200000000022
1.96900000000000008
1.16759999999999997
1.38420000000000010
2.54419999999999957
2.55220199999999986
2.15280000000000005
1.90240000000000009
2.22740000000000027
1.44879999999999987
1.97760000000000002
3.58300399999999986
2.58340199999999998
1.45940000000000003
2.75819999999999999
3.08360000000000012
1.41219999999999990
1.99480199999999952
1.62800000000000011
2.89560000000000040
1.41179999999999994
2.09359999999999991
2.24340199999999967
1.99099999999999966
2.04420199999999985
1.75560000000000005
3.02660399999999985
1.64100000000000001
1.08680000000000021
2.58000000000000007
1.83719999999999994
0.87700000000000000
1.94439999999999991
1.66920000000000002
2.49100399999999977
1.04400000000000004
1.84979999999999967
1.31980000000000008
2.43840000000000012
2.21619999999999973
1.66679999999999984
2.80940199999999995
3.37139999999999995
1.64660000000000006
2.93199999999999994
1.57099999999999973
2.71399999999999952
1.44960000000000000
1.88980199999999998
1.31459999999999999
2.19979999999999976
2.69119999999999981
1.04800000000000004
3.27859999999999996
2.38760200000000022
1.29360000000000008
3.66260599999999936
1.60140000000000038
2.13339999999999996
2.84300000000000042
2.76980000000000004
2.43700000000000028
1.10360000000000014
3.71760199999999941
2.83920000000000039
2.31599999999999984
1.62100000000000000
1.86239999999999983
1.26239999999999997
2.06419999999999959
3.02800199999999986
2.07480200000000004
1.67680000000000007
2.26400200000000007
1.01780000000000004
1.70820000000000016
2.10820199999999991
1.81479999999999997
3.44200199999999956
1.68540000000000001
1.89019999999999966
3.86660399999999971
1.53039999999999998
2.20300000000000029
1.80719999999999992
3.55460400000000032
1.56539999999999990
2.50540199999999968
2.98599999999999977
1.21980000000000000
2.75540199999999968
1.39480000000000004
3.15220199999999995
2.02020000000000000
1.63760000000000017
1.53799999999999981
1.08939999999999992
1.85119999999999996
2.06280200000000002
2.32500000000000018
3.46000200000000024
1.28539999999999988
1.34920000000000018
1.11779999999999990
2.00240000000000018
1.88760000000000017
2.25400000000000000
1.43060000000000009
1.90999999999999970
1.56940000000000013
1.92800000000000016
2.42240000000000011
1.82979999999999987
1.77899999999999991
1.69760000000000000
1.28100000000000014
1.43039999999999989
1.53239999999999998
1.96139999999999981
1.80080000000000018
1.60000000000000009
1.62500000000000000
1.39100000000000024
2.15680000000000005
2.63900000000000023
1.83279999999999998
1.64439999999999986
2.90700200000000031
1.48239999999999994
1.47239999999999993
1.43720000000000026
1.49200000000000021
1.66280000000000006
3.12840199999999991
1.73739999999999983
2.22560000000000002
1.31040000000000001
2.91400199999999998
1.64680000000000004
1.81459999999999999
1.57539999999999991
3.04460200000000025
1.99179799999999996
2.41060000000000008
1.90099999999999980
1.55380000000000007
1.63159999999999994
1.61919999999999997
1.74399999999999977
2.08079999999999954
1.77300000000000013
1.76299999999999990
2.43600199999999978
1.45320000000000027
1.58260000000000001
2.07320200000000021
1.34019999999999984
1.71720000000000006
2.08999999999999986
1.36840000000000006
1.42980000000000018
1.87760000000000038
1.51920000000000011
1.63700000000000001
1.81659999999999999
1.34480000000000000
1.75479999999999992
3.36820399999999998
3.01740399999999998
1.37280000000000002
2.24380199999999963
1.55380000000000007
0.93860000000000010
1.68779999999999997
2.19160200000000049
1.23939999999999984
2.07360000000000033
2.31640000000000024
1.89020000000000010
1.81939999999999991
1.65399999999999991
1.70679999999999987
2.78500000000000014
1.47819999999999996
1.62620000000000009
1.38379999999999992
2.01200199999999985
1.41259999999999986
1.26559999999999984
2.32200000000000006
1.92579999999999996
2.27059999999999995
2.31660000000000021
2.75720000000000010
1.54080000000000017
1.82440000000000002
0.65820000000000012
2.08459999999999956
1.64480000000000004
1.07539999999999991
3.26139999999999963
1.98939999999999984
2.39280200000000010
2.73360399999999970
1.99140200000000012
2.49560000000000004
1.52899999999999991
1.69159999999999999
1.12339999999999995
1.77659999999999973
1.10860000000000003
2.09500200000000003
1.40280000000000005
2.77000000000000002
1.46779999999999999
3.02020000000000000
1.86059999999999981
3.30140000000000011
1.84680000000000000
1.39280000000000004
1.61499999999999977
1.91979999999999995
2.39460199999999990
2.20760000000000023
1.82599999999999985
1.37360000000000015
2.52280000000000015
2.24420000000000019
2.42659999999999965
1.85480000000000023
1.70939999999999981
1.85119999999999996
2.02760000000000007
1.73819999999999975
1.86200199999999971
1.56319999999999992
1.88560000000000016
1.84919999999999973
1.90720000000000001
2.29660000000000020
1.05620000000000003
2.44940200000000008
2.15439999999999987
1.86700000000000021
1.00200000000000000
2.36660000000000004
1.65420000000000011
1.53520000000000012
1.25320000000000009
2.75920200000000015
1.76720000000000010
1.90300000000000002
1.26080000000000014
1.35479999999999978
1.17059999999999986
1.85679999999999978
1.92279999999999984
1.45480000000000009
2.43160199999999982
1.34319999999999995
2.51460000000000017
1.82020000000000026
1.51359999999999983
1.74899999999999989
1.58879999999999999
2.48420000000000041
2.43000200000000000
1.92960000000000020
2.23079999999999989
1.88879999999999981
1.83380000000000010
1.70639999999999992
2.84420399999999995
1.46679999999999988
1.98120000000000007
1.57540000000000013
2.84940000000000015
1.52159999999999984
2.54780199999999990
2.67879999999999985
1.36460000000000004
2.52240000000000020
0.85280000000000000
1.32620000000000005
1.38319999999999999
1.52660000000000018
2.11920200000000003
2.50459999999999994
1.53180000000000005
2.21539999999999981
2.36160000000000014
2.64800000000000013
1.66640000000000010
2.20199999999999996
2.17419999999999991
1.39020000000000010
2.63080200000000008
1.50139999999999985
1.57260000000000000
2.77120400000000000
1.57020000000000004
1.26420000000000021
2.52160000000000029
1.65080000000000027
3.14600200000000019
2.08780000000000010
2.68540399999999968
2.64460199999999990
2.29619999999999980
2.17579999999999973
3.55720400000000003
2.61460200000000009
1.88779999999999992
2.97860399999999981
1.96180200000000005
1.42320000000000002
1.20620000000000016
2.04500000000000037
2.24300199999999972
1.28600000000000003
2.58560000000000034
1.41460000000000008
2.06519999999999992
1.86540000000000039
1.43300000000000027
2.02479999999999993
1.72740000000000005
1.22799999999999998
2.46159999999999979
2.16839999999999966
2.21639999999999970
2.05440000000000023
2.85439999999999960
2.35739999999999972
1.91580000000000017
1.38500000000000001
2.82660200000000028
2.41659999999999986
1.93560000000000021
1.37840000000000007
1.63000000000000012
2.52340000000000009
1.42120000000000002
1.98780000000000001
1.56279999999999997
2.49739999999999984
2.55680200000000024
1.56259999999999999
2.79600000000000026
1.98260000000000014
1.43059999999999987
1.39980000000000016
1.38479999999999981
1.88239999999999985
1.20900000000000007
1.84620000000000006
1.24239999999999995
2.76379999999999981
2.40679999999999961
2.40839999999999987
1.46160000000000001
2.37300000000000022
1.19379999999999997
2.04459999999999997
1.12780000000000014
1.48580000000000001
1.65579999999999994
2.75659999999999972
2.59539999999999971
2.10579999999999989
1.80040000000000022
1.49019999999999997
1.81379999999999986
1.96799999999999997
2.62360000000000015
2.63539999999999974
2.21499999999999986
1.83180000000000009
1.99160000000000004
2.26780199999999965
1.47239999999999993
1.73359999999999981
2.32460000000000022
1.30200000000000005
1.71619999999999995
1.70319999999999960
2.37260199999999966
2.47980000000000000
2.07420000000000027
2.22800000000000020
1.91799999999999993
1.51659999999999995
1.91559999999999997
1.31800000000000006
2.25840000000000041
2.15220000000000011
1.19760000000000000
1.73060000000000014
1.57380000000000009
1.43380000000000019
1.84680000000000044
2.89000000000000012
2.41679999999999984
2.06360000000000010
2.57620199999999988
1.90579999999999994
1.39939999999999998
1.96120000000000028
2.13359999999999994
2.52760000000000007
1.51699999999999990
1.95280000000000031
2.00899999999999990
1.45120000000000005
1.78719999999999990
1.74340000000000006
1.48280000000000012
2.12280000000000024
2.88999999999999968
2.41739999999999977
2.51700200000000018
2.38600000000000012
1.41239999999999988
2.32600000000000007
1.60919999999999996
1.36860000000000004
2.10820000000000007
1.66640000000000010
2.53480000000000016
2.29919999999999991
2.11660000000000004
2.09100000000000019
2.18959999999999999
2.47740000000000027
1.87740000000000018
1.23459999999999992
1.43420000000000014
1.89939999999999998
2.99659999999999993
1.40220000000000011
1.24560000000000004
1.79099999999999993
1.99339999999999984
1.61639999999999984
2.44479999999999986
1.79639999999999977
1.86499999999999977
1.79560000000000031
1.62360000000000015
2.15019999999999989
1.93179999999999974
1.69259999999999988
2.82120000000000015
1.59399999999999986
1.98520000000000008
1.85460000000000003
2.18900000000000006
1.54080000000000017
2.99839999999999973
1.89179999999999993
1.30180000000000007
2.39239999999999986
2.63079999999999981
1.59299999999999997
1.30760000000000010
2.22539999999999960
2.42419999999999991
2.46660000000000013
1.98839999999999995
2.31800000000000050
1.96280000000000010
1.89159999999999995
1.70179999999999998
2.73140200000000011
1.40159999999999973
2.00720000000000010
2.69859999999999989
1.79340000000000011
1.89619999999999989
2.16359999999999975
1.16780000000000017
1.91379999999999972
1.36640000000000006
1.82980000000000009
2.10300000000000020
2.22520000000000007
1.95179999999999998
2.00219999999999976
1.70240000000000014
2.11759999999999993
2.39459999999999962
1.70479999999999987
2.30540000000000012
2.10140000000000038
1.38379999999999992
2.12699999999999978
1.75360000000000005
1.96679999999999988
1.78340000000000032
2.65039999999999987
2.16739999999999977
1.65200000000000036
1.78939999999999988
1.97380000000000000
1.36260000000000003
3.06440000000000001
2.16340200000000005
1.90300000000000002
1.92499999999999960
1.97500000000000009
2.82120000000000015
2.21499999999999986
2.58579999999999988
2.74639999999999995
1.54960000000000031
1.58620000000000005
1.78459999999999996
1.99900000000000011
1.96720000000000006
1.25380000000000003
1.61919999999999997
2.32919999999999972
2.21179999999999977
1.93299999999999983
2.04939999999999989
1.68120000000000003
2.42040200000000016
1.04699999999999993
1.96560000000000024
1.24740000000000006
1.75279999999999991
2.38160000000000016
2.00740000000000007
2.50000000000000044
2.70939999999999959
1.97220000000000018
1.79960000000000031
1.86700000000000021
2.14720000000000022
1.64899999999999980
2.44580000000000020
1.83519999999999994
2.26980000000000004
1.74459999999999971
1.85420000000000007
2.70639999999999992
2.79800199999999988
2.67820199999999975
1.84959999999999991
2.51879999999999971
1.97980000000000023
3.38600200000000040
2.37579999999999991
2.98640199999999956
2.38040000000000029
1.61020000000000008
2.29479999999999995
2.17939999999999978
1.76379999999999981
2.01360000000000028
2.42399999999999993
3.37340199999999957
1.90520000000000000
2.61900200000000005
2.28680000000000039
2.51679999999999993
1.61240000000000028
2.38579999999999970
2.48840199999999978
2.52240000000000020
2.55480000000000018
1.55519999999999992
2.07599999999999962
2.21880000000000033
2.42060000000000031
1.91299999999999981
1.98640000000000017
1.75639999999999974
2.03660000000000041
1.22199999999999998
2.63340000000000041
2.31899999999999995
2.16359999999999975
2.18080000000000007
2.33279999999999976
2.21059999999999990
2.14920000000000000
1.38399999999999990
3.60480200000000028
2.21659999999999968
1.65440000000000009
2.59360000000000035
2.79240000000000022
2.63960000000000017
1.69319999999999982
2.37580000000000036
2.10620000000000029
2.01319999999999988
2.35039999999999960
2.96619999999999973
1.61320000000000019
3.64099999999999957
1.93419999999999992
2.71340000000000003
2.11779999999999990
2.29600000000000026
1.63280000000000003
2.17859999999999987
1.82920000000000016
2.16219999999999990
2.41459999999999964
2.52840000000000042
2.49500000000000011
2.57940199999999953
3.50720000000000010
1.68080000000000007
2.41900000000000048
2.63239999999999963
2.45239999999999991
2.43659999999999988
1.60380000000000011
2.69459999999999988
2.81760000000000010
2.58119999999999994
1.90820000000000012
2.75860000000000039
2.82240199999999986
2.51920000000000055
2.01700000000000035
2.19979999999999976
2.63879999999999981
2.15180000000000016
1.54320000000000013
2.31000000000000005
2.38120000000000021
1.51559999999999984
2.05280000000000040
2.13520200000000004
2.49940000000000007
1.94699999999999984
1.40520000000000000
2.98979999999999979
2.20500000000000007
2.42379999999999995
2.24760000000000026
1.63100000000000023
2.71039999999999992
1.98839999999999995
2.51900000000000013
2.72160000000000002
2.36419999999999986
2.19399999999999995
2.62880000000000003
2.23699999999999966
2.18140000000000001
2.62120000000000042
2.00400000000000000
2.48619999999999974
2.47480000000000011
1.92759999999999998
1.93099999999999983
2.56780000000000008
1.66060000000000008
1.98780000000000001
2.01580000000000004
3.23799999999999955
1.49960000000000004
2.13120000000000021
1.98900000000000010
2.85700000000000021
2.41020000000000012
2.04679999999999973
2.01020000000000021
2.00919999999999987
2.10259999999999980
2.91860000000000053
2.39139999999999997
2.72540000000000004
3.20760000000000023
2.33899999999999997
2.08979999999999988
2.16439999999999966
2.75739999999999963
1.66560000000000019
1.91039999999999988
2.11760000000000037
2.44160000000000021
2.73979999999999979
1.69680000000000009
2.87780199999999997
1.45399999999999996
1.82539999999999969
2.84280199999999983
2.30340000000000034
2.84899999999999975
2.40779999999999994
2.71079999999999988
2.62619999999999987
2.52799999999999958
2.68239999999999990
1.72919999999999985
2.41860000000000008
3.51520199999999994
2.75099999999999989
2.79779999999999962
1.89140000000000019
2.93599999999999994
3.28040000000000020
2.49080000000000013
2.30120000000000013
2.69880199999999970
1.98060000000000014
2.29079999999999995
2.37680000000000025
3.32040200000000008
2.63220000000000010
1.94119999999999981
2.15720000000000045
2.61699999999999999
2.65920199999999962
2.56599999999999984
2.73380000000000001
3.10099999999999998
2.42760000000000042
2.78419999999999979
3.16920199999999985
2.81800000000000006
2.38319999999999999
2.03460000000000019
2.09059999999999979
2.67020199999999974
1.65080000000000027
2.41239999999999988
2.41920000000000002
2.08139999999999992
2.39339999999999975
2.10380000000000011
2.05600000000000005
1.74860000000000015
2.05060000000000020
1.95760000000000001
2.55640000000000001
2.25600000000000023
2.68860000000000010
2.17879999999999985
2.34419999999999984
2.67360199999999981
1.43520000000000025
2.39999999999999991
2.50540000000000029
2.19959999999999978
2.43780000000000019
2.43619999999999992
3.71760200000000030
2.28140000000000009
2.25839999999999996
2.15899999999999981
2.98560000000000025
2.16840000000000011
1.53119999999999989
2.08079999999999998
2.92220199999999997
2.57960000000000012
2.34620000000000006
3.30080000000000018
1.92639999999999989
2.16539999999999999
2.75839999999999996
2.51659999999999995
2.74979999999999958
2.83640199999999965
3.15139999999999976
2.37440199999999990
2.79840000000000000
2.85040000000000004
3.00660200000000000
2.95279999999999987
2.78980000000000006
2.64100000000000001
1.84699999999999998
2.28419999999999979
2.58160199999999973
2.32179999999999964
3.24000199999999960
2.64100000000000001
2.73920200000000014
2.47500000000000009
3.58260200000000006
2.40180000000000016
2.22640200000000021
1.71960000000000024
2.92860000000000031
1.67700000000000005
2.55120000000000013
1.72139999999999982
2.67899999999999983
1.85740000000000016
1.74780000000000024
2.69459999999999988
3.00600000000000023
3.25540200000000013
2.35519999999999996
3.09780200000000017
3.22400000000000020
2.56099999999999994
2.33160000000000034
4.06480199999999936
2.77340199999999992
2.30399999999999983
2.62959999999999994
2.77020000000000000
2.25900199999999973
1.93540000000000001
3.07400199999999968
1.70639999999999992
2.40819999999999990
2.53400200000000009
1.86140000000000017
1.86459999999999981
2.69320000000000004
2.60219999999999985
3.11179999999999968
2.64979999999999993
2.78339999999999987
2.79980000000000029
2.48560000000000025
3.11900000000000066
2.27339999999999964
3.59840399999999949
2.48059999999999992
3.15660199999999991
2.84840199999999921
2.05200000000000005
1.73520000000000008
2.70440000000000014
2.09799999999999986
2.13480000000000025
3.05440200000000006
2.71619999999999973
1.82040000000000002
1.89780000000000015
3.38600199999999996
2.04539999999999988
2.46199999999999974
2.23700000000000010
2.68080199999999991
2.95960199999999984
2.95579999999999998
1.25160000000000005
2.53879999999999972
3.26440199999999958
2.95920199999999989
3.02360199999999990
3.61000399999999999
2.31300000000000017
3.32640000000000047
3.10960199999999976
3.88160599999999922
2.12820000000000009
2.31599999999999984
2.52499999999999991
2.12960000000000038
1.71720000000000006
2.69760000000000000
3.01979999999999960
3.26259999999999994
2.44179999999999975
2.28980000000000050
3.17359999999999953
2.32319999999999993
2.36380000000000035
2.00139999999999940
3.17360199999999981
2.97500000000000009
2.49219999999999953
4.58160599999999985
3.03520000000000012
2.94620199999999999
3.32939999999999969
2.21900200000000014
2.28820000000000023
1.80779999999999985
2.82560000000000011
3.41360200000000003
2.32580199999999992
2.76519999999999966
2.94080200000000014
4.59880599999999973
1.98659999999999992
2.65800199999999975
2.41079999999999961
2.75199999999999978
3.14440199999999992
3.43960199999999983
3.25220399999999987
2.72640200000000021
2.54919999999999991
2.76800200000000007
2.54220200000000007
3.32540199999999952
2.13880000000000026
3.33420199999999989
1.85879999999999979
2.83480200000000027
2.92019999999999991
3.31380000000000052
3.35519999999999996
2.32819999999999983
2.82240000000000002
1.82100000000000017
2.18059999999999965
3.21719999999999962
2.50899999999999990
1.89540200000000003
3.35840400000000017
3.93260200000000060
3.12720000000000020
2.76900199999999996
2.57480000000000020
2.17460000000000031
1.94579999999999975
2.85280199999999962
2.41479999999999961
3.23560200000000009
2.94100200000000012
2.03560000000000008
2.63680000000000003
2.96100399999999997
2.81880000000000042
2.60099999999999998
3.38140399999999985
2.31640000000000024
1.99319999999999986
2.16079999999999961
3.23460200000000020
2.14299999999999979
2.44540000000000024
2.31639999999999979
3.09120200000000001
3.09020000000000028
2.63400000000000034
2.29240000000000022
2.54220000000000024
2.10000000000000009
2.29239999999999977
2.74120200000000036
3.10600199999999971
2.81560400000000000
2.70659999999999989
2.60240000000000027
2.67059999999999986
3.27020199999999983
2.89580199999999977
3.12860199999999988
3.01060000000000016
2.35199999999999987
2.82940000000000014
2.04539999999999988
1.91159999999999997
1.43399999999999994
2.41860000000000008
2.96540200000000009
2.27680000000000016
1.77880000000000038
2.05679999999999996
2.82419999999999982
3.62960199999999977
3.10559999999999992
3.13939999999999975
1.40240000000000009
2.47800000000000020
3.05340199999999973
3.08099999999999996
3.34800000000000031
1.95700000000000007
2.46580000000000021
2.54680000000000017
2.80159999999999965
1.68999999999999995
3.05320200000000019
2.12419999999999964
3.46360400000000013
2.39360000000000017
2.00300000000000011
3.47540199999999988
1.62100000000000000
3.05100199999999999
2.60160000000000036
2.15180000000000016
3.26960199999999990
2.02059999999999995
2.56379999999999963
3.13240199999999991
2.78620000000000001
2.46919999999999984
2.66000199999999953
2.61499999999999977
2.55799999999999983
3.15220199999999995
2.23860000000000037
3.46340399999999971
2.50260000000000016
2.12820000000000009
2.73320199999999991
1.94600000000000017
3.29720000000000013
2.23619999999999974
2.95359999999999978
3.12220000000000031
3.39700200000000052
3.03140199999999993
2.46860000000000035
2.56519999999999992
2.93259999999999987
2.70380000000000020
2.16640000000000033
2.23200000000000021
2.09560000000000013
2.27479999999999993
2.49339999999999984
2.70060000000000056
2.53960199999999992
2.21179999999999977
2.63079999999999981
2.28900000000000015
2.08460000000000001
2.88479999999999981
2.15499999999999980
3.20000200000000001
2.57660000000000000
2.65700000000000003
2.46280000000000010
2.30699999999999994
2.67059999999999942
2.33460000000000001
2.18380000000000019
3.11960399999999982
2.91679999999999984
2.75120200000000015
2.22360000000000024
3.08700000000000019
2.64540199999999981
2.09200000000000008
2.46600000000000019
1.86700000000000021
2.24439999999999973
2.68220200000000020
1.99919999999999964
2.43239999999999990
1.96900000000000008
2.61059999999999981
4.46900399999999998
1.83840000000000003
2.23699999999999966
3.56880599999999948
2.42740000000000000
3.27180199999999965
3.21180199999999960
1.72519999999999984
1.77259999999999995
2.10960000000000036
2.60119999999999996
2.66659999999999986
1.98520000000000008
1.84480000000000000
2.26700000000000035
3.05580199999999991
1.73659999999999992
3.16920199999999985
2.08320000000000016
1.71759999999999979
2.17499999999999982
1.98440000000000016
2.26740199999999970
3.17720000000000002
2.91320199999999963
1.60460000000000025
2.57200199999999990
2.48919999999999941
2.73859999999999992
2.49360200000000010
2.07940000000000014
2.81280200000000002
2.23160000000000025
2.61520000000000019
2.14180200000000021
2.41040000000000010
2.20160000000000000
2.42700000000000049
2.93280200000000013
2.63019999999999987
2.05540000000000012
2.22980000000000000
2.66779999999999973
1.73019999999999996
1.53860000000000019
2.62280200000000008
3.14539999999999997
2.01780000000000026
2.02479999999999993
2.94879999999999987
2.10760000000000014
3.98780199999999985
2.55419999999999980
2.16800000000000015
2.40779999999999950
3.06759999999999966
3.04260000000000019
3.45460399999999979
2.30060000000000020
2.86799999999999988
2.24319999999999986
2.76180200000000031
2.62680200000000008
1.84600000000000009
2.57279999999999998
2.79680200000000001
2.02280000000000015
3.00660200000000000
2.44720000000000004
3.24900199999999950
2.08640000000000025
3.23800200000000027
2.48139999999999983
2.61359999999999992
3.06460199999999983
3.47420200000000046
2.13119999999999976
3.20720200000000011
2.46600000000000019
3.98780199999999985
2.51679999999999993
3.47340200000000010
2.44920000000000027
2.87220000000000031
2.88860000000000028
3.18179999999999996
2.60620000000000029
2.90660000000000007
3.83660399999999990
3.92720399999999881
3.48240199999999955
3.13840200000000014
3.37760000000000016
2.14599999999999991
3.07960199999999995
2.77599999999999980
2.81680200000000003
2.71419999999999995
3.21900199999999970
3.64020399999999977
3.28720200000000062
2.57400000000000029
2.36319999999999997
2.14699999999999980
1.68320000000000003
3.61920200000000003
3.22580200000000028
2.23599999999999977
2.76300199999999974
2.27220000000000066
2.29740000000000011
2.36359999999999992
1.81819999999999982
3.20960199999999940
2.18299999999999983
2.29660000000000020
2.04039999999999999
1.92959999999999998
3.34940000000000015
2.89580000000000037
2.64040000000000008
3.24920199999999948
3.20720200000000011
2.17539999999999978
2.47220200000000023
2.44459999999999988
2.86660199999999987
2.88740200000000025
2.59860000000000024
2.21300000000000008
3.37460200000000032
2.83999999999999986
2.36220000000000008
2.09980000000000011
2.65019999999999989
1.97019999999999973
2.55040200000000006
2.53360199999999969
3.87540399999999963
3.04300000000000015
2.78979999999999961
2.31979999999999986
2.81900000000000039
2.41679999999999984
2.11360000000000037
2.65200199999999997
3.02960199999999968
1.87339999999999973
2.20699999999999985
2.44700000000000006
2.25199999999999978
3.26040200000000002
2.20720000000000027
2.72419999999999973
2.86200000000000010
3.71260599999999963
1.95399999999999996
2.43339999999999979
3.60080000000000044
3.71680399999999977
3.26260000000000039
2.68440199999999995
2.61840199999999967
3.61140199999999956
2.29220000000000024
2.98620199999999958
2.13719999999999999
2.40080199999999966
2.70000000000000018
2.52119999999999989
2.25200000000000022
2.89100199999999985
2.21479999999999988
2.73400199999999938
2.64780199999999954
2.54440200000000027
2.56160199999999971
2.92740199999999984
2.51160000000000005
1.95979999999999999
2.96380199999999983
2.49239999999999995
2.67620000000000013
2.48680000000000012
3.68920399999999926
2.76580000000000004
2.56419999999999959
3.04240200000000005
2.23459999999999948
1.96879999999999988
2.59739999999999949
2.31280000000000019
2.37860000000000005
1.94159999999999999
3.43540199999999984
3.35440199999999944
2.52259999999999973
3.57540599999999964
4.11160399999999981
2.31159999999999988
3.45300200000000013
2.26359999999999983
2.32599999999999962
1.47519999999999984
1.69999999999999996
2.80000200000000010
3.26760399999999995
2.70080199999999992
2.26180000000000003
2.13220000000000010
2.49960000000000004
3.65819999999999990
2.68980000000000041
2.03739999999999988
2.43999999999999995
2.95360200000000006
2.11540000000000017
2.94560200000000005
2.56279999999999974
2.59279999999999955
2.12059999999999960
3.26860399999999984
3.03239999999999998
2.90200000000000014
2.35259999999999980
2.47379999999999978
2.66559999999999997
2.29079999999999995
2.62780199999999997
1.84439999999999982
2.00020000000000042
2.15960000000000019
2.87200200000000017
2.11680000000000001
2.12740000000000062
2.50720200000000037
3.69020400000000004
2.12659999999999982
3.05280199999999979
2.17720000000000002
2.75620000000000021
2.09899999999999975
2.32059999999999977
2.71940200000000010
2.52499999999999991
2.64860000000000007
3.23860199999999931
2.54820000000000002
1.89279999999999982
2.26079999999999970
2.04260000000000019
1.82839999999999980
2.25419999999999998
2.29319999999999968
2.44360200000000027
3.23100200000000015
2.58580200000000016
3.05720200000000020
2.63260000000000005
2.92980199999999957
2.94940200000000008
2.00940000000000030
2.11859999999999982
2.24439999999999973
3.16840199999999950
2.78719999999999946
2.13359999999999994
2.85400000000000009
2.60480000000000000
2.30059999999999976
2.17920000000000025
2.65180199999999999
2.87000199999999994
2.72360200000000008
2.96340199999999987
2.96380400000000011
2.18399999999999972
2.51700000000000035
2.50099999999999989
1.89040199999999992
3.48960200000000009
3.37080399999999969
2.44600000000000017
2.08000000000000052
2.58119999999999994
2.12699999999999978
2.43300000000000027
3.04219999999999979
2.11799999999999988
2.01339999999999986
3.89280399999999949
2.54079999999999995
2.15519999999999978
2.59539999999999971
1.94239999999999990
2.06880000000000042
1.84880000000000000
2.49199999999999999
2.21740000000000004
2.10039999999999960
2.62419999999999964
2.24140000000000006
1.80919999999999992
2.81159999999999988
2.51799999999999979
2.20460000000000012
2.42340000000000000
2.27719999999999967
2.13379999999999992
1.92120000000000002
2.24720000000000031
3.15640000000000009
2.80140199999999995
2.19700000000000006
4.06860399999999967
2.39340000000000019
2.50299999999999967
2.17640000000000011
2.11799999999999988
2.60939999999999994
2.19099999999999984
2.07539999999999969
2.59059999999999979
3.41400000000000015
2.69560199999999961
2.45680200000000015
2.41380000000000017
2.37100000000000000
2.70300000000000029
3.11760199999999976
2.65540000000000020
1.99100000000000010
1.94239999999999990
3.36380199999999974
3.27400400000000014
1.84219999999999962
2.06760000000000010
3.10200399999999998
2.51100199999999996
2.20679999999999987
2.27440000000000042
2.77700000000000014
1.90219999999999989
2.26059999999999972
2.22720000000000029
2.68000000000000060
2.28200000000000003
2.00340000000000007
2.21559999999999979
2.02079999999999993
1.83379999999999965
2.55560199999999949
2.92760199999999982
3.16139999999999999
2.64720200000000006
1.98180000000000023
3.23380000000000001
2.16180000000000039
2.28659999999999997
2.58180200000000015
2.57679999999999954
2.63400199999999973
3.02859999999999996
2.09799999999999986
2.27259999999999973
2.64660000000000029
3.14360200000000001
1.91979999999999995
2.65339999999999998
2.77859999999999996
2.82279999999999998
3.08819999999999961
3.02579999999999938
3.23740400000000017
2.43020000000000014
2.32400000000000029
2.38059999999999983
2.05440000000000023
2.15219999999999967
2.05260000000000042
2.91100000000000003
2.21720000000000006
2.86980000000000057
2.01679999999999993
2.74540199999999990
3.28059999999999974
2.04519999999999991
2.26719999999999988
2.56879999999999997
1.86380000000000012
2.22280000000000033
2.55859999999999976
1.79639999999999977
2.21699999999999964
2.68680200000000013
2.45080000000000009
2.12999999999999989
2.34840200000000010
2.03540000000000010
1.74899999999999989
1.73720000000000008
2.09580000000000011
2.37559999999999993
2.29099999999999993
2.16180000000000039
2.33160000000000034
2.16279999999999983
2.15600000000000014
1.53740000000000010
2.20260000000000034
2.79420000000000002
2.23079999999999989
2.61200000000000054
2.59480000000000022
2.05099999999999971
4.20540599999999998
2.43559999999999999
1.84979999999999967
2.84400000000000031
2.32140000000000013
3.42220199999999997
2.09859999999999980
2.53639999999999999
2.55160199999999993
2.43159999999999998
2.30399999999999983
1.68040000000000012
2.81980200000000014
2.04039999999999999
2.48699999999999966
2.18700000000000028
3.02720399999999978
2.85400000000000054
2.62360199999999999
2.57300199999999979
2.78160199999999991
2.61540000000000017
3.14140200000000025
3.00660200000000000
2.96839999999999993
2.10179999999999989
2.98480200000000018
2.01039999999999974
1.86639999999999984
2.32220000000000004
3.09920199999999957
2.31420000000000003
3.00160199999999966
2.81839999999999957
2.10899999999999999
3.07340200000000019
2.45680200000000015
3.12400199999999995
2.85880000000000001
2.08539999999999992
2.04619999999999980
1.76520000000000010
1.83260000000000001
3.01180199999999987
3.02939999999999987
2.33940000000000037
2.15560000000000018
2.20360000000000023
2.68139999999999956
2.61859999999999982
2.01700000000000035
2.53100000000000014
2.36820000000000030
2.31319999999999970
2.61180000000000012
3.53720199999999974
2.89540199999999981
3.01500199999999996
2.77120199999999972
2.26659999999999950
3.31240399999999946
2.04559999999999986
2.07739999999999991
2.77920200000000017
1.88639999999999963
2.62199999999999989
1.87779999999999991
2.06200000000000028
2.05540000000000012
2.76940199999999992
2.20160000000000000
2.94880199999999970
2.55200199999999988
2.51960199999999990
2.53699999999999992
2.71039999999999992
2.23800000000000043
3.08680200000000005
2.04340000000000011
2.13520000000000021
1.99340000000000006
1.58980000000000010
2.49560000000000004
3.03580199999999989
2.00760000000000005
2.87259999999999982
2.58060000000000000
3.23720199999999991
2.85340199999999999
2.57540000000000013
2.52839999999999998
2.49359999999999982
2.81140200000000018
2.57599999999999962
2.39979999999999993
2.50660000000000016
2.20660000000000034
2.95779999999999976
3.18220200000000020
2.82560199999999995
2.69520000000000071
2.66820199999999996
2.15240000000000009
2.25460199999999977
2.33119999999999994
2.55099999999999971
2.02639999999999976
2.72080000000000011
2.14900000000000002
2.35039999999999960
2.36160000000000014
2.22839999999999971
2.08640000000000025
3.16719999999999979
1.87800000000000011
2.43280000000000030
1.70960000000000001
3.72800399999999987
2.35840000000000005
3.37740000000000018
3.10159999999999991
2.72460000000000013
2.00579999999999981
2.35020000000000007
3.08000199999999946
2.61800199999999972
2.76259999999999994
2.87319999999999975
3.21400199999999980
2.92600200000000044
2.76339999999999986
1.97819999999999974
2.91460000000000008
2.93860000000000010
2.46059999999999990
1.88479999999999981
2.48700000000000010
2.99760199999999966
1.95879999999999965
4.36160600000000009
1.84159999999999968
2.76500000000000012
2.39080000000000004
2.40799999999999992
2.38459999999999983
3.46700400000000020
2.14800000000000058
2.59880200000000006
3.11379999999999990
2.29499999999999993
1.97540000000000004
2.07699999999999996
1.93039999999999989
2.55859999999999976
2.97800000000000020
2.57800000000000029
2.83460000000000045
2.68219999999999992
2.94700000000000006
2.82280200000000026
2.52840000000000042
3.50039999999999996
1.98259999999999970
1.52959999999999985
2.09959999999999969
2.02079999999999993
4.16160399999999964
2.28180000000000005
2.27459999999999996
2.35600199999999971
1.91080000000000005
2.83180000000000032
2.16120000000000001
2.05200000000000005
1.68659999999999988
2.76140199999999991
3.12740000000000018
3.05300199999999977
2.01619999999999999
2.30039999999999978
3.44039999999999946
2.67880000000000029
2.45000000000000018
2.11099999999999977
1.92359999999999998
2.23420000000000041
3.46380199999999983
2.42020000000000035
2.10979999999999990
2.08800000000000008
1.86120000000000019
2.83499999999999996
2.97279999999999989
2.37460000000000004
2.64260000000000028
2.33479999999999999
1.98260000000000014
2.36920000000000019
2.10460000000000003
1.82080000000000020
2.17459999999999987
2.19579999999999975
2.46500000000000030
2.64520000000000000
1.57579999999999987
2.28739999999999988
1.91960000000000020
2.56020000000000048
1.75819999999999999
2.76240199999999936
2.86380200000000018
2.35739999999999972
2.97360200000000008
2.25640000000000018
1.85119999999999996
1.81420000000000026
2.39660000000000029
2.15540000000000020
2.28560000000000008
1.62800000000000011
1.65539999999999976
2.82600000000000007
2.36439999999999984
2.51039999999999974
3.42040200000000016
2.50960000000000027
3.13820199999999971
2.31660000000000021
2.15980000000000016
2.60739999999999972
2.40039999999999987
3.01560199999999989
2.32379999999999987
2.04119999999999990
2.36439999999999984
2.77119999999999989
2.87619999999999987
2.01840000000000019
1.99879999999999991
2.41139999999999954
2.57299999999999995
2.31459999999999999
2.93800200000000000
2.70200000000000040
2.50480000000000036
2.65240199999999993
2.32620000000000005
2.10080000000000044
2.47240000000000038
3.29240200000000005
2.37100000000000000
2.08740000000000014
2.14460000000000006
3.04440000000000000
2.58499999999999996
2.25579999999999981
1.86619999999999986
2.09020000000000028
1.69339999999999979
2.33380000000000010
2.14120000000000044
2.17499999999999982
2.65700000000000003
2.23260000000000014
2.89180199999999976
2.39500200000000030
2.60619999999999985
2.66720000000000024
3.23019999999999996
1.76520000000000010
2.20199999999999996
2.43959999999999999
3.27860200000000024
2.11799999999999988
2.56020000000000003
2.13500000000000023
2.21699999999999964
2.22400000000000020
2.01400000000000023
2.77339999999999964
2.32519999999999971
2.59139999999999926
3.20199999999999951
2.40379999999999949
2.21820000000000039
2.52199999999999980
2.36779999999999990
1.98599999999999999
2.02119999999999989
2.18219999999999992
1.65859999999999985
1.91660000000000008
2.13240000000000007
3.24920199999999948
2.12960000000000038
2.09459999999999980
2.15399999999999991
2.87259999999999982
2.03259999999999996
1.98679999999999990
2.04119999999999990
2.31960000000000033
2.51000000000000023
2.96760199999999985
2.19879999999999987
2.04699999999999971
2.26619999999999999
2.08620000000000028
2.62159999999999993
2.53420000000000067
2.51080199999999998
2.76040200000000002
4.10660399999999992
3.43780399999999986
2.55699999999999994
1.82340000000000013
2.54900000000000038
2.41300000000000026
1.98640000000000017
2.32719999999999994
2.36240000000000006
3.07720000000000038
2.49160000000000048
2.30699999999999994
2.83579999999999988
2.60639999999999983
2.05399999999999983
2.98180000000000067
3.01180000000000003
2.73140000000000027
2.63820000000000032
1.91419999999999990
3.04260199999999958
2.21779999999999955
2.19959999999999978
2.94500199999999968
2.31380000000000008
2.15359999999999996
3.19760399999999967
3.42260399999999976
1.56739999999999990
2.51160200000000033
1.82519999999999993
1.49239999999999995
2.16659999999999986
2.57140199999999997
2.89200400000000002
3.32560399999999978
1.61980000000000013
1.76299999999999990
4.03620599999999996
1.87500000000000000
1.57739999999999991
3.90900400000000037
3.36700199999999938
4.30120599999999964
2.33240000000000025
2.69380399999999964
2.54119999999999990
2.72440000000000015
2.26359999999999983
1.73039999999999994
2.45760000000000023
3.42900199999999966
2.66580200000000023
2.14619999999999989
2.62900200000000028
2.86540200000000000
3.37640200000000013
1.74280000000000013
2.00059999999999993
2.61220000000000008
2.30159999999999965
3.67900399999999994
2.33499999999999996
3.12179999999999991
3.38580399999999937
2.43920000000000003
1.97999999999999998
2.76200199999999985
1.98760000000000003
1.53600000000000003
2.16199999999999992
3.57180200000000037
1.45859999999999990
2.98340199999999989
3.00219999999999976
2.24139999999999961
2.43179999999999996
2.27259999999999973
2.29859999999999998
2.21019999999999994
2.91080199999999989
3.05340000000000034
2.43639999999999990
2.30780000000000030
2.08480000000000043
1.78320000000000012
2.26100000000000012
2.14179999999999993
1.68699999999999983
2.09459999999999980
2.56479999999999997
2.44359999999999999
1.89200000000000013
1.43419999999999992
2.70659999999999989
2.14040000000000008
1.53479999999999994
2.30860000000000021
1.62260000000000026
2.22999999999999998
2.59200199999999992
3.18560199999999982
2.34839999999999982
1.90399999999999991
2.13580000000000014
1.90619999999999967
1.92059999999999986
2.50539999999999985
1.92220000000000013
1.92700000000000005
2.79520200000000019
2.64020000000000010
2.70960200000000029
2.30520000000000014
2.52900000000000036
2.21680000000000010
2.20620000000000038
2.16460000000000008
1.90379999999999994
2.81380199999999991
1.81559999999999988
2.94520199999999965
2.55860000000000021
2.35139999999999993
2.60359999999999969
2.30099999999999971
2.53559999999999963
2.89000199999999996
1.52860000000000018
2.43060000000000009
2.08820000000000006
2.35620000000000029
2.01200000000000001
2.04920000000000035
2.12619999999999987
2.78140000000000009
2.76240199999999980
2.08639999999999981
1.88580000000000014
2.24819999999999975
2.05919999999999970
1.77979999999999983
2.80640000000000001
2.74359999999999982
1.99340000000000006
2.41800000000000015
2.00059999999999993
3.47980400000000012
2.24019999999999975
2.66400000000000015
2.54720000000000013
2.03800000000000026
2.05459999999999976
1.64600000000000013
2.11880199999999963
1.85899999999999999
2.59640000000000004
2.74420000000000019
1.97580000000000000
2.42539999999999978
2.04980000000000029
1.73459999999999992
1.61179999999999990
1.96140000000000003
3.01080199999999998
2.79800000000000004
2.63860000000000028
1.35159999999999991
2.15220199999999995
2.17619999999999969
1.90020200000000017
2.12280000000000024
2.06259999999999977
2.57180000000000053
1.22279999999999989
1.71619999999999995
2.80759999999999987
2.08659999999999979
2.16500000000000004
1.90260199999999990
1.95459999999999989
2.62340200000000001
2.26480000000000015
1.50040000000000018
1.89119999999999999
1.61860000000000004
2.32720000000000038
2.15059999999999985
1.75420000000000020
2.11900000000000022
1.26900000000000013
2.50660200000000000
1.09979999999999989
2.20020000000000016
1.99160000000000004
2.26160000000000005
2.25839999999999996
2.34940000000000015
2.15220000000000011
2.05940000000000012
2.13759999999999994
2.05319999999999991
1.90379999999999994
1.98359999999999981
2.06440199999999985
2.46939999999999982
2.37599999999999989
2.56079999999999952
1.91359999999999997
2.27099999999999991
1.94340000000000002
2.12519999999999998
3.09260000000000002
2.16520000000000001
1.98960000000000004
1.90640000000000009
2.04780000000000006
2.32040000000000024
2.19340000000000002
2.13820000000000032
1.95079999999999987
2.27939999999999987
2.28440000000000021
1.75080000000000036
1.91820000000000013
1.91039999999999988
2.04600000000000026
1.65079999999999982
1.56420000000000003
2.41579999999999995
2.40400199999999975
2.05940000000000012
1.87680000000000002
2.12999999999999989
1.60360000000000014
1.71259999999999968
2.20099999999999962
2.37800000000000011
2.33720000000000017
1.78220000000000001
1.89420000000000011
2.04740000000000011
2.43300000000000027
2.96819999999999951
2.21900000000000031
2.07599999999999962
2.49540000000000006
1.69440000000000035
1.69119999999999981
1.74439999999999995
1.66660000000000008
2.04680000000000017
2.29859999999999998
2.03719999999999990
2.40139999999999976
2.34320000000000039
2.23819999999999997
1.96899999999999986
1.67120000000000024
1.77980000000000027
2.26199999999999957
2.24839999999999973
2.09400000000000031
2.16579999999999995
2.23619999999999974
2.14760000000000018
2.28440000000000021
1.82399999999999984
1.84459999999999980
1.70859999999999990
1.81159999999999988
2.17399999999999993
1.89759999999999995
2.44040000000000035
1.80699999999999994
1.56659999999999999
2.10099999999999998
1.96059999999999990
2.29000000000000004
1.93599999999999994
1.86440000000000028
2.20899999999999963
2.52659999999999973
1.95919999999999983
1.42859999999999987
2.77540000000000031
1.89200000000000013
1.83000000000000007
1.81720000000000015
1.89259999999999984
2.13440000000000030
2.60060000000000002
2.69799999999999951
1.98019999999999996
1.87459999999999982
1.98060000000000014
2.52199999999999980
1.71799999999999997
2.44679999999999964
2.07560000000000011
2.69559999999999977
2.05919999999999970
2.72219999999999995
3.12179999999999946
2.87780000000000014
1.80640000000000001
2.20140000000000047
1.95399999999999996
1.81020000000000003
1.90020000000000033
2.10259999999999980
2.12860000000000005
1.56559999999999988
1.46299999999999986
2.61099999999999977
1.15359999999999996
1.94159999999999999
2.66340000000000021
2.22159999999999958
2.06239999999999979
1.55000000000000004
1.80820000000000003
2.59300200000000025
2.13719999999999999
1.68180000000000018
2.00199999999999978
2.05699999999999994
1.80220199999999986
1.84620000000000006
1.61520000000000019
2.15079999999999982
2.00359999999999960
2.20500000000000007
1.85840000000000005
1.44859999999999989
2.23800000000000043
2.42919999999999980
1.26160000000000005
1.92579999999999996
2.20639999999999992
1.99160000000000004
2.99200200000000027
1.95700000000000007
1.53780000000000006
2.04000000000000004
2.09739999999999993
1.66599999999999993
2.35620000000000029
1.90040000000000009
2.56499999999999995
2.38180000000000014
2.75760000000000005
2.02059999999999995
1.79840000000000022
1.96980000000000000
1.58700000000000019
1.84240000000000004
2.06139999999999990
1.35719999999999996
1.95300000000000007
2.35839999999999961
2.52959999999999985
1.98819999999999975
1.72740000000000005
1.76140000000000008
2.43000000000000016
2.85020000000000007
1.74499999999999988
1.91580000000000017
2.05279999999999996
2.28319999999999990
1.84220000000000006
1.33519999999999994
2.63879999999999981
2.27899999999999991
2.23399999999999999
1.84140000000000015
2.29699999999999971
1.34580000000000011
1.85159999999999991
1.70259999999999989
1.97880000000000011
2.43940000000000001
1.50259999999999994
2.96400199999999980
1.93579999999999997
1.93560200000000004
1.36879999999999979
1.72360000000000002
1.38339999999999996
1.81780000000000008
2.26259999999999994
1.51080000000000014
1.74879999999999991
1.81179999999999986
1.84759999999999991
1.81560000000000032
1.88440000000000007
1.95880000000000010
1.94239999999999990
1.50800000000000023
1.78200000000000003
2.12799999999999967
1.58240000000000003
1.78539999999999988
2.22619999999999996
1.98640000000000017
1.91479999999999961
1.80640000000000001
2.14699999999999980
1.96299999999999986
1.55120000000000013
2.26039999999999974
2.35339999999999971
1.72279999999999989
1.88380000000000014
2.60340199999999999
1.83519999999999994
2.33519999999999994
2.47779999999999978
1.72400000000000020
1.77920000000000011
1.67719999999999980
1.82499999999999973
1.69900000000000029
1.89439999999999986
1.81400000000000006
2.07999999999999963
1.41859999999999986
1.81220000000000003
2.10380000000000011
1.95679999999999987
1.57739999999999991
3.30120000000000013
2.25019999999999953
1.73419999999999996
1.81700000000000017
1.89900000000000024
1.81720000000000015
1.96120000000000028
1.63759999999999972
3.15040000000000031
1.69179999999999997
2.15159999999999973
1.97159999999999980
1.70700000000000007
2.70360000000000023
2.80940000000000012
1.91219999999999990
1.67620000000000013
1.45400000000000018
1.81220000000000003
1.81859999999999999
2.31000000000000005
2.04800000000000049
1.65220000000000011
1.61439999999999984
3.02660199999999957
1.67659999999999987
1.45960000000000001
1.52380000000000004
1.44119999999999981
1.98919999999999986
2.32100200000000001
1.91039999999999988
1.53559999999999985
2.86499999999999977
1.64539999999999997
1.53180000000000005
1.80000000000000004
1.78080000000000038
2.00619999999999976
1.62980000000000014
1.68399999999999972
2.08240000000000025
1.47120000000000006
2.69159999999999977
2.38960200000000000
2.13459999999999983
1.70259999999999989
1.25400000000000000
2.13739999999999997
1.99600000000000000
1.60020000000000029
2.21139999999999981
2.17059999999999986
1.90640000000000009
1.78600000000000003
2.28239999999999998
2.30699999999999950
1.40560000000000018
2.40480000000000027
2.28600000000000003
2.36000000000000032
2.23280000000000012
2.59640000000000004
1.88880000000000026
1.58600000000000008
1.73239999999999972
1.70700000000000007
2.05419999999999980
1.91899999999999982
1.92280000000000006
2.80600000000000005
2.40859999999999985
2.29300000000000015
2.21680000000000010
1.81980000000000008
3.45660000000000034
2.40080000000000027
1.62919999999999976
1.54279999999999995
1.43300000000000005
1.65459999999999985
1.61520000000000019
1.77319999999999989
1.90540000000000020
1.54259999999999997
1.68779999999999997
1.65740000000000021
2.10440000000000005
1.63760000000000017
1.57600000000000007
1.57360000000000011
1.53359999999999985
1.52560000000000007
1.97580000000000000
1.59099999999999997
1.90560000000000018
2.37420000000000009
1.69999999999999996
1.56780000000000008
2.91800199999999998
1.31439999999999979
1.58719999999999994
2.37520199999999981
2.59979999999999967
1.86159999999999992
1.56099999999999994
1.86760000000000015
1.87040000000000006
1.65159999999999973
1.90180000000000016
1.85460000000000003
2.08059999999999956
1.38019999999999987
1.78600000000000003
1.27560000000000007
1.66080000000000005
2.21080200000000016
1.73680000000000012
2.22700000000000031
2.19119999999999981
1.88420000000000032
2.05360000000000031
2.33620000000000028
2.00800000000000001
2.37140000000000040
2.55920000000000014
2.61259999999999959
2.04239999999999977
1.94040000000000035
3.20460000000000012
1.76140000000000008
2.17580000000000018
1.75740000000000007
1.54160000000000008
1.84299999999999997
1.82360000000000011
1.90880000000000005
1.48799999999999999
2.64119999999999999
1.70540000000000025
1.38179999999999992
1.81220000000000003
2.08560000000000034
2.11440000000000028
2.05720000000000036
1.76200000000000001
2.12119999999999997
2.06180000000000030
1.37680000000000002
1.60140000000000038
1.71479999999999988
1.80219999999999980
2.79179999999999984
2.38759999999999994
1.93159999999999998
1.74439999999999995
2.92520200000000008
1.97400000000000020
2.45040000000000013
2.29300000000000015
2.21079999999999988
2.09659999999999958
1.82879999999999998
2.43620000000000037
2.31919999999999993
1.53099999999999992
1.28859999999999997
2.06319999999999970
2.31620200000000009
2.42340000000000000
1.20320000000000005
1.46520000000000006
1.60560000000000014
1.93760000000000021
2.31800000000000006
2.45120000000000005
2.30360200000000015
2.03419999999999979
2.00380000000000003
1.64139999999999975
1.56899999999999995
1.24980000000000002
1.39840000000000009
2.03939999999999966
2.06420000000000003
1.80840000000000023
2.66420000000000012
1.70639999999999992
1.35919999999999996
1.75160000000000027
2.32980000000000009
2.70660000000000034
2.05720000000000036
1.50219999999999998
1.47120000000000006
2.34359999999999991
1.26899999999999991
1.62719999999999976
1.35819999999999985
1.50019999999999998
1.66179999999999994
2.67599999999999971
1.47259999999999991
1.94439999999999991
1.34880000000000022
2.92960200000000004
2.06720000000000015
1.36739999999999995
1.60760000000000014
1.45920000000000005
1.05120000000000013
1.33899999999999997
1.20839999999999992
1.69600000000000017
1.87079999999999980
2.19200000000000017
2.48079999999999989
1.65339999999999998
2.28859999999999975
1.92500000000000004
1.90300000000000002
1.92579999999999996
1.60899999999999999
1.41920000000000002
2.56260200000000005
1.32820000000000005
2.04079999999999995
1.64559999999999995
1.67639999999999989
1.90720000000000023
1.98140000000000005
1.18219999999999992
1.68159999999999998
1.73739999999999983
2.27860200000000024
1.56159999999999988
2.26699999999999990
1.27380000000000004
1.19459999999999988
1.47020000000000017
1.86539999999999995
1.62459999999999982
1.56919999999999993
1.13460000000000005
2.14840000000000009
2.86660199999999987
2.18100000000000005
2.19920000000000027
1.79960000000000031
2.21600000000000019
2.24679999999999991
1.95400000000000018
1.72399999999999975
1.84000000000000030
1.66359999999999997
1.52340000000000009
2.57640000000000002
2.48999999999999977
2.11260000000000003
2.26840000000000019
2.18080000000000007
1.32879999999999998
1.57379999999999987
1.85399999999999987
1.33320000000000016
2.11600000000000010
1.85000000000000009
1.42340000000000000
1.46560000000000001
2.24600000000000000
1.94140000000000024
2.10220000000000029
1.66419999999999990
1.52000000000000002
1.59220000000000006
1.57440000000000024
2.10539999999999994
2.07340000000000035
2.31139999999999990
1.97700199999999993
2.91080199999999989
1.61299999999999999
2.03600000000000003
2.34359999999999991
1.91779999999999973
2.23299999999999965
2.26899999999999968
2.05820000000000025
2.09799999999999986
2.52560000000000029
2.11799999999999988
1.52920000000000011
1.77059999999999995
1.67160000000000020
1.93640000000000012
2.86960199999999999
1.76000000000000023
2.26460000000000017
2.35439999999999960
1.68480199999999991
1.37659999999999982
1.45320000000000005
2.38280000000000047
1.84020000000000006
2.36240000000000006
1.53120000000000012
1.51380000000000026
1.33179999999999987
1.39959999999999996
2.12260000000000026
1.23680000000000012
1.37320000000000020
1.32440000000000002
2.94800199999999979
2.25620000000000021
2.07180000000000009
2.13399999999999990
1.66979999999999995
2.17460199999999970
2.11080200000000007
1.45060000000000011
1.69780000000000020
1.49560000000000004
1.14819999999999989
1.16179999999999994
1.86480000000000001
2.00919999999999987
1.56980000000000008
2.37159999999999993
1.54279999999999995
1.86159999999999992
1.33599999999999985
2.43539999999999957
1.90759999999999996
2.31260199999999960
1.55960000000000010
3.03140199999999993
1.85000000000000009
1.92860200000000015
2.45500000000000007
2.61980199999999952
2.51259999999999994
1.50860000000000016
3.09140199999999998
1.15740000000000021
2.65300000000000002
3.13440000000000030
1.76760199999999967
1.10260000000000002
1.79800000000000004
1.85180000000000011
1.54079999999999995
1.53679999999999994
1.23039999999999994
1.15900000000000003
2.31200200000000011
1.44599999999999995
1.67540000000000022
1.66520000000000001
1.37039999999999984
1.60879999999999979
1.27300000000000013
1.88860000000000028
1.12500000000000000
1.37120000000000020
1.16219999999999990
1.28499999999999992
1.18660000000000010
1.86639999999999984
2.70540400000000014
1.59699999999999998
1.60919999999999996
1.45639999999999992
2.05360200000000015
1.50039999999999996
1.16800000000000015
1.16400000000000015
1.04179999999999984
1.85560199999999997
2.42080000000000028
2.23299999999999965
1.98239999999999972
1.70659999999999989
0.92140000000000000
1.80099999999999971
1.04939999999999989
1.58260000000000001
1.11079999999999979
1.15880000000000005
1.90679999999999983
2.16060199999999991
1.23479999999999990
1.04759999999999986
1.70259999999999989
1.78240000000000021
1.35300000000000020
1.17660000000000009
1.67439999999999989
1.66339999999999999
2.08780000000000010
2.37480199999999986
1.28900000000000015
1.68620000000000014
1.31119999999999992
1.70440000000000014
1.30580000000000007
1.22180000000000000
1.17379999999999995
1.54740000000000011
1.85640000000000005
1.35159999999999991
1.29440000000000000
1.20179999999999998
1.55640000000000001
1.65560000000000018
1.24839999999999995
1.06119999999999992
1.51300000000000012
1.73999999999999977
1.30739999999999990
1.56260000000000021
1.19520000000000004
2.14500000000000046
1.54980000000000007
1.61539999999999995
2.09020000000000028
1.49180000000000001
1.15659999999999985
1.21019999999999994
1.86900000000000022
1.46280000000000010
1.05879999999999996
1.10980000000000012
1.93879999999999986
1.16219999999999990
1.57940000000000014
1.76279999999999992
1.65620000000000012
1.33760000000000012
1.23360000000000003
1.18859999999999988
1.30420000000000003
2.07180000000000009
1.50340000000000007
1.79879999999999995
1.23120000000000007
1.10139999999999993
1.64619999999999989
1.47999999999999998
1.38300000000000001
1.31479999999999997
1.66339999999999999
1.40419999999999989
1.10539999999999994
1.09400000000000008
1.25420000000000020
1.21700000000000008
1.21439999999999992
1.53400000000000025
1.22420000000000018
1.90900000000000003
2.03220000000000045
2.63399999999999990
1.37739999999999996
1.61700000000000021
1.73160000000000025
1.42540000000000022
1.56479999999999997
1.64300000000000002
1.70140000000000002
1.35360000000000014
2.06779999999999964
1.61039999999999983
1.46140000000000003
1.09800000000000009
0.82839999999999991
1.17439999999999989
0.85179999999999989
1.86280000000000001
1.34840000000000004
0.94599999999999995
0.80079999999999996
1.61000000000000010
1.22140000000000004
1.30440000000000000
0.85739999999999994
1.25039999999999996
1.25380000000000003
1.50479999999999992
1.41539999999999999
1.51099999999999990
1.28060000000000018
1.13200000000000012
1.39639999999999986
1.46540000000000004
1.06980000000000008
1.86939999999999995
0.81440000000000001
1.49160000000000004
1.36140000000000017
1.17860000000000009
1.72079999999999989
1.53900000000000015
1.15759999999999996
1.45659999999999989
1.57060000000000000
1.28920000000000012
1.57879999999999976
1.47599999999999998
1.16819999999999991
1.54640000000000000
1.51600000000000001
1.57719999999999994
1.52780000000000005
1.66039999999999988
1.24699999999999989
1.06420000000000003
1.08759999999999968
1.11220000000000008
1.48160000000000003
1.20039999999999991
1.43699999999999983
1.40180000000000016
1.06040000000000001
1.30620000000000003
1.09200000000000008
1.66299999999999981
1.49879999999999991
1.08340000000000014
1.05720000000000014
1.29820000000000002
0.92979999999999996
0.79679999999999995
1.32159999999999989
1.33740000000000014
1.07900000000000018
1.26260000000000017
1.16759999999999997
1.43219999999999992
1.11939999999999995
1.12040000000000006
1.38600000000000012
1.08099999999999996
1.33919999999999995
1.39800000000000013
1.57999999999999985
0.85779999999999990
1.65300000000000002
1.52220000000000022
1.65360000000000018
1.84279999999999999
1.39739999999999998
1.14999999999999991
1.16780000000000017
1.26160000000000005
1.66439999999999988
1.04800000000000004
1.00659999999999994
1.29679999999999995
1.13539999999999996
1.58840000000000003
1.68019999999999992
1.32379999999999987
1.31699999999999973
1.66580000000000017
1.74699999999999989
1.50760000000000005
1.33340000000000014
1.58599999999999985
1.79499999999999993
1.30020000000000024
2.05620000000000003
1.61940000000000017
1.35499999999999998
1.61159999999999992
1.07319999999999993
1.04800000000000004
1.07260000000000000
1.46620000000000017
1.38600000000000012
1.63380000000000014
1.05040000000000022
1.02560000000000007
1.32679999999999998
1.27119999999999989
1.43840000000000012
1.51780000000000004
0.81419999999999992
0.94019999999999992
1.16060000000000008
1.20019999999999993
1.63519999999999999
1.35480000000000023
1.19359999999999999
1.33679999999999999
1.06040000000000001
1.15959999999999996
1.18999999999999995
1.15260000000000007
1.04479999999999995
1.31020000000000003
1.21420000000000017
1.12339999999999995
1.02020000000000000
0.96160000000000001
0.97540000000000016
0.97679999999999989
1.56060000000000021
1.65859999999999985
1.36739999999999995
1.50200000000000000
1.00800000000000001
1.21280000000000010
1.97200199999999981
0.72060000000000002
1.10060000000000002
1.44400000000000017
0.97739999999999994
1.46260000000000012
1.16079999999999983
2.31720199999999998
1.28180000000000005
1.07359999999999989
1.37160000000000015
1.34260000000000002
1.26419999999999999
1.46680000000000010
0.99800000000000000
1.15860000000000007
1.42520000000000002
1.17660000000000009
1.22619999999999996
1.21460000000000012
1.56819999999999982
1.02140000000000009
1.17300000000000004
1.03859999999999997
1.18179999999999996
1.06840000000000002
1.18740000000000001
1.19799999999999995
2.38639999999999963
1.38660000000000005
1.38880000000000003
2.24519999999999964
1.57860000000000000
1.60699999999999998
2.25559999999999983
1.13779999999999992
1.10440000000000005
1.00979999999999981
1.06780000000000008
1.31939999999999991
0.77320000000000000
1.10620000000000007
1.11140000000000017
0.86179999999999990
1.14559999999999995
1.39999999999999991
1.30540000000000012
1.00059999999999993
1.12700000000000022
1.35080000000000000
1.26239999999999997
1.17140000000000000
1.20780000000000021
1.26239999999999997
1.34179999999999988
0.88039999999999985
1.83419999999999983
1.10559999999999992
1.20279999999999987
1.35519999999999996
1.65539999999999976
1.30739999999999990
1.04899999999999993
1.02200000000000002
0.96999999999999997
1.00019999999999998
1.09000000000000008
1.52980000000000005
1.39739999999999998
1.25719999999999987
1.05719999999999992
1.11780000000000013
1.01059999999999994
0.89900000000000002
0.91359999999999997
1.63740000000000019
0.97119999999999995
1.31319999999999992
1.19640000000000013
1.32199999999999984
1.32759999999999989
1.07119999999999993
1.06220000000000003
0.90380000000000005
1.37840000000000007
1.56199999999999983
1.24860000000000015
0.87180000000000002
1.10199999999999987
1.34160000000000013
1.11659999999999981
1.68180000000000018
1.00200000000000000
1.55040000000000000
1.60139999999999993
1.21199999999999997
1.46019999999999994
1.14340000000000019
1.86220000000000008
1.02839999999999998
1.06999999999999984
1.00819999999999999
1.17080000000000006
1.38960000000000017
1.10060000000000002
1.74899999999999989
1.14159999999999995
1.07999999999999985
1.72400000000000020
0.85860000000000003
0.84180000000000010
0.97819999999999996
1.26939999999999986
1.40939999999999976
2.26860200000000001
0.84800000000000009
1.10599999999999987
1.32419999999999982
1.33400000000000007
0.90820000000000012
1.21639999999999993
1.01439999999999997
1.06200000000000006
1.69680000000000009
1.19680000000000009
1.03220000000000001
1.05339999999999989
1.06859999999999999
1.24459999999999993
1.44799999999999995
1.28780000000000006
1.67320199999999986
1.11999999999999988
1.00540000000000007
1.06740000000000013
1.06879999999999997
2.16979999999999995
1.39939999999999998
1.36840000000000006
1.06359999999999988
1.48219999999999996
1.12400000000000011
1.49439999999999995
1.45220000000000016
1.29720000000000013
1.94680000000000009
1.78659999999999997
1.15399999999999991
1.16679999999999984
1.59719999999999995
1.11040000000000005
1.40339999999999998
1.02120000000000011
1.53320000000000012
1.11959999999999993
1.27639999999999998
2.39139999999999997
1.65320000000000000
1.06640000000000024
1.08179999999999987
1.66180000000000017
1.17819999999999991
1.24120000000000008
1.89699999999999980
1.83979999999999988
1.12080000000000002
1.39359999999999995
1.01379999999999981
1.32980000000000009
1.25120000000000009
1.14460000000000006
1.28420000000000001
1.10999999999999988
1.22739999999999982
1.06479999999999997
1.59860000000000002
1.48399999999999999
1.72239999999999993
1.23079999999999989
1.52280000000000015
1.35040000000000004
1.33719999999999994
1.32440000000000002
1.48300000000000010
1.00560000000000005
1.11539999999999995
0.91080000000000005
1.01060000000000016
0.93859999999999988
1.17979999999999996
2.01500199999999996
1.44080000000000008
2.06560199999999972
1.22060000000000013
1.10720000000000018
1.41440000000000010
1.04840000000000000
1.17280000000000006
1.77079999999999993
1.92259999999999986
0.94960000000000000
1.17559999999999998
0.95600000000000007
1.04679999999999995
1.45280000000000009
0.75900000000000001
1.49819999999999998
1.28279999999999994
1.53620000000000023
1.27899999999999991
1.46059999999999990
1.36119999999999997
0.94380000000000008
1.43060000000000009
1.66200000000000014
1.89040199999999992
1.16660000000000008
1.30699999999999994
1.28659999999999997
1.23820000000000019
1.07060000000000000
1.69080000000000008
1.12939999999999996
1.75659999999999994
1.54179999999999984
1.96760200000000007
1.39300000000000002
1.79079999999999973
1.50979999999999981
1.15579999999999994
1.42940000000000000
1.49820000000000020
1.54719999999999969
1.52380000000000004
1.55880000000000019
1.12060000000000004
1.25360000000000005
0.95040000000000013
1.03520000000000012
1.24900000000000011
1.10460000000000003
1.75999999999999979
1.55019999999999980
1.61860000000000004
0.94819999999999993
1.56759999999999988
1.43579999999999997
1.35160000000000013
1.03020000000000000
1.13500000000000001
1.08699999999999997
1.34519999999999973
0.91059999999999997
1.52200000000000002
1.15900000000000003
1.72740000000000005
1.31840000000000002
1.30679999999999974
1.16759999999999997
1.82940000000000014
1.27499999999999991
1.63439999999999985
1.20599999999999996
1.18779999999999997
1.01559999999999984
1.48199999999999998
1.07959999999999989
1.31699999999999973
1.09460000000000002
1.19819999999999993
1.27699999999999991
1.40720000000000001
2.04900199999999977
1.52479999999999993
1.40940000000000021
1.60559999999999969
1.46639999999999993
1.58699999999999997
1.28679999999999994
1.42099999999999982
1.52439999999999998
1.20259999999999989
1.19079999999999986
1.27720000000000011
1.49540000000000006
0.83960000000000012
1.43759999999999999
1.25639999999999996
1.33620000000000005
1.29740000000000011
1.37300000000000000
1.06459999999999999
1.23099999999999987
1.07319999999999993
1.44879999999999987
1.03119999999999989
1.30659999999999998
1.16260000000000008
1.18199999999999994
1.15539999999999998
1.08020000000000005
0.96639999999999993
1.40180000000000016
1.55639999999999978
1.58759999999999990
1.32540000000000013
1.32640000000000002
1.15419999999999989
1.50400000000000000
1.27420000000000000
1.08759999999999990
1.43579999999999997
1.12700000000000022
1.05979999999999985
1.61860000000000004
1.55920000000000014
1.45659999999999989
1.50660000000000016
1.79959999999999987
1.11180000000000012
1.74740000000000006
1.43199999999999994
0.84499999999999997
1.13939999999999997
1.01080000000000014
1.43279999999999985
1.10640000000000005
1.21199999999999997
1.41320000000000023
1.12420000000000009
1.01259999999999994
1.29020000000000001
1.36080000000000001
1.27519999999999989
1.47900000000000009
1.05800000000000005
1.35380000000000011
1.10899999999999999
0.91820000000000002
1.66500000000000026
1.58660000000000001
1.36320000000000019
1.71000000000000019
1.23739999999999983
1.27920000000000011
1.60519999999999996
1.91659999999999964
1.48219999999999996
1.23980000000000001
1.48119999999999985
1.85039999999999982
1.76620000000000021
1.50219999999999998
1.08880000000000021
1.31840000000000002
1.42779999999999996
1.85919999999999996
1.15620000000000012
1.07120000000000015
1.47420000000000018
1.38859999999999983
1.14900000000000002
1.78639999999999999
1.34580000000000011
1.14660000000000006
1.19760000000000000
1.00419999999999998
1.16780000000000017
1.20879999999999987
1.26399999999999979
1.13759999999999994
0.80680000000000018
1.42059999999999986
1.09980000000000011
1.56099999999999994
1.28180000000000005
1.58119999999999994
1.54899999999999993
1.53239999999999976
1.31420000000000003
0.74900000000000000
2.11220000000000008
0.99499999999999988
1.20160000000000000
1.09719999999999995
1.86220000000000008
1.15959999999999996
1.59440000000000004
1.67100000000000004
1.20999999999999996
1.34219999999999984
2.25780200000000031
1.31279999999999997
1.06099999999999994
1.50499999999999989
1.40359999999999996
1.08379999999999987
1.69959999999999978
1.51979999999999982
1.26139999999999985
1.32440000000000024
0.81460000000000010
1.21139999999999981
1.65399999999999991
1.62040000000000006
1.29899999999999993
1.25780000000000003
1.57260000000000000
1.23479999999999990
1.22080000000000011
1.37159999999999993
1.54560000000000008
1.35060000000000002
1.35680000000000001
1.26219999999999999
1.91660000000000008
1.12680000000000002
1.61319999999999975
1.05160000000000009
1.32199999999999984
1.31619999999999981
1.68359999999999976
1.28839999999999977
1.13620000000000010
1.12860000000000005
1.13260000000000005
1.10620000000000007
1.40640000000000009
0.95039999999999991
1.45680000000000009
1.29960000000000009
1.32960000000000012
2.42059999999999986
1.23359999999999981
1.35119999999999996
1.20399999999999996
1.26399999999999979
1.32299999999999995
1.59899999999999998
1.02159999999999984
1.15640000000000009
1.59319999999999995
1.43500000000000005
1.19619999999999993
1.61999999999999988
1.71600000000000041
1.45280000000000009
0.97160000000000013
1.48859999999999992
1.14239999999999986
0.78060000000000007
1.02299999999999991
1.64900000000000024
2.15660000000000007
1.22059999999999991
1.16759999999999975
1.46280000000000010
1.46039999999999992
1.17700000000000005
1.39319999999999999
1.62860000000000005
1.66299999999999981
1.09400000000000008
1.49700000000000011
1.44379999999999997
1.14100000000000001
1.34679999999999978
1.04980000000000007
1.23480000000000034
1.08220000000000005
1.49959999999999982
1.28980000000000006
1.27220000000000022
1.32339999999999991
1.76580000000000004
1.61820000000000030
1.13739999999999997
1.11200000000000010
1.33280000000000021
1.01080000000000014
1.22880000000000011
1.18340000000000001
1.27919999999999989
1.35859999999999981
1.20840000000000014
1.32819999999999983
1.48980000000000001
1.23619999999999997
1.33580000000000010
1.61440000000000028
1.82959999999999989
1.32640000000000002
1.13639999999999985
1.69920000000000049
1.71599999999999997
1.09339999999999993
1.28839999999999999
1.36919999999999997
1.06279999999999997
1.00939999999999985
1.43999999999999995
1.37939999999999996
1.01059999999999994
1.18480000000000008
2.35400199999999993
1.43439999999999990
1.23439999999999994
1.08719999999999994
1.36100000000000021
1.51099999999999990
1.86879999999999979
1.19599999999999995
1.85420000000000007
1.43900000000000006
1.63440000000000007
2.05739999999999990
1.87179999999999991
1.73340000000000005
1.38939999999999975
1.36480000000000001
1.17260000000000009
1.95140000000000002
1.87119999999999997
1.38519999999999976
1.81780000000000008
1.83260000000000001
1.05840000000000023
1.22120000000000006
1.48980000000000024
1.25760000000000005
1.64279999999999982
1.58139999999999992
1.35180000000000011
1.40700000000000003
1.54040000000000021
1.42939999999999978
1.37179999999999991
1.67820000000000036
1.06859999999999999
1.15759999999999996
1.54939999999999989
0.98659999999999992
1.41660000000000008
1.85760000000000014
1.18820000000000014
1.09840000000000004
2.27059999999999995
1.36099999999999999
1.64780000000000015
1.50240000000000018
1.46499999999999986
1.26000000000000001
1.21740000000000004
1.23439999999999994
1.16539999999999999
0.88880000000000003
1.04939999999999989
1.25759999999999983
1.39159999999999995
1.69819999999999993
1.42340000000000000
1.52800000000000002
1.47840000000000016
1.20779999999999998
1.42480000000000007
1.34179999999999988
1.02940000000000009
1.22699999999999987
1.21420000000000017
1.54139999999999988
1.68060000000000009
1.10940000000000016
1.14739999999999998
1.32580000000000009
1.12700000000000000
1.39979999999999971
1.11139999999999994
1.15139999999999998
1.29620000000000002
1.34920000000000018
1.64579999999999993
1.40539999999999998
1.57219999999999982
1.24360000000000004
1.32220000000000004
2.02240000000000020
1.79020000000000001
1.84980000000000011
1.50320000000000009
1.61960000000000015
1.04820000000000002
1.88460000000000027
1.10760000000000014
1.22659999999999991
1.15739999999999998
0.92400000000000004
1.27599999999999980
1.49240000000000017
1.34660000000000024
0.84540000000000004
0.98000000000000009
1.43940000000000023
1.17120000000000002
1.11379999999999990
1.70719999999999983
1.12200000000000011
1.59580000000000011
1.61319999999999975
1.43100000000000005
1.29400000000000004
1.56259999999999999
2.45179999999999998
1.44159999999999977
1.51939999999999986
1.62459999999999982
1.81319999999999970
1.97580000000000000
1.37719999999999976
1.36299999999999999
1.15020000000000011
1.45199999999999996
1.58260000000000001
1.97040000000000015
1.20199999999999996
1.17859999999999987
1.40900000000000003
1.46379999999999999
1.11780000000000013
1.27220000000000000
1.42140000000000000
1.77419999999999978
2.26000000000000023
1.60239999999999982
1.36299999999999999
1.33400000000000007
1.18600000000000017
1.56699999999999995
1.73440000000000016
1.62759999999999994
1.09800000000000009
2.23079999999999989
1.12860000000000005
1.15480000000000005
1.46640000000000015
1.19480000000000008
1.96179999999999977
1.30899999999999994
1.11260000000000003
1.46239999999999992
1.58519999999999994
2.87259999999999938
1.44940000000000002
1.49239999999999995
1.01059999999999994
1.06760000000000010
1.40360000000000018
1.40240000000000009
1.52800000000000002
1.64460000000000006
1.31639999999999979
1.21859999999999991
1.25320000000000009
1.42339999999999978
1.83660000000000001
0.95079999999999987
1.42299999999999982
1.26520000000000010
1.60980000000000034
1.22319999999999984
1.18800000000000017
1.39840000000000009
1.35139999999999993
1.92420000000000013
1.35680000000000001
1.66679999999999984
1.43199999999999994
1.51420000000000021
1.42919999999999980
2.12959999999999994
1.43199999999999994
0.73160000000000003
1.44700000000000006
1.34040000000000004
1.26379999999999981
1.42480000000000007
1.38739999999999997
1.53180000000000005
1.67800000000000016
1.16120000000000023
1.37020000000000008
1.06120000000000014
1.34760000000000013
1.18320000000000003
0.90900000000000003
1.08200000000000007
1.07940000000000014
1.19220000000000015
1.45740000000000003
1.15900000000000003
1.33299999999999996
1.18540000000000001
1.36040000000000005
1.59420000000000006
1.08519999999999994
1.44180000000000019
1.13539999999999996
1.28719999999999990
1.38060000000000005
1.05979999999999985
0.92140000000000000
1.12400000000000011
1.28779999999999983
0.97180000000000000
1.44159999999999977
1.55200000000000005
1.32640000000000002
1.51140000000000008
1.18900000000000006
1.25200000000000000
1.36940000000000017
1.42219999999999991
1.17940000000000000
1.34899999999999975
1.35259999999999980
1.03980000000000006
1.50940000000000007
1.35519999999999996
1.39720000000000022
1.28020000000000000
1.29360000000000008
1.54299999999999971
1.98100000000000032
1.66359999999999997
1.02380000000000004
1.76160000000000005
1.10840000000000005
1.13420000000000010
1.79700000000000015
1.46380000000000021
1.28100000000000014
1.40339999999999998
1.52499999999999991
1.06939999999999991
1.17339999999999978
1.08679999999999999
1.33139999999999992
1.27340000000000009
1.53420000000000001
1.68180000000000018
2.18259999999999987
1.11620000000000008
1.47239999999999993
1.50479999999999992
1.30040000000000000
1.26279999999999992
1.11100000000000021
1.06579999999999986
1.94760000000000000
1.53660000000000019
1.17059999999999986
1.15399999999999991
1.58960000000000012
1.85319999999999996
1.21019999999999994
1.45200000000000018
1.09119999999999995
1.17720000000000002
1.40880000000000005
1.29420000000000002
1.01439999999999997
1.95579999999999998
1.37260000000000004
1.13760000000000017
1.48919999999999986
0.99099999999999999
1.31800000000000006
1.12240000000000006
1.33260000000000001
1.03059999999999996
1.28600000000000003
1.10540000000000016
1.57459999999999978
1.13700000000000001
1.68680000000000030
1.17000000000000015
1.10979999999999990
1.21439999999999992
1.41219999999999990
1.02899999999999991
1.06739999999999990
1.08420000000000005
1.02300000000000013
1.33320000000000016
1.52239999999999998
1.25119999999999987
1.13519999999999999
2.18579999999999997
1.31420000000000003
1.20620000000000016
1.43939999999999979
1.59680000000000022
1.27499999999999991
1.27540000000000009
1.28400000000000003
1.26860000000000017
1.40680000000000005
1.73839999999999995
1.80100000000000016
1.44060000000000010
1.19219999999999993
0.96460000000000012
1.68340000000000001
1.31359999999999988
1.60699999999999998
1.23319999999999985
1.30960000000000010
0.92740000000000011
0.87059999999999993
1.48340000000000005
0.89979999999999993
1.87460000000000027
0.76280000000000003
1.12400000000000011
1.20859999999999990
1.11480000000000001
0.96699999999999997
1.17660000000000009
1.01019999999999999
1.29320000000000013
1.06980000000000008
0.93799999999999994
1.19340000000000002
1.52600000000000025
0.97779999999999989
1.42140000000000000
0.98740000000000006
1.00939999999999985
1.76199999999999979
1.27879999999999994
1.18300000000000005
0.81259999999999999
1.17879999999999985
1.61700000000000021
0.72619999999999996
1.36620000000000008
0.93699999999999994
1.31259999999999999
0.75080000000000013
1.30840000000000001
0.82820000000000005
1.18379999999999996
1.13040000000000007
0.87479999999999991
1.08600000000000008
1.30479999999999974
0.95459999999999989
1.36559999999999993
1.11200000000000010
0.92780000000000007
0.80099999999999993
0.99099999999999999
0.90919999999999990
1.13700000000000001
1.05360000000000009
0.76139999999999997
0.92120000000000002
0.79339999999999999
1.70060000000000011
1.29360000000000008
1.09599999999999986
1.33700000000000019
1.19039999999999990
2.00760000000000005
1.68019999999999992
2.32320000000000038
1.56319999999999970
0.75360000000000005
0.93279999999999996
1.07719999999999994
1.50279999999999991
1.73199999999999998
1.38739999999999997
2.09759999999999991
1.98960000000000004
1.50380000000000003
0.96279999999999999
0.97639999999999993
1.21520000000000006
1.02659999999999996
0.94800000000000006
0.84260000000000024
1.34699999999999998
1.24839999999999995
1.22740000000000005
0.98599999999999999
1.97180000000000000
1.24920000000000009
1.22260000000000013
0.88900000000000001
1.15419999999999989
0.90739999999999998
0.86760000000000004
1.00079999999999991
1.37379999999999991
1.25920000000000010
1.28820000000000001
1.36559999999999993
0.95339999999999991
0.87600000000000000
1.15820000000000012
1.26680000000000015
1.05600000000000005
1.02859999999999996
1.08060000000000000
0.83640000000000003
1.30899999999999994
0.90120000000000000
1.26760000000000006
1.52120000000000011
1.14319999999999977
1.28119999999999989
0.93879999999999997
1.13479999999999981
0.94520000000000004
1.16860000000000008
1.46100000000000008
1.24980000000000002
1.06199999999999983
1.88040000000000029
1.67379999999999995
1.25819999999999999
1.53600000000000003
1.92859999999999987
0.95999999999999996
1.76820000000000022
2.02499999999999991
1.17920000000000003
1.71599999999999997
1.52720000000000011
1.09779999999999989
1.50879999999999992
1.55820000000000003
1.33260000000000001
0.94079999999999997
0.81619999999999993
1.33320000000000016
1.20880000000000010
1.50439999999999996
1.97699999999999987
1.61560000000000015
0.85319999999999996
2.11019999999999985
1.23359999999999981
1.51200000000000001
1.50380000000000003
1.54980000000000007
1.30960000000000010
1.25059999999999993
2.24800000000000022
1.58919999999999995
1.22600000000000020
2.08979999999999988
1.35000000000000009
1.95220000000000016
1.47980000000000023
1.75780000000000003
1.32079999999999997
1.46019999999999994
1.33499999999999996
1.77919999999999989
1.54200000000000004
1.35199999999999987
1.45440000000000014
0.92259999999999986
1.05459999999999998
1.16499999999999981
1.25380000000000003
1.56459999999999999
1.42660000000000009
1.52000000000000002
1.12860000000000005
1.10400000000000009
1.58860000000000001
1.09220000000000006
1.30939999999999990
1.69660000000000011
2.01419999999999977
1.18639999999999990
1.55779999999999985
2.03819999999999979
2.06259999999999977
1.31220000000000003
1.01019999999999999
1.28899999999999992
1.65260000000000007
1.41660000000000008
1.09660000000000002
1.26119999999999988
1.92259999999999986
1.13999999999999990
1.09240000000000004
1.10699999999999998
1.10259999999999980
1.80000000000000004
1.16739999999999999
1.31839999999999979
0.87679999999999991
0.89179999999999993
0.80659999999999987
1.04440000000000000
1.17599999999999993
1.09400000000000008
2.12319999999999975
1.37880000000000003
1.23580000000000001
0.94480000000000008
1.17959999999999998
1.45060000000000011
1.14439999999999986
1.41260000000000008
1.62319999999999998
1.53180000000000005
1.58960000000000012
1.46140000000000003
1.38380000000000014
1.28079999999999994
1.89600000000000013
1.59460000000000002
1.55440000000000000
1.73459999999999992
1.92740000000000000
0.92139999999999989
1.55200000000000005
1.51320000000000010
1.02480000000000016
1.24499999999999988
1.02239999999999998
2.26259999999999994
1.47040000000000015
2.36000200000000016
1.78400000000000025
1.28400000000000003
1.97519999999999984
1.67260000000000031
1.88719999999999999
1.21859999999999991
1.40660000000000029
1.44020000000000015
1.39780000000000015
2.28580000000000005
1.62440000000000007
1.13300000000000023
1.28540000000000010
1.03679999999999994
1.08039999999999980
1.42740000000000000
1.18120000000000003
1.79059999999999997
1.16759999999999975
0.88239999999999996
1.80480000000000018
1.61179999999999990
0.98699999999999988
1.22979999999999978
1.41480000000000006
1.73520000000000008
1.56659999999999999
1.39840000000000009
1.47519999999999984
1.40460000000000007
2.20900000000000007
1.17840000000000011
1.25039999999999973
1.71619999999999995
1.37719999999999998
1.55240000000000000
1.19400000000000017
1.08939999999999992
1.92880000000000007
1.28499999999999992
0.93520000000000003
1.06959999999999988
1.26780000000000004
0.80700000000000005
1.09660000000000002
1.10060000000000002
1.07600000000000007
1.56760000000000010
1.16940000000000000
0.97119999999999995
0.94280000000000008
1.37120000000000020
1.35219999999999985
1.42099999999999982
1.46239999999999992
0.96279999999999999
1.56539999999999990
1.22160000000000002
1.32119999999999993
1.20719999999999983
1.42800000000000016
1.76820199999999983
1.12280000000000002
1.66319999999999979
1.79559999999999986
2.58939999999999992
2.32919999999999972
1.11400000000000010
1.71460000000000012
1.34580000000000011
1.39680000000000004
1.43000000000000016
1.69480000000000008
1.32879999999999998
0.87880000000000003
1.02039999999999997
1.43480000000000008
1.23399999999999999
1.65620199999999973
1.34499999999999997
1.43260000000000010
1.34400000000000008
1.82080000000000020
1.58120000000000016
1.80500000000000016
1.27480000000000016
2.40720000000000001
1.31299999999999994
1.57139999999999991
1.42699999999999982
1.43180000000000018
1.69780000000000020
1.38099999999999978
1.32460000000000022
1.66699999999999982
1.37639999999999985
1.33400000000000007
1.79580000000000028
1.23720000000000008
2.21120000000000028
1.15339999999999998
1.77259999999999995
1.54479999999999995
1.45979999999999999
1.17200000000000015
2.00800000000000001
1.83860000000000001
1.23200000000000021
1.21740000000000004
1.61380000000000012
1.13639999999999985
2.41739999999999977
1.43359999999999999
1.35659999999999981
1.21039999999999992
1.11860000000000004
1.19700000000000006
1.57180000000000009
1.11580000000000013
1.15280000000000005
1.57880000000000020
1.31119999999999992
2.01499999999999968
1.45179999999999998
1.60139999999999993
1.13619999999999988
1.67740000000000000
1.45680000000000009
0.86460000000000004
1.36480000000000001
1.29440000000000000
1.53659999999999997
1.77820000000000000
1.69820000000000038
1.67879999999999963
1.12820000000000009
1.12600000000000011
1.21120000000000028
1.10440000000000005
1.19199999999999995
1.27019999999999977
1.36699999999999999
1.16119999999999979
1.06020000000000003
1.29440000000000000
0.98199999999999998
1.41680000000000006
1.57180000000000009
1.14420000000000011
1.67059999999999986
1.89500000000000002
1.49879999999999991
1.18740000000000001
1.53499999999999992
1.45560000000000000
1.21899999999999986
2.85499999999999998
0.90060000000000007
2.69839999999999991
1.90039999999999987
1.56040000000000001
1.04079999999999995
1.08719999999999994
0.82240000000000002
0.73800000000000010
0.96820000000000006
1.78079999999999994
1.25279999999999991
1.46160000000000001
1.13439999999999985
1.22660000000000013
1.04780000000000006
1.91539999999999999
1.35520000000000018
1.53320000000000012
1.08020000000000005
1.69540000000000002
2.50000000000000000
1.22399999999999975
1.47719999999999985
1.27780000000000005
1.45679999999999987
1.54820000000000002
1.58899999999999997
1.31319999999999992
1.18540000000000001
0.98119999999999996
1.21799999999999997
1.30560000000000009
1.20620000000000016
1.84780000000000011
1.40780000000000016
0.94179999999999997
1.39379999999999993
1.23580000000000001
0.94620000000000015
1.26859999999999995
1.26380000000000026
1.29059999999999997
1.36199999999999988
1.03279999999999994
1.23140000000000005
1.60499999999999976
1.49360000000000004
1.45259999999999989
1.20440000000000014
0.95719999999999994
1.58760000000000012
1.64539999999999997
1.62539999999999973
1.10699999999999998
1.45859999999999990
1.51600000000000001
1.79660200000000003
1.02139999999999986
2.63760199999999978
1.66499999999999981
1.54400000000000004
1.00160000000000005
0.98700000000000010
0.89439999999999986
1.14020000000000010
1.23219999999999996
1.21419999999999995
1.73799999999999999
1.48799999999999999
2.08139999999999992
1.36940000000000017
1.16780000000000017
1.05099999999999993
1.75620000000000021
1.27960000000000007
1.96859999999999991
1.38580000000000014
1.40539999999999976
2.89340000000000019
1.72100000000000009
1.08759999999999990
1.39600000000000013
1.33400000000000007
1.50740000000000007
0.92759999999999998
0.96999999999999997
1.67740000000000000
0.89059999999999984
2.23400000000000043
1.77180199999999988
1.05779999999999985
1.06099999999999994
0.81259999999999999
1.52540000000000009
1.00400000000000000
1.42959999999999998
1.68699999999999983
1.44180000000000019
1.27400000000000002
0.83979999999999999
1.28459999999999996
1.55359999999999987
1.04799999999999982
1.04600000000000004
1.20360000000000000
1.38040000000000007
1.21379999999999999
1.31659999999999999
1.87620000000000009
1.10099999999999998
0.97159999999999991
1.22580000000000000
1.02200000000000002
1.17120000000000002
0.95279999999999987
1.11299999999999999
1.26659999999999995
1.50180000000000002
1.04899999999999993
1.35240000000000005
1.02100000000000013
1.12900000000000000
1.06699999999999995
0.93559999999999999
1.29879999999999995
1.41620000000000013
0.99399999999999999
0.95740000000000003
1.33420000000000005
1.20239999999999991
1.52959999999999985
1.25019999999999998
1.50200000000000022
0.82919999999999994
1.09040000000000004
1.21779999999999999
1.10840000000000005
1.67219999999999969
1.24700000000000011
1.31059999999999999
0.87899999999999989
1.02339999999999987
0.92459999999999987
1.87479999999999980
1.02680000000000016
0.95979999999999988
1.51140000000000008
1.18099999999999983
1.08240000000000025
1.40520000000000000
1.03960000000000008
1.02459999999999996
1.11620000000000008
1.14999999999999991
1.83460000000000001
1.41839999999999988
1.36039999999999983
1.13060000000000005
1.30959999999999988
1.24879999999999991
1.03039999999999998
2.17659999999999965
2.31380199999999991
0.94479999999999986
1.42559999999999998
1.16380000000000017
2.25100200000000017
0.80640000000000001
1.69540000000000002
1.40600000000000014
1.17640000000000011
1.56240000000000001
1.43840000000000012
1.77280000000000015
1.06959999999999988
1.41020000000000012
1.37200000000000011
1.33799999999999986
0.93779999999999997
1.41680000000000006
0.91159999999999997
1.22939999999999983
1.16339999999999999
1.23599999999999999
1.14840000000000009
0.92659999999999998
1.26560000000000006
2.30600000000000005
0.95879999999999987
1.94639999999999991
1.02679999999999993
1.35620000000000007
1.16540000000000021
1.27919999999999989
1.24079999999999990
1.22720000000000007
0.87579999999999991
1.57840000000000025
1.23580000000000001
1.36799999999999988
1.19459999999999988
1.08039999999999980
1.80220000000000025
1.85339999999999994
1.85360000000000014
1.14779999999999993
1.41339999999999999
1.18199999999999994
1.67500000000000004
1.01319999999999988
1.38860000000000028
1.45219999999999994
1.41599999999999993
1.56899999999999973
1.45259999999999989
1.15720000000000001
0.98719999999999997
1.37139999999999995
1.06939999999999991
1.23919999999999986
1.18880000000000008
1.14880000000000004
1.11919999999999997
1.09680000000000000
1.01960000000000006
1.23140000000000005
1.14999999999999991
1.27820000000000000
1.28580000000000028
1.42700000000000005
1.65640000000000009
1.03279999999999994
0.77459999999999996
1.01099999999999990
0.82879999999999998
1.70459999999999989
1.31720000000000015
1.23059999999999992
1.17179999999999973
1.08000000000000007
1.74560000000000004
1.18800000000000017
1.20140000000000002
1.18120000000000003
1.09620000000000006
1.78659999999999997
1.07540000000000013
1.50419999999999998
1.24960000000000004
0.87059999999999993
0.87539999999999996
1.11020000000000008
1.31899999999999995
1.22659999999999991
1.17260000000000009
1.42920000000000003
0.92380000000000018
1.44920000000000004
1.29600000000000004
1.31040000000000001
1.53119999999999989
1.24900000000000011
1.08120000000000016
0.85580000000000001
0.96799999999999997
1.24940000000000007
1.10919999999999996
1.26699999999999990
1.20020000000000016
1.59939999999999971
1.01019999999999999
1.10999999999999988
1.03220000000000001
1.18420000000000014
1.17759999999999998
1.09299999999999997
0.87819999999999998
1.37500000000000000
1.28760000000000008
1.58639999999999981
1.19619999999999993
1.02679999999999993
1.24120000000000008
1.10539999999999994
1.48419999999999996
1.53140000000000009
1.16720000000000002
1.60139999999999993
1.48439999999999972
1.56179999999999986
1.59079999999999999
1.41860000000000008
1.20340000000000003
0.84640000000000004
1.21059999999999990
1.07079999999999997
1.14900000000000002
1.06020000000000003
1.38160000000000016
0.79979999999999996
1.34359999999999991
0.94619999999999993
1.08620000000000005
1.29800000000000026
1.50419999999999998
1.69900000000000029
1.23419999999999996
1.67240000000000011
1.02879999999999994
0.94320000000000004
1.83880000000000021
1.15739999999999998
1.33980000000000010
1.55240000000000000
1.50760000000000005
1.27600000000000002
1.29099999999999993
1.18199999999999994
1.23720000000000008
1.30540000000000012
1.12599999999999989
1.08400000000000007
1.64539999999999997
1.67740000000000000
0.95899999999999996
1.23399999999999976
1.20900000000000007
1.44459999999999988
0.77439999999999987
1.23840000000000017
1.07600000000000007
1.46720000000000006
1.25180000000000002
1.05780000000000007
1.02659999999999996
0.99219999999999986
1.01920000000000011
1.15860000000000007
1.16100000000000003
1.51439999999999997
0.87980000000000003
0.78939999999999999
0.96920000000000006
1.06359999999999988
1.06299999999999994
1.21399999999999997
1.26560000000000028
1.21960000000000002
0.92120000000000002
1.18279999999999985
1.61180000000000012
0.87139999999999984
1.08159999999999989
1.78620000000000023
1.10480000000000000
1.00819999999999999
0.98940000000000006
1.10319999999999996
0.99160000000000004
1.15660000000000007
0.88480000000000003
1.20480000000000009
1.47420000000000018
1.42859999999999987
1.10000000000000009
1.10320000000000018
1.76419999999999999
1.16559999999999997
1.16100000000000003
1.95160000000000022
0.90060000000000007
1.00580000000000003
1.13040000000000007
1.34119999999999995
1.19600000000000017
0.87319999999999998
1.17320000000000002
1.19199999999999995
1.13319999999999999
0.90020000000000011
1.76019999999999999
0.94979999999999998
0.94339999999999991
1.15039999999999987
1.20579999999999998
0.74999999999999978
1.77059999999999995
1.27920000000000011
1.26600000000000024
0.89079999999999993
1.12839999999999985
1.08440000000000003
2.28640199999999982
0.96839999999999993
1.28799999999999981
0.94239999999999990
1.43520000000000003
1.32140000000000013
1.24100000000000010
1.54659999999999997
0.75919999999999999
0.86999999999999988
2.93239999999999990
2.31000199999999989
1.30140000000000011
0.97519999999999984
1.64960000000000018
1.72059999999999991
0.86719999999999986
1.46040000000000014
0.99839999999999984
0.98299999999999998
1.85020000000000029
1.10880000000000001
1.30560000000000009
0.77139999999999986
1.70660000000000034
1.80560000000000009
1.78419999999999979
1.21099999999999985
1.33460000000000001
1.13819999999999988
1.27739999999999987
2.14260200000000012
1.17159999999999975
1.14900000000000002
1.15320000000000000
2.66260199999999969
1.52459999999999996
1.20039999999999991
1.48419999999999996
0.94259999999999999
0.94540000000000002
1.01719999999999988
1.08860000000000001
1.03719999999999990
2.42740199999999984
2.73620399999999986
0.76619999999999999
1.06940000000000013
1.04239999999999999
0.97819999999999996
1.72920000000000007
2.70300000000000029
1.08860000000000001
2.57960000000000012
1.69979999999999976
1.59860000000000002
1.83780000000000010
0.84960000000000002
1.07499999999999996
0.97340000000000004
0.77039999999999997
1.09520000000000017
0.92759999999999998
1.68939999999999979
1.79519999999999991
1.33260000000000001
1.00519999999999987
1.23780000000000001
1.06140000000000012
1.37960000000000016
1.12599999999999989
1.08919999999999995
2.46600000000000019
1.38459999999999983
1.21259999999999990
1.34480000000000000
1.13759999999999994
1.00479999999999992
1.22639999999999993
1.84820199999999990
2.27899999999999991
1.13779999999999992
1.69680000000000009
0.90779999999999994
1.88200199999999995
0.72319999999999995
2.52800000000000002
1.55599999999999983
1.54020000000000001
1.97280200000000017
1.46599999999999997
1.43480000000000008
2.13540200000000002
2.04260199999999958
0.96839999999999993
1.18720000000000003
1.17460000000000009
1.09779999999999989
1.30880000000000019
1.53619999999999979
1.35959999999999992
1.57839999999999980
1.30580000000000007
1.45079999999999987
1.23440000000000016
1.97659999999999991
1.52139999999999986
1.35299999999999998
1.06999999999999984
1.02899999999999991
0.91099999999999992
1.51779999999999982
1.39720000000000000
1.14800000000000013
1.06239999999999979
1.82659999999999978
2.33219999999999983
1.41960000000000020
1.21639999999999993
1.34880000000000000
1.50600000000000023
1.21999999999999997
1.15939999999999999
1.18120000000000003
1.33259999999999978
1.18999999999999995
2.64399999999999968
0.80139999999999989
1.40179999999999993
1.47000000000000020
1.34540000000000015
1.59139999999999993
1.70260000000000034
2.09700000000000042
1.19499999999999984
2.41240000000000032
1.27919999999999989
1.89519999999999977
0.88059999999999994
1.38080000000000003
2.51140000000000008
1.94760000000000000
1.39460000000000006
1.51519999999999988
2.00000000000000000
1.72740000000000005
2.35980000000000034
1.63300000000000023
1.65159999999999973
1.26219999999999999
1.18540000000000001
1.46619999999999995
1.65019999999999989
1.63640000000000008
1.81240000000000023
1.97059999999999991
1.38859999999999983
1.13379999999999992
1.03000000000000003
1.15199999999999991
1.23820000000000019
1.30499999999999994
1.48140000000000005
2.43879999999999963
1.95579999999999998
1.93959999999999999
1.35380000000000011
1.23020000000000018
1.52380000000000004
1.98740000000000028
1.21939999999999982
2.03620000000000001
1.58019999999999983
2.73520200000000013
1.60640000000000005
1.89560200000000023
1.68939999999999979
2.28639999999999999
1.15079999999999982
2.28680200000000022
1.19760000000000000
1.20039999999999991
2.91920199999999985
1.88200000000000012
1.29420000000000002
2.82340200000000019
1.87879999999999958
2.71960399999999947
3.57140199999999997
1.00140000000000007
0.97240000000000004
1.14800000000000013
0.86419999999999997
1.16920000000000002
1.28299999999999992
1.12380000000000013
1.40880000000000005
2.07880199999999959
1.22500000000000009
1.42259999999999986
1.44999999999999996
1.30479999999999996
0.89380000000000004
1.16820000000000013
1.20340000000000003
1.36239999999999983
1.51200000000000001
1.31719999999999993
1.36699999999999999
1.48579999999999979
1.47520000000000007
1.35819999999999985
1.61180000000000012
0.96939999999999993
1.04679999999999995
0.96920000000000006
1.04879999999999995
2.38040000000000029
1.62179999999999991
0.92579999999999996
0.94280000000000008
1.11700000000000021
1.24200000000000021
1.42079999999999984
1.69139999999999979
1.39720000000000000
1.97860000000000014
1.34680000000000000
2.26600000000000046
1.35860000000000003
1.23459999999999992
1.28140000000000009
1.89979999999999971
2.12880199999999986
1.40999999999999992
1.38599999999999990
1.90900000000000003
1.19579999999999997
2.42620000000000013
1.21900000000000008
1.61099999999999999
1.45560000000000000
2.07600199999999990
1.05459999999999998
0.87700000000000000
1.61099999999999999
1.05640000000000001
1.08120000000000016
2.05880000000000019
0.90459999999999996
1.88500000000000023
1.64340000000000019
2.16120000000000001
1.06400000000000006
1.09779999999999989
2.41219999999999990
1.06519999999999992
0.87600000000000000
1.18840000000000012
2.07380000000000031
1.76140000000000008
1.49839999999999973
1.03439999999999999
0.97940000000000005
2.78879999999999972
0.83879999999999999
1.09899999999999998
2.29840000000000000
1.07660000000000000
1.80899999999999994
1.89560199999999979
3.03880199999999956
2.15640199999999993
1.87259999999999982
1.16360000000000019
1.39319999999999999
1.29320000000000013
1.67120000000000002
2.37660000000000027
1.89960000000000018
1.54139999999999988
1.42759999999999998
1.33120000000000016
3.08660200000000007
1.48439999999999972
1.22859999999999991
1.70859999999999990
1.15640000000000009
2.17980000000000018
1.05459999999999998
1.29059999999999997
1.75659999999999994
1.37799999999999989
2.00859999999999994
1.42379999999999995
1.87800000000000011
1.04320000000000013
1.46580000000000021
1.63759999999999972
1.39939999999999998
1.26260000000000017
1.49400000000000022
1.31260000000000021
1.98780000000000046
1.51739999999999986
1.05799999999999983
1.34980000000000011
2.01440000000000019
1.18279999999999985
1.85180000000000011
2.45400200000000002
1.97160000000000002
1.06059999999999999
2.12559999999999993
1.33820000000000006
1.73940000000000028
1.19280000000000008
2.27920199999999973
1.80280000000000018
1.18779999999999997
1.39980000000000016
2.17419999999999991
1.78259999999999996
1.42500000000000004
1.25700000000000012
1.53120000000000012
2.79480199999999979
1.57200000000000006
3.20520000000000005
1.67639999999999989
1.34419999999999984
1.96679999999999988
0.96960000000000002
1.49819999999999998
1.23100000000000009
1.42599999999999993
1.25259999999999994
2.08979999999999988
2.15020199999999972
2.71420199999999978
1.99240199999999978
1.84260000000000024
2.11440000000000028
2.02439999999999998
1.98500000000000010
1.49100000000000010
1.03420000000000001
2.06760000000000010
1.92380000000000040
1.56200000000000006
1.15779999999999994
1.13719999999999999
2.00019999999999998
1.60119999999999996
1.45780000000000021
2.08919999999999995
1.38680000000000003
1.37739999999999996
0.92120000000000002
1.30659999999999998
1.17439999999999989
1.73380000000000001
1.03980000000000006
1.34359999999999991
2.20580199999999982
2.00459999999999994
2.23260199999999998
1.92420000000000035
1.22800000000000020
1.92960199999999982
1.35719999999999996
1.17300000000000004
1.71479999999999966
1.85440000000000005
1.20940000000000003
1.07140000000000013
1.08879999999999999
2.50100000000000033
3.13899999999999979
1.70760000000000001
1.55800000000000027
2.23759999999999959
1.52919999999999989
2.31040000000000001
1.62779999999999991
2.36980000000000057
2.25740199999999991
1.77459999999999996
2.18140000000000001
1.61700000000000021
1.41759999999999997
1.83819999999999983
1.59220000000000006
1.88119999999999976
2.10840000000000005
1.81760000000000010
2.63140000000000018
1.86200000000000010
2.02479999999999993
1.85959999999999992
2.77800199999999986
2.73100199999999971
2.26500000000000012
1.98340000000000005
1.98359999999999981
2.34980199999999950
1.61460000000000004
2.23439999999999994
2.11420000000000030
1.11579999999999990
1.52499999999999991
2.87140199999999979
1.52619999999999978
1.29520000000000013
1.53919999999999990
1.72019999999999973
2.27600000000000025
1.30259999999999998
2.24379999999999979
1.73059999999999969
1.74219999999999997
1.40420000000000011
1.57339999999999991
1.50340000000000007
1.20860000000000012
1.63440000000000007
1.10959999999999992
1.26540000000000008
1.68080000000000007
1.13439999999999985
1.34200000000000008
1.62099999999999977
1.19059999999999988
1.94260000000000010
1.38620000000000010
1.57580000000000009
1.55620000000000003
1.80240000000000000
2.06759999999999966
1.23459999999999992
1.42380000000000018
1.41520000000000001
1.21799999999999997
1.45639999999999992
1.20060000000000011
1.28760000000000008
0.86280000000000001
1.66159999999999997
1.46540000000000004
1.56900000000000017
1.78699999999999970
1.50679999999999992
1.45940000000000003
1.54159999999999986
1.27300000000000013
1.24060000000000015
1.73720000000000008
1.42019999999999991
1.24580000000000002
1.20500000000000007
1.33299999999999996
1.24019999999999997
1.39639999999999986
1.10260000000000002
2.14920000000000000
1.79340000000000011
1.36060000000000003
1.36399999999999988
1.08660000000000001
1.64920000000000000
1.70399999999999996
1.39460000000000006
1.46899999999999986
2.15519999999999978
1.20259999999999989
2.19920200000000010
1.53020000000000000
2.02840000000000042
3.03340199999999971
1.71460000000000012
2.32240000000000002
2.19419999999999993
1.39539999999999997
1.20019999999999993
1.20440000000000014
1.29020000000000001
1.52980000000000005
1.09519999999999995
2.49200200000000027
2.43120199999999986
1.22399999999999998
1.06119999999999992
1.66000000000000014
2.08440000000000003
1.94600000000000017
1.49900000000000011
1.52459999999999996
1.25800000000000001
2.30640199999999984
2.20239999999999991
1.05160000000000009
1.88600199999999996
1.27660000000000018
2.52720199999999995
1.62259999999999982
1.41759999999999997
3.75660200000000000
1.95540000000000025
1.28600000000000003
1.02760000000000007
1.15600000000000014
1.00500000000000012
1.99219999999999975
2.02140000000000031
1.99280000000000013
1.80840000000000001
1.26080000000000014
1.15959999999999974
1.57940000000000014
1.89999999999999969
1.17819999999999991
1.39399999999999991
1.27180000000000004
1.40199999999999991
2.79859999999999998
1.30980000000000008
2.12680000000000025
2.11380000000000035
1.55520000000000014
1.39180000000000015
1.91100000000000003
1.90399999999999991
2.08560000000000034
2.30180199999999946
1.75479999999999992
2.01419999999999977
1.64900000000000024
1.70459999999999989
1.42120000000000002
2.86360199999999976
3.18180199999999980
1.60020000000000029
1.05240000000000000
1.43619999999999992
2.20380200000000004
1.54199999999999982
3.30500200000000044
1.58719999999999994
2.44880199999999970
1.74920000000000009
2.27140199999999970
1.77199999999999980
1.69300000000000006
1.41860000000000008
1.77259999999999995
1.50940000000000007
1.37759999999999994
2.40100000000000025
1.94100000000000006
2.05019999999999980
1.72100000000000009
1.24180000000000001
1.59860000000000002
1.43019999999999992
1.82920000000000016
2.43540000000000001
1.86939999999999995
1.69480000000000008
1.05719999999999992
1.64079999999999981
1.52119999999999989
2.34300199999999981
2.42200199999999999
1.68879999999999986
1.21740000000000004
2.25700000000000012
1.96779999999999977
1.51960000000000006
1.61159999999999992
1.91259999999999986
0.94140000000000001
1.89980000000000016
1.63019999999999987
1.52940000000000009
1.46460000000000012
1.44799999999999995
1.55240000000000000
1.34240000000000004
2.11559999999999970
1.36499999999999977
1.83660000000000023
1.71679999999999988
1.46719999999999984
1.90700000000000003
2.19300000000000006
1.16360000000000019
1.50540000000000029
1.76160000000000005
1.38679999999999981
2.12840199999999991
1.28380000000000005
1.53100000000000014
1.64100000000000001
1.30840000000000001
1.69819999999999993
3.05800199999999966
1.80180000000000007
2.75919999999999987
1.83740000000000014
1.64439999999999986
1.37139999999999995
1.40820000000000012
1.40459999999999985
1.65099999999999980
1.46700000000000008
2.08000000000000007
1.73340000000000005
2.01640200000000025
2.46360000000000001
1.37199999999999989
2.19339999999999957
2.74740200000000012
1.50519999999999987
1.36039999999999983
1.44119999999999981
1.35760000000000014
2.35499999999999998
2.38940000000000019
1.89900000000000024
1.35579999999999989
1.65979999999999994
1.99519999999999986
1.37420000000000009
1.45039999999999991
1.80040000000000022
1.65859999999999985
1.06859999999999977
1.38540000000000019
1.52360000000000007
1.62719999999999976
2.04920000000000035
1.29200000000000004
1.43420000000000014
1.75539999999999985
1.51519999999999988
2.03000000000000025
2.35179999999999989
2.23899999999999988
1.74480000000000013
1.94300000000000006
2.68679999999999986
1.68599999999999994
1.20540000000000003
1.42720000000000002
1.61539999999999995
1.57199999999999984
3.50480400000000003
1.46299999999999986
1.36080000000000001
1.15999999999999992
1.90759999999999996
1.59240000000000004
2.02580000000000027
1.80860000000000021
1.23480000000000012
1.25879999999999970
1.33759999999999990
1.97920000000000007
1.75180000000000002
1.29780000000000006
1.95359999999999978
1.60660000000000025
1.35340000000000016
2.80779999999999985
1.61759999999999993
1.77480000000000016
1.53259999999999996
1.41020000000000012
2.13779999999999992
2.44159999999999977
2.00859999999999994
1.30040000000000000
1.57879999999999998
1.39539999999999997
1.18239999999999990
2.14339999999999975
1.66199999999999970
1.06940000000000013
1.66439999999999988
1.89980000000000016
2.62900199999999984
1.24219999999999997
2.54300000000000015
2.65620000000000012
2.32460000000000022
2.41140199999999982
1.61559999999999993
1.37880000000000003
1.64320000000000022
1.68520000000000003
1.47899999999999987
2.06980200000000014
1.37879999999999980
1.88440000000000007
1.87020000000000008
1.56679999999999997
1.52700000000000014
1.95140000000000002
1.51160000000000005
3.28600199999999987
1.74200000000000021
1.54899999999999993
1.72699999999999987
1.73599999999999999
2.29420000000000002
1.37339999999999995
1.45979999999999999
1.36899999999999999
2.12879999999999958
1.62759999999999994
1.54820000000000002
2.50820199999999982
1.68900000000000006
2.46719999999999962
1.65320000000000000
1.55200000000000005
1.58379999999999987
1.28759999999999986
1.73640000000000017
1.61600000000000010
1.40940000000000021
1.90559999999999974
1.29839999999999978
1.35279999999999978
2.23799999999999999
1.57280000000000020
2.40120000000000022
1.68180000000000018
1.60440000000000005
1.08440000000000003
1.30059999999999998
1.75420000000000020
1.52839999999999998
1.61619999999999986
2.01759999999999984
1.74060000000000015
1.62179999999999991
1.31640000000000024
2.22600000000000042
1.74699999999999989
1.29400000000000004
2.15219999999999967
1.18840000000000012
1.66219999999999990
1.40099999999999980
2.03939999999999966
1.71439999999999992
2.61319999999999997
1.46320000000000006
1.91839999999999966
2.01599999999999957
2.99700400000000000
2.41079999999999961
1.37060000000000004
2.13600000000000012
1.50099999999999989
1.49459999999999993
1.94580000000000020
1.03639999999999999
2.09339999999999993
1.29360000000000008
1.17579999999999996
2.32940199999999953
1.96199999999999974
2.43840199999999996
1.39460000000000006
1.36660000000000004
1.33460000000000001
1.43959999999999999
2.20899999999999963
1.22979999999999978
1.57919999999999994
1.94020000000000015
2.08300000000000018
2.27039999999999997
1.68219999999999992
1.40120000000000000
2.25039999999999996
2.44380000000000042
1.33580000000000010
1.34519999999999995
1.39579999999999993
2.18820000000000014
2.68140000000000001
1.31739999999999990
1.47279999999999989
1.65740000000000021
1.19300000000000006
1.78040000000000020
1.89500000000000002
2.26739999999999986
2.14720000000000022
1.83419999999999983
2.35199999999999942
1.80299999999999971
2.13119999999999976
1.55359999999999987
1.17179999999999995
3.66200400000000048
2.51759999999999939
1.83939999999999992
1.71379999999999977
2.05440000000000023
1.47380000000000000
2.03980000000000050
1.77959999999999985
1.85780000000000034
1.67120000000000002
2.40240000000000009
2.03160000000000007
2.61819999999999986
1.54119999999999990
2.95160199999999984
1.68380000000000019
1.23019999999999996
1.54719999999999991
1.41660000000000008
1.45880000000000010
1.66100000000000003
1.34380000000000033
1.45719999999999983
1.99560000000000004
1.43340000000000001
2.22900000000000009
2.22980000000000000
1.47800000000000020
1.48040000000000016
1.93440000000000012
1.39060000000000006
2.21639999999999970
1.52380000000000004
1.84040000000000026
1.97239999999999993
1.38979999999999992
2.98400399999999966
1.84299999999999997
1.79700000000000015
1.35559999999999992
1.18040000000000012
1.50780000000000003
1.29800000000000004
2.05019999999999980
1.19620000000000015
1.58979999999999988
1.36539999999999973
1.74259999999999993
2.69220000000000015
2.91860200000000036
1.66999999999999993
3.09540199999999999
2.56159999999999988
2.63760200000000022
1.78539999999999988
2.16100199999999987
1.86140000000000017
1.34659999999999980
2.35799999999999965
2.24160000000000004
1.43579999999999997
1.52539999999999987
1.59739999999999993
1.41139999999999999
1.63360000000000016
1.32759999999999989
2.34700199999999981
2.04499999999999993
1.20759999999999978
1.95579999999999998
2.46540200000000009
1.85599999999999987
2.44559999999999977
1.54400000000000004
1.86459999999999981
1.85940000000000016
1.90500200000000008
2.30120199999999997
1.32980000000000009
3.01220399999999966
1.55059999999999998
1.81520000000000015
1.89400000000000013
2.40779999999999994
2.25540000000000029
2.83260000000000023
1.75459999999999994
1.56840000000000002
1.82499999999999996
1.44940000000000002
1.51659999999999995
2.03620000000000001
1.72660000000000013
1.67299999999999960
2.11819999999999986
1.79320000000000013
1.68240000000000012
1.77139999999999986
2.12040000000000006
2.21579999999999977
1.75380000000000003
2.23519999999999985
1.70240000000000014
1.67240000000000011
1.57079999999999997
1.64460000000000006
1.90919999999999979
2.31299999999999972
2.41640000000000033
2.17439999999999989
1.79600000000000004
1.38059999999999983
2.07279999999999998
2.06659999999999977
2.62619999999999987
3.17840000000000034
1.63380000000000014
1.98560000000000025
1.67979999999999974
2.10179999999999989
2.67040200000000016
2.51200000000000001
1.86099999999999999
1.97980000000000023
2.09180000000000010
2.11779999999999990
1.93359999999999976
1.56999999999999984
1.83560000000000012
1.70639999999999992
2.36960000000000015
1.69240000000000035
3.08840199999999987
1.55960000000000010
3.13540200000000002
1.51699999999999990
2.12600000000000033
1.24819999999999998
1.90660000000000029
1.59819999999999984
1.80219999999999980
2.21520200000000012
2.36739999999999995
2.60099999999999998
1.84579999999999989
2.07940000000000014
2.38760200000000022
3.68220400000000003
1.56359999999999988
2.33939999999999992
1.47839999999999994
1.96600000000000041
2.35600000000000032
1.83239999999999981
2.56580200000000014
1.63640000000000008
1.82160000000000011
2.13319999999999999
1.56560000000000010
2.09799999999999986
2.46220000000000017
2.46480000000000032
1.64380000000000015
2.63120199999999960
1.80919999999999992
2.19739999999999958
2.76200000000000001
1.97319999999999984
1.46239999999999992
1.60279999999999978
2.47960199999999986
2.18080000000000007
1.70079999999999987
1.44100000000000006
2.75300000000000011
2.12420000000000009
2.40080200000000010
2.75099999999999989
1.29820000000000002
1.60260000000000002
2.30100000000000016
2.56720000000000015
2.01100000000000012
1.94580000000000020
1.82820000000000005
2.64680200000000010
1.83500000000000019
2.46480199999999972
1.71200000000000019
1.68259999999999965
1.63859999999999983
2.16159999999999997
1.47600000000000020
2.31420000000000003
2.82520199999999999
1.95659999999999989
1.16759999999999997
1.86739999999999995
1.74260000000000015
1.79679999999999995
1.81179999999999986
2.40819999999999990
1.43199999999999994
2.32100199999999957
2.01740000000000030
2.17039999999999988
2.07419999999999982
2.17560000000000020
1.62460000000000027
2.06559999999999988
2.39460000000000006
1.91920000000000002
2.29479999999999995
2.24199999999999999
1.56200000000000006
2.20979999999999999
2.46459999999999990
1.51219999999999999
2.57240199999999986
2.08119999999999994
1.48980000000000001
1.51879999999999993
2.45760000000000023
1.66400000000000015
1.99959999999999982
1.22360000000000002
2.00979999999999981
3.05380000000000029
2.17360000000000042
1.67980000000000018
2.10740000000000016
1.58979999999999988
2.32679999999999998
1.78099999999999992
2.43179999999999996
1.84279999999999999
1.70280000000000031
2.80480200000000002
1.39780000000000015
1.52459999999999996
1.72199999999999998
1.96380000000000021
1.92500000000000004
1.68099999999999983
2.68520199999999987
1.34699999999999998
2.46459999999999990
1.69000000000000017
1.68679999999999986
2.23019999999999996
2.10739999999999972
2.01879999999999971
1.20999999999999996
1.86619999999999986
1.74960000000000027
2.05779999999999985
3.06640200000000007
1.43600000000000017
1.85180000000000011
1.69220000000000015
1.51599999999999979
1.27139999999999986
1.35060000000000002
2.03760000000000030
2.27820000000000000
1.91359999999999997
2.05900000000000016
2.01539999999999964
3.28080399999999983
2.05859999999999976
2.14579999999999993
2.08280000000000021
1.68159999999999998
2.01820000000000022
2.29900000000000038
1.58139999999999992
3.17900199999999966
1.59219999999999984
1.95080000000000031
1.71760000000000024
3.02300399999999980
2.61080000000000023
1.97540000000000004
1.90279999999999982
2.28580199999999989
1.93859999999999988
1.80519999999999992
2.82560199999999995
1.74639999999999995
2.08099999999999996
1.65180000000000016
2.47419999999999973
1.73060000000000014
2.43320000000000025
2.45760000000000023
2.20239999999999991
2.52939999999999987
1.89779999999999971
1.28140000000000009
2.49080000000000013
1.91000000000000014
1.51660000000000017
2.33740199999999998
2.78200199999999986
2.03360000000000030
1.70800000000000018
1.71779999999999999
2.11339999999999995
1.76800000000000002
1.61059999999999981
2.14179999999999993
2.19579999999999975
1.96779999999999977
2.58099999999999996
2.25419999999999998
2.21120000000000028
2.04360000000000053
2.00279999999999969
1.92359999999999975
2.26560199999999989
2.22100000000000009
1.77599999999999980
1.64420000000000011
2.50860199999999978
1.61159999999999992
3.00000199999999984
2.37260000000000026
1.69999999999999996
2.38120199999999960
2.32600000000000007
1.42080000000000006
1.81960000000000011
2.04979999999999984
1.45520000000000005
1.21219999999999994
3.51300399999999957
1.95620000000000016
2.30960000000000010
2.20040000000000013
1.69260000000000010
2.17960000000000020
2.65039999999999987
1.67320000000000002
2.32299999999999951
2.20000000000000018
2.24180000000000046
2.04039999999999999
2.84500000000000020
1.44259999999999988
2.01739999999999986
1.78880000000000017
2.36840000000000028
2.76180000000000003
2.60460200000000031
1.39460000000000006
1.90820000000000012
2.02620000000000022
2.62440199999999990
1.73140000000000005
2.34800200000000014
2.22260199999999974
2.06479999999999997
1.49940000000000007
1.95919999999999983
2.06519999999999992
1.79479999999999995
1.81599999999999961
2.65120000000000022
1.53920000000000012
2.34339999999999993
1.80919999999999992
2.36299999999999999
2.77079999999999993
2.06780000000000008
1.38200000000000012
2.18359999999999976
2.75819999999999999
1.54280000000000017
2.09620000000000006
1.57199999999999984
2.31340000000000057
2.16559999999999997
1.20579999999999998
1.95700000000000007
1.75600000000000023
2.00260000000000016
2.32059999999999977
1.64660000000000006
3.25600000000000023
2.08739999999999970
1.77979999999999983
1.59000000000000008
1.79500000000000037
1.86080000000000001
2.21520000000000028
1.63519999999999999
1.73560000000000025
1.97320000000000029
2.60820000000000007
2.08619999999999983
2.03499999999999970
2.29879999999999995
2.08240000000000025
1.79220000000000002
1.82820000000000005
1.98099999999999987
1.60260000000000002
1.70760000000000001
2.09759999999999991
1.80300000000000016
1.77300000000000013
1.72660000000000013
1.88119999999999976
2.38799999999999990
2.01000000000000023
1.27679999999999993
2.06700000000000017
1.96560000000000024
1.85740000000000016
3.14620400000000000
2.94480200000000014
1.96520000000000006
2.18920000000000003
2.27559999999999985
2.42540000000000022
1.54959999999999987
1.87199999999999989
1.85219999999999985
1.46799999999999997
1.75360000000000005
1.56000000000000005
1.37120000000000020
1.51619999999999999
2.73500399999999955
1.64739999999999998
1.51940000000000008
2.37760000000000016
1.75760000000000005
1.43340000000000001
1.70320000000000005
2.08879999999999999
1.85880000000000001
1.40600000000000014
1.54259999999999997
1.97980000000000023
2.02879999999999994
2.33520000000000039
1.42520000000000024
2.11019999999999985
1.92299999999999960
2.63079999999999981
2.71160200000000007
1.45700000000000007
2.00579999999999981
1.95320000000000005
1.75460000000000038
1.74340000000000006
1.56679999999999975
1.42720000000000002
1.74619999999999997
2.09879999999999978
1.77380000000000004
2.00919999999999987
1.42000000000000015
2.25840199999999980
1.56220000000000003
1.79859999999999998
1.58840000000000003
1.45259999999999989
1.81320000000000014
1.45280000000000009
1.96239999999999992
1.68419999999999992
1.78999999999999981
1.98099999999999987
1.87300000000000000
1.48799999999999999
1.96360199999999985
1.81359999999999988
2.61980000000000013
1.51800000000000002
1.74180000000000001
1.56879999999999997
1.34800000000000009
1.92280000000000006
1.81559999999999988
2.12100000000000000
1.75760000000000005
1.56479999999999997
2.02359999999999962
1.64739999999999998
1.29720000000000013
1.86599999999999966
1.39180000000000015
1.50200000000000000
1.76659999999999995
1.54000000000000026
2.32279999999999998
1.62480000000000002
2.27559999999999985
2.81780200000000036
2.51879999999999971
2.13220200000000037
1.58119999999999994
1.31380000000000008
2.15980200000000000
1.42460000000000009
2.19400199999999979
1.27239999999999998
1.79820000000000024
2.08159999999999989
1.42439999999999989
1.55979999999999985
1.90560000000000018
2.33440000000000003
1.96899999999999986
1.41500000000000004
1.39220000000000010
2.26360200000000011
1.45700000000000007
2.24940000000000051
1.42940000000000000
2.29200199999999965
1.75439999999999996
2.00339999999999963
1.41920000000000002
2.23060200000000020
2.05140000000000011
2.82640199999999986
1.65879999999999983
1.51839999999999997
2.23420000000000041
1.85739999999999972
2.15520200000000006
1.48599999999999999
1.89340000000000019
1.89220000000000010
2.37880000000000003
1.76340000000000008
1.45799999999999974
1.60599999999999987
3.00100199999999973
2.45460199999999995
3.17620399999999981
2.20520199999999988
2.21940199999999965
2.37559999999999993
2.19620199999999999
2.64780399999999982
2.78940400000000022
2.44820199999999977
3.23920200000000014
2.97180399999999967
2.79440199999999983
3.87180599999999941
2.67359999999999998
3.83640399999999948
2.21660199999999996
2.17020199999999974
3.20940199999999987
2.60219999999999985
2.99480199999999952
3.73520400000000041
2.39940200000000026
1.53299999999999992
2.08720000000000017
3.40020000000000033
1.94080000000000008
3.53680599999999989
1.65839999999999987
3.61900600000000017
2.96860400000000002
4.26220599999999994
2.29440000000000044
4.30080799999999996
2.96860400000000002
3.19880399999999998
3.95980399999999966
1.68000000000000016
2.02560200000000012
2.89840199999999992
4.50000599999999995
3.51320599999999938
2.90940399999999944
1.56819999999999982
2.54100199999999976
4.10440599999999911
2.10760199999999998
2.84500400000000031
2.03279999999999994
2.40460200000000013
4.13080200000000008
3.97980599999999995
2.71380200000000027
2.74280400000000002
1.85400000000000031
2.37579999999999991
1.79940000000000033
2.77440399999999965
3.73800399999999922
3.57760599999999940
2.96860400000000002
2.36140199999999956
2.76320200000000016
2.20019999999999971
4.17060399999999998
1.49639999999999995
2.38380200000000020
4.23780599999999996
2.06079999999999997
4.46660600000000052
2.87280399999999991
2.24100199999999994
1.80820000000000003
3.37660199999999966
1.90959999999999996
1.64259999999999984
1.47660000000000013
2.22339999999999982
4.18060600000000004
2.36280000000000001
2.17079999999999984
4.00440599999999947
2.66220200000000018
1.87880000000000047
2.64040199999999992
3.56160400000000044
3.00320200000000037
2.63400400000000001
2.40240000000000009
4.11000799999999966
4.14080399999999926
2.92760200000000026
4.26680399999999960
3.03880199999999956
4.15080600000000022
4.66500399999999971
2.80040200000000006
3.20480199999999993
2.16960199999999981
3.73060600000000031
3.47900199999999993
2.08440199999999987
2.74880199999999997
2.43420199999999998
3.95900599999999958
4.00680600000000009
1.47580000000000000
2.29920000000000035
4.11000799999999966
3.66420400000000024
2.08899999999999997
3.05100199999999999
4.25260200000000044
2.62900199999999984
2.21479999999999988
4.11000799999999966
1.56859999999999999
1.81640000000000024
2.54780000000000006
1.88679999999999981
2.79660000000000020
4.02800199999999986
1.65459999999999985
1.84059999999999979
1.98759999999999981
2.63100000000000023
3.94220599999999965
2.59400199999999970
2.95200399999999963
4.25380799999999937
2.91220199999999974
4.61920399999999987
1.64900000000000024
1.78179999999999983
3.55400199999999966
2.89840199999999992
3.46500199999999969
4.62500799999999934
2.24800200000000006
2.11200000000000010
2.82160399999999978
4.81780599999999914
2.27400199999999986
2.38460200000000011
3.56820599999999999
3.79920200000000019
2.61080000000000023
3.90980400000000028
2.74460000000000015
4.03280599999999900
2.66620199999999974
2.05440000000000023
2.99219999999999997
4.38580399999999937
2.64260200000000012
2.73539999999999983
3.19180200000000003
3.51900200000000041
3.11840200000000012
3.46400400000000008
4.56080599999999947
4.39599999999999991
3.97380199999999917
3.99740599999999935
4.33760599999999918
3.24980199999999986
3.14100199999999985
3.42060200000000014
3.36739999999999995
4.75380599999999998
3.84820399999999996
3.78980399999999928
3.71500199999999969
3.38860000000000028
4.65000599999999942
3.18060199999999993
3.76339999999999986
3.48120199999999969
4.37500399999999967
4.43920600000000043
4.03960000000000008
3.74359999999999982
4.75320799999999899
2.58580000000000032
2.61680199999999985
1.86159999999999992
3.45619999999999994
2.15099999999999980
4.08340399999999981
3.88760399999999962
4.61080600000000018
3.59860599999999931
4.85660600000000020
2.76259999999999994
2.26520199999999994
2.50000000000000000
4.36260599999999954
4.41740200000000005
2.61880000000000024
2.30740200000000018
3.07399999999999984
3.58880399999999966
4.58240599999999976
4.14500199999999985
3.12220200000000014
1.60719999999999996
3.48780399999999968
3.65340399999999965
3.37500399999999967
2.84799999999999986
3.38040199999999924
4.56740399999999980
4.51120599999999961
4.80000800000000005
3.85280199999999962
3.20520000000000005
3.38280199999999942
4.19780200000000026
1.84520000000000017
1.90499999999999980
1.80620000000000003
1.45220000000000016
3.32880000000000020
1.98580000000000001
1.95440000000000014
3.58739999999999970
1.51419999999999999
2.80760399999999999
2.23079999999999989
3.04420200000000030
4.00500400000000045
3.99140199999999989
3.49840199999999957
2.07660000000000000
3.67000000000000037
2.42499999999999982
3.88779999999999992
3.13300000000000001
3.22720000000000073
3.31280000000000019
3.11859999999999982
3.54999999999999982
3.00240399999999985
3.58060200000000028
4.00080200000000019
3.11060200000000009
4.41080399999999972
3.06660000000000021
3.41000199999999998
3.33000000000000052
4.00160200000000010
2.88839999999999986
2.09039999999999981
4.02320600000000006
3.11940200000000001
4.09820399999999996
2.74980199999999986
3.89960000000000040
4.00080200000000019
3.77520200000000017
2.96240199999999998
3.36000200000000016
4.50780799999999893
2.90180000000000016
3.80560399999999976
2.36259999999999959
1.56400000000000006
3.90680399999999972
3.51900199999999952
3.51300199999999929
3.11480199999999963
3.86300000000000043
2.60819999999999963
3.27139999999999986
3.03100199999999997
4.20340399999999992
1.56619999999999981
3.29780199999999990
1.99579999999999980
2.01619999999999999
2.58140199999999975
1.87259999999999982
3.42400000000000038
2.55600000000000005
2.18040000000000012
2.26419999999999977
4.35000599999999960
3.56780199999999947
2.72800000000000020
2.97040199999999999
4.13200199999999995
2.87040000000000006
3.39900000000000002
3.26120199999999993
3.53659999999999997
3.77700200000000041
2.86060000000000025
3.58420199999999989
3.10660200000000009
3.33699999999999974
3.51220199999999982
2.57880000000000020
2.33040199999999986
2.10860000000000003
2.42780000000000040
2.82019999999999982
2.78299999999999992
2.10619999999999985
2.56640199999999963
2.61960000000000015
3.26980399999999971
4.40500600000000020
3.84840399999999949
3.62320200000000003
4.21780399999999922
4.21480399999999999
2.61580000000000013
2.77200199999999963
1.84299999999999997
2.65219999999999967
3.63859999999999939
3.48840199999999978
3.39500199999999941
3.35820199999999991
1.79740000000000011
2.80939999999999968
3.64020199999999994
3.50059999999999993
3.24020000000000019
3.76920199999999994
1.72860000000000014
3.61140199999999956
4.12000200000000039
4.03280400000000050
3.45979999999999999
4.16600400000000004
3.12200399999999956
3.29840399999999923
2.17479999999999984
1.97339999999999982
2.33140000000000036
3.52400400000000014
3.52840199999999982
3.97160400000000013
1.72740000000000005
4.04780599999999957
2.11200000000000010
3.81580000000000030
3.86880199999999963
3.76360200000000011
2.39440000000000008
3.02220000000000022
2.55799999999999983
4.41840400000000066
2.98380200000000029
3.43959999999999999
4.44520599999999977
3.49400200000000050
3.27640399999999943
4.14500400000000013
4.16620599999999985
3.30459999999999976
2.81620199999999965
2.99459999999999971
4.80000800000000005
3.16760000000000019
2.18959999999999955
3.98240399999999983
3.96280399999999977
3.37959999999999994
2.95319999999999983
3.27800000000000002
3.89620400000000000
4.13560600000000012
3.21119999999999939
3.76440199999999958
3.41500000000000048
2.19260000000000010
3.25160199999999966
3.48640199999999956
3.75620399999999943
3.70000200000000001
3.85060399999999969
3.11719999999999997
2.83299999999999974
2.93780000000000019
3.67500399999999994
3.98940199999999967
3.07300000000000040
3.45840199999999953
3.62880199999999942
3.31779999999999964
4.23180399999999945
3.47980199999999940
3.13900000000000023
3.21760200000000030
3.35340199999999999
4.34920399999999940
3.72440199999999999
2.56040000000000001
3.50320000000000054
3.06740199999999996
2.69099999999999984
3.82940200000000042
2.53299999999999992
4.36060200000000009
3.39620199999999972
3.27819999999999956
2.85560200000000020
4.35780199999999951
3.50000199999999984
4.14340399999999942
2.19260000000000010
3.12199999999999989
4.09460600000000063
3.60780400000000023
3.39940199999999981
3.52099999999999946
3.83640399999999948
3.86940199999999956
3.43160000000000043
3.62140399999999962
2.77060199999999979
3.79760399999999976
1.93440000000000012
3.86940199999999956
3.86440399999999951
3.60980199999999973
3.69540200000000008
3.44520199999999965
4.24680400000000002
3.72880200000000039
2.95620199999999977
3.96920399999999995
3.52680199999999999
4.33980199999999972
2.21659999999999968
3.40560200000000046
4.12440400000000018
3.80000200000000010
3.22740000000000027
3.70840000000000014
2.90800199999999975
3.45920000000000005
2.67740000000000000
3.38240200000000035
3.38980000000000015
2.97980000000000000
2.92359999999999998
2.77380000000000004
3.45200000000000040
2.68600000000000039
4.05020200000000052
3.28780200000000011
3.00419999999999998
3.99580200000000030
2.49359999999999982
3.66959999999999997
2.99620000000000042
3.22180000000000044
3.34680399999999967
4.48340600000000045
4.11320599999999992
2.40359999999999996
3.68140399999999968
3.32960000000000012
4.26380599999999976
2.45920000000000005
2.82239999999999958
2.84440199999999965
2.78479999999999972
2.80320000000000036
4.51380399999999948
3.73120199999999969
4.39740399999999987
2.78780000000000028
4.05000399999999949
3.12420000000000053
2.69779999999999998
2.39400000000000013
4.05020199999999964
3.12259999999999982
3.21359999999999957
3.07720200000000021
3.37220200000000014
3.80060399999999987
3.57200199999999990
3.39299999999999979
3.93340199999999962
2.37939999999999952
3.26480199999999954
3.86000599999999983
3.05440200000000051
2.68920000000000003
3.41520000000000001
3.39159999999999950
3.24280199999999974
3.19519999999999982
3.84699999999999998
3.95160199999999984
3.31480200000000025
3.90620200000000040
4.31680399999999942
3.35400000000000009
2.70319999999999983
2.43020000000000014
2.07640000000000002
2.10400000000000009
1.75180000000000002
2.11699999999999999
2.29740000000000011
3.17820199999999975
2.38920200000000005
2.51420200000000005
4.51380399999999948
3.43399999999999972
2.61039999999999983
3.37200199999999972
2.80859999999999976
3.69500199999999968
3.82000199999999968
1.56739999999999990
3.31200199999999967
3.07000199999999968
2.72960199999999986
3.04760000000000009
2.96420199999999934
3.65300000000000002
3.25060199999999977
2.60400000000000009
3.76360199999999967
3.92000400000000004
3.60600200000000015
3.19919999999999982
2.74500000000000011
2.87840000000000007
2.75700000000000012
3.99240199999999934
3.77980399999999994
3.66440199999999994
3.05060000000000020
3.61260599999999954
2.48219999999999974
3.72620199999999979
2.26880000000000015
2.66820199999999996
2.67500200000000010
1.91260000000000008
3.63220199999999949
3.23539999999999983
3.11400199999999927
3.01480000000000015
2.01639999999999997
2.68800200000000000
1.78500000000000014
2.71300199999999991
2.30940199999999995
3.11120000000000019
2.21160200000000007
1.82640000000000002
2.91140199999999982
2.66640200000000016
2.91240000000000032
3.36600000000000055
2.33940000000000037
2.61140200000000000
4.00880399999999959
2.02059999999999995
2.97420000000000018
3.02179999999999982
3.18360199999999960
3.61440199999999967
3.70620400000000050
3.79960200000000015
3.22760000000000025
3.25600200000000006
3.75600399999999990
4.46280400000000022
1.34700000000000020
2.19300000000000006
2.49540000000000006
2.69760400000000011
2.46000200000000024
3.47220200000000023
3.52640200000000004
2.36120200000000002
3.26040200000000002
3.63500399999999990
2.76279999999999992
3.16960199999999981
2.89000199999999996
3.15680199999999989
3.15839999999999987
2.04440000000000000
2.93359999999999976
2.84280199999999983
3.35900199999999938
2.71160200000000007
1.67300000000000004
2.28960000000000008
2.09820199999999968
3.31400199999999945
2.59200199999999992
1.81220000000000003
1.86499999999999977
2.68719999999999981
3.09480399999999989
2.11499999999999977
2.17600000000000016
1.59159999999999990
1.98799999999999999
2.39159999999999950
1.59240000000000004
3.23439999999999994
2.32160000000000011
1.66360000000000019
2.76539999999999964
3.13800000000000034
2.72999999999999954
2.64640200000000014
1.73819999999999975
2.30759999999999987
2.05040000000000022
1.80240000000000000
2.31640200000000007
2.13919999999999977
2.78440200000000004
1.67379999999999995
3.32980199999999993
3.52580200000000010
3.23360000000000047
2.88999999999999968
2.48380000000000045
2.21280000000000054
1.90039999999999987
1.78739999999999988
1.12860000000000005
1.72340000000000027
1.42100000000000004
2.70460200000000039
1.79660000000000020
1.89340000000000019
2.90940200000000004
1.16399999999999992
2.01000000000000023
1.56899999999999995
1.77480000000000016
2.98940200000000011
2.63399999999999945
2.42919999999999980
1.75400000000000000
2.00220000000000020
1.57260000000000000
1.81359999999999988
1.64600000000000013
1.52820000000000000
1.65799999999999992
1.67020000000000013
1.49239999999999995
1.88040000000000029
2.30279999999999996
1.32379999999999987
2.16340000000000021
1.65019999999999989
2.04179999999999984
1.52659999999999996
0.97399999999999998
2.37240200000000012
2.07379999999999987
1.50519999999999987
2.04500000000000037
2.00560000000000027
2.22060000000000013
1.78359999999999985
1.68319999999999981
1.08519999999999994
2.43620000000000037
1.37919999999999998
2.27480200000000021
1.35579999999999989
1.89680000000000004
2.15320000000000000
1.79600000000000004
2.04360000000000008
1.95540000000000025
1.23999999999999977
2.00260000000000016
1.59359999999999991
1.99480000000000013
2.64920199999999983
1.07820000000000005
0.72259999999999991
2.56580000000000030
1.63759999999999972
1.61900000000000022
2.35780000000000012
2.08460000000000001
1.75580000000000003
2.10320200000000002
1.73760000000000003
2.18819999999999970
1.71139999999999981
1.70940000000000003
1.33580000000000010
2.29440000000000000
1.47319999999999984
1.82799999999999985
2.10499999999999954
1.80960000000000010
1.20020000000000016
1.44779999999999998
1.51359999999999983
1.48019999999999996
1.59079999999999999
1.68500000000000005
1.25100000000000011
2.77280199999999954
1.71840000000000015
2.19760000000000000
2.01239999999999997
2.43540199999999940
1.99940000000000029
1.43500000000000005
1.11379999999999990
3.35760000000000014
1.64759999999999995
1.47260000000000013
2.02259999999999973
2.01440000000000019
1.54200199999999987
2.88500000000000023
1.76260000000000017
1.56699999999999995
1.06640000000000024
0.80199999999999994
0.95440000000000003
1.48120000000000007
2.38360199999999978
1.69999999999999996
1.80900200000000000
2.65180399999999983
2.05740200000000018
2.69060399999999955
1.82800000000000007
1.60540000000000016
1.42840000000000011
1.50200000000000000
1.22659999999999991
1.50119999999999987
2.40960199999999958
1.87520199999999981
1.30160000000000009
1.94880199999999992
0.85939999999999994
2.41320200000000007
1.01019999999999999
3.03500000000000014
1.17679999999999985
1.57940000000000014
1.51000000000000001
1.20419999999999994
1.96559999999999979
1.43800000000000017
2.84260000000000002
2.07299999999999995
1.69859999999999967
2.00119999999999987
1.88900000000000001
1.48020000000000018
2.07260000000000000
1.66599999999999993
1.70779999999999998
1.61400000000000010
0.90020000000000011
1.85399999999999987
0.99180000000000013
1.69560000000000000
1.11560000000000015
1.57939999999999992
1.09359999999999991
1.19560000000000000
2.09039999999999981
1.31819999999999982
1.87199999999999989
2.72900000000000009
2.87220000000000031
1.92880000000000007
2.45319999999999983
4.60920599999999947
2.92420200000000019
2.20960000000000001
3.06260000000000021
2.36620000000000008
3.59760199999999974
1.73160000000000025
2.38159999999999972
1.68720000000000003
1.26600000000000001
2.39599999999999991
2.32039999999999980
1.49820000000000020
1.63680000000000025
2.25079999999999991
0.86760000000000004
2.39620199999999972
2.14360000000000017
2.41819999999999968
1.30220000000000025
0.97639999999999993
1.82900000000000018
1.52159999999999984
1.44499999999999984
1.78419999999999979
1.74239999999999995
1.36880000000000002
1.61320000000000019
1.01099999999999990
1.63039999999999985
1.81059999999999977
1.80339999999999989
1.80960000000000010
1.44619999999999993
1.56959999999999988
1.17680000000000007
2.58600199999999969
2.14959999999999996
2.14420000000000011
2.09099999999999975
2.06800000000000006
2.63560000000000016
1.77740000000000009
1.99140000000000006
1.64980199999999977
2.15960000000000019
2.12559999999999993
1.78020000000000000
2.07260000000000044
1.31459999999999999
1.88500000000000023
2.10259999999999980
1.77259999999999995
1.59959999999999991
1.11619999999999986
0.81939999999999991
1.19480000000000008
2.03039999999999976
1.62820000000000009
1.73340000000000005
1.35160000000000013
1.87240000000000006
1.71700000000000008
1.30240000000000000
1.68360000000000021
2.35440199999999988
1.14199999999999990
1.57260000000000000
1.16979999999999995
1.36119999999999974
1.83579999999999965
2.15180000000000016
2.89680200000000010
1.81739999999999990
1.66920000000000002
0.83380000000000010
1.79179999999999984
1.43779999999999997
1.64780000000000015
1.54219999999999979
1.23680000000000012
2.10579999999999989
1.22720000000000007
1.12660000000000005
1.36739999999999995
2.89239999999999986
1.89980000000000016
1.63239999999999985
1.53339999999999987
1.81279999999999997
1.40859999999999985
1.59000000000000008
1.01079999999999992
1.31320000000000014
2.99780200000000008
1.93640000000000012
0.97599999999999998
1.25680000000000014
1.40539999999999998
1.42240000000000011
1.57119999999999993
1.40680000000000005
1.74960000000000027
2.42160199999999959
2.24120000000000008
1.22920000000000007
2.73139999999999983
1.20839999999999992
2.67780199999999979
1.54500000000000015
1.37980000000000014
2.47620199999999979
1.91400000000000015
2.40339999999999998
1.89339999999999975
1.43640000000000012
2.26080199999999998
1.84720000000000018
1.72680000000000011
2.42919999999999980
1.60860000000000025
1.61760000000000015
1.47259999999999991
1.15400000000000014
2.74260200000000021
3.12500000000000000
2.54740000000000011
2.19100200000000012
1.39299999999999979
1.63280000000000003
2.17260000000000009
1.50600000000000001
2.80020000000000024
1.39600000000000013
1.45880000000000010
1.07140000000000013
1.39619999999999989
2.35659999999999981
3.65000400000000003
1.54320000000000013
1.58679999999999999
1.73679999999999990
1.64920000000000000
2.69820199999999977
1.04559999999999986
1.42080000000000006
1.75559999999999983
1.61059999999999981
1.30459999999999998
2.42980000000000018
2.82979999999999965
1.65780000000000038
1.46259999999999990
2.40260199999999990
1.69179999999999997
2.59560199999999996
1.46280000000000010
1.90019999999999989
1.51479999999999992
2.63979999999999970
1.86439999999999984
2.03280000000000038
1.36199999999999988
1.54179999999999984
2.63740199999999980
2.05279999999999996
2.27500199999999975
1.39439999999999986
1.46700000000000008
1.02899999999999991
2.60460000000000047
2.02899999999999991
2.21580000000000021
1.59780000000000011
1.75200000000000000
1.45579999999999998
1.86540200000000000
2.45339999999999980
1.72919999999999985
1.78320000000000012
1.77879999999999994
1.82899999999999996
2.18719999999999981
2.40320199999999984
1.77319999999999989
1.49580000000000002
1.63479999999999981
1.70420000000000016
1.46899999999999986
1.22100000000000009
1.85519999999999996
1.95339999999999980
1.90560000000000018
1.71399999999999997
1.98199999999999998
1.78259999999999996
1.69280000000000008
2.00919999999999987
1.14739999999999998
1.56819999999999982
2.31880000000000042
1.61419999999999986
2.35000000000000009
3.03359999999999985
2.53659999999999997
1.85979999999999990
1.54719999999999991
2.14380000000000015
2.42499999999999982
2.70760000000000023
2.00660000000000016
2.78220200000000029
3.04620200000000008
1.33079999999999998
1.61820000000000030
1.34199999999999986
1.15439999999999987
1.73180000000000023
1.01720000000000010
1.49800000000000000
1.34759999999999991
1.92940000000000000
1.31919999999999993
2.06000000000000005
2.25380000000000003
2.86859999999999982
1.30440000000000000
1.76340000000000008
1.35160000000000013
2.21100000000000030
2.59379999999999988
1.69140000000000024
0.76459999999999995
1.56720000000000015
1.50580000000000003
1.42280000000000006
1.83920000000000039
1.91100000000000003
2.91480000000000006
1.90859999999999985
1.85199999999999965
1.94239999999999990
1.39880000000000004
3.02400200000000030
1.40260000000000007
1.91219999999999990
2.05079999999999973
1.85659999999999981
1.25620000000000021
2.12080000000000002
1.55820000000000003
1.86680000000000001
2.12919999999999998
2.01619999999999999
1.78000000000000003
1.42979999999999996
2.38459999999999983
1.25400000000000000
1.95579999999999998
2.37420199999999992
1.77940000000000009
1.50360000000000005
1.64059999999999984
2.06139999999999990
1.29420000000000002
1.61220000000000008
2.83220000000000027
1.81939999999999991
2.40660000000000007
1.16959999999999975
1.92940000000000000
1.71120000000000028
2.21619999999999973
1.36319999999999997
2.10039999999999960
2.58740199999999998
1.97420000000000018
1.18579999999999997
1.28120000000000012
2.04039999999999999
1.24660000000000015
1.61659999999999959
2.08199999999999985
3.04620200000000008
0.91180000000000005
1.41860000000000008
2.86160000000000014
2.24380000000000024
1.85440000000000005
1.69900000000000029
2.37419999999999964
2.56180000000000030
2.53480000000000016
2.02320000000000011
1.79400000000000004
2.36939999999999973
2.27419999999999956
2.59320000000000039
1.23720000000000008
2.58940000000000037
1.48399999999999999
3.23800200000000027
2.59100000000000019
1.55240000000000000
2.24800000000000022
1.77860000000000018
2.82859999999999978
1.10959999999999992
2.73439999999999994
2.34140000000000015
2.17560000000000020
2.30799999999999983
2.45680000000000032
1.71619999999999995
2.27059999999999951
1.88539999999999996
2.17140000000000022
1.54579999999999984
2.37860000000000005
2.00839999999999996
2.40540000000000020
1.89519999999999977
1.43859999999999988
1.76779999999999982
1.14280000000000004
1.19860000000000011
2.70799999999999974
2.61040000000000028
1.79299999999999993
1.45999999999999974
2.67139999999999977
1.79139999999999988
1.74759999999999982
1.41860000000000008
1.66159999999999997
2.14760000000000018
1.17300000000000004
1.88060000000000005
1.18559999999999999
1.46259999999999990
1.32260000000000000
2.24259999999999948
1.19640000000000013
2.38900000000000023
2.13520000000000021
2.12619999999999987
2.16259999999999986
1.80660000000000021
3.02599999999999980
2.54679999999999973
2.25940000000000030
1.19739999999999980
1.57580000000000009
1.83739999999999992
1.54920000000000013
2.69879999999999987
2.03439999999999976
0.75000000000000000
3.21520000000000028
2.16559999999999997
2.23420000000000041
2.28440000000000021
2.22480000000000011
1.53060000000000018
1.77439999999999998
1.72139999999999982
2.58860200000000029
1.55739999999999990
2.98660199999999998
2.58860199999999985
2.27060000000000040
2.47999999999999954
2.37040000000000006
1.08860000000000001
1.28479999999999994
2.18339999999999979
1.87920000000000020
1.52059999999999995
2.35119999999999996
2.53540000000000010
2.53639999999999999
1.38139999999999974
1.86260000000000003
1.77659999999999973
2.29900000000000038
2.00059999999999993
2.33139999999999992
1.97819999999999996
2.05960000000000010
1.97439999999999993
2.66059999999999963
1.56980000000000008
1.77839999999999998
2.97860199999999953
2.82660200000000028
2.61779999999999990
2.44840000000000035
1.15459999999999985
2.14159999999999995
1.59140000000000015
2.63300000000000001
2.74860199999999999
1.48879999999999990
1.28119999999999989
2.22259999999999991
2.42519999999999980
1.89140000000000019
1.88500000000000023
2.06859999999999999
2.36000200000000016
1.83020000000000005
2.23059999999999992
2.76319999999999988
1.99059999999999993
2.02479999999999993
1.48939999999999984
2.06760000000000010
2.45859999999999967
2.83140199999999975
1.69979999999999976
1.54400000000000004
1.30559999999999987
2.07120000000000015
1.42679999999999985
2.68000000000000016
2.43560200000000027
2.55659999999999998
1.03540000000000010
1.47760000000000002
1.29580000000000006
2.22799999999999976
2.92119999999999980
2.42859999999999987
1.94999999999999996
2.55560000000000009
1.30300000000000016
2.41000199999999998
2.06099999999999994
2.14580199999999977
2.37760000000000016
2.36699999999999999
1.18959999999999999
2.63220000000000010
2.37319999999999975
2.52979999999999983
2.14639999999999986
2.34000199999999969
2.36160000000000014
1.90759999999999996
3.14920000000000000
2.92459999999999942
2.04579999999999984
2.75819999999999999
2.21419999999999995
2.64459999999999962
3.45080200000000037
3.26260199999999978
1.87860000000000005
2.23760000000000003
2.46839999999999993
2.38019999999999987
2.54420199999999985
2.06099999999999994
1.46800000000000019
3.10100199999999981
3.44100200000000012
3.42180399999999940
2.31719999999999970
2.72659999999999991
2.10080000000000000
3.08439999999999959
2.08999999999999986
2.03360000000000030
2.38660000000000005
3.35540199999999933
2.65479999999999938
2.27979999999999983
2.58619999999999983
0.93539999999999990
2.45820000000000016
2.01580000000000004
1.55040000000000000
1.89379999999999993
2.62259999999999982
2.00780000000000003
1.67599999999999971
3.41060199999999991
3.34039999999999981
3.82680400000000009
3.28840000000000021
2.77540000000000031
1.51040000000000019
2.23640000000000017
3.48400400000000010
2.29259999999999975
2.33800000000000008
1.97540000000000004
2.14000000000000012
1.83879999999999977
2.19719999999999960
1.91880000000000028
2.87700000000000022
1.80540000000000012
1.95979999999999999
1.41419999999999990
1.66940000000000000
0.98399999999999976
2.69479999999999986
2.57500000000000018
1.53839999999999999
2.05759999999999987
2.61499999999999977
1.72940000000000005
1.86260000000000003
1.87420000000000009
2.76780199999999965
2.08780000000000010
1.86520199999999958
1.98580000000000001
1.43859999999999988
3.23139999999999983
2.43100000000000005
3.35939999999999994
1.71439999999999992
2.78480000000000016
1.08899999999999997
1.17520000000000002
2.73940000000000028
1.88719999999999999
1.89800000000000013
2.62280000000000024
1.54919999999999991
2.06740000000000013
2.64139999999999997
2.47299999999999986
1.51279999999999992
2.10039999999999960
2.84879999999999978
3.24040399999999940
1.38019999999999987
1.59040000000000026
1.57460000000000000
3.02859999999999996
1.61580000000000013
2.19219999999999970
2.08519999999999994
1.72560000000000002
1.88440000000000007
1.73539999999999983
2.73460000000000036
3.11699999999999955
1.96339999999999959
1.71099999999999985
2.62199999999999989
2.28540000000000010
2.89660000000000029
2.99920199999999992
1.97639999999999993
3.02459999999999996
1.64800000000000013
1.76480199999999998
1.15759999999999996
2.46720199999999945
2.12680000000000025
1.56119999999999992
2.12800000000000011
1.36160000000000014
2.16680000000000028
1.95399999999999996
1.83519999999999972
1.88120000000000021
2.52720000000000011
2.22299999999999986
1.62459999999999982
2.90680199999999989
1.73659999999999992
1.44760000000000000
1.95319999999999960
2.30640000000000045
0.99019999999999997
2.31459999999999999
3.05040000000000022
1.63779999999999992
2.05140000000000011
2.50400000000000000
1.70859999999999990
2.86299999999999999
2.32799999999999985
2.40600000000000014
1.67040000000000011
2.57599999999999962
2.32759999999999989
1.97680000000000011
1.90859999999999985
2.14180000000000037
2.30980000000000008
2.28140000000000009
2.67480199999999968
1.50819999999999999
1.82280000000000020
2.71360000000000046
2.49800199999999961
2.19420199999999976
1.33959999999999990
3.58520399999999961
2.41180000000000039
2.28520000000000012
2.82720199999999977
1.70239999999999969
3.16839999999999966
1.40740000000000021
1.84579999999999989
2.94780200000000026
1.77380000000000004
2.17880000000000029
1.42540000000000022
1.87520000000000020
2.00659999999999972
2.39999999999999947
1.78719999999999990
2.08760000000000012
2.92420200000000019
1.56220000000000003
3.17260000000000009
2.52780000000000005
3.34420200000000012
2.23099999999999987
2.64840000000000009
2.27940000000000031
2.73620200000000002
3.58120199999999977
1.98499999999999988
2.54400000000000004
2.55340200000000017
2.36160000000000014
2.20259999999999989
2.46300000000000008
2.67520000000000024
2.81899999999999995
1.77399999999999980
1.35020000000000007
1.70199999999999996
2.46640000000000015
1.51040000000000019
1.99319999999999986
2.37280000000000024
2.53639999999999999
2.23759999999999959
2.55060000000000020
1.67639999999999989
1.22100000000000009
2.50479999999999992
2.39199999999999990
1.29920000000000013
3.01840199999999959
2.24639999999999995
1.96599999999999997
2.13919999999999977
2.13220199999999993
3.83660200000000007
3.41580200000000023
2.92160000000000020
3.46840199999999976
2.31380000000000008
2.14360000000000017
2.35339999999999971
2.83500200000000024
3.21060200000000018
2.27179999999999982
2.02579999999999982
1.33179999999999987
1.80519999999999992
2.83700000000000019
2.31459999999999999
2.61160000000000014
2.21459999999999990
2.47960000000000003
3.14539999999999953
0.87880000000000003
3.07960000000000012
2.24900000000000011
1.14339999999999997
2.72220200000000023
3.58000200000000035
1.38500000000000001
1.28719999999999990
3.55720400000000003
1.85280200000000006
3.23160000000000025
2.38140000000000018
3.31560199999999972
3.22800000000000020
2.14799999999999969
2.54560000000000031
1.67599999999999971
3.75220000000000065
2.09540000000000015
2.35899999999999954
2.55920199999999998
2.97080199999999994
1.56539999999999990
2.96640199999999998
2.70080199999999992
1.61080000000000001
2.26140199999999991
1.52160000000000006
2.88880199999999965
1.62839999999999985
3.06200399999999995
2.31420000000000003
1.94359999999999999
2.18259999999999987
2.25780199999999986
2.73639999999999972
3.69620400000000027
2.40260000000000007
2.04079999999999995
3.36680199999999985
2.39820199999999994
1.52540000000000009
2.52780000000000005
3.24300199999999972
2.86080000000000023
1.99980000000000002
3.02780000000000005
2.95540000000000003
2.22880000000000011
3.19559999999999977
2.41920000000000002
1.32200000000000006
1.89920200000000006
2.27260200000000001
2.04539999999999988
2.10200000000000031
1.20700000000000029
2.84359999999999991
1.68399999999999994
2.67620199999999997
3.18059999999999965
3.83580199999999971
2.89120200000000027
1.80940000000000012
1.85620000000000007
2.54420199999999985
1.77639999999999998
2.46639999999999970
1.38840000000000008
2.04119999999999990
2.61820000000000030
1.76620000000000021
2.48139999999999983
1.99960000000000027
1.90520000000000000
2.37899999999999956
1.96460000000000012
2.42260000000000009
1.54580000000000006
2.41840000000000011
2.47120199999999990
2.63999999999999968
3.58180399999999954
2.89380000000000015
1.83679999999999977
2.29820000000000002
2.62100000000000000
2.41400000000000015
2.45040000000000013
1.79239999999999999
2.52280000000000015
3.39160200000000023
3.67080399999999951
2.59600000000000009
2.23599999999999977
4.77080799999999972
2.75439999999999952
1.83780000000000010
2.58579999999999988
2.55679999999999996
3.23500000000000032
2.61140000000000017
2.26100199999999996
2.96399999999999997
1.27600000000000002
3.67440400000000000
2.86360200000000020
3.61060200000000009
1.96599999999999975
2.49580000000000002
2.59160000000000013
2.87820199999999948
1.88200000000000012
2.25059999999999993
1.88680000000000025
2.70179999999999998
1.57040000000000002
3.05640199999999984
3.15000400000000003
1.77059999999999995
2.73620199999999958
2.67060199999999970
3.41559999999999997
3.19900399999999951
2.33559999999999990
3.41720200000000052
3.03860200000000003
2.80060200000000004
2.80360000000000031
2.30640000000000001
4.47860399999999981
4.15200399999999981
2.70359999999999978
1.60119999999999996
3.04780000000000006
2.57300199999999979
2.39820199999999994
2.30739999999999990
2.79420000000000002
2.19799999999999995
2.49320200000000014
2.30099999999999971
3.25400399999999967
2.32779999999999987
2.73660000000000014
2.55100000000000060
2.52959999999999985
2.72279999999999989
1.85240000000000005
2.84380199999999972
1.99640200000000023
1.65159999999999973
2.70999999999999996
2.54340000000000011
2.15120000000000022
2.93040199999999995
1.92020000000000013
2.74840000000000018
3.16120399999999968
3.08860000000000001
2.94579999999999975
2.88139999999999974
2.67940000000000023
2.60660199999999964
3.61400399999999999
2.31500000000000039
2.19980000000000020
2.24920000000000009
2.47060000000000013
3.41920199999999985
2.76020000000000021
2.46099999999999985
1.78200000000000003
1.87500000000000000
2.68380000000000019
2.22060000000000013
2.70620200000000022
2.07660200000000028
1.82599999999999985
2.39680200000000010
2.70000000000000018
2.62619999999999987
2.40300000000000002
1.38139999999999996
2.53120199999999951
1.84359999999999991
3.27560200000000057
2.33499999999999996
3.31740399999999980
2.38919999999999977
2.71740200000000032
2.00139999999999985
3.55920199999999998
2.83260200000000006
1.85100000000000020
2.16919999999999957
2.25879999999999992
2.84699999999999998
3.16159999999999997
2.65939999999999976
2.83880199999999983
3.24040399999999940
2.79879999999999995
1.52960000000000007
2.22480000000000011
2.53379999999999983
2.15919999999999979
3.32800399999999996
2.48040199999999977
2.85899999999999999
2.85460200000000031
2.30900200000000000
2.88019999999999987
3.74520200000000036
2.51540199999999992
2.16279999999999983
2.52259999999999973
2.58959999999999990
2.32820000000000027
2.38419999999999987
3.04899999999999993
3.47500399999999976
3.16999999999999948
3.08260200000000006
2.96320199999999989
2.72620199999999979
2.44840200000000019
3.05180000000000007
2.28220000000000001
2.81280000000000019
2.21539999999999981
2.41379999999999972
3.08459999999999956
3.27540199999999970
3.35379999999999967
3.39380000000000015
3.01840200000000003
2.42220199999999997
2.51419999999999977
2.35320199999999957
2.58340000000000014
2.68460200000000038
3.05039999999999978
2.96620400000000028
2.08959999999999990
2.29420000000000002
2.54620000000000024
2.12080000000000002
2.35639999999999983
2.26400000000000023
2.17640000000000011
2.05919999999999970
3.08720200000000000
1.68400000000000039
2.53360000000000030
3.23479999999999990
2.18000000000000016
3.54279999999999973
1.85899999999999999
2.29140000000000033
4.00780199999999986
2.93900000000000006
3.35039999999999960
2.19740000000000002
2.79919999999999991
3.15400200000000019
2.85700000000000021
2.71760000000000002
2.37479999999999958
3.00020000000000042
2.29059999999999997
1.82980000000000009
3.81040399999999968
2.56859999999999999
2.38140000000000018
2.65799999999999992
3.01400000000000023
1.80360000000000009
2.90479999999999983
2.84220199999999990
2.37580000000000036
2.30919999999999970
3.13200199999999995
2.91759999999999931
1.93880000000000008
2.79880199999999979
3.12720200000000004
1.66280000000000006
1.81679999999999997
3.24260200000000021
2.53259999999999996
2.50140199999999968
2.40280000000000005
2.40059999999999985
2.39199999999999990
1.79259999999999975
2.00020000000000042
3.13880200000000009
2.08420000000000005
2.10080000000000000
2.26619999999999999
2.32139999999999969
2.02160000000000029
3.10339999999999971
3.40200199999999953
3.42560200000000004
2.99640400000000007
2.50500200000000017
1.91419999999999990
3.55140399999999934
3.15940000000000021
1.71019999999999994
2.23159999999999981
2.80659999999999998
3.94060000000000077
2.83720200000000000
1.94480000000000008
3.45640199999999975
2.49880199999999997
2.83159999999999989
2.29240200000000005
2.47779999999999978
2.66659999999999986
2.92820400000000003
2.40380199999999977
1.59800000000000009
2.35840199999999989
3.01080199999999953
1.62720000000000020
3.07339999999999991
2.46580000000000021
2.01960000000000006
3.45560000000000045
2.12140000000000040
2.86420199999999969
2.98640399999999984
1.73920000000000030
2.95820200000000000
3.80020399999999992
1.79859999999999998
2.57460000000000022
2.61099999999999977
2.40180000000000016
2.57420200000000010
3.03659999999999997
1.41500000000000004
1.95440000000000014
2.82040200000000052
2.49060199999999998
2.01879999999999971
2.62380000000000013
1.83939999999999992
2.52339999999999964
2.78119999999999967
3.19940200000000008
2.29580199999999968
2.23839999999999995
2.85200199999999970
3.50700199999999995
2.46700000000000008
2.80520199999999997
3.02700000000000014
2.94000199999999978
3.23519999999999985
3.19380199999999981
1.81040000000000023
2.87059999999999960
2.23079999999999989
2.86380199999999974
3.66640200000000016
2.94040000000000035
2.52160000000000029
1.95839999999999992
4.11500400000000077
2.85179999999999989
2.32400000000000029
3.77760400000000018
2.54380000000000006
3.90340399999999965
2.54060000000000041
2.26700199999999974
3.87900399999999967
2.88379999999999992
3.84500199999999959
3.35740199999999955
2.60700000000000021
3.41560000000000041
2.35219999999999985
2.99319999999999986
2.21139999999999981
4.22420399999999940
4.26980200000000032
2.38620199999999993
3.30260199999999937
3.43880199999999991
2.29300000000000015
3.92320199999999986
2.53440000000000021
2.42019999999999991
3.23960000000000026
2.74260000000000037
3.47980000000000000
3.12040000000000006
3.69179999999999975
3.67600199999999955
2.57160199999999994
2.57139999999999969
2.77979999999999983
3.81140199999999973
3.26760000000000028
2.89939999999999998
3.51139999999999963
3.03640000000000043
2.27220000000000022
3.58759999999999968
3.82300400000000007
4.21560599999999930
3.36620199999999992
2.35420000000000007
2.85780000000000012
2.59840000000000027
2.28399999999999981
3.54900000000000038
3.28640199999999982
2.58099999999999996
2.56139999999999990
3.07939999999999969
3.35020200000000035
2.85499999999999998
2.22619999999999996
3.18520000000000003
2.56720000000000059
2.38819999999999988
3.32699999999999951
2.85699999999999976
4.36340599999999945
3.28960000000000008
2.90420199999999973
2.79919999999999991
2.59579999999999966
2.54780000000000006
3.64880199999999988
2.73240000000000016
2.80300000000000038
2.72820000000000018
2.93380000000000019
2.06820000000000004
2.65739999999999998
2.09319999999999995
2.99900199999999995
2.45219999999999994
3.40620199999999951
2.58099999999999996
2.23580000000000023
2.75299999999999967
2.50220000000000020
2.33739999999999970
3.53600199999999987
3.49000199999999960
2.60320200000000002
2.88919999999999977
2.43920000000000048
3.38419999999999987
3.56540399999999957
4.30000599999999977
3.40200200000000041
2.99199999999999999
3.14080199999999987
3.80099999999999971
2.59560000000000013
2.58240000000000025
3.15400200000000019
3.12340200000000001
3.01620000000000044
4.29660400000000031
2.97320000000000029
2.57560000000000011
3.24100199999999949
4.26880400000000026
2.45040199999999952
2.36699999999999999
2.63960000000000017
2.17280000000000006
3.07100000000000017
2.07759999999999989
3.61440400000000039
3.00320199999999993
2.55140000000000011
3.21600199999999958
2.59740199999999977
1.96859999999999991
2.98360200000000031
2.31119999999999992
3.54900399999999916
3.19900399999999996
3.38440200000000013
2.46919999999999984
3.45099999999999962
3.69500199999999968
2.70119999999999960
2.90359999999999996
2.96200000000000019
3.11379999999999990
2.85140200000000021
3.10400000000000009
3.03700199999999976
3.57760199999999973
3.89460399999999973
2.91780000000000017
1.97319999999999984
3.39560000000000040
2.63180199999999997
2.25859999999999994
3.98380599999999996
2.68320000000000025
2.62219999999999986
3.19079999999999986
3.32100200000000001
2.79600000000000026
2.90239999999999965
3.09399999999999986
3.23440400000000006
2.92840199999999973
3.67540000000000067
2.59759999999999991
2.89660399999999996
2.19580000000000020
2.78359999999999985
2.61940000000000017
2.58680000000000021
3.93280599999999936
3.14440200000000036
2.86859999999999982
2.48999999999999977
3.18700199999999967
2.60440000000000049
3.32460000000000022
3.12019999999999964
3.08179999999999987
2.84759999999999991
3.21319999999999961
3.45920399999999972
3.33760199999999951
2.86220000000000008
2.96840000000000037
2.71220000000000017
2.75579999999999981
2.66080000000000005
3.06360200000000038
2.48979999999999979
2.00919999999999987
3.02460000000000040
2.71840200000000021
2.08980000000000032
2.78199999999999958
2.41539999999999999
2.04059999999999997
2.64040000000000008
2.40959999999999974
2.12779999999999969
2.77220000000000022
3.33479999999999999
2.72599999999999998
2.65499999999999980
2.37040000000000006
2.25879999999999992
3.13980000000000015
2.08299999999999974
2.94440199999999974
2.75020200000000026
2.25960000000000027
2.59339999999999993
2.55739999999999990
3.04899999999999993
2.18960199999999983
2.08619999999999983
2.03180000000000005
3.52299999999999969
3.12260199999999966
3.29220200000000052
2.89159999999999995
2.78019999999999978
3.09560200000000041
3.45300200000000013
2.56519999999999992
2.53800200000000009
1.76160000000000005
1.98419999999999996
2.34839999999999982
2.58739999999999970
2.62460000000000004
2.83400000000000007
3.37860199999999988
2.08179999999999987
3.19080199999999969
2.08300000000000018
3.00380000000000003
2.96620000000000017
3.65100400000000036
2.85739999999999972
2.74040200000000045
2.69400199999999979
2.92520199999999964
2.52360000000000007
2.45720200000000011
3.13620000000000010
2.82100000000000017
2.63420199999999971
3.41780199999999956
2.45179999999999998
3.43760399999999944
3.50679999999999970
2.67199999999999971
3.52780000000000005
1.97819999999999996
1.89960000000000018
2.81060200000000027
2.01620000000000044
3.17260199999999992
3.49880199999999997
2.60220000000000029
2.57939999999999969
2.92460000000000031
3.22880200000000039
2.77220000000000022
2.24580000000000002
4.09100600000000014
2.37000000000000011
2.98420000000000041
2.23680000000000012
2.67000000000000037
2.45420000000000016
2.52299999999999969
3.59480200000000005
2.66940000000000000
3.20660199999999929
2.60579999999999989
2.12840000000000007
3.10480000000000000
2.21839999999999993
2.84079999999999977
2.47299999999999986
2.73899999999999988
2.52280000000000015
2.32779999999999987
2.80399999999999983
2.98060199999999975
2.87459999999999960
2.53840000000000021
2.81660000000000021
2.34719999999999995
3.30039999999999978
3.01319999999999988
2.90999999999999970
2.93199999999999994
2.25459999999999994
2.87659999999999982
2.21740000000000048
2.73799999999999999
1.92759999999999998
3.87600400000000045
2.56959999999999988
2.46859999999999991
2.92579999999999973
2.73700000000000010
3.67940399999999945
1.88799999999999990
2.75199999999999978
3.79260399999999942
3.38760199999999978
2.71860199999999974
2.44439999999999991
1.53740000000000032
2.53640199999999982
3.35580199999999973
2.30619999999999958
2.84940000000000015
2.40219999999999967
2.64760000000000062
3.01740199999999970
3.05640000000000001
2.01920000000000011
2.02160000000000029
2.42860000000000031
2.21259999999999968
2.56760000000000010
3.05699999999999994
3.09760199999999974
3.21080200000000016
4.15000400000000003
2.95760200000000006
2.56259999999999977
2.61359999999999992
2.35559999999999992
2.19059999999999988
2.00819999999999999
2.38200000000000012
2.85760000000000058
1.66480000000000006
2.74920000000000053
2.36620199999999992
2.92120200000000008
2.48680000000000012
2.89860199999999990
3.05719999999999992
2.99080000000000013
2.94320000000000004
3.44040399999999957
2.79760000000000009
2.77320000000000011
2.90880000000000027
2.35200000000000031
2.35739999999999972
3.07940000000000014
4.11340400000000006
2.57979999999999965
2.50479999999999992
3.53480200000000000
3.15139999999999976
2.73280000000000012
2.55459999999999976
1.56040000000000001
2.97540000000000004
4.21220199999999956
2.86160199999999998
3.58200200000000013
3.15200000000000014
2.17860000000000031
3.80000399999999994
2.93380000000000019
2.75059999999999949
1.87680000000000002
2.69920000000000027
2.38319999999999954
2.48720000000000008
4.52500599999999942
3.56900199999999979
2.70440000000000014
2.44560000000000022
3.46920200000000012
2.81939999999999991
2.06420000000000003
3.03460000000000019
4.09920399999999940
2.67340000000000000
2.57980199999999993
2.10639999999999983
2.85020000000000007
3.66479999999999961
2.17540000000000022
2.45339999999999980
2.59620000000000006
3.07520199999999999
2.78899999999999970
2.38580000000000014
2.40800000000000036
2.71640000000000015
2.44320000000000004
3.86660200000000032
2.53840000000000021
1.98500000000000010
2.50760199999999989
1.99440000000000017
2.57260200000000028
3.23340199999999944
2.29619999999999980
2.67100000000000026
2.69499999999999984
3.65340199999999982
3.47140199999999988
3.60140400000000005
3.07100199999999957
2.74439999999999973
2.34359999999999991
3.43020199999999997
3.58760399999999979
2.25519999999999943
3.09520200000000001
3.07480199999999959
3.17500200000000010
2.90899999999999981
2.89399999999999968
2.90960000000000019
3.28200199999999986
3.86560399999999982
3.06679999999999975
2.88600000000000012
2.68619999999999992
3.02380200000000032
3.01799999999999979
2.44600000000000017
3.33260200000000006
3.11940200000000001
2.30860199999999960
2.11639999999999961
2.24600000000000000
2.66340000000000021
2.52459999999999951
2.42700000000000005
2.69620000000000015
3.13680000000000003
3.05700199999999978
2.72659999999999991
2.49159999999999959
3.03180199999999989
3.75680199999999953
2.22660000000000036
3.48660199999999998
2.46579999999999977
2.44600000000000017
3.01160000000000005
3.30380199999999968
3.23920000000000030
2.92180000000000017
3.10520399999999963
3.02280199999999954
1.41059999999999985
2.95099999999999962
3.68740200000000007
2.53179999999999961
2.18020000000000014
3.04820199999999986
3.55360399999999998
2.35579999999999989
2.50939999999999985
2.21459999999999990
2.54159999999999986
2.33359999999999967
3.07899999999999974
3.15640000000000009
3.50000199999999984
2.53920000000000012
2.60499999999999954
3.03920199999999996
1.88859999999999983
2.64919999999999956
2.70080000000000009
3.07160000000000011
2.04960000000000031
2.34779999999999989
2.16539999999999999
2.97900199999999993
3.05920399999999981
3.33620200000000011
2.84640000000000004
2.26679999999999993
2.77080000000000037
2.17480000000000029
2.05899999999999972
3.09140199999999998
1.96980000000000000
2.60860000000000003
2.88660199999999989
1.97840000000000016
2.85480000000000000
2.85960000000000036
2.53840000000000021
1.35619999999999985
2.64320000000000022
3.06120000000000037
3.09200199999999992
2.41720200000000007
3.37700199999999962
2.79039999999999955
3.11959999999999971
3.11939999999999973
2.85380000000000011
3.01059999999999972
2.97240199999999977
2.49340200000000012
2.85840000000000050
2.30319999999999991
2.60299999999999976
2.76560000000000006
2.40000199999999975
2.43279999999999985
2.38700000000000001
2.96340199999999987
3.08620199999999967
2.87280199999999963
2.82120000000000015
2.92060000000000031
2.84699999999999998
2.49819999999999975
1.96079999999999965
2.61580000000000013
2.48340199999999989
2.95520000000000005
2.18020000000000014
2.66280000000000028
2.73219999999999974
2.78120199999999951
3.39720200000000006
2.78740000000000032
3.05360200000000015
2.77260000000000018
2.35420000000000007
2.59260000000000002
3.26080199999999953
2.18320000000000025
1.74580000000000024
2.42079999999999984
3.02220000000000022
2.16559999999999997
2.71079999999999988
2.57939999999999969
2.05600000000000005
1.93440000000000012
3.12480000000000002
2.60279999999999978
2.14820000000000011
2.76999999999999957
2.67999999999999972
2.18780000000000019
2.34920000000000018
2.48899999999999988
2.50000000000000000
3.04040199999999983
2.63759999999999950
2.38640000000000008
2.84620000000000006
1.85380000000000011
3.34480000000000022
3.39500400000000013
3.24380000000000024
3.12200199999999972
3.14420199999999994
3.53000199999999964
2.54580000000000028
2.94479999999999986
2.49159999999999959
2.50379999999999958
2.89440199999999992
2.90120199999999961
2.98800000000000043
3.35840400000000017
2.93159999999999998
2.47720000000000029
2.73340199999999989
2.61559999999999970
2.51799999999999979
2.87319999999999975
2.41759999999999975
3.27560200000000012
3.03160000000000007
2.34419999999999984
3.84120399999999984
2.98320199999999991
2.03620000000000001
3.48080400000000001
1.55020000000000024
2.53300200000000020
2.78220000000000001
3.59240199999999987
2.29159999999999986
3.05420199999999964
2.60440000000000005
2.27419999999999956
3.01280199999999976
3.00840199999999980
2.99300199999999972
3.58280400000000032
3.16020000000000012
2.44079999999999986
3.40360200000000024
2.51419999999999977
3.18500199999999989
2.68160199999999982
2.13220000000000010
2.59819999999999984
3.89620400000000000
2.54179999999999984
3.01780199999999965
2.49880000000000013
1.96879999999999988
2.52760000000000007
2.64700199999999963
2.19159999999999977
2.54959999999999987
2.44179999999999975
2.33360000000000012
2.81760199999999994
2.77279999999999971
2.51900199999999996
2.00540000000000029
3.98640400000000028
3.61300200000000027
3.37300199999999961
3.67720399999999970
3.47700399999999998
2.09600000000000009
3.34520199999999956
2.31320000000000014
2.72960000000000003
3.59920200000000046
2.43040000000000012
2.89940199999999981
3.01760200000000012
2.94599999999999973
3.35660200000000009
3.12200199999999972
3.44680400000000020
3.73740199999999945
2.45859999999999967
2.52059999999999995
2.45820000000000016
2.60619999999999985
2.75760000000000050
2.75580200000000008
2.65100200000000008
2.24219999999999953
2.78060200000000002
3.62440199999999990
2.79739999999999966
3.27480399999999960
3.58140199999999975
2.01679999999999993
3.12320200000000003
3.60060199999999986
3.24420399999999987
2.88779999999999992
2.20760000000000023
3.11640199999999989
2.92079999999999984
3.00580199999999964
2.83519999999999994
2.37959999999999994
2.26180000000000003
3.20020000000000016
2.48599999999999977
3.18540199999999984
2.89379999999999971
2.65200000000000014
2.26580000000000004
3.07800000000000029
2.55040199999999961
2.68780000000000019
2.19280000000000008
2.11660000000000004
2.36080000000000023
2.32580000000000009
2.59599999999999964
2.59300199999999981
4.04200199999999921
2.93700200000000011
2.96340199999999987
2.81820000000000004
3.40360200000000024
2.51259999999999994
1.73919999999999986
1.89960000000000018
2.26339999999999986
3.01500199999999996
2.29319999999999968
3.45740199999999964
2.91439999999999966
2.14099999999999957
3.20880000000000010
2.55880000000000019
2.45060000000000011
2.44819999999999993
3.76100399999999979
2.13779999999999992
2.55779999999999985
3.11200199999999993
3.12339999999999973
2.47920000000000007
2.55399999999999983
2.98680199999999996
2.93380000000000063
2.71559999999999979
2.18700000000000028
2.44039999999999990
2.77760000000000007
3.77960199999999968
2.66340000000000021
2.70760000000000023
3.77320199999999994
1.40999999999999992
2.30879999999999974
3.82500599999999968
2.35319999999999974
2.20840000000000014
2.81620200000000009
2.96159999999999979
2.79020000000000001
2.62020000000000008
2.40899999999999981
2.24259999999999993
3.30880000000000019
2.80739999999999990
2.55660000000000043
1.84299999999999997
3.18339999999999979
2.59180000000000010
1.79020000000000001
3.17379999999999995
2.11699999999999999
2.97999999999999954
2.09139999999999970
1.92059999999999986
2.20640000000000036
2.18819999999999970
2.61699999999999999
2.72000000000000020
3.29060199999999980
2.23459999999999992
2.62020199999999992
1.83500000000000019
2.31340000000000012
2.46220000000000017
2.47980000000000000
3.12980000000000036
2.34080000000000021
2.63739999999999997
2.29779999999999962
2.71220000000000017
2.97339999999999982
2.62619999999999987
3.43760199999999960
2.42399999999999949
2.64779999999999971
2.47420000000000018
2.56280000000000019
3.07819999999999983
2.91760199999999958
2.83299999999999974
2.71459999999999990
2.15720000000000001
3.53559999999999963
2.64119999999999999
3.48860000000000037
2.89880000000000004
2.65220000000000011
2.37600000000000033
2.34240000000000004
2.77319999999999967
3.05780000000000030
2.67139999999999977
3.89900200000000030
2.76780200000000010
2.81240000000000023
2.41040000000000010
2.30920000000000014
3.33899999999999997
3.53879999999999972
3.07360200000000017
2.86660000000000004
2.49679999999999991
2.89300200000000007
3.42100000000000071
3.52780000000000005
3.13980200000000043
3.58999999999999986
2.76780000000000026
2.70160000000000000
3.03860200000000003
3.05600199999999989
2.65300000000000002
2.70179999999999954
1.71599999999999997
3.47780399999999990
2.90859999999999985
3.11160199999999953
2.36220000000000008
3.43420199999999998
2.44019999999999992
4.04820400000000014
3.36840399999999951
2.21079999999999988
3.08239999999999981
3.31240199999999962
1.88500000000000023
2.21379999999999999
2.45300000000000029
2.38999999999999968
2.89079999999999959
4.13140000000000018
3.34460200000000052
3.63580399999999937
3.14680200000000010
2.17959999999999976
3.27419999999999956
2.96140000000000025
3.09200199999999992
2.51739999999999986
2.80480199999999957
2.73139999999999983
2.74559999999999960
3.14580199999999977
3.21140400000000037
4.42260799999999943
2.46600000000000019
2.93020000000000014
2.77859999999999996
2.76860000000000017
2.99719999999999986
2.71220200000000000
3.22420000000000062
2.42199999999999971
2.28620000000000001
3.32420199999999966
2.91760000000000019
2.22000000000000020
3.25579999999999981
3.51940199999999948
3.11620000000000008
3.43320399999999992
2.81640200000000007
2.36019999999999985
3.83460599999999951
3.12779999999999969
2.98740200000000033
2.91379999999999972
2.38779999999999992
2.82220199999999988
2.52279999999999971
2.41900000000000004
2.90219999999999967
2.63379999999999992
2.54660000000000020
2.68719999999999981
3.66160199999999980
3.54300399999999982
4.69560800000000000
2.64660000000000029
2.61779999999999990
4.04820400000000014
3.44840200000000019
3.46960199999999963
4.39220599999999983
3.05520199999999997
3.17280199999999990
2.40000199999999975
3.32420199999999966
1.94999999999999996
2.92500200000000010
2.99019999999999975
2.65120000000000022
2.71800199999999981
5.00000999999999962
2.42779999999999996
2.97980200000000028
2.28099999999999969
2.07699999999999996
2.51039999999999974
2.70740000000000025
3.06979999999999986
3.12200199999999972
2.78960199999999992
3.78160399999999930
2.48180000000000023
1.99239999999999995
2.83380000000000010
2.26260199999999978
2.70239999999999991
2.97320199999999968
3.18280199999999969
2.10919999999999996
2.48019999999999996
2.13159999999999972
2.45500000000000007
3.09840200000000010
3.54660000000000020
2.30839999999999979
3.15459999999999940
2.89080000000000004
1.93299999999999983
2.64260000000000028
2.71900200000000014
2.64860000000000051
2.98839999999999995
2.94120199999999965
2.96320199999999989
2.93460199999999993
2.41079999999999961
3.32220000000000004
2.61200000000000010
2.88900000000000023
3.23040400000000005
3.33420199999999989
2.67519999999999980
3.24880000000000013
3.38100000000000023
2.45120000000000005
2.29519999999999991
3.20620199999999977
3.64360000000000062
1.82800000000000007
2.59579999999999966
2.16239999999999988
2.03639999999999954
3.38400200000000018
2.58379999999999965
2.42379999999999995
2.39979999999999993
3.16540199999999938
2.60040000000000004
2.03659999999999997
2.47100000000000009
3.36140200000000045
2.36799999999999988
3.67640200000000039
2.80259999999999998
2.68080000000000007
2.56239999999999979
3.92300199999999943
2.18140000000000001
3.04360199999999992
3.66060000000000008
2.45360000000000023
2.58080199999999982
2.25940000000000030
2.94400200000000023
3.23940000000000072
2.65480000000000027
3.16340000000000021
3.73999999999999977
3.79200200000000009
3.00220200000000004
3.31400000000000006
3.29360000000000008
3.49299999999999944
3.01160000000000005
3.83200200000000013
2.18140000000000001
2.59859999999999980
2.90059999999999985
2.74699999999999989
2.39579999999999993
3.27680199999999999
2.39500000000000002
2.04319999999999968
3.18080199999999991
3.74620199999999937
3.04580000000000028
3.08660200000000007
3.48840200000000067
2.66639999999999988
2.00499999999999989
2.85800000000000010
2.31319999999999970
2.39340000000000019
2.90400199999999975
2.42799999999999994
2.53980000000000006
2.53039999999999976
2.64219999999999988
2.80319999999999991
2.87660200000000010
2.08160000000000034
2.53040000000000020
3.32400000000000029
2.60579999999999989
3.08439999999999959
2.18839999999999968
2.50940000000000030
3.30680200000000024
1.73220000000000018
2.25899999999999990
2.34460000000000024
2.72640000000000038
3.00300000000000011
3.65360199999999935
2.69240000000000013
2.69379999999999997
3.04460199999999981
2.73960000000000026
2.89280000000000026
3.58840399999999971
4.56920599999999943
4.20000600000000013
2.87400199999999995
3.08760399999999979
3.46260399999999979
3.49260400000000004
3.70000200000000001
1.61499999999999977
3.44540200000000008
3.08560200000000018
3.21760199999999941
3.44280200000000036
3.18060199999999993
2.44899999999999984
2.97880000000000011
2.81440000000000001
3.16720199999999963
3.22419999999999973
2.58260000000000023
3.24339999999999984
2.19240000000000013
2.98700000000000010
2.80300200000000022
2.73160000000000025
3.91320399999999946
3.22260199999999974
2.51339999999999986
3.24200200000000027
3.30120199999999997
2.71700000000000008
3.50260000000000016
3.19300199999999990
3.79420399999999969
2.27959999999999940
3.43340000000000023
3.19000199999999978
3.35060199999999986
3.07400199999999968
3.05779999999999985
3.02899999999999991
2.58239999999999981
3.73620399999999941
3.42980199999999957
3.39180399999999960
3.98000600000000038
3.35420199999999991
2.44580000000000020
3.15680199999999989
3.26100000000000012
2.66219999999999990
2.57079999999999975
3.55060200000000004
3.36840200000000056
3.50500399999999956
2.49580000000000002
3.77200199999999963
4.14720400000000033
3.05200200000000033
2.93140000000000045
3.81260400000000033
2.34299999999999997
3.15840200000000015
3.06740199999999996
3.26880000000000015
3.69300199999999990
3.36020199999999969
3.32640200000000030
3.33599999999999985
2.37179999999999991
1.91299999999999981
2.94300000000000006
3.52220200000000006
3.29360399999999975
3.26760000000000028
2.58999999999999986
2.77140000000000031
3.67960400000000032
2.72060000000000013
2.33619999999999983
3.67660000000000053
3.17680199999999990
2.65640000000000009
2.32560000000000011
3.18380200000000002
2.26319999999999988
2.61259999999999959
3.28699999999999992
2.82260000000000000
3.53220400000000012
2.53600000000000003
3.15840199999999971
2.69700199999999990
2.90820200000000018
2.75900200000000018
2.66860000000000008
3.93920400000000015
3.07560000000000011
3.70260400000000001
2.48019999999999996
2.61280199999999985
2.88720199999999982
3.04859999999999998
2.24039999999999973
3.58980200000000016
3.57360200000000017
3.01100000000000012
3.32460200000000006
2.44700000000000006
2.91140000000000043
3.60160199999999975
3.71500400000000042
4.51660799999999973
1.98419999999999996
3.29100200000000020
2.78980199999999989
2.99120000000000008
2.64579999999999993
2.46960000000000024
3.69119999999999981
3.20360000000000023
3.17299999999999960
2.74420200000000003
3.16420199999999952
3.21599999999999975
3.21480000000000032
3.16200199999999976
3.78160399999999930
2.99580000000000002
2.86460000000000026
2.61240000000000006
3.36600199999999949
3.65960400000000030
3.44960200000000006
2.40620000000000012
3.16980199999999979
3.10120199999999979
2.89679999999999982
3.29859999999999953
2.54859999999999998
4.11220400000000019
2.86059999999999981
2.83460000000000045
2.84280000000000044
2.85219999999999985
2.49219999999999953
2.60119999999999996
2.61719999999999997
3.68440199999999995
3.17520000000000024
3.13079999999999981
2.69820199999999977
2.64320000000000022
3.63700399999999968
3.10640000000000027
3.14400000000000013
3.24640399999999962
2.76940000000000008
2.15779999999999994
3.02879999999999949
2.86160199999999998
3.42700200000000033
2.58719999999999972
2.50779999999999959
3.64300200000000007
2.15120000000000022
2.52800000000000002
3.45999999999999996
3.16400199999999998
2.94520000000000026
3.02640000000000020
3.18700000000000028
3.46740399999999971
3.96980399999999989
2.77439999999999998
2.85799999999999965
2.58479999999999999
2.23340000000000005
3.05120199999999997
2.09700000000000042
2.86839999999999984
3.18540000000000001
2.90500200000000008
3.21860199999999974
2.45840000000000014
3.16040000000000010
3.05399999999999983
3.45040199999999952
3.44740400000000013
3.42880200000000013
3.05040000000000022
3.07240000000000002
2.32960000000000012
2.48859999999999992
2.90460199999999968
2.98919999999999941
2.92940199999999962
3.69039999999999946
3.88520399999999944
2.84740199999999977
2.99059999999999970
3.21480200000000016
4.08580399999999955
2.73959999999999981
2.44519999999999982
3.84820199999999968
3.29280199999999956
3.46799999999999997
2.96700000000000008
2.79380000000000006
2.83059999999999956
3.92980199999999957
2.72060000000000013
2.10380000000000056
2.93559999999999954
2.69879999999999987
2.42519999999999980
3.05220200000000030
2.71719999999999962
2.49920000000000009
2.70380000000000020
2.92440199999999972
2.46760000000000002
2.38239999999999963
3.33679999999999932
2.63620000000000010
2.29380000000000006
3.43240199999999973
2.35199999999999942
2.27959999999999985
2.43579999999999997
2.46859999999999991
2.61780000000000035
2.28920000000000012
3.22640200000000021
3.49840200000000001
3.21640000000000015
3.07660000000000000
3.35240200000000010
2.63119999999999976
2.88520200000000004
3.13980199999999998
3.11339999999999995
3.31860199999999983
2.05640000000000001
2.96720199999999990
2.61620000000000008
2.80019999999999936
3.61120399999999941
2.35259999999999980
2.68780200000000002
3.89300200000000052
3.21020200000000022
3.49400200000000050
3.35000199999999992
3.48699999999999966
4.24480599999999964
2.86460000000000026
2.91860000000000008
2.99399999999999977
3.01100000000000012
3.38300000000000001
3.66760399999999986
2.73559999999999981
2.57399999999999984
2.75300000000000011
2.64720200000000006
2.49899999999999967
2.06519999999999992
2.32980000000000009
2.69099999999999984
2.46099999999999985
2.80079999999999973
2.85400000000000009
1.79800000000000004
3.11000199999999971
2.71340199999999987
2.20480199999999993
3.30540199999999951
2.74439999999999973
2.95999999999999996
3.34299999999999997
3.63340399999999963
3.17580200000000001
3.60400199999999993
2.83420000000000005
3.93680399999999997
2.20799999999999974
2.60179999999999989
3.04919999999999991
2.58199999999999985
2.00419999999999998
2.97300200000000014
2.83300199999999958
2.78220000000000045
3.19140000000000024
3.82600199999999990
2.79459999999999997
2.90960199999999958
2.43579999999999997
1.81040000000000001
2.06919999999999993
2.79700199999999999
2.78999999999999959
3.22400200000000003
2.32799999999999985
2.77539999999999987
2.49580000000000002
2.41999999999999993
3.13079999999999981
1.75380000000000003
1.99300000000000033
2.22420000000000018
3.44200399999999984
2.72240199999999977
2.87160200000000021
2.42219999999999969
2.77200199999999963
2.57620000000000005
2.03639999999999999
2.20779999999999976
2.35999999999999988
3.35040199999999988
3.84720599999999990
2.54279999999999973
2.59459999999999980
2.94399999999999995
2.26639999999999997
2.43000000000000016
1.97819999999999996
2.21099999999999985
2.46600000000000019
2.51199999999999957
2.44660000000000011
1.66460000000000008
2.12080000000000002
2.22459999999999969
3.10899999999999999
2.47540000000000004
2.75419999999999998
1.59240000000000004
1.47440000000000015
3.05560199999999993
1.85640000000000005
3.72180400000000011
2.37619999999999987
3.74300400000000000
1.77819999999999956
3.67839999999999989
2.11460000000000026
2.70880000000000010
3.40780399999999961
3.01619999999999999
3.49680200000000019
2.27240000000000020
1.80000000000000004
3.20500199999999946
3.83920400000000006
2.06780000000000008
2.55780199999999969
2.96560000000000024
2.78220000000000001
2.50940000000000030
3.35279999999999978
3.84940199999999999
2.59959999999999969
3.47180199999999939
3.19620199999999999
3.04900000000000038
2.36460000000000026
2.69220000000000015
2.26000000000000023
1.97920000000000007
2.28339999999999987
3.59980199999999950
3.12160000000000037
2.61899999999999977
2.47500199999999992
2.78560199999999991
2.43079999999999963
2.88620000000000010
3.30299999999999994
2.33000199999999991
2.65480199999999966
2.98860200000000020
2.44800199999999979
2.20579999999999998
2.80860000000000021
2.62559999999999993
3.22640399999999961
3.38640400000000019
3.46680199999999994
3.19179999999999975
3.29120199999999974
2.91120000000000001
3.11940200000000001
4.19280399999999975
2.90880200000000011
2.93580199999999980
3.08840199999999987
3.16299999999999981
3.25960199999999967
2.53980199999999989
3.51040399999999986
2.14219999999999988
2.33620000000000028
2.47900000000000009
2.32580000000000009
3.30600200000000033
2.45559999999999956
2.86720199999999981
3.27680199999999999
2.29459999999999997
2.62840000000000007
2.57059999999999977
2.21260000000000012
3.09119999999999973
3.11220199999999991
2.34499999999999975
1.68460000000000010
3.25040399999999963
2.75540200000000013
2.11199999999999966
2.79479999999999995
2.35060000000000002
2.57419999999999982
3.04460200000000025
2.71039999999999948
2.03560000000000008
3.66540199999999938
2.53259999999999952
2.34260000000000002
3.41600200000000020
2.79220000000000024
2.87660000000000027
2.64520000000000000
3.54979999999999984
2.93840199999999996
2.86460200000000009
3.01100199999999996
1.86899999999999977
2.01899999999999968
2.20060000000000011
2.74440000000000017
2.09339999999999993
3.27360199999999946
2.27720000000000011
2.71300000000000008
2.20480000000000009
2.32580000000000009
3.09120200000000001
3.41940199999999939
3.32960199999999995
3.65060199999999924
3.11860200000000010
2.77800199999999986
2.34739999999999993
2.68880199999999991
2.46620200000000001
3.11960000000000015
2.57760199999999973
2.80860199999999960
3.12960399999999961
2.16839999999999966
1.93140000000000001
2.70260000000000034
2.65599999999999969
1.83160000000000034
3.40100199999999964
2.17220199999999997
3.25840000000000041
1.46460000000000012
2.63160000000000016
2.94120199999999965
1.70479999999999987
2.70940000000000003
2.07940199999999997
2.46959999999999980
3.34459999999999980
3.46459999999999990
3.18120199999999986
2.31939999999999991
2.53419999999999979
1.78699999999999970
2.45720000000000027
2.18320000000000025
2.96859999999999991
2.60000000000000053
2.61080199999999962
2.92000199999999976
1.72819999999999996
1.61199999999999966
2.20940000000000003
2.35220200000000013
1.92019999999999991
2.71300000000000008
2.73819999999999997
2.19399999999999995
2.11940200000000001
2.80560199999999993
2.03099999999999969
2.29999999999999982
2.56859999999999999
2.39800000000000013
3.61060200000000009
2.76879999999999971
2.47300200000000014
2.05279999999999996
2.05420000000000025
2.26960000000000006
2.03540000000000010
2.38459999999999983
2.73560200000000009
3.30640399999999968
1.64699999999999980
1.70619999999999972
2.45480199999999993
2.14239999999999986
1.67040000000000011
2.19340000000000002
2.02360000000000051
3.19920000000000027
2.28980000000000006
2.08519999999999994
1.41019999999999990
1.86300000000000021
2.99820200000000003
3.03219999999999956
2.96659999999999968
3.95340399999999992
2.30000000000000027
1.05200000000000005
1.30200000000000005
2.34960000000000013
3.09320000000000039
1.49619999999999997
3.25340199999999991
3.17280199999999990
2.92799999999999994
1.79719999999999969
3.71440199999999976
2.14560200000000023
2.98380199999999984
3.55580199999999991
3.56540200000000018
2.62100000000000000
2.64440200000000036
2.23440200000000022
3.22980000000000000
3.66460000000000008
2.85600199999999971
2.60240000000000027
2.54720199999999952
4.23780200000000029
1.66680000000000028
3.24940399999999974
2.37980200000000020
2.74520199999999992
3.74640200000000068
2.76619999999999999
3.26160199999999989
4.19500199999999968
2.62460200000000032
2.58560199999999973
3.84159999999999968
1.95080000000000031
1.28559999999999985
2.79260200000000003
2.32500000000000018
3.23119999999999985
1.86600000000000010
2.66299999999999981
2.25520199999999971
4.22460199999999997
3.17740199999999984
3.34140000000000015
2.10399999999999965
2.38319999999999954
2.80580000000000007
2.35320200000000046
2.52760000000000007
1.84600000000000009
2.85760000000000014
3.61280000000000001
1.49960000000000004
3.44940399999999991
3.10860000000000003
2.44939999999999980
2.26520000000000010
3.00840200000000024
1.81020000000000003
2.34300199999999981
1.83400000000000007
2.57900200000000002
1.09779999999999989
2.60979999999999990
2.72260000000000080
2.35200000000000031
2.03699999999999992
2.78920199999999996
3.28800200000000009
1.59060000000000024
2.12740000000000018
2.17620000000000058
2.00700000000000012
1.92379999999999995
2.56640000000000024
1.80439999999999978
1.42639999999999989
2.02659999999999973
2.45040199999999952
1.53180000000000005
2.51300000000000034
1.83560000000000012
3.19660000000000011
3.92080199999999968
3.54380600000000001
1.88719999999999999
2.24040200000000045
2.33659999999999979
1.52919999999999989
2.42700000000000049
2.41080000000000005
2.79920399999999958
2.28180000000000005
3.00039999999999996
2.45319999999999983
3.92780399999999963
2.31420199999999987
2.63159999999999972
1.54039999999999999
2.31200000000000028
2.05919999999999970
2.39839999999999964
1.90939999999999976
2.04760000000000009
2.54640200000000050
3.44099999999999984
2.32439999999999980
1.91160000000000041
2.06440000000000001
2.39559999999999995
1.66260000000000008
1.54479999999999995
2.66020000000000056
2.79900000000000038
2.49400000000000022
2.18279999999999985
1.79919999999999969
2.02719999999999967
1.45480000000000009
1.58339999999999992
2.10959999999999992
2.71420200000000023
2.09180000000000010
1.16940000000000000
1.42240000000000011
1.99160000000000004
2.75280199999999997
1.55819999999999981
2.60300200000000004
2.34920199999999957
1.68299999999999983
1.75719999999999987
1.90140199999999981
2.26619999999999999
2.73740000000000006
1.64840000000000009
2.33260000000000023
1.47380000000000022
2.84560199999999996
2.56040000000000001
1.72980000000000023
2.57859999999999978
1.66440000000000010
1.94720000000000004
1.32079999999999997
1.66879999999999984
2.71960199999999963
3.63880400000000037
1.67120000000000002
1.48599999999999999
2.35860000000000003
1.58760000000000012
2.12100000000000000
1.80279999999999996
2.52059999999999995
2.06879999999999997
1.35519999999999996
1.67340000000000022
2.09620000000000006
1.73120000000000007
2.34879999999999978
1.11619999999999986
2.05060200000000004
2.40000199999999975
3.13600199999999996
2.54820000000000002
1.76219999999999999
3.43240399999999957
2.68239999999999990
2.26660199999999978
1.80540000000000012
1.86820000000000030
3.10240199999999966
2.90820200000000018
1.91120000000000023
2.70340199999999964
2.86600000000000055
2.27000000000000002
1.35040000000000004
3.21940200000000010
2.27099999999999991
1.97459999999999991
1.15640000000000009
1.78740000000000032
2.31339999999999968
2.24759999999999982
2.87060200000000032
1.45799999999999996
2.14500000000000046
2.45420000000000016
1.51099999999999990
1.30340000000000011
1.29360000000000008
2.03400000000000025
1.96500000000000030
2.38499999999999979
2.05479999999999974
1.60000000000000009
2.07859999999999978
1.72220000000000018
1.62540000000000018
2.59920000000000018
1.96460000000000012
1.66179999999999994
1.50380000000000003
2.56220200000000009
1.19060000000000010
1.62800000000000011
2.11559999999999970
2.22259999999999991
2.41320000000000023
2.32620000000000005
2.08400000000000007
1.78240000000000021
2.71559999999999979
1.62639999999999985
2.57160199999999994
2.27139999999999986
1.17819999999999991
2.06700000000000017
2.38719999999999999
1.53220000000000001
2.40260199999999990
2.21959999999999980
1.80760000000000010
1.91539999999999999
1.67040000000000011
2.15020000000000033
2.13999999999999968
2.21459999999999990
2.22839999999999971
2.77560200000000012
3.92200399999999982
2.49059999999999970
1.63519999999999976
2.27639999999999976
1.53480000000000016
2.07779999999999987
2.09160000000000057
2.65860200000000013
1.91580000000000017
1.56860000000000022
1.94020000000000015
1.73380000000000001
1.72139999999999982
1.38080000000000003
3.61559999999999970
1.71060000000000012
2.25380000000000003
1.97860199999999975
2.13719999999999999
2.31519999999999992
1.26140000000000008
3.38000200000000017
1.83060000000000000
2.19180200000000003
1.40260000000000007
2.63640399999999975
2.14040000000000008
1.73960000000000004
1.69619999999999993
2.16279999999999983
2.43880000000000008
2.15139999999999976
1.86539999999999995
2.63200000000000012
1.36020000000000008
2.57540000000000013
2.18240000000000034
2.24519999999999964
2.03699999999999992
2.68340000000000023
2.60740199999999955
1.79859999999999998
1.32600000000000007
1.68300000000000027
1.50420000000000020
1.62160000000000015
1.92999999999999972
1.81759999999999988
2.38319999999999999
1.75339999999999985
1.69059999999999988
1.98019999999999996
2.33599999999999985
1.96140000000000003
2.72460199999999997
1.50400000000000000
3.21040199999999976
1.82980000000000009
1.71479999999999966
2.33160200000000017
1.40620000000000012
2.44720000000000004
1.20079999999999987
1.73400000000000043
2.11600000000000010
1.71460000000000012
2.42920000000000025
1.87539999999999973
2.71600200000000003
2.15240000000000009
1.89480000000000004
1.53980000000000006
1.58020000000000005
1.49819999999999998
2.35099999999999998
1.79540000000000011
2.27420000000000000
1.74679999999999991
1.20280000000000009
2.40979999999999972
2.44019999999999992
1.74439999999999995
2.37000000000000011
1.50139999999999985
1.36200000000000032
2.49260000000000037
2.21280000000000054
1.36880000000000024
2.77099999999999991
2.18220000000000036
1.75320000000000009
2.10499999999999954
2.78779999999999983
2.29220200000000007
1.75859999999999994
3.17120200000000008
1.84559999999999991
1.71619999999999995
2.58920000000000039
1.67240000000000011
2.49379999999999979
2.02760000000000007
2.00320000000000009
2.02119999999999944
1.67100000000000004
2.39319999999999977
1.94239999999999990
2.45780200000000004
1.72960000000000003
2.21740000000000004
2.57660000000000000
1.78799999999999981
2.24679999999999946
1.51939999999999986
2.37960199999999977
1.72100000000000009
1.57120000000000015
2.25360000000000005
2.19920000000000027
2.24180000000000001
2.58920000000000039
1.81520000000000015
1.71439999999999992
1.38719999999999999
2.03520000000000012
1.96920000000000006
2.49379999999999979
2.20799999999999974
1.88319999999999999
1.67579999999999996
1.90459999999999985
2.74720000000000031
2.64940200000000026
2.38160000000000016
1.79800000000000004
1.08780000000000010
1.85319999999999996
2.38799999999999990
2.18339999999999979
1.92800000000000016
1.87440000000000007
1.90959999999999996
2.11799999999999988
2.09100000000000019
1.55059999999999998
1.62199999999999989
2.80060000000000020
2.69240000000000013
2.32099999999999973
2.05280000000000040
1.72680000000000011
1.42960000000000020
1.92740000000000000
1.77199999999999980
1.54440000000000000
1.67519999999999980
2.37440000000000007
1.45819999999999994
1.18419999999999992
1.71080000000000010
1.57600000000000007
1.28060000000000018
1.96060000000000012
2.39420000000000011
1.49880000000000013
2.30939999999999968
2.60700000000000021
1.88180000000000014
1.73419999999999996
2.09139999999999970
1.44200000000000017
3.46300200000000036
2.24379999999999979
0.97940000000000005
2.27559999999999985
2.31660000000000021
1.17300000000000004
1.80519999999999992
1.59720000000000018
1.75860000000000016
1.98760000000000003
1.57759999999999989
1.53760000000000008
1.74620000000000042
2.32940000000000014
2.19620000000000015
1.60140000000000038
2.11399999999999988
1.81759999999999988
2.04260000000000019
2.21740000000000048
2.37220000000000031
1.85100000000000020
2.04280000000000017
1.74620000000000042
2.40020199999999972
2.25359999999999960
1.55979999999999985
1.93519999999999959
2.26220199999999982
2.74719999999999986
2.16999999999999948
2.26539999999999964
2.47419999999999973
1.82660000000000022
2.04559999999999986
2.20799999999999974
1.95880000000000010
2.17079999999999984
2.56539999999999990
2.13539999999999974
2.44139999999999979
2.25600000000000023
1.73539999999999983
2.07899999999999974
1.73419999999999996
2.27479999999999993
1.76739999999999986
2.14039999999999964
1.92959999999999998
1.34440000000000004
2.13480000000000025
2.05860000000000021
1.82160000000000011
2.06840000000000002
1.22340000000000004
1.25239999999999996
1.36020000000000008
1.51340000000000008
1.31099999999999994
1.38100000000000001
1.96599999999999997
1.51939999999999986
2.26739999999999986
1.67800000000000016
1.91280000000000006
1.98260000000000014
1.18720000000000003
2.08780000000000010
2.37060000000000048
2.44879999999999987
1.72860000000000014
2.06379999999999963
1.34839999999999982
1.53500000000000014
1.76460000000000017
1.58679999999999977
1.55580000000000007
1.36660000000000004
2.57500000000000018
2.00959999999999983
1.52399999999999980
1.52599999999999980
2.27559999999999985
1.60899999999999999
1.13159999999999994
1.43680000000000008
2.05640000000000001
2.08160000000000034
1.71980000000000000
2.61479999999999979
1.97040000000000015
1.83300000000000018
1.81760000000000010
1.63260000000000005
1.51479999999999992
1.38939999999999997
1.92680000000000007
1.60199999999999987
1.96520000000000006
1.79340000000000011
1.86639999999999984
1.77160000000000006
1.72199999999999998
1.69980000000000020
1.49379999999999979
1.96019999999999994
1.95279999999999987
1.32660000000000000
1.24720000000000009
1.80559999999999965
1.62040000000000006
1.99400000000000022
1.35319999999999974
1.49839999999999973
1.05160000000000009
2.01379999999999981
1.70960000000000045
1.78459999999999996
2.18959999999999999
1.40779999999999994
2.35360000000000014
1.16239999999999988
1.45679999999999987
1.71500000000000030
1.47059999999999991
2.05600000000000005
1.98079999999999989
1.45479999999999987
1.87600000000000011
1.42759999999999998
1.69499999999999984
1.37580000000000013
1.11180000000000012
1.29919999999999991
1.63700000000000001
1.80079999999999996
1.79039999999999999
1.99080000000000013
1.87579999999999991
1.43239999999999990
2.10720000000000018
1.52720000000000011
1.28700000000000014
1.65000000000000036
1.62120000000000042
1.60640000000000005
1.88599999999999990
2.44919999999999982
1.69999999999999996
1.18840000000000012
1.87319999999999998
1.56719999999999993
2.35160000000000036
1.42840000000000011
1.41539999999999977
2.30560000000000009
1.61300000000000021
1.33719999999999994
2.05240000000000000
2.02479999999999993
0.99879999999999991
1.20760000000000001
1.57520000000000016
1.16840000000000011
1.92259999999999986
2.07180000000000009
1.84839999999999982
1.37839999999999985
1.76460000000000017
2.09339999999999993
1.26279999999999992
1.89840200000000014
1.46920000000000006
1.28319999999999990
1.32879999999999998
1.82820000000000005
1.14720000000000022
1.67620000000000013
1.44680000000000009
1.91219999999999990
1.41020000000000012
1.22500000000000009
1.86539999999999995
1.57080000000000020
1.69540000000000002
1.04160000000000008
1.41639999999999988
1.81999999999999984
1.19900000000000007
1.32119999999999993
1.43239999999999990
1.70879999999999965
1.21740000000000004
2.00860000000000039
1.91620000000000035
1.73980000000000001
1.73759999999999981
1.09260000000000002
1.17419999999999991
1.31420000000000003
1.86419999999999986
1.81559999999999988
1.72659999999999991
1.97640000000000038
0.95160000000000000
1.66100000000000003
1.40820000000000012
1.65180000000000016
1.49019999999999997
1.48199999999999998
1.14619999999999989
1.45940000000000003
1.61619999999999986
1.73839999999999995
1.48360000000000003
2.19459999999999988
1.22780000000000000
1.97939999999999960
1.48819999999999975
1.46040000000000014
2.35579999999999989
1.04159999999999986
1.59260000000000002
1.26740000000000008
1.41179999999999994
1.18920000000000003
1.25139999999999985
1.38059999999999983
2.15580000000000016
1.13800000000000012
1.65459999999999985
1.71559999999999979
1.77599999999999980
0.89139999999999997
1.94760000000000000
1.94560000000000000
1.99419999999999997
1.78280000000000038
1.85000000000000009
1.85260000000000025
1.29360000000000008
1.39039999999999986
1.65180000000000016
1.41679999999999984
1.58519999999999994
1.71039999999999992
1.54900000000000015
1.48439999999999994
1.28879999999999995
1.37660000000000005
1.12400000000000011
1.45320000000000005
1.15440000000000009
1.74980000000000002
1.83260000000000001
1.64960000000000018
1.44640000000000013
1.60339999999999994
1.90959999999999996
0.94000000000000006
1.31560000000000010
1.71000000000000019
1.55040000000000000
1.52600000000000002
1.86200000000000010
1.74100000000000033
1.52280000000000015
2.01599999999999957
1.50219999999999998
1.48220000000000018
1.38799999999999990
1.37320000000000020
1.59799999999999986
1.43759999999999999
1.98279999999999990
1.88999999999999990
1.57140000000000013
1.15459999999999985
1.39660000000000006
1.04299999999999993
1.55219999999999980
0.91880000000000006
1.02239999999999998
1.68579999999999997
1.92859999999999987
1.17379999999999995
1.03439999999999999
1.40219999999999989
1.74380000000000024
0.90619999999999989
1.50519999999999987
2.15200000000000014
1.36959999999999993
1.58640000000000025
1.56279999999999997
1.49239999999999995
1.12900000000000000
1.84020000000000006
1.28520000000000012
1.47560000000000002
1.46460000000000012
0.80000000000000004
1.18920000000000003
1.66760000000000019
1.56499999999999995
1.62319999999999998
1.54500000000000015
1.86680000000000001
0.91220000000000001
1.81800000000000006
2.37040000000000006
1.13620000000000010
1.47800000000000020
1.55659999999999998
1.35060000000000002
1.80740000000000012
1.33960000000000012
1.36200000000000010
0.95799999999999985
1.48520000000000030
1.77639999999999998
1.27920000000000011
1.48399999999999999
2.37019999999999964
1.95360000000000023
1.75759999999999961
1.13159999999999994
1.86619999999999986
1.36499999999999999
1.09739999999999993
1.98780000000000001
1.64800000000000013
1.72279999999999989
2.15120000000000022
1.02800000000000002
1.33540000000000014
2.13859999999999983
0.89620000000000000
0.99680000000000002
1.49539999999999984
1.60599999999999987
1.74219999999999997
1.36939999999999995
1.25459999999999994
1.30999999999999983
1.09299999999999997
1.73380000000000001
1.63859999999999983
1.57660000000000022
1.46139999999999981
1.34640000000000004
1.31679999999999997
1.15180000000000016
1.25099999999999989
0.86259999999999992
1.50039999999999996
1.26960000000000006
1.05960000000000010
1.50400000000000000
1.14539999999999997
1.17540000000000000
1.68419999999999992
1.71959999999999980
1.38019999999999987
2.13539999999999974
0.89939999999999998
0.96099999999999997
1.79499999999999993
2.18999999999999995
1.48380000000000001
1.59480000000000000
0.71099999999999997
1.42839999999999989
1.90159999999999973
1.30300000000000016
1.16239999999999988
1.53200000000000003
1.55919999999999992
0.70739999999999992
1.12880000000000003
1.71080000000000010
1.72279999999999989
1.62019999999999986
1.81340000000000012
1.76459999999999972
1.48719999999999986
1.05920000000000014
1.61180000000000012
1.54400000000000004
1.08080000000000020
1.08360000000000012
1.95419999999999972
1.30880000000000019
1.63099999999999978
1.47600000000000020
1.56560000000000032
1.35159999999999991
1.12519999999999998
0.85520000000000018
1.06919999999999993
1.03160000000000007
1.33020000000000005
1.80399999999999983
0.98680000000000001
1.65339999999999998
1.37640000000000007
1.65880000000000005
1.51200000000000001
1.68260000000000010
1.52380000000000004
1.38939999999999997
1.47120000000000006
1.13500000000000001
1.32260000000000000
1.38539999999999996
1.80539999999999989
1.77760000000000007
1.53180000000000005
1.10779999999999990
1.03380000000000005
1.47200000000000020
1.71360000000000023
1.87220000000000009
1.61579999999999968
1.92059999999999986
1.09020000000000006
1.12799999999999989
1.73599999999999999
1.25160000000000005
1.41700000000000004
1.54259999999999975
1.23359999999999981
2.10540000000000038
1.72860000000000014
1.53759999999999986
0.97380000000000000
1.15580000000000016
1.63919999999999999
1.41379999999999995
1.06539999999999990
1.18940000000000001
1.79299999999999993
1.17500000000000004
1.87680000000000002
1.65860000000000030
2.07279999999999998
1.60779999999999990
1.74799999999999978
1.58379999999999987
1.98120000000000007
1.66739999999999999
1.12800000000000011
1.58679999999999977
1.07220000000000004
1.61620000000000030
1.72239999999999993
1.21240000000000014
1.46559999999999979
1.62300000000000000
0.68980000000000008
1.90600000000000014
1.41139999999999999
1.15220000000000011
1.76359999999999983
1.99480000000000013
1.58279999999999998
1.71300000000000030
1.53380000000000005
1.40880000000000005
1.54539999999999988
1.85399999999999987
1.72300000000000009
1.12180000000000013
1.21839999999999993
1.15420000000000011
1.36319999999999997
1.47980000000000000
1.47220000000000018
1.80859999999999976
0.77639999999999998
1.62620000000000009
1.67700000000000005
1.58320000000000016
1.06259999999999999
1.14640000000000009
1.12639999999999985
1.15459999999999985
1.17480000000000007
1.65979999999999994
1.03659999999999997
1.87440000000000007
1.44039999999999990
1.17320000000000002
0.95419999999999994
0.95719999999999994
1.18100000000000005
1.60800000000000010
1.85180000000000011
1.39720000000000000
2.07739999999999991
1.48979999999999979
1.75519999999999987
1.25680000000000014
1.19199999999999973
1.68920000000000003
1.39219999999999988
1.69879999999999987
2.08620000000000028
1.34979999999999989
1.78999999999999981
2.52959999999999985
1.35260000000000002
1.31640000000000024
1.54380000000000006
0.84920000000000007
1.13300000000000023
1.51520000000000010
1.19659999999999989
1.26180000000000003
1.11759999999999993
1.35739999999999994
1.17799999999999994
1.28360000000000007
1.25279999999999991
1.76899999999999968
1.29880000000000018
1.68940000000000023
1.28499999999999992
1.97200000000000020
2.09059999999999979
1.44559999999999977
1.92220000000000013
2.07120000000000015
1.18619999999999992
1.60199999999999987
1.25379999999999980
1.27439999999999998
1.28160000000000007
1.08519999999999994
1.51419999999999999
1.95839999999999992
0.87959999999999994
1.18659999999999988
2.02699999999999969
2.08899999999999997
1.25580000000000003
1.91420000000000035
1.59600000000000009
1.30579999999999985
1.83860000000000001
1.54320000000000013
0.85280000000000000
1.56760000000000010
0.97800000000000009
1.04579999999999984
1.00600000000000001
1.04200000000000004
1.53980000000000006
1.16199999999999992
1.32800000000000007
1.56620000000000004
1.17700000000000005
1.82940000000000014
1.68820000000000014
1.63919999999999999
1.54280000000000017
2.08000000000000007
0.83979999999999999
0.62700000000000000
1.31999999999999984
0.72800000000000009
1.53279999999999972
1.54879999999999995
1.45979999999999999
0.89480000000000004
1.37519999999999998
0.97800000000000009
1.21540000000000004
1.38399999999999990
1.32560000000000011
1.62079999999999980
1.91380000000000017
1.27620000000000000
1.42399999999999993
1.16179999999999994
1.52660000000000018
1.47740000000000005
1.18840000000000012
1.18140000000000001
1.82560000000000011
1.11680000000000001
0.89379999999999993
1.37500000000000000
1.14600000000000013
1.21280000000000010
0.93439999999999990
1.70320000000000005
1.21479999999999988
1.74400000000000022
1.45340000000000003
1.09680000000000000
1.06319999999999992
0.97900000000000009
1.48700000000000010
1.14460000000000006
1.75500000000000012
1.20740000000000003
1.36539999999999995
1.42580000000000018
0.77900000000000003
1.11220000000000008
1.28760000000000008
1.28320000000000012
1.26940000000000008
1.27020000000000000
1.02220000000000022
1.06740000000000013
1.07140000000000013
1.61099999999999999
1.03600000000000003
1.21039999999999992
1.51899999999999968
1.45320000000000005
0.94699999999999984
2.26460000000000017
1.47019999999999995
0.99660000000000015
1.00160000000000005
1.22580000000000000
1.14239999999999986
1.65820000000000012
1.07719999999999994
1.89660000000000006
1.55939999999999990
1.79820000000000002
1.03960000000000008
0.75419999999999998
1.36299999999999999
1.77499999999999991
1.02180000000000004
1.71559999999999979
1.66180000000000017
1.80020000000000024
0.93740000000000001
1.02059999999999995
0.83779999999999999
0.77539999999999998
1.10979999999999968
0.88979999999999992
1.63120000000000021
0.82840000000000003
1.54599999999999982
1.98559999999999981
0.88139999999999985
1.17959999999999998
2.26460000000000017
1.03499999999999992
1.77160000000000006
1.36060000000000003
1.09999999999999987
0.80620000000000014
1.09779999999999989
1.50420000000000020
1.28959999999999986
1.25939999999999985
1.09719999999999995
1.62519999999999998
0.88719999999999999
1.60000000000000009
1.47860000000000014
1.31620000000000004
1.30420000000000003
0.89960000000000007
1.20839999999999992
0.78839999999999999
1.67680000000000007
1.16859999999999986
1.62259999999999982
0.86219999999999997
1.07260000000000000
0.68179999999999996
1.25920000000000010
1.33539999999999992
1.38519999999999999
1.00819999999999999
0.92739999999999989
1.42500000000000004
1.94280000000000008
1.01780000000000004
1.60139999999999993
0.99720000000000009
1.54299999999999993
1.39100000000000001
1.06180000000000008
1.18480000000000008
1.07460000000000000
1.62479999999999980
1.52280000000000015
1.52139999999999986
1.07899999999999996
1.31119999999999992
1.76520000000000010
1.20639999999999992
0.96679999999999988
1.46880000000000011
1.25160000000000005
1.50799999999999979
0.94299999999999995
1.09279999999999999
1.01960000000000006
1.78020000000000023
1.64080000000000004
1.30339999999999989
1.02899999999999991
1.67459999999999987
1.21039999999999992
0.61180000000000001
1.08139999999999992
1.62939999999999996
0.81699999999999995
2.27439999999999998
1.58179999999999987
0.73259999999999992
1.44760000000000000
1.05160000000000009
1.19999999999999996
1.89119999999999999
0.88559999999999994
1.53479999999999994
0.82840000000000003
1.30880000000000019
1.53800000000000003
1.03699999999999992
0.77759999999999996
1.58699999999999997
1.05079999999999996
1.26440000000000019
1.37459999999999982
1.76039999999999996
1.32499999999999996
0.99600000000000011
1.65500000000000003
1.01119999999999988
1.28580000000000005
1.55480000000000018
0.86619999999999986
1.00700000000000012
0.86180000000000001
1.25340000000000029
1.84260000000000024
1.03419999999999979
1.16280000000000006
1.30719999999999970
1.30240000000000000
1.45460000000000012
1.57800000000000007
1.03659999999999997
1.50780000000000025
1.84340000000000015
1.21160000000000023
1.32839999999999980
1.31059999999999999
1.54939999999999989
1.49180000000000001
1.42899999999999983
1.77259999999999995
1.12119999999999997
1.67140199999999983
0.99079999999999990
2.16660200000000014
1.66100000000000003
0.90500000000000003
1.12160000000000015
1.86119999999999974
1.31719999999999993
1.91960000000000020
1.05080000000000018
1.44600000000000017
1.81440000000000023
1.50380000000000003
0.91320000000000001
1.18779999999999997
1.17660000000000009
0.99659999999999993
1.17200000000000015
1.83919999999999995
1.30739999999999990
1.19459999999999988
1.62599999999999989
1.99400000000000022
1.74100000000000010
1.70199999999999996
1.58979999999999988
0.80600000000000005
2.25959999999999983
0.79840000000000000
1.13139999999999996
1.58519999999999994
0.90720000000000012
1.64119999999999999
1.49660000000000015
1.22580000000000000
1.12139999999999995
1.11579999999999990
1.17140000000000000
1.67459999999999987
1.51240000000000019
1.46620000000000017
1.75720000000000032
1.50700000000000012
0.96460000000000012
0.92440000000000000
1.55459999999999998
1.47999799999999992
1.36860000000000004
1.26059999999999994
1.20579999999999998
1.17420000000000013
1.39959999999999996
1.70880000000000010
1.70279999999999987
0.93240000000000001
1.28339999999999987
1.37620000000000009
1.49100000000000010
1.77380000000000004
1.91080199999999989
1.71520000000000006
1.64420000000000011
0.92259999999999986
1.41199999999999992
1.17540000000000022
1.24659999999999993
1.07040000000000002
1.49839999999999995
1.43919999999999981
1.49440000000000017
1.08339999999999992
1.17460000000000009
1.29740000000000011
1.70439999999999969
1.30279999999999996
1.39639999999999986
1.66839999999999966
1.46679999999999988
1.44540000000000002
2.31259999999999977
1.38420000000000010
1.95719999999999983
1.88599999999999990
1.50980000000000003
1.01160000000000005
1.33399999999999985
1.73960000000000004
0.96619999999999995
1.55259999999999998
1.89999999999999991
0.75440000000000007
0.81980000000000008
1.55460000000000020
1.14800000000000013
1.36719999999999997
1.98579999999999979
2.19219999999999970
1.48479999999999990
2.06059999999999999
1.74819999999999998
1.17639999999999989
1.38700000000000001
1.27120000000000011
1.40260000000000007
1.87460000000000027
1.30760000000000010
1.65499999999999980
0.72220000000000006
1.00560000000000005
0.88339999999999996
2.14380199999999999
0.69619999999999993
1.20200000000000018
1.92260199999999992
2.03400000000000025
1.68000000000000016
1.53819999999999979
1.10539999999999994
1.63039999999999985
1.45339999999999980
1.68500000000000005
1.18439999999999990
1.22120000000000006
1.19020000000000015
1.60339999999999994
1.76359999999999983
2.65940000000000021
1.23260000000000014
2.30780199999999969
1.80960000000000010
1.15220000000000011
1.51160000000000005
1.56960000000000011
2.20259999999999989
1.87820000000000009
0.92140000000000000
1.75139999999999985
1.74819999999999998
1.49900000000000011
1.53740000000000010
2.82940199999999997
1.24839999999999995
1.57420000000000004
1.40940000000000021
1.03560000000000008
0.69159999999999999
1.75339999999999985
1.18500000000000005
1.72380000000000000
1.36960000000000015
0.98279999999999990
1.55420000000000003
3.34219999999999962
1.04179999999999984
1.40680000000000005
1.13739999999999997
1.47120000000000006
0.87719999999999998
1.93660199999999993
1.35139999999999993
0.64200000000000002
0.73480000000000012
1.16159999999999997
1.31640000000000001
2.34860000000000024
1.28139999999999987
1.82779999999999987
1.26600000000000001
1.54079999999999973
1.58380000000000010
0.83120000000000016
1.31340000000000012
1.71399999999999997
0.80740000000000001
1.36579999999999990
1.43379999999999996
1.91400199999999998
0.75540000000000007
1.27359999999999984
1.82339999999999991
1.27100000000000013
1.05699999999999994
1.73440000000000016
1.49400000000000022
1.06220000000000026
2.26320000000000032
1.40159999999999996
1.93540000000000001
1.90080000000000027
1.51819999999999999
1.31820000000000026
1.19100000000000006
2.28040200000000004
1.43699999999999983
1.72420000000000018
0.78380000000000005
0.97760000000000002
1.71000000000000019
2.37859999999999960
1.28140000000000009
0.71840000000000015
2.70580199999999982
2.05919999999999970
1.03499999999999992
1.25600000000000001
1.57499999999999996
0.77039999999999997
0.99039999999999995
1.86780000000000013
1.13580000000000014
1.49440000000000017
1.70079999999999987
1.35159999999999991
1.72760000000000002
1.28040000000000020
2.05720199999999975
1.66339999999999999
0.81159999999999999
1.09719999999999995
1.31499999999999995
2.03220199999999984
1.97619999999999996
2.05660000000000043
2.17659999999999965
1.25980000000000003
1.46320000000000006
2.92919999999999936
1.63440000000000007
2.35260000000000025
1.88219999999999987
1.33460000000000023
1.66940000000000000
1.19640000000000013
1.16559999999999997
1.20619999999999972
2.19639999999999969
1.57020000000000026
2.71800199999999981
2.24659999999999993
1.61700000000000021
1.47040000000000015
1.72340000000000027
1.83419999999999983
1.79400000000000004
1.69819999999999993
1.24919999999999987
1.35020000000000007
1.53780000000000006
1.67420000000000013
2.42880000000000029
1.91260000000000008
1.31979999999999986
1.95839999999999992
1.46160000000000001
1.00760000000000005
1.86000200000000016
1.09359999999999991
1.51160000000000005
1.38620000000000010
2.13379999999999992
1.61140000000000017
1.19120000000000004
1.92620000000000013
2.27179999999999982
2.42160200000000003
1.89480000000000004
1.42920000000000025
2.14279999999999982
2.35120199999999979
1.87759999999999994
1.53620000000000023
0.92900000000000005
1.20320000000000005
1.16780000000000017
1.66720000000000002
1.14939999999999998
1.68520000000000003
1.21920000000000006
2.45980199999999982
1.22219999999999995
1.59099999999999997
0.80840000000000001
2.05339999999999989
1.69039999999999990
1.98300000000000010
1.36220000000000008
2.24500000000000011
1.54620000000000002
0.93200000000000005
2.00499999999999989
1.87339999999999973
2.14060000000000006
1.71499999999999986
0.93219999999999992
1.89699999999999980
0.98919999999999997
1.61840200000000012
2.11339999999999995
1.85899999999999999
2.29280000000000017
1.08499999999999996
1.30220000000000002
1.93579999999999997
1.50479999999999992
2.31939999999999991
2.22980000000000000
1.38739999999999997
2.25000000000000000
1.98900000000000010
0.88639999999999985
1.61460000000000004
1.44560000000000000
1.21580000000000021
0.82660000000000000
1.65040000000000009
2.22619999999999996
1.45960000000000001
1.58360000000000012
1.51800000000000002
1.22580000000000000
1.61959999999999971
0.94539999999999991
2.15979999999999972
1.80499999999999972
1.19840000000000013
2.94580199999999959
1.26360000000000006
2.23240199999999955
2.53860000000000019
1.05620000000000003
1.35680000000000023
2.36600000000000010
1.87680000000000002
0.90719999999999990
0.74980000000000002
1.44920000000000004
1.30920000000000014
2.64239999999999986
1.80559999999999965
2.42919999999999980
1.78020000000000000
1.57399999999999984
2.44760000000000000
1.53480000000000016
1.22960000000000003
2.15839999999999987
1.73879999999999990
1.77720000000000011
1.06299999999999994
1.15980000000000016
1.78159999999999985
2.02039999999999997
2.05099999999999971
2.01060000000000016
2.13839999999999986
2.42140000000000022
1.22279999999999989
2.20080000000000009
1.13559999999999994
1.23859999999999992
0.55020000000000002
2.54340000000000055
0.85880000000000012
1.20999999999999996
1.48380000000000001
1.58420000000000005
1.54639999999999977
2.50320000000000009
1.28239999999999976
2.58080000000000043
1.58620000000000028
1.89000199999999974
1.42939999999999978
2.53140000000000009
1.49940000000000007
1.52000000000000002
1.56479999999999997
2.44060399999999955
0.84239999999999993
1.58060000000000000
1.43880000000000008
0.93520000000000003
2.52020000000000000
1.73599999999999999
1.46559999999999979
1.09599999999999986
1.04620000000000002
2.17400000000000038
1.06359999999999988
1.40900000000000003
1.20900000000000007
1.07740000000000014
1.92280200000000012
1.21520000000000006
1.19659999999999989
0.79279999999999995
0.68160000000000009
1.08740000000000014
1.79859999999999998
0.95539999999999980
1.38139999999999996
1.82319999999999993
1.98459999999999970
0.92120000000000002
1.64139999999999975
1.12700000000000022
1.83320000000000016
1.31980000000000008
1.39659999999999984
0.67759999999999998
1.61000000000000010
0.66039999999999999
1.50460000000000038
1.21639999999999993
1.18379999999999996
0.71880000000000011
1.14520000000000000
1.09659999999999980
3.28680400000000006
1.27420000000000000
1.93980199999999980
1.81079999999999997
0.99719999999999998
1.24959799999999999
0.78939999999999999
1.46340000000000003
1.15159999999999996
2.36960000000000015
1.24419999999999997
1.82400199999999968
1.16599999999999993
1.18900000000000006
1.39959999999999996
1.25700000000000012
2.24239999999999995
1.27059999999999995
1.09379999999999988
1.84219999999999962
