0.0000000000000000
10.0000000000000000
10.0000000000000000
10.0000000000000000
10.0000000000000000
10.0000000000000000
10.0000000000000000
10.0000000000000000
10.0000000000000000
10.0000000000000000
10.0000000000000000
10.0000000000000000
10.0000000000000000
10.0000000000000000
10.0000000000000000
10.0000000000000000
10.0000000000000000
10.0000000000000000
10.0000000000000000
10.0000000000000000
10.0000000000000000
10.0000000000000000
10.0000000000000000
10.0000000000000000
10.0000000000000000
10.0000000000000000
10.0000000000000000
10.0000000000000000
10.0000000000000000
10.0000000000000000
10.0000000000000000
12.0095490856490983
12.6137157191898872
13.2188276788207197
13.7480809281888501
14.1527735394431531
14.2813786991879894
14.2679549934248406
14.7082114351317834
15.3656089983778905
15.6313686175455082
15.5436436071282778
15.6657648200486825
16.1290411073942614
16.3622273178688964
16.5450844308855451
16.6262797480784386
16.1412546382895741
16.3707098595077944
16.2538699469151204
15.9537029360833760
15.7779072267421263
15.6949546235081723
15.5484906789772950
15.4640109464401156
15.4122987565983198
15.1768907350044717
15.2420110148172032
15.6720649718794292
15.9265979515326563
12.7121382482030754
20.3068623181334083
20.0355946932310118
20.1390607254004124
20.3799805771821028
20.4260579438436238
20.1367584264039223
20.6832720407790802
21.7908997270128069
22.3411451224572062
22.4682125822424652
22.5183942727092763
22.9886778991731120
23.4691106281204789
23.5933863460007736
23.7323206860943223
23.4694076971468135
23.4510308826254565
23.0638537261946723
22.8842220800018694
22.3862353577807340
22.1585337822904194
21.9584985256311427
21.6933950629405743
21.4322544479232953
21.2810777288621935
21.4118327969661806
21.9904330522890596
22.3771040207308474
22.7909091215704471
17.1799347794300594
27.7272661413778643
27.3414687873023752
26.7578585851792283
26.4510078926370227
26.1668732773118862
26.4514803046547549
27.8097612279638966
28.9489514809180157
29.5316933645740676
29.6019859933555054
29.9600454170162749
30.3017742002658004
30.8119040835333422
30.9412565305043259
31.0825138251155693
30.6188510552764406
30.1370296789582035
29.6100683421402451
29.1051386773127518
28.8564010079429529
28.2651161321695845
27.8645694423461592
27.3656880793733635
27.0799812080957345
27.5026349933053815
28.1005570147582873
28.6126360183932142
29.1753608167541465
29.7115886427962863
22.3218128436903243
33.5759204621839800
34.3053966495970215
33.4262280300025694
32.8361127237031312
32.0306231595006565
32.8315119575723315
34.5241015196962167
36.1279655410219647
36.8017455033748320
37.0756650456685719
37.4826693284354633
37.8860684456007561
38.3191880274934817
38.4642967559272080
37.9838460375392728
37.1364552586566177
36.6339444109181827
35.9010925719597580
35.2813567173976281
34.6458883970588332
33.8512943228140060
33.2518675255934895
32.9805488524009576
33.0687764310880183
33.6262796981389940
34.5903776472880153
35.3373927769192875
36.1529536553163737
36.7540613738244133
28.7698269798800403
39.4408032441884302
40.9237764948731950
39.2342102663784402
37.8402946386899330
37.8912998325424724
40.0636225785447806
41.8972920228873136
43.3297550018465927
44.1610633294821611
45.1618496100056106
45.3188929399901639
45.4554383717022290
45.1148020120677558
45.0613126957717611
44.5401024748704373
43.7199234793343052
42.5218778442498930
41.2788322904653882
40.2762731505367029
39.7442249100627976
39.2232647881913081
38.5578103418560119
38.6176474599744708
39.2021399393347778
40.2588073963441531
41.2086316363268850
42.2684763486927721
42.7289856499156429
43.5516806288439540
36.3718022411364430
47.2609565842212263
45.6514732776674776
42.8086861722831600
42.5785670784169383
44.3580011135473811
46.9388297048378575
48.6200673742982161
48.9411685101686800
50.2287797095209356
53.5512812067266566
53.7516052886999702
52.4334159038449172
52.0645221938213325
51.6768790376246017
51.0111277646141588
49.7207898717607719
47.7140407305508774
45.1317265123451108
44.4669396099852037
44.5646610478108585
44.0414698428113880
43.6124958373672840
44.3413335946986038
45.4709592460116880
47.1411846598994444
47.9697351675022503
47.8483551372112785
48.0654639129637360
49.5691986184529227
42.4269900053903157
52.8869921447321616
50.1389460293532352
49.0665163756686695
49.4328095847680729
52.3618477149504997
54.4127820304527745
54.6454372566716913
52.6139365891991275
56.6432990791584459
59.3754178134683102
59.6478950167800903
59.2730558722884382
59.2193794278753245
58.5457622877917032
57.5636423809988713
55.7516498767550388
52.7740579822319376
50.2606866826826817
50.2379858513975179
48.9404711026682406
48.0845242667598285
48.6164460247512267
50.7314330472965764
52.4936320885432508
54.1769331154555687
53.8755630323401675
52.9776682138278332
54.3532200797492706
55.2363036385600878
46.7409596687700954
59.8897481272655341
57.9586601951092319
56.6515594257922288
58.9320049970231636
61.1228860196710784
61.1527302319012875
58.9022405241959603
60.0919579768703187
62.3736183543534537
63.2547480291933084
63.9985228577633407
64.6113913000610864
65.1795847879022290
64.6160866167510619
63.8505429347732019
61.0419220296914560
58.5692709216927270
58.1650397474988594
56.6051684031511755
54.9753632641014320
54.8668307490654925
55.3936752334696365
57.4291702290685464
59.2049953442680490
59.6193943651362588
58.9045136068655850
59.6792574187146911
61.0021640402752965
61.0471664718404270
52.8751036766442155
68.4782488050061318
67.4239131412814032
66.5947955559409479
67.6035182466135325
68.2059247012815888
67.6528010975805500
67.0909901892505616
67.1837393834057934
67.6342333163048295
67.8034059488117435
68.3381128170753414
68.8609254180390025
68.9285920241646579
69.1549957891157590
68.3016156927632920
66.8074688962325069
66.3224268021099022
65.2958567768337161
63.7851549766167452
63.3447584880346142
63.9221478897961433
63.9337362626264110
64.7566240853971777
64.3922435074341593
64.1646164236886563
64.6116981337613367
65.9532106418616308
66.3674592710085705
66.9003927755001655
61.3299911165833151
75.8755148911632205
75.9703058386194670
74.2492618578703087
74.5356001358775586
75.5070059533146747
76.0363283561412118
75.3222446006360826
74.6748290389543001
74.3936543349432782
73.5156347847686504
72.8355130502866643
71.8744670439016033
71.8161033324713713
72.2043626036640234
72.6233558342116083
73.2034476624476156
72.8635732248640124
72.7979694840076093
72.5213918241576465
71.9581110800088339
72.9780129803058344
72.0641444718938686
71.9819282743099649
71.1846412660829913
70.1881965337326648
70.2209258208000762
70.7075247732047103
71.3664303333448657
72.5886762158547469
68.9094518049192288
81.5289826722407014
82.3964194447585498
81.9818566869872427
82.5153405758071017
83.0143983150010598
82.9740681375835720
82.4345838646508184
81.9704905347395396
81.5420139036840368
79.7050034631384676
77.4264265309793274
75.6127830858476386
74.8377599359734091
75.1444752323279914
76.1535369484105473
77.5669125513982607
79.3162202081201144
80.4638882487953992
80.8479188975059628
81.1870635590802294
81.2274227705025282
80.1940741816370064
79.6875818004018015
77.8456823328020562
76.6672418125508699
75.5921162820466179
76.2340052208101326
76.7110846063173142
77.7514042786522737
72.8440075400465190
87.9539216435065185
88.0025709825549995
87.6578303999472723
88.6281453948283229
90.2235350724771337
90.7278891575123794
89.8231151545356425
88.3946685218236325
87.1719916545690126
86.6280988856876490
83.9081689851563084
80.7828092181737105
78.7025681775518251
78.9957644144840856
80.3983001952954055
83.1986584879680890
84.9712876269141333
86.4488861278509262
87.8632826449051834
90.3185404671601617
89.4735245466934543
87.5919150286378283
86.1280879187059156
85.3448609884433012
84.2799981447796256
82.9253425319151773
81.8727001031674320
81.3400199091054787
83.1471577446009178
75.2090122067405815
93.4190983361022518
93.1357810977116003
93.1568169734319298
95.6858013869401134
98.0052725309017774
97.7568795743676162
95.9416105845961340
93.2072239469545991
93.5602565088129268
94.2992820855205309
90.1537479193147391
86.5821410250399168
85.8623749409822636
86.0044245088002697
87.0710208493189839
89.2520158201579790
89.1116001839073988
89.4257603150185219
94.6652988459623828
96.6330576558426344
96.1100239387460960
94.6064675413934992
93.5333404204387620
93.0631151776276795
92.8935413143598225
90.8693247959314192
87.2708732274746524
86.6568026893245786
89.2369846881302493
72.0376745981535294
98.6729636149683955
99.7766755878883203
102.0312926383296031
104.5811700140327218
105.6255781416601423
103.8605215091063201
99.0542522119347666
97.1830882469119217
100.6628760427858111
100.7365322881993137
98.1352864164307448
95.3750429863361973
94.9517993926987458
94.6984253243579559
95.6555838984133402
94.6663089976046024
92.0754862150862152
94.7678065543199466
97.6487870618210110
98.4460386637882721
99.7737052022680189
100.7085598065213787
101.6405146018642114
101.2450016223032208
99.9786073050586879
97.2421706099080012
95.4186206978793905
95.5227188752648857
94.9680958527269183
68.1420283095573893
107.6859949554649347
110.8100645650260390
111.7298021940267745
112.4880591834881187
111.4340901604475391
108.3151566450686971
104.7524872490208736
105.6084782832540725
106.4036042793356671
106.4876432202490975
106.3183708899907458
105.3222954945032086
104.9575328493309314
103.5710593528616101
103.0972869930181162
100.8302236638231477
99.3952924023286357
99.2655211674844224
99.2407454856432452
99.4114140867330605
102.3364143150030969
104.9721326174619094
107.3542308208403711
108.1566948945799709
106.3914202800709745
104.4902797000967496
104.5806108147872635
103.9787633001323854
101.8334364585459895
69.6159268433276281
120.2950341336012201
123.3342636285651395
120.9859115213530742
118.8853581389664384
116.7160846575459914
115.7100271154801305
113.7657511739425189
113.1116072208458689
112.4438874316777515
113.7030443844710561
114.3797154288386082
114.2847277646244777
113.2527704081506954
111.9805701936094664
110.4375361409502432
108.5289164977107959
106.5882050497572777
104.6738003367502188
102.4991126289884136
103.1042767001054727
104.9123577370302058
106.9949479243947792
110.1463547424152694
112.1308915449976951
113.3245911850640653
114.0614400629827969
113.2990495166831408
112.1872917141907919
111.7489662962533714
76.9435100067114774
131.2025585311330929
134.9028530417335219
131.4179788751443141
127.7941826416080602
125.1865775583899278
122.9699370379200616
121.7262871286049233
120.1736987569966857
120.5677385479375658
122.3958228165405870
122.2088386825511463
122.1948023306429150
121.6298291802822575
120.0531145092580232
118.0550815321042251
116.0918888586454898
113.9138637961194291
111.1046863833122131
109.2905421510767212
108.1071719771749287
108.4541383503946292
109.5321183007104935
112.0345212428313602
115.8376417257668294
118.7169693260902648
120.9738951920902252
121.2541699284583672
122.0673065042739296
121.1049976982865815
89.1918720504635019
139.0331377449393244
144.0728794839753846
139.5866914153469907
134.8414610369773925
132.2164160479805730
130.8624529848687814
129.8444081000455981
129.0038594375618004
128.3331162031673784
129.6840555881954060
130.0861870607836863
128.6185224559840208
128.2886107763585244
127.0887595583961911
126.1160237929216379
124.8495121440756179
122.1094371163956538
120.0033092402736798
117.5019378893605051
116.4612964938628181
114.6843627259061265
114.5147159878506500
115.7862931019582788
118.6792801076281165
122.1543252191945186
126.0905608900052357
128.9226487310298239
130.2493775621205145
131.1157167650077895
105.7407499760580549
146.7413114503814313
146.9915608264655020
141.1348338546867467
139.0796436983152944
139.6445402651029895
139.4567097493428776
138.8975940945564673
136.8991282033457537
136.7089402561891802
138.8197718348271792
136.3999715637932582
133.9322536845723164
134.2280248858672849
136.5754893875051721
135.3696546314785110
133.9867633854485121
130.6245354891958641
127.0263907965540824
128.0499349800796836
127.2716131991967501
124.0363827646284847
121.9165040821766297
121.4643982317861202
123.5531428027381509
126.9414271818277200
130.7164649319637419
132.9391471375594165
135.1825024909042270
140.1821870574532056
118.8192714133081438
151.2928310619935814
149.4419318978345643
146.9950141181380729
145.9831385048839820
148.2330072134389525
147.3058234908854160
144.6024039900032960
141.7031444116562398
145.4942251916849898
146.8840874988902669
142.1890773872096361
140.2969157243151983
142.7085973940835686
144.8290826770978583
145.1194752405465920
142.8488770174863021
137.3092577070922857
134.7850705990650226
137.6695924076024369
136.6321554209173712
133.3929898930507818
131.4615678445496769
131.2053014633384009
131.5465076869137704
134.0702226782818798
134.0342916761949823
134.7569210003642297
140.2325898277857164
145.9038968591480057
126.2184898912065592
155.7282475346221986
156.5965062768418079
154.2472417261820397
154.3868666933163922
155.1991312089594715
153.5942630099697794
147.8697125298619994
149.1317744458828543
152.4192942563200859
152.3145310116918836
150.3023279574086928
149.5108083512696453
151.6777091501313350
154.2220946461766857
154.0779778214977114
149.9356244814578076
144.9799865810641961
145.6054416602312926
144.9700547602478764
143.9982635750108670
142.8503109794897341
142.1364169150575947
140.7174339582603864
139.8786113552634163
139.6587445756445618
137.3120021274226588
140.4218205729656859
144.6595422679478133
148.2870287138342746
128.1443806292179772
164.3081097058853288
164.7038824836843389
160.9725837735671234
160.7946488140244128
160.6371998791228748
158.0490431596200551
156.4744659574673733
156.6389148778229128
157.9902009458294856
159.0173289483890926
158.7122299372138059
159.0106317265956193
159.9763176626303220
161.1560080605127041
159.7422012306253123
157.1719360837936961
156.1425775522467063
153.3876936862049547
150.7932307766139104
150.0903886618535239
150.3559413844017172
151.1796998417480040
149.8069361581821681
147.4140341160434104
145.6926324037524410
145.4318925267544387
147.3038239240109704
148.6632457380842709
150.3052124545554591
129.2493833758315986
172.9037453598337777
172.5675801581249402
168.1426739517478950
165.6672490035650753
166.4831434312387728
165.1968877801226654
163.3770930579456149
161.3578488459348250
164.1545203638080750
165.9311728739463376
166.8226193700259898
166.7467795397935504
164.8424579486159871
166.1861551280135529
166.6603339842362743
165.0282928506172198
163.7449797397395628
160.5731880254702162
156.3920115807934508
156.4552537457186645
156.3317154333973917
156.1784094820912685
155.8291188873806732
154.5302864171406441
153.9641087053620367
154.1859302186917944
153.1655026476356056
153.9023648280233374
155.4380600894541828
130.1712259214099845
178.7431814598429582
179.0351960523301500
173.4781612716972745
172.2936460167932182
172.8063068770113091
171.0021307387301022
170.7191867841078476
170.2248265958316154
171.1276890153269221
174.5159662354545844
175.3432887209108060
174.8297929125131986
172.8530079725395865
172.3128074731124570
172.2930499695592346
172.0797882411024489
169.6527098706894492
166.2695375570849876
163.3483763147617651
160.4314534237601606
160.4336664442219842
161.2934644525796273
162.3322850405049564
161.5937667066522749
161.0934066597728531
161.6938656363766995
161.3225746733703829
161.2829359456134739
161.3951900658252896
132.8574359979191684
185.4361524256825646
183.7648959812456155
179.2184931211834851
177.0483854126011352
178.1481849430227271
179.1022632198828717
179.2744079564317587
177.5534123667573567
178.0420199516312607
182.1016985592214326
181.0259812010127689
180.1576264210931981
179.0319305197785980
176.9170568605146059
176.6382520029328873
175.2433546134880089
174.7501008334369601
171.2946683887834638
168.6936979472319251
167.6756209877996184
165.9784021969065293
164.4802699536859905
166.0230281511543637
168.6586933778101525
170.2514749640168645
168.8228467516703120
168.8445560402145986
167.6646106559340410
168.1928825259165592
139.0193890607965557
191.5823136363539732
186.1645176006027214
181.2746645829713259
183.4541272751854706
185.6159745218113244
186.4782863460753219
185.2582891442374944
182.7195481459053781
186.0954645732801112
189.4705379141507251
186.4395458677971646
182.7987071746557319
182.7993913025491679
182.2881073530778622
181.6758489910496621
180.2096825747303228
176.3896579611558479
172.7664636963432088
176.2938973960067415
173.9455590321671536
169.8804629332127263
169.4624756896234885
172.3831621326087316
175.9364112380597192
178.3590591222686896
178.2711545505740958
173.8796303143793978
174.4261022756945749
176.7127504804530815
144.7847229136114322
192.9371070492823890
191.6653957287435333
190.1352480344831690
190.6447041995947131
193.1550354625943555
193.5799395423429985
189.5366885736862059
188.6496331084863129
194.9028909274212822
194.7667599302331496
190.5644387505751922
188.9876076407999790
189.0293958361809246
188.4597944487531436
185.6379014391726798
183.0133895046218981
176.6177559426806738
177.3173631703791955
180.8588470353285231
178.9490739703402369
176.6572936405544567
176.9521400930862569
179.4855690859355377
184.2552882950951982
185.7103800895720553
181.8845875350470749
179.6253823295288612
182.2925877666576184
181.8793938572984246
148.6571191377255161
198.5216243844170947
200.2215153929091684
198.1997053021638067
198.8602443050240538
200.6137894777021984
199.8287401543353781
195.2274886654819284
197.8868911487057289
199.3464415564132537
199.6630427362273394
196.7075556040070410
194.6973200822160095
194.8147923209004659
194.5098872458308961
190.7790793013583936
185.0976160123475438
181.2332019727575982
181.5233896591439020
182.3255025630215584
183.8136030971305956
185.9696101057419071
186.6273079034060061
187.7034889967859499
189.7348405853279587
190.3634118603030174
187.7571104593847622
188.8162228166439149
189.3309133736924821
186.4822383681294014
146.3998290316131090
206.1380859203090665
210.6719400788381904
206.8666229101902729
206.6682801353446735
205.7090229929493717
206.6582386621850276
203.8847528060166496
202.7455915924545025
204.3758368993796921
204.3278862051806186
201.9126494543649244
200.4403690943229606
198.2865099297982852
197.8711921219795613
194.5657115922064975
190.6824914044160550
187.0175557739720489
185.8431698352385411
185.5694377210222967
190.7138667916503891
193.8450251828134583
195.5478631895610988
195.3072630855327816
194.7775833627094926
194.5533756584088110
195.6593948479007565
194.3762324197619762
192.6275883874531587
193.1608443174615104
166.3052518668846460
-131.8823392478286678
56.7750440764760498
19.3308696099203985
27.2068619243346177
31.1461733780563748
37.1977444752182009
45.0363422113707372
45.5147115985595860
39.3709822545879149
41.0391963614389539
50.2222281055268951
60.8819036601703232
66.6606775344105387
62.2294268728004312
56.3797059068088515
55.8447443522689042
56.4659953293302834
51.1383331913996813
37.0653486251255231
30.8571471594092230
27.1609843541724842
25.6205128328072931
23.0057820264517829
24.4018512841686288
29.7579634055933440
32.6960089503945426
35.7613955719877765
34.4750939869345387
30.5145682737341701
-37.2184326242588668
-21.5793084723684103
0.4944542483780481
11.7637303641297422
14.3529982479557816
15.2624719843553578
14.3119525472867224
15.1711724209563954
19.5881863779413834
21.3632616139794322
15.4253049927290817
8.0277023949989825
8.3261623171248118
15.4298634774674213
19.4359815041531476
21.1892310135343109
19.8958236099536236
19.9192498181470228
23.5162711815952292
31.3909260063708473
37.9733644593224824
37.0871257861784898
29.4547580597208025
24.7474761004977779
26.2913234054280167
29.6486483747930833
31.3970598931864799
31.8499235302666932
32.8065659287928355
35.9922718657844598
33.4694561596888036
30.8009414739188401
29.4436068528885357
28.9177091823826373
29.8459987117704344
29.0333397883808431
29.7695922672163960
32.5815817067445295
37.5505114069335946
39.5620508077332147
38.0583988807802314
37.8040488514599815
43.1858173946592103
45.1252341410633875
45.0819359372436992
43.5535715869657167
38.8316983246818666
37.4060999150582916
40.7233366232367757
47.9972033936941500
51.0528798057267608
45.3668319415674404
39.4749882011911097
37.9814547871745276
38.8258089096702861
39.8190386931590439
39.8126132566284952
40.1509508353713898
43.1570613142268371
50.2070670450519287
48.3989077592895569
43.8184451867086580
42.5111208105784186
40.8035970414085796
40.1967802377445196
38.6030260697629899
39.0562250845977275
40.0286123868023935
40.2679966527439177
42.0587285190990201
41.7108476252228257
43.7800448290010138
46.5225065382950334
49.1029985870327863
48.4616669147388990
45.0958295836421996
42.4167586102558261
42.4622324865765961
45.9932063620299942
49.7119790043699936
50.2813349623875183
45.7436696754386105
42.6706173899889336
42.2517792506607748
41.2340390313070486
40.0181447886575370
39.8898371889093681
43.4615450818829459
48.9285432813854015
53.6280151774032845
44.1404627714163524
47.2174364571264960
48.9307349243005660
49.8418769799062318
49.6070248744557887
48.2614595121291785
46.2064646559209109
43.6632779769409893
42.1820671018526809
41.2575763359376992
42.8860502459301216
45.9709787866265742
49.8463181182247297
51.1098434799657753
49.0663041983721371
47.1934451342103216
46.0907508312721603
46.1816655597260279
47.8196453340012653
48.3189805816329425
48.4678062361674051
48.1602743383994891
47.7404015359753942
46.5647938087952582
44.6095902857456394
44.5694368592575785
46.0779334577722892
49.3265932155828182
52.3695601793459389
53.7130385799597718
35.9737713650887940
49.2133367838285665
56.0814516855850798
59.3711862069694405
59.6271170041020042
57.7435057220335892
54.9770502528223233
51.2934573735762314
46.8473469659917612
46.7910766881158224
49.9622150265940235
54.0443685358308414
56.4132619095442891
55.9920284928705314
53.4525521757740307
52.4786757240644590
51.4724403965946635
51.4228895038699250
51.1853534637575365
52.2751997055617892
53.0897669238533325
53.2605295529828453
53.6267038131454967
53.8266319794030323
54.3767354312410305
55.2278838551822275
56.4555430433879053
56.9206006666686619
56.2339936928922981
55.7967070507502285
50.4255524749957402
65.1995717172821969
68.4766110711674969
68.6870391804562104
66.9982923963843291
65.6434988753715771
64.3364718450534099
62.6937800235355382
61.3842208537991638
64.7723561075518148
68.9238996362144150
70.6339975774570661
69.8978159047449310
65.1486121495753991
61.5365542945187656
59.4236783348708428
60.2799818746744904
60.9422657283945171
60.6618726401583785
60.9202331148005669
60.8928187602097779
61.8713750464215053
65.4345795062054663
67.2845029116484454
66.0325372193307629
65.4864338217308841
63.6580641656071009
62.6056471567149515
62.2479296332155343
60.9262320758246148
75.2831825332894624
80.5904044626276175
78.9729453508878692
75.9823042264926585
73.6307137612321014
73.1540778105842406
72.5975722822442293
72.3488963166941659
73.7787953567417958
77.4269465249735589
82.2181834144598582
84.7145986136752924
80.3065475006797413
75.1128972762889902
72.3884080243104222
72.3402783855819962
71.8338793916595648
70.6530399052017799
66.8541383884363114
62.9904075201588540
61.6370199597092778
66.4687972326006360
73.2735897573937081
75.3194700382444466
74.0144970703500320
72.6146966351441563
71.9205417146562098
72.5881287035568619
70.7095543099811721
66.8672276750404677
89.9116164139113607
90.5380375730674274
87.8902194385700994
83.3393141087715748
80.8560656463456837
80.7745445045808879
81.1975154253849354
81.0820883534929635
80.4308842724816770
81.5910760799846457
87.2406681945677320
87.5819422224905679
85.1544545382705849
85.4279141275265772
85.5243104992192826
85.8489737280687564
84.5285525395380830
80.9867385206138977
75.2286366522720442
70.7147596002620276
71.0590457875125594
76.2760366033012360
80.1448122938219143
78.4889601140656481
78.1315136924837645
80.0342904137170166
84.2428639727367852
87.6699162291159837
83.3975983966719525
77.6831095367886917
103.1363268140763978
102.1705812342127615
98.7861293570448709
94.1994781989603780
92.6136538481135290
91.6837517678531384
90.4536725813450744
90.7614307781342688
89.1343083258303182
91.1041427129420356
89.7856472769919662
87.5812761949684528
89.4247382781591966
93.3019345718238924
95.7526386657605997
95.3919744273456160
93.9350948590317785
91.2699067798548782
89.0770709704518140
87.7530250738465583
89.1264272498897014
90.4948068754310668
85.4188537724225085
81.2720458679713289
81.2020905398977391
86.9002656554497435
92.7890962611847385
92.7343465205680531
90.9747742642566095
89.6060284401975906
118.4022125820443279
116.0325337017385152
112.2287055429539180
107.2999792950558060
102.9710946117209716
100.6897216672791160
98.2689481318958826
99.0654955616298167
101.7036118468047050
101.9898355839667090
99.6479977810226671
94.8637011016176785
96.3080343017573597
98.0278899883842314
96.9311053537018381
99.1959848692286243
100.9836392965825524
101.6746194086390318
103.5837942625157382
104.9650044542559897
102.6016863823306977
98.3987705431498227
92.0208809685394158
91.3016451403187261
92.5534322610866695
95.0801434990586500
97.5323145465227554
97.5169982913407978
99.6312023957747925
102.3616286216845310
136.8539379842076755
132.9662264473585083
125.7053801712102938
119.5355673392690790
112.2747904674868806
109.3503349140124641
109.3958604899186184
112.5479800668105099
114.2894793068295058
115.8153894963744932
113.9751551057934194
109.8769573017575141
105.0250745054398749
100.6189313078186132
98.9615247075058875
103.1490756511840061
110.0259198372862954
115.9563478158115544
118.0755826120464747
117.3724043564020150
113.6586456794516948
109.9075896444320364
105.5638675205406116
105.8459908661378535
107.8961694874748503
107.7413038993949215
107.0842354132957297
107.8264182703668723
108.8197175782954389
115.2995495925331682
148.8547073604734123
141.3712472755006502
133.0743032644889752
125.4249649894769476
122.0432073355192415
118.5756321299217291
119.5001886802239426
121.8289642029473185
122.4015413905105305
125.4093364800042849
125.7009073165431090
119.5175816652976266
111.5826767280891403
105.7030586792019307
104.5071519114366936
111.2596460416850164
117.2792520037905319
119.8861976527555839
121.7537780323276166
124.2985175339942998
125.5366810610563846
123.5670331688515660
122.8154048117339698
123.4056049657913121
124.5761373189113499
122.4049978026781247
118.1140796866663436
116.8717753218342637
119.6031840248751479
127.6839182238623209
157.1223262735235267
151.6833787754048330
144.7739174130332742
137.2582863123305970
130.6161607145533026
129.0489184868728785
128.7936271327116060
126.8561732556189412
128.2157789370675118
131.8383339090517836
132.7498908028358926
128.2676956927326160
120.4869797839731831
116.1902089157264868
115.6794587123952596
120.0685759624326607
120.1757474489834578
119.7891985982728045
122.4756596867828478
130.8823156083996366
133.9598467974792584
136.1943030608101139
139.0261765112545049
140.7796932382236719
139.1170491479817315
133.9126366763391900
130.1759145985900545
127.4264188551157844
131.7937736871959373
137.0667459103591739
165.1116565949585322
161.2887507392539135
155.8924464939137806
148.4998978392867457
142.4078249110644379
139.6138238387097203
137.2802167343226643
136.1425290112438233
135.0250940532917809
136.9896845503406553
137.2778911114114067
134.5194036452253101
134.0972586925678343
131.9038409534602749
129.3652299156885022
127.5106690350950771
128.5873877611313105
125.1863157796597648
129.6900618576177919
131.3633367287691271
137.6377290931860387
143.0329198325976279
148.5600256376091863
151.7762437139402891
148.3136349601485904
144.1287391427912894
141.2294697722406056
141.7561853015604640
142.7750314759962862
142.8454286668475106
164.3608952406136154
164.4948672346735634
160.1101563752082484
156.9126214057961306
153.3480061786560498
150.6792665713908832
150.2339884478313365
148.8227801533211618
143.5389746072961543
140.4191517753639857
142.7244585212488346
144.8232141886835223
144.0288577559944656
142.0648214905906457
139.9276867181470720
137.4301497417463906
137.2621743983562510
137.0240927626840062
135.7741396650647232
134.5391393673231448
139.2299619744689210
146.2697331152930644
152.0797493658984649
154.0287902981897901
154.3165526828216230
151.0305087127136687
153.7914346238293888
151.9965186605833196
153.7516767721062365
149.6547822406455452
171.3062604136494542
172.4217467686385135
170.0173432417227559
166.8454508075407716
163.0061696736486283
161.9162092814535470
161.2965621599560109
159.0993703930031700
156.2601673414702361
154.5392513267921117
154.8167127863564474
156.8246479946639909
152.6580588613226723
149.5334725739736541
147.5366700516507308
146.5478371789448886
145.4863725789520572
144.8315920271795108
140.3942413228626833
140.3389094814546070
144.2059920591125035
146.0365111540829162
152.8049997481592470
155.3638970839443800
158.1920800389769965
160.3385589136409806
163.7694031045234624
163.8375455456115617
162.1368220059586065
156.6408543797788866
185.5951388464190472
185.3984620862596557
182.5092048124235475
177.4018012893631635
172.7991519468429260
171.0522994027173809
169.9119215821999092
170.5044145637011184
169.1983643937539341
166.0692793050091041
166.7535815933202912
164.2007384990884589
160.1413932625468703
157.4480749726523641
156.2103207819354509
153.8191620904096624
151.7123066397123807
150.5751445158020658
150.3547088879096236
147.7847568000752858
148.8126388211715323
151.4311352986963470
152.5053223183880391
155.1764132851232603
161.6073900528284071
167.1220590777774078
168.5679032573107747
173.3177864328795579
173.9986652513648551
169.9620207626195167
197.2372131194383371
195.3907150330519471
191.1813562834960010
182.3889071553090275
177.8088426725948352
175.6942873941563903
176.7587463886843580
178.5992349331842775
179.9141897481308092
178.4244507278807532
174.6987725823510402
168.7446817329214355
164.2926318346811740
160.9476574630227788
161.6176477536592131
159.6957849243864302
158.2756048830846680
156.2430233015988676
155.7835585096206898
156.7836825882030212
156.8294907161484844
153.8252889203961047
152.6862733484992987
156.5732145353920544
159.3796634686534048
168.1439481611582778
174.2552962430838193
178.8712200487302653
184.4852612258505360
182.1057774714875848
205.1438809720423819
201.5895950112943922
194.6455424779078669
186.6870384896550945
185.0886207714767124
182.0433255871906510
184.9951322432143002
184.6344679323729565
184.7987136942502957
183.8866694758052063
181.8525293816117028
172.9995484761196280
168.2074891806392714
165.0741942334545911
163.4483586904363221
163.9177781115503478
164.3971610800510064
163.1590470291023962
163.2671517301030519
164.7127466658688490
163.7940429351968987
161.1750762375730233
158.3887373813722093
157.8149851297170585
157.7153588061974858
165.1634497200564340
171.0623590006580628
176.0194274035377475
182.2747434271674933
190.8660503934113990
204.6875295883031072
206.7217493082413000
202.6565134995277049
195.3062318865810880
190.1183938643285956
188.6332152073972566
186.1028186199320089
183.2627032870866799
185.1296450865769430
189.5131869662101280
186.0025035694196163
178.9230792469443259
171.0516982058136364
167.4937339463518811
169.3061116482119814
169.8251249933335885
167.6789206380316841
166.1674405139005160
167.2184114186381976
169.8047793759257331
168.5903771518636631
166.4725495638340647
161.7605602732923558
160.8970991661460630
158.7804454505048000
157.6459747681437022
158.7502309544940431
164.5731045339571779
174.3023430738038826
183.1709636873071645
191.2653551058577932
204.3305905451113347
202.5369967209033462
196.2176355575664388
191.4244936536128421
188.8839071441297790
184.3538027099388330
179.7784019325886220
178.9369887825474734
182.1490782411515568
181.4743972179405489
177.8167902669168825
172.1682259857830957
169.8529585871346512
168.9692685845856772
169.4165250509905150
167.0497720628840739
165.4740738048093931
165.4426129994410530
165.6348653361526146
166.9006396534918508
165.6117008486451141
163.6838313393070052
161.7085630882225757
157.9291461459535810
155.2362234835129584
154.3082156160356817
157.5279129571903809
163.1352155969222508
168.8272891812793830
175.2455031360360920
197.1925960056632334
197.6275710075504151
193.7420553955857656
191.0043004304077385
186.6213278885640534
183.9229620954027666
177.2927614078244574
174.6841383626158404
177.3273664359002453
179.5666834814985293
176.7615574902062008
174.0878722966280066
172.5809343875933450
171.3457833148225973
171.3472680444995717
171.0837311995532843
168.7337248088653325
166.7739458272766910
166.1862659913450102
166.8197476770160392
167.4706529579504206
165.2663157571116130
164.0110005668068993
161.0757780343958814
157.7310522341795718
155.8353572965803835
157.5357016711328129
160.7380690029227424
165.2973904977040434
168.8969413806964042
196.6100148573764841
196.8076132866731598
192.8486466950379281
189.7361186837253513
188.1324440823972566
184.1578348117638768
178.3667590210912977
175.7109973959605327
178.7683397764719473
182.2380929190476309
181.0606865704829431
177.4438159588790427
176.7507784948662959
175.3592154657973197
175.5099427245412755
176.9255364342054690
174.9327894350291217
171.4058388016232186
170.1111083614868846
169.2321142898270523
168.5784469618649553
168.4466792407254161
166.7216950945601752
166.3158380941641781
164.0199040281008251
162.2485739528567592
161.9215824274606348
163.6638258932907775
165.5727123279250463
168.1811803823429159
197.8035977273079880
195.6751986153202836
191.2752827838516509
188.6827637786680043
188.4624432310937152
184.6457240695371240
181.0652191751065629
179.5546464397457100
183.6933356221907729
188.4474422389726271
186.4061526682608587
181.9339274164059361
180.0631230065831403
180.2756838040307628
180.0223374824069538
180.7564288412894768
178.2514004431666308
175.2143386647927628
173.6927488914108153
171.9572292508864280
170.3700438201148586
168.6904247987537815
170.9302740298649042
169.4085716130967683
169.9001054481880146
168.4311424296071493
167.0710397781192000
165.3924255375365249
169.1883082291655285
166.7254912964685332
199.4827378792314221
194.9860852910966287
190.2822653544308196
189.6160005780864708
189.8434077440222154
187.4925331002211806
185.4153867924303256
182.8444862035981942
189.7941496782762556
192.9064212998149230
189.4456853019958658
185.4208705478785646
183.7700736707484737
184.6403345006376924
183.7161550571837267
182.0332034762023170
179.3931004573062182
178.1297975246704652
177.9711907594034415
176.5349907787935138
172.7760036483110468
170.9321544118528777
172.8622235209371354
175.4680444027042938
177.1786631915597354
174.9057777293346021
170.6073014580366873
172.8859842533402116
174.0827763172973164
167.5545858422581205
196.4244188576110446
193.7597348876948899
189.8840217416810674
191.8548140859706450
191.7868393900664046
190.7326611549087829
186.2510553951080112
188.1809235552838402
195.4081808280356540
196.4316613991597080
191.3130720500195707
188.8256226880589281
187.9943233568823473
188.9612859319748850
187.1884882978203564
183.0628587964278040
177.9890818739300187
179.4674167662285527
182.1649520345666531
180.0552038904938286
175.6633043507238767
174.7214522557427188
177.0968114007188206
180.7962527513892894
181.7841747633134446
180.2778976382412850
175.5698207343102411
177.4601127024456844
178.9658735557958664
163.9568728123412313
197.2247750657837173
194.8989210890040908
194.2091896930153325
195.2819188462293596
196.1350155635213639
194.0443007403824254
190.4837279083027113
194.2129932245962607
198.0408444343041481
198.0274158659041177
196.0337329779738695
192.3943591472985872
192.3952000029357805
191.6759554206936400
188.2121511248680577
182.9540616915792839
178.7764888153777463
181.2066703293729688
183.0216263774110530
182.7012416609172192
181.4019799499883163
181.1584957951400554
182.8657977963314636
184.6700725829959993
185.5093348705026131
183.3831754619837966
183.5857312058408013
184.8123702028095181
182.7243060425290366
161.6238127254724475
199.9284102228807285
198.9903249593112662
197.2119441316545476
198.1232716564194050
199.6546224511896526
198.9369563114804293
197.0427331756802687
198.5536780892513491
202.0541883530195264
202.7365418156946077
197.5517039526496887
195.7178472575797059
194.6801357139959237
194.0447741133556008
190.7277921134812573
185.8380350797586686
182.1724291942207969
181.9798334552577330
184.5374355748956532
187.2099064869193796
189.1059760768104638
187.8021841402691905
188.3836851440586884
189.2132957168532528
187.9901339360275756
189.5287448580892260
189.9975119912843411
188.3210401486021794
186.7833679499487403
161.0316597390855691
203.0131668429089871
205.2162895060765493
203.4288052833412905
202.1227091809644207
204.0866148284601707
205.5408840608267269
202.4281006233375990
201.5438996246039665
205.9429739881617820
205.9537632780538843
201.9234715144146719
198.4715204782675926
196.4614650161882992
195.6336975172748112
194.3195746731969109
188.9771470657853456
186.4619749221335780
185.9879942490123312
187.2425780763122134
191.3472757523774987
194.2882063599749642
195.4849472495028522
193.7513102358122978
192.2344313202853243
193.3680161901123995
192.6150003363811720
193.9795905078662486
194.9258634597303228
192.2401568706123385
179.0008633625350569
89.8163706069767898
83.8444267614180632
88.1512164603154105
94.5921623622245704
102.0160169540130255
115.2411566100978604
119.6953306090305347
115.4453333826023140
114.5031950914974033
118.5888773425328111
125.9841933928973958
130.8902394549799055
127.5260710409710185
123.4443527857659291
122.9106820520712233
122.1006448582508455
117.9804288778035470
113.6212894977189762
112.9827380469179730
112.2209610034383616
110.2657775573015044
111.0222632733923263
111.5439358522027646
114.2567474758731976
116.8460609834020261
115.4405833133614721
113.1825378329945977
110.9025028144050253
112.0682404354855919
106.3168084802182562
66.7060816937649861
72.3386497897871834
80.6440751672707563
88.1233896421184681
95.3545987681978886
102.5189719373852455
113.0593131566798490
118.3083123399253651
116.7987430270552665
116.2206327084551560
118.9603104830275413
120.5412169348342530
119.0690970576854824
117.1048088174182880
115.9835558097535824
116.3030639032757847
115.7026548190506503
113.7445902600435943
111.7102823979693227
111.0802355783128945
111.3520904610607261
113.4737564628790665
115.0442250945849310
117.4664747552312178
117.0839510105151788
116.5709460774129695
115.1962835127746843
112.1587893606605348
110.8559704816350830
109.1075494913617945
72.9431575084978192
74.9521001403354461
85.1842081680123044
94.2470201781159744
102.6115626638126059
108.0685091914837557
114.7604191469447130
114.9996491086339603
111.1779150767722797
108.3606381629200683
109.3114895664445498
111.3699716998908968
113.0454151886694660
114.1216212741946379
112.7186519770189932
112.8267947698098510
114.1123640247459718
113.6467734958754505
113.6080262958115554
112.3504676062160286
113.5740082989527195
116.6636083514160873
119.0212892616445686
120.1226080856984311
117.7453467695105189
116.2032395172622330
114.0963767600228920
111.2934739194143958
108.9339529268066258
111.4651020987182051
80.9386241840188205
85.5828318071492333
96.9076747628503199
105.8142725782563502
106.9446517436022646
107.4941042976195007
109.1995978802689251
108.4320286320439948
102.4821758738279556
98.0598056705747467
101.9507758817481431
107.8807960648829578
113.7844066712213049
114.9682679881508989
115.6013131141588275
114.5083706260009535
117.8201481599498806
118.9142282267712574
116.0118621621580246
114.0677601455619765
116.3862385535499584
119.7717166011006782
121.2342948064135157
120.4813061165055785
119.5520909235473681
116.0084622874819331
115.5736611466315935
110.8336956535586495
104.1477551458030746
105.6442294094869965
92.5406603749526084
99.8091208833411656
109.8540053158765204
109.5618801231969712
107.6155628663674548
103.0627434535560951
104.3457374773485498
104.0789717299958710
92.9848169770513096
88.9530777136448023
95.6134859373331523
104.9104843409394618
112.2637319194655419
116.5392770367701729
118.7091375200755579
119.7436774156027752
125.9141405924737853
127.9497228233642829
119.6115576252850730
114.2903707611443735
116.9958682336724394
117.9948382587905655
118.9587538971299665
117.7673865990795434
116.4361705839339152
117.4066189910739695
117.4343830316291815
110.9452771966207365
103.7289771481327136
96.1290991145681488
92.5751089030253951
100.7447165857588374
104.9498800668681326
106.9689787184746308
101.9275005440092343
100.2282654549555332
99.6843493745440554
96.4742266712316194
83.1606577120081027
75.3912207714187588
78.5833424507789147
90.8163214899849436
102.0217497779173925
111.4142620041421026
116.3837686852008773
123.0795472739243621
128.9431151723845232
128.9627749513039987
124.1131767356257001
118.3965969150446540
112.0899139817216508
104.7450657098126214
102.9569361755785053
99.7917763538394809
102.8351037509821424
105.0036488258608642
105.7465108122502357
103.3249219147791109
101.7916418303707644
80.5042398647754851
80.8960553015667898
90.6332401157693113
96.7010724823688150
96.0308136122237954
92.8693141971139653
87.6142388306572570
85.8171587421269635
84.6179992096696907
78.3792263709519403
71.0068872295861837
65.6960412072061786
68.6575907972349029
78.5287256357325134
88.7512284513577185
95.2354401692436028
98.6063927439649035
102.7188601816249616
106.8440307728689618
109.4109280803966016
107.1597738524621519
95.7464375768557119
86.5606553638293121
78.8888896454495239
73.6623946147734188
75.1990437511377934
74.9121051678242793
80.4064859480674983
87.7402963051857512
95.8686515240864878
68.7659159188632145
74.8615106269049875
82.4579286041214914
85.2709013867525840
88.5302754219790557
87.0459947392593847
82.6735135536103627
81.7550180731641802
83.5134467747632243
83.6206059223603262
78.4964752267302828
73.0120476454806351
70.5452112849671380
70.8843767461461738
74.4935794038852919
72.9115749563770805
73.7062272598219010
75.2553644679882723
80.4714412978100313
88.6756043198681709
89.1859367502882634
87.2461059388579940
81.3731206150933133
78.1390167265269895
73.0280579935585052
69.5355761862614088
68.0597973067478250
71.6069608622522509
79.4002890359156197
88.1377596622470492
62.3540434064631199
67.2349452269974677
73.6904636289726653
80.3349742366404769
85.7979019937628067
88.3833680352406930
83.7635034830369420
84.6512342770145096
82.9988390069123199
84.1020976229664257
85.5520995973287626
84.6113994181859823
82.8864314962816024
80.5334098175475503
77.0169242376902901
74.0286023042170029
72.2897668916886147
71.9381967242908900
71.5127553532100819
74.4941341753696094
77.4049874910178630
80.0965332633655436
80.6010853617930820
81.0500265714111094
80.5502583020540754
80.9943147824881464
79.9714598443150351
82.1428500090421210
84.5842797322583806
89.7579629466102631
62.5800123330418643
71.7371266632353297
80.0967099823940742
89.5315554294622444
95.7091833703569250
96.6967967044682268
94.8037604365625981
91.5527402149288179
86.6812125044703805
83.8708796585375751
85.2078129847754440
86.8672124172222908
86.8721860298221316
86.6325516902553829
85.9974779310473565
86.6252934078955548
85.4275071092692144
85.1216686184932598
84.5965184248537980
86.2083314323482597
90.1577363988451452
92.2034481620722488
95.0711924098039844
96.9677083027505802
97.5004880099783406
97.8645326114204011
96.7509367777059310
96.1325935388943407
96.7148806706390189
98.1226169226877829
84.4070148039277228
100.8259145343745047
111.2907677851689243
116.5174603867545642
115.8758078836000891
112.0027500105288141
106.1214318481497685
100.5980842690639463
95.1655065913445242
91.9136522009275723
92.4259421235256866
94.0369673089935958
92.4523796863950054
92.2962097641952255
93.8694476564975702
97.4319060489557813
101.5808428359690652
104.0528476043238442
104.6795320503405833
107.4744720702769030
107.2216885527992360
110.0385134417320785
109.1558161993775684
109.9874411791315936
109.4942702318979286
107.0958026218051771
105.0641633059711921
102.0307706506674634
101.2705241454527538
102.5803038343758260
122.6965270091711915
129.9281769121841137
130.9882006561250591
129.0006695124853024
123.8557486108655041
117.6297978140682687
111.4876833672041272
107.7354272183320774
105.1441536840324886
103.5571654415777658
104.4798722991836826
103.2015500806639636
100.4166159289766966
98.3960235641595489
98.4081431376611988
102.0465168417403845
107.0367448657332261
110.5279737739662806
114.7864296096025640
117.5394238714844022
121.3741665717221707
124.0011537394602072
122.3867838380871120
122.0671736337804703
120.3563172007065987
117.5501190266444382
115.0573888180893789
111.2703635561452273
108.9832399675620138
108.7030972538170062
149.8416844866603697
143.2930889915546402
140.4370353446859667
134.6333557139979860
127.9214697928587157
123.2223621356360610
119.1359000529822083
113.7926600474345946
111.8859843250468344
110.4477320514534711
111.9389885563786891
109.4135376966769115
110.2652853469639922
106.9458661307122611
104.4475515532547689
108.2565242763051714
109.0706981052131397
114.8200452284706898
118.3313605497422998
121.6064299588350792
127.8556334356446484
131.4223561028248639
131.6081954518475925
132.1507466213879525
129.1691523729463995
128.4913835814386687
127.6249630966326833
124.2760695317142421
117.6453516225009679
113.2776714246419374
163.0220433613074817
151.8373286341294488
146.5823902398784071
139.9142223311131659
133.6176040556853479
131.4701056821951397
128.4709432068767399
126.0116696575538526
121.8236282087904243
119.0501771735756620
119.1167306470440792
119.8766978350688248
118.4680641690224689
115.5391471415812674
115.6741271434691072
117.2776434475733112
120.3622061431814529
123.0062766495125288
124.2017703905152786
126.0035527016717225
133.2239985553415806
137.0457730732201469
138.2699955035684241
139.7805641474947436
142.3302045353003678
141.1010026326125626
139.2077499990234060
136.6817364182093684
128.9681649220374595
124.8456185818644286
169.7021338680541476
160.0846380469936889
153.1643787565930666
147.1301149887691793
144.0050349909970180
142.2808296518986708
141.2706778112029156
138.2489552659542085
134.8686646048023192
133.5652036098257724
130.4052603449296441
131.8400816648444334
131.2343770084035839
126.7363485927663334
127.2400315466801572
129.1746398934365345
130.0299823926696376
129.9093563333759107
130.2844302694013265
133.5384316352217127
135.4503808960052709
139.9215056037052136
144.4189685153869505
146.4367887299995346
149.1529924520010866
152.0711482436038295
148.7230194995247814
146.9974058747210393
144.3710022012736545
138.3602854860996842
177.6382128923005439
171.4471320002359676
163.0206438517019762
158.1761177735341448
153.5803275481459025
152.2530355214779547
148.7338851571171290
151.7457414554073125
149.4140071758282318
147.7688703302533213
144.9469658496634565
140.0278979235276324
142.9681284409868454
140.0444376438653933
137.3739994564171809
136.5057378842278979
139.1948642279238300
137.9407385748355068
142.0901237618168409
139.9419850441090034
141.0599649731705370
141.9554079934666220
147.5361521207467206
148.8515805466072948
154.7234958178591455
157.9759837282583987
157.4794435754728568
157.5664144131093281
155.1212191023207936
154.3939509270122130
191.2254121016688373
183.9428454790772776
176.0414328804663455
169.3061500953413088
164.2546770237990472
157.6650069722433329
161.7741192162162349
161.8387077096363384
164.5855549974204735
162.8751440145987601
156.0260374569367627
153.7631569771002091
147.1545527362771679
145.0321618646167963
144.9837414777438482
143.7177071569749671
145.0387030039170497
146.1640554893764090
147.7582084356648409
147.6887814072812830
145.6084151385978203
147.4972179107602699
147.7372190403338550
151.1378822871183445
154.5830728582602660
159.7459647365861315
164.2377035086276464
167.9329660942923113
168.1120686394510244
167.6266045176613773
204.5034699388286299
196.9217481584860252
188.6234364748033272
179.0297438079148264
171.5137919003372531
171.6705473508134787
170.8285926426971173
171.7444968451802083
176.2683848063902587
172.7719254533918729
170.5885898249653110
160.0399471961620748
156.8437094031597496
151.5195342792125075
154.8803012195414794
151.9485581972186878
154.3324162862080868
151.6582224054179164
152.4042143440447319
155.8710371888641646
154.4764522914771874
154.2561878717831974
150.7707222070307864
152.9046761192330450
160.2371865570988803
162.0798119187846282
169.5587949549573921
174.5051447148222223
177.3408042029440139
177.0663370650385104
216.3560340438564822
209.9845191212210125
200.9288532490311638
190.0144794698870783
181.8915971602838226
180.4891580552321102
176.8618596519373227
177.9672863660419182
181.9868813485707904
184.0131190124862428
178.9666287699533314
172.4813321298916264
165.1936659409304298
161.5665054016191675
164.5172663117930369
163.6109035039978323
161.0390228054843931
156.3279980434775212
158.7699003070848391
164.4419945781175443
166.7944031398865263
163.4929610143696834
161.1983722053892620
159.0640187679477719
165.2097700054372638
167.1202194068715983
171.7083495252958585
174.9199294504259115
183.3854097614639329
188.7877143558960142
221.3823180016510435
216.9769666297177082
209.0054503769187306
198.7640706977484513
189.3272988376191961
184.0687713707831676
182.1538318245480923
181.8115371135401404
185.3554129158265766
188.2439561616942001
189.1794287641393737
181.7099562569349587
176.4158646742768042
174.5012642888945891
172.5107812832280274
170.7182012273044620
169.1780993489644800
166.0232325780166889
168.4299704103404451
170.5295650459119088
171.4744604120981251
172.6797968539425199
168.9069457909315588
169.0192644270918549
166.2023726805909973
168.5553755343335069
172.2210692999725552
178.7607778050893899
185.1439764099916658
194.5725607369881800
220.4201071672077319
219.7928716904820874
214.2434097549113687
203.9889389587510209
196.3019997069308715
190.3965706771234068
187.4079313184574858
185.7304776140512672
186.5275165714495813
190.2989647287619732
192.2921320903331832
187.3972182694716366
182.5221803975298371
181.8204659191588348
179.7047986088553273
178.4954050133435430
176.6013373021571908
175.4428292454956591
175.3359000123626004
173.6483095607376015
177.8658265708702970
175.7708416017048307
176.1751368619250968
173.3082898720448100
169.9072001917915031
167.6673972520416385
173.0270939569092548
177.0660500285637795
181.2376192004232962
190.3527824821661341
214.2525113226400322
216.9818369301342500
211.1719925606495849
203.7286075627476976
195.7410032006117433
192.4190467490428773
189.8743906345466144
184.9928566951325024
185.3045573099295780
189.4948158049733706
191.8372958997551905
189.4870002480687106
184.8565724702904731
182.3909842744401431
181.2283794768248413
181.4528974191204043
179.6423976203982988
179.5225917458857054
177.0505939951489438
177.1035639276731786
176.9275052840800413
176.5962676178680795
176.2207420234567508
174.2339405643701298
168.2710258580160030
167.3048348924478432
168.8960088942729101
171.4482463964620536
174.6205403522597237
181.4209941063350016
207.1535331197940195
210.8390807259072801
204.4110062278301143
196.3621557597954279
193.2469359296096059
191.6418486640521337
188.1193989294787627
183.4865487728902167
182.2459838145659319
185.6875167223051051
189.1755024054784258
186.4926916887814343
182.0804009889566544
179.8825603573825447
179.2289396809350137
179.0600691938136890
179.9497349210788570
177.9828316820005512
178.0111871394040577
175.8879409250477579
176.1336562282528746
175.2912817764700435
171.0928887264420837
171.3439826478337409
170.3475681473160250
167.6230773818228954
165.1452119798097158
166.2358262015251000
169.1260614474720114
172.6919879329633716
198.9500361959346719
206.8560962173613689
200.8488866973424365
192.0284997419208253
189.2158014161387314
190.1685544983765226
186.0695524548083313
182.0909270026616014
179.4050213086774193
186.0258046655654596
191.1612022179546670
187.8373110069601637
182.4405001447720167
179.4159767540373593
179.7850510061412876
181.1570085170349103
181.5421102110671825
178.9243258718661309
178.1827919523690298
179.6236314075352709
178.0387650774037809
174.8968199110750845
171.1645512229816859
169.5425158507883054
170.8236290437656066
170.5401561933632593
169.0782994911037349
166.5562596036020295
168.0814632121878276
171.2007617491304927
194.1815900955828056
202.3597491652865017
195.9989287345664479
187.4835488020122227
186.7760500673393267
190.3208631131505513
186.9608239052205931
180.5885691169276868
177.6073736403953376
188.6904445770973666
193.1618479291782648
189.3236376292624925
183.2412514767410130
181.7911942357708881
183.8397548186967470
185.2663889148639669
183.5259100253205702
177.0329790205490781
177.4162560326491871
182.0053635627087942
179.4854699563350948
175.2230673472445517
173.4804809032643220
171.7573991460043032
172.9057556254701637
173.6099932775447598
171.5209836219195552
166.2621608328655896
170.5208618272688739
174.6820714890211832
189.1956996733965752
200.6774755883575665
191.4083075928178062
185.6983208139438375
188.6449318203237340
189.6735951961760804
185.7847245304766943
178.3439753723326362
182.3471669696268407
192.1436830059930116
195.3327313023868612
191.7277637294686201
187.5249501225802646
185.8213967220749510
186.7631448204638787
188.0289208015537668
183.2608048030762973
177.2096796236958198
178.2234606847562759
182.6674796583542673
180.3525188839597888
177.5054240817792675
175.5171057090682325
177.0176013922348091
177.2259515315486738
176.4320347775174014
173.1957022842101708
172.8073972210296176
174.0478322080200826
174.9744862871110342
180.0301674578956579
198.6121683097218806
193.0531987683690716
189.6996059215154844
188.7622265886416244
188.7983899563211594
186.1405987579633745
182.2428467445870979
186.8083056855725204
194.3459570650066439
197.3952367732453581
193.9453540061876424
191.4227816651030025
189.8460313208730383
189.0172200902818531
187.4520566937533204
182.6239436602837145
178.6805468507785406
179.3085073216670366
181.6669613859332344
181.6375247114681883
180.3297216790504933
181.8975024615864982
179.8175653454324561
180.6735143693869361
180.3046487901494572
179.4472271512526902
179.9977539100066792
177.9608326186440763
178.0537728607352506
175.7520833386116124
197.9295217537776068
193.2210222420980585
191.8873840727066522
190.4943202579548824
191.6609389116743216
191.5906764177134107
188.7983542338717484
189.6295381944884753
195.8380637816492822
198.7457753510682039
196.8060275747811261
194.5234857356379621
192.1072414915243769
189.0981105268650424
189.6490301077714946
184.5363640380427910
181.9454246551220251
179.8532263330507988
181.6391524613960939
184.5927388208459945
184.3266090813151550
185.4603925285277910
185.8548079160179611
183.8520793441189767
184.8123974568537449
184.6359474798139502
184.8886744369008852
183.1155792289418400
181.8283489746406758
171.7768326925812516
199.4815417226435841
197.0759409332307541
194.7583621072244568
192.6205713125864349
196.4421692227205369
195.8166393499346327
192.3484156175863404
193.5574659232231625
198.1030304363224559
202.9378569978402709
198.3888495791869673
194.3947775483838427
194.0854239403084591
192.3244875904768492
191.5937770379218819
187.8985345452482250
182.1803007016184779
181.5567204217306880
183.6583079622324135
188.4353811431287511
190.6447305150648504
189.5643577733055736
188.7958636358644640
188.3203126712383551
187.1640799044071173
189.2046906102764865
187.5561483792749584
189.4050453063146051
186.6252078578449982
171.0360560868769255
204.2565197840672795
201.8546526278227873
196.5108166919746395
197.7616053149967001
200.4488651017517498
202.0170620259208079
197.4372893817836996
195.9177798366615662
202.2599069111442418
205.3488642860516507
201.1018352662826487
195.8603952281274019
196.7117721437730609
193.7226796507186179
192.7258343000697209
189.9781437163745466
186.0137197451255702
184.6825336405581197
187.9994647652988533
193.1170858653862297
193.8329216783832294
194.8065290817919220
192.1853677647621055
192.3284255258437838
191.2564278854048894
190.7656954674574195
190.5933628635243053
193.3529342268069797
195.2236999848390724
185.9127192597368889
93.3261896530606663
83.7766843607833778
92.2708930619725010
106.4693956505106058
115.5057515535013977
117.4986314736126047
118.5534903511029086
121.6661054752888731
122.1235821442727456
126.5108712094105670
131.6192041648391182
132.8302136028003133
129.5516709490401581
125.7712148168463671
122.1779928351698175
118.0878105024823128
116.3399365189980017
114.8066092422204179
113.5274325422482917
112.0647677989479547
112.8732945274530834
115.2292154700854212
117.1549562357008796
117.8529195881766469
117.7650028312686459
115.2081029266483512
114.8882319775466385
114.2483217517785192
112.0678696509729377
102.4355116502431713
69.5370910916716838
72.8043004644344762
84.4804326359364808
97.8427722391618033
105.4084979614359554
110.6298833076485124
118.2697354553590685
123.5080312799171196
122.9748347901137322
122.6584169253168852
117.9648809145432580
117.4759374488758112
116.1734367133180683
116.6616826137375398
117.4457749668634960
115.4911685939070480
113.6346407343988005
113.3777346931853458
114.0658397471022738
114.6106665153088926
114.3937658903943912
115.5588104210687845
117.6928176478502621
119.5620743605632015
119.1268376654221299
114.5322231198382781
115.5095862080869153
111.2204777743856567
111.1174418493717013
96.9840554162203716
68.7545656795196720
77.1266448561420219
97.1375609639351012
110.6102308337229516
112.3992007284060719
113.9772419539793589
118.2433971032850195
124.0794445229382319
125.4572468580926312
111.6411911270516271
102.4399543099882521
106.8183637700535371
113.5677011545753032
115.9842940011860719
114.6416248632736767
114.9799820123847951
116.3003611421207779
121.1865913352553861
124.7732631547174691
116.2006677796493790
115.2275007900817911
119.5178694412734899
119.7172935185872262
121.5584430873280439
118.2110646405560033
115.6425084088828754
119.1029673156632924
120.1597932745532944
115.2743655841095460
99.0160071776992794
80.7243105396260603
94.3719874100431184
110.6970635471242304
115.1873351815059294
113.4596162908897838
108.6448557439035483
117.6090555302161960
136.8823227633783404
129.4220314125305435
97.3403055874773884
96.1840246803341472
103.0101693238121783
107.7526189896243238
111.0254361441684807
112.2945121068879075
113.9232401800024519
123.4003038171530875
135.8588421186254607
130.2423383442204567
126.7207290535065169
125.1448100605468312
126.9542664102664276
122.3209962957771069
119.4862349894669222
116.0335815431948845
117.9057752364207090
125.4092284490099161
126.9135358809383831
117.0924770414477365
106.2509798130048750
88.0624651799100775
100.5665991900730774
111.4312351637099994
112.3917688667359016
107.0166882051501176
110.6351574068947770
126.7187155132655647
143.0586677462778766
118.9621848525110011
101.1413508326426722
94.5578302300762630
97.1250655450472635
100.8989379792316328
105.0481908402316407
110.4814134582107670
115.7284185943887564
128.5176443710091405
133.1829798490884968
136.7008901744896150
140.1736825817854424
138.5083784229013020
132.3067460474014183
125.5638704877402603
121.3533040293817180
117.8706179659113928
123.0909552971493781
126.7260957828036680
119.2457871160989669
119.5211425199736937
97.7502925808636718
88.4929947965178201
98.7240006651503563
104.0921036409592659
106.4404218724717310
108.7613283372816397
114.6457571613169932
126.9584658770632615
127.8902134979248331
119.4664940640460458
105.0453100830563216
92.8045724288737546
92.3350206099237738
95.4315269268065975
99.8241429529683018
106.8141132204543595
114.3834822496176997
119.3640020820118366
127.3373160276941007
136.9737243302485581
142.7050735390708951
139.2333848435550294
131.6530483283490867
120.3683277417327986
117.5666129576736267
117.2562427325132148
120.0081680310257468
110.3498690791137449
106.1742776773616868
107.7080689272363259
74.3735948940676082
81.2436535629814927
91.3846069904880949
99.2095639524127080
104.6421137497888338
106.8862439588278193
109.5370580010764172
112.9358687711845732
114.7056473689725635
110.5270948052047117
101.5610967184365734
94.6230841509058536
89.0381845270613184
89.1644824032028396
92.1700973551797063
96.0602387138818585
98.6366992717962177
103.7524422052907624
111.6186401817265050
118.0352610825045758
122.5776722687512574
120.8985708736708915
118.1498022493251767
110.9259352965614909
105.3947762993442154
96.0344115974655352
86.9293094765727830
83.7827543132754045
83.4985951920298106
86.2941711285062780
67.9579208122358125
77.0570415871524688
86.4315730454692499
91.4056227421768881
95.3621845460878177
94.5477117819810644
94.1763638611117813
94.1893469707973736
94.3943839956455122
93.2343017215075918
93.6242245752120397
92.0691367417113042
90.2810743353376495
84.6567295021958728
82.5782603336141676
78.9017175238974318
77.8213894598139859
81.7647744269530676
81.5121407987676037
84.5476600724282150
87.8421340022207318
89.5172305160556760
89.7280410397906110
90.6772668805028559
90.0358306201121792
86.8976925884116866
82.5841922476945456
81.1051405041256857
77.7769765736969703
79.4329219013371812
65.3770147626126601
71.7038586203036630
76.3860516056101631
82.1828936334799778
89.3682614016840660
93.1150213198159662
93.6625429132921568
92.6673749822750210
90.5851455276984296
88.8520952158879993
91.8718600997958958
92.2048557905394262
93.6691801093103606
90.7304422552698924
87.4949642212384902
83.2695693307847193
81.7598651288653144
81.4230190143966439
80.8850013270827617
80.8034398532507083
81.0041392269294818
83.3490375493115749
86.3446233216445194
91.5289642239667671
93.5103040497478588
94.1133088203235388
91.7177367133315755
87.7173316109394960
85.6692911274800792
82.1684255637541554
63.7804660504555727
72.1961656282586830
76.2622773248074850
81.2894235732110531
88.0772635091712743
94.0397623506293314
96.9980022553308601
97.5504631820235915
97.0711623575959663
96.7009284031137355
94.8031798207167071
93.6434628109511920
94.2729845763750518
91.0623873250615219
90.4412890561022778
89.1628455441470891
88.8819457931873416
90.3122105762052030
91.8523827932483954
91.8030177887011689
90.7778535541477254
89.7998477873111369
92.0625587684208142
96.4164108497992771
99.6685383130381979
101.6521252353398097
101.7711816474986506
101.0359927991553661
99.6986987233685795
96.0150328366163990
85.8038126612396326
94.4892299858641422
96.2931672750739551
99.3979155850511233
102.9001304628225739
105.8786751603512357
108.1502429118622786
108.8476076701545310
110.3258569755272589
108.7155840515250986
105.3600535136947798
102.1236720946478300
98.8994495023337379
96.9319426835291154
96.8491219587067178
98.2657346963785727
100.7413596098094786
103.4872112308064089
106.7529538424448532
109.9015141648084750
111.9630245274426841
112.8372467159347252
112.3467085554020599
110.8887868680178315
111.2609374868522139
109.6972930476989774
109.2219927632011718
107.1108437343808220
104.0722488154685408
100.4313416307863776
112.6654996385689174
117.4703213204538912
117.1537989742234060
118.0348743405262439
117.3295431044196562
115.7348050965424306
114.8570375446167304
112.3942381731166478
111.0339020418908262
110.1496439360017945
109.4911430776593591
105.7464007189181530
101.6623756059105119
101.7738225134212371
101.2543508064594562
105.6528184439672486
107.0576105776575133
108.2990822258584700
113.0055546858319673
117.8608484887339500
125.5076023210207694
126.6654781846145141
125.9229746141816690
122.3628756491031027
121.1299385500086601
121.2479330066229011
119.1167934464152012
117.2794484696700721
110.3262505597025438
107.8686804255687264
135.0284167200072432
133.7552249931488575
133.8470854631050884
132.8637374147849073
128.8548353697661639
125.7015896566871334
122.8762594833133193
119.9140764428026529
114.9014579987046005
111.0546743518907391
108.6365036811198479
109.1496113277778903
107.4463677029625330
107.3234983629842105
108.9289589064676704
110.6478512392931748
114.0366477189240442
115.7864629123025537
120.8777448994894712
124.2737787590268823
129.3533899687978703
132.2896592390520709
132.0702682240624313
129.6893529548630966
131.8182296302480268
132.1941862133256791
131.8001021837055191
128.9981171466238550
123.1488812223669100
119.0389200406866763
153.7355304118288188
146.4893514028722166
145.4677586463360512
141.5672364778778558
136.7437829953898074
135.1214805408631889
131.1703257935149054
128.2220895768474236
122.8420324427061985
119.4656789305676909
116.5433454540457774
115.3676386990203753
115.3310534981204967
117.2008119289451997
120.4218330302473987
121.0641868045511416
123.1050703088473881
125.6894948150640374
127.4727246988472160
131.7852526982105417
134.4660138455681988
136.5258351643950903
136.2297982296118448
137.4486983619601119
140.6768529768587257
144.0236343536328434
144.1243463635330784
141.3747956076993262
137.3070346683462617
133.5105277318368735
165.3089277902238905
158.8452146674226242
154.4762255888830111
148.6011929015868134
145.3696493374533247
141.3621407724213270
141.1339728873363129
139.6484329962681272
136.2982762508639496
133.6541953604325101
128.2695230676882261
126.4298602993415841
128.3008789102326546
128.1998795879671889
131.0353294783691922
132.0508134425177502
133.2750810036231996
132.9789647233057508
137.5793544490744864
137.2907341316995087
142.4140074810697740
139.2059437563412700
141.4090595452319121
142.3800132377922409
145.9332182834438925
151.0292151964951586
152.5934843326527357
152.1713151346064876
150.3862876031123221
145.7281469285603066
177.6305467818109776
171.4525292082237797
166.8353841259826140
160.9563451828370830
156.0103882155500230
151.3890777731447201
152.3034931379013415
149.0436571148701717
147.2094163271453340
146.4645450312790729
139.7020215000718224
139.2509271994862843
139.0487111118250425
137.9962770335419293
140.8878139592816012
139.3211853092411161
141.0195015357497255
143.6853669006625296
141.5308036979387794
143.9891004927615370
147.4162621351173641
145.0576005581173433
145.0426142217983738
145.8349409475230516
148.7306086530963114
156.3281676926488331
158.7048636369694918
163.6718335091659924
163.4778900563724164
159.4550879025934762
192.7061116967246335
184.0403515697956323
178.6629877808646825
173.4172036629996398
166.9541380601918092
163.5299107775346386
160.8906575534161902
161.5229509162242891
158.9085048503689279
154.5352516946468882
154.8230407470846330
153.5162030656044294
150.1150820458803139
147.2578066734129152
150.2201805117981053
149.7491052766912105
147.1121807266313226
146.1434124874205054
143.2081017176321325
148.6758068127102206
154.0862754110584376
151.1057355924943124
147.7855996386935260
148.5928471016463561
154.3039185699716995
159.0471005111845102
162.9536995604544245
166.6426287420806034
169.2551477288537853
169.7235355923610598
207.8105117867219178
202.4041525888810611
196.5122977062204654
189.0871840249847082
179.6062053587812670
173.5686314154081344
171.0716221916455595
165.4263321480227376
164.3348202786822867
164.9483925094294818
168.5238048236599298
165.6803968364491197
160.2603980161303809
162.7125917080281567
160.1816119451146392
157.4567718181173746
155.2314554582784751
146.5215196332890457
147.4758212313023762
152.8349541167589791
158.5142196235209440
157.7360483093701760
157.9040856208612240
153.7744148690168799
159.2180864179712785
158.9379444335199878
164.9231158613297623
166.8443913351200365
172.9794809238411517
178.6477846569948156
218.0666544027124303
214.5450716009139569
208.2786094211445231
200.2793843599440891
187.2628829483655863
181.1395981130293364
177.0595239551745976
172.3149179561327742
173.1136772278506157
171.2091074238150554
176.8899958897916349
176.1879691648616699
175.1172665476578629
170.9686855591304493
168.5586269540337412
168.0550211858607952
163.8275842495461347
156.8954409631624571
154.8887391217371317
158.3184640752010353
160.3438332519599214
163.9074580185200603
166.5325850459556705
163.6745346400132917
162.1016604445558471
165.2597683870730521
168.2570972760144912
173.8360196498847756
178.3431870051805106
182.7563668706285398
225.8557844115395881
219.7166432394309368
212.5301895174789877
201.2428123442631431
194.0930771591456505
187.0145648820612791
185.0415292538181120
178.2201244790887245
172.6112276714029576
177.1681559608821317
180.4856632815780699
181.1506254909902793
180.4317533656004002
177.9259130531330584
179.0938102273581762
177.2609416147204229
173.4159460577342315
169.9484962317241070
163.5431211580777529
160.8823568091832783
166.6610828624443457
170.9083368895432784
171.1671473163308690
174.0071678229222982
168.7716566032878518
169.8783233863056807
172.4041669517102662
176.3546872167796948
182.0616533665044869
185.4182201338404354
228.2013090991270587
222.0110946736698736
213.7665385741824196
204.7603871271572018
196.9661469214479439
192.1060569835664751
187.0964798849163344
180.6004341234436481
179.5032361124403621
182.2034945269872708
187.4709972103913458
189.8746230037418741
187.9830558835470811
186.0531165153678330
185.1942673026911166
186.3885269380215277
183.4546347166116220
179.5872993393809907
174.8962281156344716
170.4189806740010340
174.9129097595672420
177.1664430504502548
177.6590522988342968
177.4748841120891143
175.3972853264806986
176.8519357759179798
174.1766608658282394
177.2148656265014210
180.9206343014617744
187.1546585385511321
226.1837954334809808
223.8677323285083958
216.2155109739383079
207.9246123416567116
199.7413956484090534
191.5054741662870015
188.6227782657486500
184.8109735223101779
182.4761008381031218
186.3207479690393029
192.1741762847623249
193.1943948425147255
191.3931389598717487
189.7041768542207194
187.3099569788222993
190.0702412194052044
186.0701812805653503
184.0124661107768702
181.4471795026248628
178.7834844297665597
177.1146483199974284
178.9813333847619106
178.3875852173548822
178.2803593255173382
177.1383846914824289
176.9389571419904712
176.3008751232017346
176.5206220582467722
181.1055505640061938
183.7477548599331953
223.0482677275916217
223.9228445006901609
215.7704559435696865
204.8335250606133116
197.4180121192368631
192.6942194980247507
188.6336215480504848
182.7512520278094144
180.0645882875515440
182.9082981549817362
192.4632847674147342
194.4530085991588066
190.2640302010790947
189.1498408425586319
188.7652438921034559
190.2707088272506724
189.3139754809200781
186.5113304170703259
182.2715760662931928
180.7018585509240438
180.7216984247187099
178.4382740656238298
174.1015404189391518
172.7859140443472654
173.0709730880051325
174.8727514105750060
175.1462367360623205
172.6907274736943236
171.3416136251774446
177.9990464568072639
215.4203980986086435
220.1141571857349959
209.8176586552238234
200.1509002834629598
191.5356146002693265
190.7601018586327086
186.5793134033978617
178.6923706686771141
169.8778487620347732
177.5070232961707006
191.2190939077003407
191.1540661662293132
187.3568679416322880
186.3913819119121058
188.7105271133943916
189.5573745591476040
188.4677850258729563
181.8866211720288675
178.2212963535081371
182.5217032933996677
182.1516612639233301
176.2044406154836338
174.3999659285652797
170.9964352412429776
173.7596421433606793
175.3442348244512345
173.5632782448660691
167.3134801963086886
168.9281401459502945
175.2537085101302807
209.3258956688711123
213.2367487734495910
202.2285716539734040
192.4931936828321568
187.1892596962893265
187.2227433904381257
184.0560742265298870
171.6240431763876586
167.3250901463721902
179.1824537220246611
187.9123140967741392
189.4080969306128850
187.3364543823453516
188.5010195698130531
189.3308574278741219
191.9213476583497595
186.5358970463630897
177.0101228447402377
177.3547435281764706
179.8410540756049727
182.4037625631624167
178.9755007881047675
176.4295857595865016
175.7543246435310209
174.9062598824108363
175.8058008576402358
170.3707387001111897
167.4434094859439881
170.5609564682906694
172.2430024722745827
195.7011837801845218
209.7324096179802382
200.0399060181591437
191.1768288408259764
187.9495640240346575
187.7787799518077350
182.6461133233116527
172.8168861938843008
170.4169199050603254
176.3747958110614604
186.5411619090602926
191.2044755426277334
191.4213261913054680
191.5652684391536980
191.7853847013748805
189.1683842448223345
184.6746864264046906
180.1810410578374331
176.5304964963084444
177.6997872100222935
179.6128591202131020
183.1139087888603285
181.4416238403190391
180.2009702135933651
179.6483824469589763
175.2565023792350871
173.7219276644491686
173.2889373749457889
172.3041582769189972
170.5347604637113932
184.5410480843287075
209.1888843751846707
200.1579146956673014
188.9659670920046608
185.2294501571185492
189.0162370281695416
186.2641453606488824
177.5674282063015994
173.3653749274854476
178.2513980462885570
189.2903991464904436
192.1366215582048653
194.5802880069913101
193.0118525541229531
191.3616625840562619
190.7274528785218877
187.4883837336566330
182.5205781067829491
177.0933650676269622
176.2606266446343852
179.4970376475607452
186.1595770920580151
184.8181078516982438
182.7955459321744058
181.6642370682297667
181.3126587907561316
181.6337487283472569
177.7835411132961383
175.4768737097446376
172.7106802738684905
176.9785552209268644
206.7805956353147394
200.2725897763231160
191.7229726695757961
191.3991505682921854
191.6395771195235227
191.1558740648565617
183.9303563813550397
177.9934579013689415
181.3435168864140792
191.0946866562309765
195.3338621901435772
194.7181314641445056
194.8301092982823093
191.4949386826886268
190.9997765167745740
188.4669132922334711
183.6741846399220037
178.8399703404066372
178.0760567738152247
180.1636252283518331
186.0139051913371020
188.5995734695749775
187.5257309145521845
185.8191544584228723
186.5623824117778327
183.1034119854700180
182.6843723464761240
181.6938852400476492
179.8493047766477559
172.2437017207249710
210.5395862861932699
205.2648162552413282
193.5353118154640697
193.9646525124963148
194.6350981307195127
193.7652420755064497
187.2377802652836181
180.4572251987990512
184.7068153762994882
194.5111960832296347
196.6452327861487674
194.9672319465913688
194.6901127013974246
192.2204059556046900
191.5846583923650996
191.1257606431148020
187.5647771170508520
182.7546155986567840
181.1624232051270837
186.1893906630710944
189.1009593241584810
189.9490767914774096
190.6542795579327958
188.2311231214291070
190.8505039336536981
188.7039724985345401
186.3869922619134627
185.1139508747967852
187.0093040780556066
177.2984610688533564
210.8608091427531974
204.0085060581333778
193.8753264785389945
195.9212431880126246
199.7090458415615331
199.2158783576418557
193.0242743468243134
182.5705753827325850
186.8588179630735340
199.6274309656180321
196.8777099551935521
192.2994044947221539
193.5796055129584659
193.6864995138705581
193.9874903711288994
194.2075060956643711
188.4675413715086165
182.6914401535660772
187.6108511085553232
192.0647611008919569
189.9532892017356858
191.8444908497551751
191.7970082218682535
193.5041361141595928
192.2417686596662918
191.4902211372442764
186.3650330624660683
186.0918049225915638
193.3123719017723943
187.4173884591312742
102.7096193268970978
97.6799135959060720
104.8620307818715816
108.2403196473524360
112.2212632275931981
119.3154821011019635
124.2159046058879852
127.0108431686969652
129.2813690461655654
131.6015194868262483
135.2931035660440102
134.7562692836781650
125.8968396068666067
119.4876330603436401
116.5206540423932324
116.9826864428603415
117.1464298363692365
113.7348903148898529
112.8277185506116638
114.4123190145444795
117.6541203015397912
118.2700121356267573
117.4054360020115553
117.0143021444149412
116.2868471818925542
117.2530091248578827
115.8042707236909621
111.3802379090600425
112.6678091639511763
103.5809718910380326
65.8936695639190901
66.4366990631951921
84.9864485750844096
102.9993993789430249
115.8353269973453621
120.4838029493948568
124.3271213218117168
126.1216316525147647
132.5469543059530793
135.8271775650242432
119.3469373248335188
108.1732199518569217
110.2235378036118050
114.8491527909238670
114.4888083953016746
114.6024280003416322
112.6552854775854655
115.2885084346307423
123.0393599175043704
124.0888748761281164
118.2748437189783601
114.7449435872141947
119.0436002557262611
119.3269137731007561
116.6904954677059720
112.9200031478225412
111.8597350311042362
113.6117936748707677
118.7785426331081737
100.9326709482912321
57.6350910708073059
78.1413906688612627
102.0124593938470241
117.1114784016389052
118.9096660920785240
111.4424817438046063
114.2213969270206064
132.7086430219091540
158.5027322315642095
131.3103251885305554
105.9703523737765067
105.0005226548013439
107.1423117506693075
108.0236893465905439
109.1881063190601679
107.4164319279378077
112.3240432565919207
128.6446573411100189
135.7326866760163853
127.1346436108940168
127.5520871915308874
128.0633546211272744
125.5505490797055899
119.8742896445158834
113.4869982054847810
112.6197902579941967
116.3146183150470563
128.3022579030638894
121.9727260084887916
112.4812505551681738
68.6589050164528203
88.1618490472479976
106.6965417939077270
114.2380133682148937
106.5528684184649819
101.8261514535745960
120.3678346553718086
158.4074484532791303
156.0349658948670140
129.1690925947762025
113.2875823410518166
107.3125305520561170
103.3800350842974893
100.3573451542650190
99.3062826186237260
104.0295626881577391
118.7263043317981044
131.4438358312092703
132.5976993702202549
138.9828501388025757
139.8765217579117746
135.3642530990975672
126.0134578774560765
118.8759464740918190
113.6846392565738313
120.2765906094341091
135.5326413477505128
130.0296004054239347
121.2781180243193546
114.3008960774978107
73.5336294934807029
83.3677491566103583
94.8526691525842125
101.4102270223064437
100.3277333638421993
111.1289005701369206
138.2652528316145322
154.3940972755330847
147.9690707905996021
134.2641051409791828
118.7099859019660357
108.2321239587266888
100.3350629066544002
96.7918823322342234
100.2908102794076655
111.8155029246045729
122.9165842875761712
122.7909289749837711
134.6166473047477723
140.7637959996469306
139.4422591758263366
133.2050959073600893
125.9153424687229972
119.3417383927269100
122.2569471738680704
137.3252236375056725
135.7064654207110834
126.9061609487732341
124.9046630560739857
100.4947551906356864
71.4071356136767008
76.1448327150358608
87.3092444448480336
97.8365330442076981
108.0829273851430514
122.1001235531485918
134.5914387645320005
147.3605222957016281
146.9167241838938196
133.8005900494869707
121.2672578230098566
110.5349850999585612
101.8566977799222570
101.4308823650919749
109.5822792683079001
115.1174923812671125
114.7650895095921442
124.7333816791109484
133.0643065975158379
137.0867868446960358
136.3383295336235506
131.2841163733619396
130.3872489350969204
132.3009546803664023
137.5196305260749057
131.4250233603085860
126.4473542453207529
126.7178628584973694
124.5577288267384688
78.0386325396565894
71.8122878744821946
78.2928132465759035
90.2948154085897272
102.1783620187162285
111.0190683138956302
120.9632674180350875
134.3930226414825313
142.9225078918722147
136.8126372675860125
127.7555050382740234
118.9488593161969732
113.8665476615386183
107.4248493850491855
103.8236334146106117
102.6173685622570275
103.8978494942507496
111.1524671979016290
119.3584068985866935
124.8086126175106898
126.6148164258913198
128.2275599419542687
130.7221786533621639
134.3663858836829377
132.0565761642085363
127.9623609426461002
121.5709755637751925
114.1020563520318944
110.5154117072349464
105.0725280024780375
66.2201457857826483
73.1677026772224224
79.1995020529655136
86.7315461545763355
93.2104962549942542
101.4574901086655530
109.5082458311334790
114.7913216497314011
112.7419381353432755
107.8969679622298656
106.7537152101344731
108.9576971955301588
104.1286127068420342
97.4699725295874515
90.5569856384076246
87.6450527338088392
87.5484333891374149
90.1705304416165632
93.1708404905043324
94.4065267519513043
90.8106111841825907
88.5418412572134628
87.3069143859286072
89.4550343954984442
90.9793657488093857
92.1053189729026371
92.3015035721626589
90.4268652122441381
86.8879902503604171
83.9824037570049882
75.1082333432597125
74.4502816901030826
73.4808727062715121
74.9349385428173207
78.7838253283262588
85.8553191625607326
90.3587926516408970
90.0013780257490055
91.0816161819236783
92.5552301380833313
95.3596807397150172
93.9015056227228939
92.9636562207507779
92.6639165716978255
89.9797032746558898
89.3221350974041712
87.0490136680695343
86.6943280359616608
87.0977207456550957
88.0171725074575306
83.4664103988611572
77.6829721367582380
76.1376573707138249
80.2192585447068325
85.8978863321698611
91.6269380484525726
94.5921780683417524
94.6964319886099588
92.3106871831124920
88.3103244924683395
72.6139692939001549
76.1619655718747026
74.4566295806789356
76.7160891919845227
81.3760063620434835
86.2521864476733242
90.9532248230527216
92.8271272298719481
95.3283964380944440
96.9551437583954936
96.4372473425285506
95.5674469166662561
96.5619571315764773
96.9870802611128084
95.0492200964439320
92.2533309789870231
91.0928880235135665
91.8385498082289757
91.5698137400109431
92.7230336571163747
91.1325910432137789
89.6527786493465300
92.0960539830366685
95.9943159987165160
97.6596291434425012
100.0490027822576735
100.6088960533044201
99.7994278396742232
98.8971462876367298
94.0799556020901235
92.0551478610278338
98.7484244032805520
97.6551687382976183
96.6527992286536346
99.3662022715313356
102.7811478325318717
103.4663175044436940
102.5270997453204842
101.6145700859044609
104.6996940709833552
108.7591122630016400
112.6666655233038910
111.8212902253804941
105.6092148573333276
101.7024131050193603
99.4059844359149452
99.4237594489122500
99.6318159381487902
101.5941336802747514
102.7442658464228344
104.8019692826233040
111.0854637903686921
115.9985371105778427
115.1518327055945292
112.4591829085997006
109.5094060822773088
108.1785882608795220
108.6803773070094223
104.9783610251815844
98.3113293380450983
103.8745858328297942
113.8169191079345808
113.5934588960163154
115.8759179239991681
116.4507533805448816
116.9763068197140115
116.1448867035122987
114.6549719984957818
111.1860270364825993
108.0367019742964629
112.3516032974827681
116.4949122417933438
112.8962404527573682
106.8408552460160479
105.3424415567895096
105.9149694823803713
107.4400588709304287
108.5927487203903468
110.1320055064752239
107.7406478092322146
114.7122159022002847
124.1838838231569184
128.8699086686545741
127.5247404360508483
122.7676438707788691
120.0042072513003149
119.9975116805137247
119.7428639492540725
114.7269805162980560
104.1372790295364013
121.6026885081348610
128.3290443639683929
129.6764483967187971
130.9824258725425921
130.7368377728479345
130.4762996535760635
129.7196136891309095
126.2107995224203734
117.0137478023920181
113.3754207291117098
113.2080795313402177
115.6701527922151911
112.1237519928041451
110.3877915839467789
111.2258281420983508
113.3994571195330821
117.6850911495755838
119.6683255608390652
116.9448681214318952
117.2681906564280041
125.7225501222046660
133.7885922625465014
137.4312718688506436
135.0754598633976400
131.3647664746040959
130.7516815280430365
132.0436217776556305
130.3799896168516739
124.4084790057469689
116.9049515630308065
146.8145088727584948
144.6795746365943955
144.1677299797960927
141.7075887124727274
141.6890243799868756
140.5986759182646892
138.1176512574809010
130.7263747767593713
124.1797122690181538
120.6480229305248741
119.4918553569265640
116.9588601975586073
114.7022124409326409
116.1949393621204649
122.0498933481933932
125.3175661596720687
127.0251810330852464
125.3197917554006153
125.3431684308510512
127.5651969665225209
133.3240205435208168
137.3992025959738612
140.3496688551205125
139.8387672355954123
138.8415557741438988
124.7372647226645199
134.4025913341995135
135.3343340663220715
136.9404102488863657
133.9948487529215413
164.3976712897948289
157.4980156486200258
155.9564706613409726
153.9342044149679793
152.5409641548075399
146.7495588362329499
142.2204131250716159
135.6425573734064756
130.9752087405452983
125.2837844661614781
119.8537893412367197
124.9929393601006211
128.6032094415782581
133.1432793948880544
134.5583621590663768
135.8565244268316405
135.5337131213233306
133.7901530724453494
133.1263525670647994
134.9737168274694454
139.1888199990031580
142.9835339230527325
144.5555260860559486
143.5494060359242781
136.8510133691383999
137.6310141537353502
137.9205514068506488
141.6743459189850967
145.6158667368005979
146.8365109105361626
179.3870440479403214
173.1942767868517592
170.7894880940615394
165.1612458385507978
160.7408318117422823
153.8089932968755136
148.9366264549822745
145.3603711800159601
131.4372339874989564
131.7614039831025252
135.6639416061046859
136.5689589612695158
135.0685265948528695
136.8537269927437592
139.9490968006552123
145.5372314218378733
142.7768957936602590
142.9398730546679417
139.9675342576740320
140.9825007722067198
148.6455660347307912
148.0312610976410497
146.8525205364135786
143.7130631981511328
146.2981925798961242
143.8568980557556358
139.8961592575689394
152.2203911561389589
156.9280115299930287
165.0970543125407346
192.3221015624920938
185.8327898836514009
181.5179565901264596
175.7097343064640143
168.6181577868174202
165.3586323863916050
162.4090944708108282
159.3780252138580806
151.4011667857845111
148.4622699504195396
150.0930214828875364
144.7618257008710145
143.7051364370262547
149.1060783607213978
152.0623020452236460
155.3667580836529396
151.9442882156013468
146.1243320949913311
140.1444490238527294
147.9657416370303054
151.9969563176955774
154.0203967982503741
151.2835586573092712
148.0877632447923133
145.1213220550504843
141.7175703576507431
149.7116955569835284
155.6641460310752620
162.1870825683209318
174.9633886813822983
201.1569995162357145
201.6219771879763698
198.4027294774398911
192.9870661090236013
184.2354989487400019
178.9571732439899279
175.1307051816945375
169.2503612035929450
162.8825698386052068
160.3989015412667527
160.7165536877839429
157.4469067050498836
157.7475217589436340
158.9361024941800054
162.6585889240817266
162.9085269373182712
160.6626545199067095
152.2203834409604326
150.1377819299184182
151.6975965294819844
157.2466309514322802
158.3291719155032240
158.2016483846421409
156.3031110059808668
158.1006354144883801
156.3622467269889000
159.5908175657254731
162.3154543116743298
168.7217944356246164
178.0210353933642864
214.3264597244497338
214.2447286293295861
210.0730263453126554
202.2602778365066456
192.5061333784256874
185.0699066928865193
182.1383298712730152
176.1367862515750176
165.2197722171349028
161.6085054227672231
164.8708044246430973
169.0141367491216897
170.7639217649012835
173.2747120323585932
173.1479520160229129
170.9233460283768977
168.5476845989148273
163.8535768824368688
156.1639343182526716
154.4010054711037867
157.4376856251522838
162.7300937962774015
166.1285727135310424
168.1317187064164216
165.7387725972499766
166.0841564432770383
168.6576486534439994
170.1522979900820474
176.9843605518540528
182.3060369971984755
223.8777245999337424
219.9318906922556209
213.1206664248405218
203.7915090995457774
197.2463395315209027
192.1011580786658897
188.0438746258636797
178.2853145464297029
169.5318422990617933
166.0317470450701762
169.3217572524144998
177.4022147799987579
179.4155528001506923
181.9983904758528865
184.0733356224208705
182.0308269022260390
177.8342019778888243
174.2388943632052758
168.2056557077209789
164.4371417562850866
163.2271815546872062
164.9314909774108742
172.6105288489841030
171.3911250157092354
172.9336633352484682
172.4116105066175351
172.8153345348104324
174.7409776458187025
178.9955935211838778
185.2121933010441523
230.6900483234287549
225.2894185506180236
218.3629022621653348
208.7983823959593224
199.3138487192755974
193.0519745477014339
189.9125148606546816
182.2587178172724975
175.4611834207038328
171.4501058174524530
176.4826109899436801
183.7865361182451522
186.2768442798263493
190.4126537809780757
190.7195900694006809
190.3205046500902995
188.6082120867086473
183.7241512053653878
178.7600116008837006
174.4766715454803148
169.6739059225891992
172.8685888556152861
175.9739254034266196
176.0280061046222215
180.2431208993067173
179.1982062542541030
178.4944408178747040
180.6649610337868808
182.9788453590082611
186.9630828185105429
231.0216729835194087
229.0059398572336704
221.4479970592585119
212.9724422455022932
205.7063497348858050
198.5929373488903309
192.8937248309952111
186.6122169879389503
179.0624041656031125
178.1832268642488657
181.8981935511066865
190.5977587980278827
195.1495976667752643
195.6565828142210250
197.0728038183870581
197.0299998535892883
196.6560841280406748
193.5520292867833518
188.1161872622692499
180.9232865028214405
180.0320326466493555
177.8882887774652772
178.4826556254359673
178.8093770923505588
179.9622617290660003
184.0154073481934915
182.3165456637634918
182.9560289713931809
182.4519774252188711
186.2981247825094897
231.3863759230516450
234.0032010977685673
227.6440364005798642
216.9648710207052886
207.4345802893794257
198.5884727317092882
193.0101085710940083
186.2734790112060637
177.1926191423852117
174.6963577276468698
185.7056653778931263
193.4611771850389914
194.0810628204134503
195.9045510236148289
200.0738236830066512
201.6658933810259668
200.1198344429583926
194.8818038587961325
187.9955890581600499
185.3333479882748520
183.6937231314209669
179.9057210840266521
177.1723093968670355
174.9507834818817287
178.5860812716223904
181.0091109795561977
182.8736365381660676
179.0312274251740234
173.7520171988181232
181.6056596800414411
223.9320258850883647
233.2381370936363112
225.1897261768986596
211.2313971521771805
199.8099917809877866
195.0423282802540257
189.5474360050953351
177.8764324205642424
165.7240975984122429
170.1343170415736097
178.7049666510540646
184.2172708036191295
187.8380229376320756
191.9960096280167079
198.2605540526606660
199.6106105096672536
196.5220051474279899
186.0347388480211919
182.3481400578146179
182.9437039265567364
180.2746803171260979
180.0031869066799288
174.6310109140169118
174.1154638349528625
174.8544988097396526
176.2095736547938145
173.9055746464735819
166.0799478851245397
170.5094681257766922
174.6955042444463118
209.5432933315588571
227.6411706991229664
218.8860496939589098
204.3815164582366606
194.3144103514500500
189.5938713057542486
182.8450663056083556
168.9618194386069092
161.4107546617828461
163.1082297146082283
170.1864634935215861
180.1709438485747512
186.4051161069709792
192.9980289503320137
195.9318110419805521
195.6588435284779166
188.1787177980057493
181.1765171254471340
179.5049308176415366
177.6821134628668517
179.6291632920286361
182.0865992922060173
180.8166965491242877
176.5138046188101271
177.3678645839900412
174.1975223726507807
167.4284601129767225
169.4712048364110899
168.0484862613085397
168.8055705172237140
196.6874737119341319
225.0101364142224725
214.8203858810833253
199.9828683229769695
191.8753642301719537
188.3883851265538283
183.5237618094450625
172.0610952929924338
160.8611463876490859
159.5916448230666163
170.5722318428611572
182.9279450718710507
188.5661303069983035
193.2595045746670621
193.7580641566023019
191.5356267912428336
189.4255651510365794
185.0162122720445268
177.3123056830986570
176.7483839172888906
180.0623750871247921
185.0965269520636127
185.1347626164875919
183.5484294595959511
178.7307368331105408
176.2283126437284864
123.5201596972519269
173.8517321879175199
122.0574334071537237
169.0061816513942006
206.6525902399372399
226.3620397311584611
215.4629690057685707
198.6869584840154914
191.9388032140562927
191.3414517184394583
189.4609066440771130
137.4384418749098131
167.4651603018381536
110.8842935929912699
175.6511543458792062
198.7558660366001106
202.5632775567407293
204.0888820938132255
201.6950775807947593
197.4884540906350878
192.5758158703111462
185.1882758006350969
180.4224465355520408
181.1589315851937840
184.2908294174315813
188.2675681889252814
189.3998940833351128
188.6218969900174613
156.7259813490678368
156.8137661939915972
172.7473258055750875
200.8051849410055638
146.9219497856116732
169.6298037702767942
193.8170121455344201
223.2498451027740884
212.9074626276865843
201.2535829627664157
196.2750646877632050
194.9427046075707608
192.4391705110950284
175.5080920039915213
179.0136851008534222
175.8937094317233800
109.5946232245442502
201.6281119475218304
220.5336997545508382
219.3179151105468634
211.1742022963522345
205.4979559592549379
198.2724455850365075
189.4150390772797721
181.8590491346698741
179.3410715512560216
183.5408803316678075
189.3801377291953543
192.7949776544357690
192.7658784078172403
189.7594152227264885
170.4552053342520708
208.0322625433632027
212.7965179404318405
118.0144703565405706
179.9261814859441415
201.3660050940075621
224.0313243290947014
210.0919073843363094
200.0466585230763599
196.6653330796837054
201.4129934624876341
197.5155554056073584
203.7544554924683666
130.0395160639758672
158.2016100113711730
182.3602722014960875
192.9061609339610754
191.9831428175755548
194.0598473013101284
193.4150036309976599
196.9415955198282404
198.1300711990611489
195.5568162149103273
187.7359539594734770
183.7404139680617448
188.3019367536666095
186.9124479672986183
188.4915922423569441
192.3848843956770907
200.4712823031844380
162.0845084940695244
182.0583280450522921
184.4335995498232137
181.5593285400300374
185.5105635367787045
179.6698065067735115
219.4149166442041405
209.5225953447426264
200.1118889108209942
202.7106945230713961
205.2907105577435800
201.8469803806920027
188.7032421901630244
170.0650309723414182
172.4463317163120450
183.5817534555201576
184.2710999625419674
184.7768886950193234
190.0787796728263856
194.6784569001119962
198.1522712106596487
199.6683728911021092
193.5037008451285487
185.8689605453453453
190.6870731664580774
189.2257105560584023
187.2181045793705039
188.4702706631866533
193.4463979910728995
195.8671767843988789
196.8031225587378685
190.9759859312752894
183.8182159786771024
183.9062978169168900
188.7363040030625143
183.6688282552437101
118.0568714338367897
106.3452548593783291
100.4942010548538462
105.0211636865513469
117.9465138669826274
126.6511568959834335
130.6790250644999674
131.7350351188256923
133.0007482875730602
138.0078221097877531
139.5772585588388495
129.6744672874513356
118.2449593567827435
115.0401368441711014
116.0437168204152414
115.5872619329234539
113.3275278746468757
114.3254552863986362
116.3500388344027385
120.8379485064980656
123.9724377677752472
120.9462503248826692
118.3267946242667250
118.4672778358263372
118.7857413331419423
115.3604247788146893
114.0010886904957204
111.9553422911291420
110.8496975486165752
113.1683769775876982
57.5911948957242146
62.6901498314536809
89.4038340334991943
109.4561308941205482
122.7141501640571590
124.6692215742591543
119.4859964515685959
123.6338525615222608
143.2588667865179275
153.8962017490837297
125.9033523740281737
110.2060482868624831
110.1976953031904145
112.7808639550515863
111.3861252703206901
109.6642218791499204
108.8547666889771364
116.2912923816830073
128.3640335056928450
130.1316067821870774
126.3234097097383994
127.0246014840012378
125.5702283592418951
120.9976262511343066
112.6814319358424967
108.9513026101208197
110.3088655146085557
118.8530146495710369
122.0952473967517875
117.3408884570627322
49.6084417031478608
75.5241705653063491
100.0659380147091611
115.0893138260392732
115.7876561798190380
103.4795927880675066
105.1394941554199391
136.5521897112958527
171.1862718048845409
145.2098376170014262
132.0735565766480875
120.5344737851279717
111.5231744149936617
103.0682360104846680
100.8351959509540876
99.6782307496664828
105.8061062779155748
125.7143181509377712
127.3565862492415306
132.0243310915882944
134.4298182585691279
134.0969609951764028
125.8191747065839934
117.3607197481366029
111.5559296831170855
108.2311651995645292
120.3059989476909095
133.5471682493075321
121.9540533930139361
129.0325552960914024
52.9044766679319309
73.9553294373419732
93.4035395425401589
103.7441629674003423
97.8527576454218888
96.0847676062575573
120.0321975790362359
159.1777861506615181
154.3929290091990083
150.3212724157556011
135.8433057872176448
122.7341654589567668
108.8078928957956464
99.1755639269752152
94.1627780283781988
99.0403864117992754
118.5485433352069720
123.7630214000149351
126.8801458775324420
132.4179243978182114
133.3485968780080100
127.9961010868792641
122.0257978054564489
113.6527348737013483
111.5546955578325736
118.9760371030141926
134.8679729266515039
125.1020358260184366
127.0133941283396695
113.4499771171774540
52.8204702524224956
60.7358221843158788
76.9864963906096165
89.5812809459151111
95.1895857326054795
107.9808576080356488
133.3635487088247658
149.6840104934958333
157.3423322355688754
148.3830756428846200
133.1386176075758954
122.6437364438173887
108.8314162465993604
100.0221519544464854
102.0814878159605144
116.5652924312878156
118.7966900365160825
120.7165736767074833
127.0473608805804417
128.0891210068904229
127.5712121052881685
123.7946309675796783
120.3687206500884628
118.2876012271332797
124.0870626750888022
133.6981392007386376
123.6031632274376193
127.7486615367049865
129.2977224187089860
88.7761729721257069
56.2903458005161781
59.6712356129562949
73.0796823836024174
86.9901214384635750
98.9597909911472584
111.8566282368516198
135.2599447358382747
157.4754021304531761
155.2295103448423959
142.7254741918388277
135.8417199049366104
126.9023188992869535
118.1560375784787453
115.9314373239008944
118.3204569966290620
113.2017480998256076
115.0611874596140183
121.3952540532741864
126.9546277497013165
126.5736688420581117
124.3063360449113475
122.7504800049965610
125.8026710758368409
130.9611153810418500
133.1218667569266074
129.7179964050802994
129.9788697773552428
131.4233945831448409
131.2939448271555989
73.8578485931851532
65.0557248835078212
68.1254017862818557
80.6039925844760461
90.1621825513784927
102.9123827441051446
123.1555533724536531
145.3137634986231603
153.9303892948941552
143.7803721163976718
136.1332760900873211
135.8803379413631376
136.8024841336578277
131.1581007128717715
123.2695954115909842
113.0117709709127212
109.1947752729254546
117.5975583661942778
121.5048645367796212
125.1744909406361472
124.4808291565503993
121.8300990830270507
123.4067401373187352
125.7555725530406789
127.7915941296656399
129.8977735261745465
129.9950449379777808
129.7116648529618033
127.5182694625430031
125.3810756491624261
79.2095513178765032
77.0235751060677813
76.1635488283006055
78.8892149980452615
88.8122378243199933
105.9109340613047578
121.5939033204973327
131.3721296229426514
130.0168114649574136
128.1544734911017827
128.5501764265897293
129.5964709119860743
122.5109351049081852
114.1802839891869752
107.1327231306662782
103.5967292001339501
99.9721119107316412
101.8253588935111793
105.2089551017978835
108.7626178378375954
108.8981010365644124
102.7675703156628515
94.2114062069511959
92.0464811022642522
92.6008707281566217
97.9674503598645146
102.8875054608538164
107.5021522026655418
109.5843616427077905
110.4116184540284564
98.1388122967120466
75.0483336340485607
62.8621593545178285
59.8398107118620146
65.5729177662075813
80.7322415723163118
91.8019399586587781
95.8239956836017228
96.1384816227193255
98.7621802003806835
98.3397821080269097
90.7961401323078405
84.4451565770718133
82.8901128007964019
83.7029745895185613
84.8675376332917040
84.1031523101402172
83.3128841696020430
82.2328454616958879
85.0729175497495191
86.2867677421152592
80.4088149676915123
73.3980747210888467
70.9557155431560744
72.9140352585896210
80.0136531916411826
87.7651967663676089
93.8681493474312418
95.8075464250350990
98.5620008978783630
92.2829929598721037
90.7194534403198674
88.2313016024723282
87.1405883931759604
87.2070867440578752
89.3055265909636233
88.7760445894588486
85.0520808686857208
75.7511959358423610
82.6559895397313085
93.8415628004353550
92.0612306349537164
92.6743026581811762
95.8092604490737614
94.9834362941473103
91.2921143456346869
88.0292936634719041
81.4768585403118522
79.7424144797518295
92.2347988171232203
94.2781756857074527
90.9287305729259003
89.4845009752572196
92.0572745924727940
96.7573822422991157
98.4967318844480246
98.7031075432668530
93.7972785482992322
97.1766115883328894
102.1146662521043424
99.9818356475750818
113.7612322415172343
111.5010759695931455
105.1162231641160361
101.7980685150580200
100.3136180677429081
96.8375159051414869
89.8018953979216263
88.1869059540261588
92.1005437259504589
91.2710174467625563
98.4267592460388130
106.4098090779689301
108.7323621290855300
103.5974151894331499
97.4567578920507174
92.5550674404420022
90.8189216061890079
99.2447041697090810
98.6098755029250214
93.6626756804892011
94.2399216187152149
101.9043469319978215
110.7226404412203777
113.7528322886764443
111.8669481939618606
106.1978310621915256
106.9105984945621515
110.8459883973808076
107.6718670259129169
110.1201378421769590
122.8802171456955534
119.9482668132085621
115.6804089518271610
112.2824238166007405
110.9449724327475764
107.4460976114551585
108.3208527854606729
106.6576483048650630
99.3765295891976734
98.6416922354047898
108.6424457817292364
115.9984723089767300
113.2678677541132686
108.8076693105136314
102.8233386230588877
101.5852539625850568
108.6361097636273598
108.8601087590485292
105.7568792074899022
102.3925865549248613
107.3354611979528386
116.5968268324701853
124.0271505458276948
124.7898028873721472
121.9314925351742431
121.2795792114360438
122.6899488785572032
122.3006085649513182
116.2765001850407600
125.0216503596428765
132.8384722887143141
130.7601847484685891
126.7116552212722098
123.0764167842485222
122.6666946245131271
125.3214323994867243
125.1615864399783078
117.5212017439341707
109.7131764955820756
109.6228036539992559
115.4179102031227586
117.1325751411311558
115.3211071134730048
111.0607555234148549
112.0896082728382055
115.8865920796431510
117.8897673701927715
117.9499922403589522
115.6406529521825775
115.6520731947805132
120.5304456698426492
127.5312391883510941
132.1833684947280005
133.8613037752567152
135.4757722528524937
136.2072137100935265
135.9534444389171881
132.1184781439254721
125.5854625426400162
144.2290583203522090
144.0804599447440637
138.9660548057952383
136.8557392907087831
138.5748163264221375
140.8566419177078899
139.6424243417945661
135.8749891310334021
127.9297751890458699
121.7983764797494928
119.0412108173941874
117.1958132075109518
116.2784542169808049
117.9209878397729199
120.2629709301679384
120.9024093746439092
123.4027587960827361
125.9619247607694916
125.6066346426204348
126.1213941671959162
125.1158992303497257
129.1089052897573595
134.1732206805030785
140.3019877855095388
144.3645203901582477
146.3052836496738678
144.5071318918759573
142.5883103791781252
139.3958057973401594
135.5016122228179825
159.9993477032511464
152.9805363196502128
154.7050336542038167
156.0198481657364198
157.4182713876169259
153.7056720254823858
149.5527180002159469
145.1751616216896252
138.9738936533798892
130.6588667040369103
124.1363019515197266
123.9920288344260229
122.3725665105016276
123.3326847188010049
125.1275289334438696
130.2737043276163718
132.2514370206183685
135.0260132618257671
133.5038413833862592
131.4763740366199443
132.2592877610188680
139.1935748497269856
143.7066741374406433
144.7393485146655223
147.9223528652554478
147.7859301188529173
147.5252839997370984
147.2579911120300267
145.6839106922456324
145.0413223142046490
175.3776137786340428
168.7962197240930209
171.5396742891652480
172.0495098700082792
167.4577511215492507
162.7826928769016774
158.8493853682445263
153.4728713137356237
147.9106521102875149
138.6820882418687688
138.0117039680631592
134.1803680625042432
130.8227888897538946
132.6374620049015505
135.3997570570898290
140.3929344679832525
144.0640236976965696
142.2547987458549983
135.9124876178600516
137.8872179474101927
142.8566940398414999
145.6720699259927017
150.5959599577317931
151.6247877348751558
150.8789975710799069
149.8194670437448224
151.1761639606484380
149.2213101243814606
150.1919733251535831
154.3123756675347238
186.5511922016962956
186.3758560563040874
187.3757997944321119
183.8167974275619656
177.9504262194155615
171.7807117657483786
165.7791127870972332
164.7497465905467777
157.9472020839262427
149.4435643650454608
143.4590300855614373
143.7524571752268514
141.3027138799917850
143.6344132644304352
147.9344499651683122
152.8547769012894548
151.9605616207695391
148.2759440301528855
143.6777504974875228
144.2359621680036810
148.2035939247541023
154.8457972901769040
156.6419082545137940
158.5910013256600166
157.5029568984853370
155.6443028569991043
153.0787822916531411
151.7332521168189601
157.7382935242875135
163.2160444839350646
196.1938810088233822
201.6734781138855510
200.5565370898848414
195.0269412424484585
186.0478872929427610
181.2690244955665548
178.4287910555926828
178.7657666951103863
166.0459623552540620
152.6562119169154244
150.2155135973556526
152.4811645795991524
155.4866134021864070
156.5984177573037641
160.5784250855244579
162.0521505451773407
160.2423721424095220
157.9051394798910621
154.1429199673366668
149.3674991988215197
152.1218666260496093
159.7559393013675617
164.0646559511429814
165.0165384437684963
164.1592368123084498
160.3579370438748413
156.8659016229375993
158.6697977865815972
162.4424173241590097
166.9300438806540114
204.8099305733617257
211.6123770967915902
209.4088091125155415
201.2690733384638406
194.6223864170057709
190.9570712426313719
190.5053893870432375
182.7346799159884654
168.2298696268287017
156.6559226794834672
156.5566145301275185
163.1111355797207239
165.7155420023108832
169.8878114103738142
169.0951773189579512
170.4519280710129863
171.5472690745731938
168.6836039380695240
162.5576815990006594
158.1516917582669066
160.7377910816028077
162.1369895753418291
171.8479676063556383
171.7963902084667325
169.1558522437696297
166.2030353242854801
167.5238783638677091
167.2070803468033375
169.8279873308476340
175.5146584179160811
213.1899177109493735
219.6542951928389584
217.2715482358352119
209.7036804195695936
201.0757951361535163
198.3149018892696915
193.0281034063122547
185.2427450416262218
171.4281785813569456
162.4721999882098373
165.0765645169723825
172.0003430119922996
175.3096760664761291
177.7777818930215687
179.3347612480132511
182.0978914201741645
183.1941533495254362
180.1509185437797669
173.5202249365969749
170.3537352205057971
168.6776076079099198
169.6215968944082988
173.6221644031648452
175.5030830489222922
177.7185191126118866
177.1763778711328996
175.4949553835904794
176.8594379634525922
178.1019752797949991
179.8489320408416177
216.8571676778188078
223.7865038678627627
219.7481270513052891
213.8041303202090262
208.7617906263606358
202.4572914531434549
194.9745595876437960
185.0916009973219616
175.3793102511095583
169.1898525058151108
170.6412943438695038
174.5929427294608729
181.1946753334669324
187.2435817312264135
189.2578465399894014
191.1042562504250100
191.3946266589404104
188.1948277178193791
183.5102495916604823
177.4427911427591198
173.4882427806990961
175.5522268030364899
175.1937111566192584
177.3537375968336676
179.4841918626221400
182.3185808679625666
180.9190441419817148
180.9651576011640941
180.6258233878301382
181.1679755083192163
217.5042402347732775
227.2442914642288088
227.2015902835431120
222.5736815060751326
214.0314077179235426
204.4731311523618729
195.6794467571781411
186.8012013795699318
178.6081065017224603
171.2710210655025662
172.6365065729028174
181.1455484550669439
186.2231514775447465
192.1866861429316486
196.6602382661102979
198.6066797959503276
199.2315510649553971
196.8810628381525021
189.0463475123596879
184.8242645112065929
182.8820749484950170
180.3804592795566748
178.9751132911611649
179.2316218210774252
181.4976461669302239
182.8941013921061653
186.3010484542881500
186.7930597737592109
181.2633341519585031
182.4165008909204744
222.4037305151792907
234.9506341002593217
233.7283897969463453
226.4239052595602857
216.7263079991047334
204.1727659089709164
197.1944846341523885
188.7962196648573467
179.0742153972835240
174.8993849467759105
176.0667759364828271
180.4239757026089706
186.6497934947794022
195.6854181421263661
201.1420721894284043
203.1931426714838835
201.9218998235320726
198.7696969149305346
191.6393852881657551
189.4125767617423151
187.9556745039577095
184.3509706849764314
182.2368198298876791
179.6508724413454843
180.3895001149877544
183.3051467875349090
184.1640266266016965
179.8743531089151020
177.1685463667598697
182.8722235383607426
215.0632536017845382
239.1862237589750180
236.2458250597902634
224.2402101041857350
210.3255818594530240
201.1526003026100682
192.5044125064081015
180.3146143220430417
169.5893304715683314
166.5023557801669654
167.6017651068291912
173.5308200279035304
181.2133188753162756
190.6223463637602435
196.8107888561731897
201.9356218295455676
196.7447129850924625
187.1250206507909581
184.2355210496789937
183.9365038846542859
184.2553881757216629
184.6599654260671741
183.2544265508726085
178.7487589465144140
178.2176485141042122
177.2600598832268872
170.8915707358490295
167.9768610286424746
173.4649515568889910
175.3997144957505725
202.4855456096009050
235.7328990363487264
230.5843416873029526
214.7941671901854193
203.1310413002265136
194.3956687796915332
184.9148313254337097
173.7356133868518953
162.0799965852821742
154.5351586516837585
158.9310178125380730
169.2325768590737880
178.8936641229066709
187.0008000073306960
193.9597351303249013
193.9741055244166432
187.2094934533643027
184.7332963217376687
181.3589445157890054
179.4246923034381211
183.0347108533927951
185.8246057645774272
186.7906828426705488
183.4302786179728741
178.5652171457521717
172.3325572319683374
168.6672189660127401
169.9767077564525835
169.8747893973101668
168.9078292257121063
194.4166906411471132
233.1369672359764706
224.1729181948799692
208.0018174457090367
197.2657514368484613
192.5044881071398208
190.3290863261256050
177.0782279700754316
159.1798839796232983
153.6346593015189228
160.9361850933437381
172.0731522190069711
179.4027976516607339
185.8446126752839973
189.3133223013809925
192.4773172918946784
191.4691485213330111
187.0434980215858332
181.5514420089245107
180.2524212466263975
183.8465822258931439
187.7216474849473400
188.4262804695810587
187.4502955388039140
182.9051358540673959
178.4750107441848570
175.8785617261600862
172.7541129367867541
170.9103874758463917
169.9492786512810198
187.0611608250381153
229.7219851419335441
220.0424816002195882
205.4254173825371197
199.4432376315901365
198.5247811685884187
193.5710831757946551
179.7096322758987981
163.2858138877387830
158.3995815873984725
162.1599363390544113
171.5534936631778464
179.7519236907220375
185.5974848395798915
190.4570892519583936
192.5590257569714367
192.2691911464236512
189.1593022516618134
184.5748670830467688
181.4381462091618573
182.8877985336095264
186.5059967770583569
190.1994706664659702
191.2759594146172617
188.3588092930766607
184.4322347883996827
180.7749154032655099
177.9670608273467280
175.3807709600130522
172.4985089376916676
179.4975913146056428
228.8157827491667149
221.0685410298730176
206.9571286891559794
200.8894895994984608
201.9401146152228534
197.7336118504438218
184.0397211689405594
169.4075572745374814
161.6812040242076591
162.2991534945686851
173.8535819974900392
179.6549568778426647
182.9588098467501709
187.8837652134513974
192.6406113986785726
193.9656487075471887
193.4024326462000829
189.9951968009133054
183.9640160030440086
184.2690815027125666
187.3157848065404778
189.7501118957872563
190.9997578785509518
192.3652201454810893
189.1637509978592107
187.7493109416678294
183.5510056221693844
177.8518574740912470
174.8297856942486419
176.3441151782160432
229.6412218152227638
217.5497114713013787
204.8830985740673327
202.4757198099138975
206.5076465521717637
201.9852194179194953
192.2779908339448980
171.1490935906699633
160.7614571510303847
168.2483588208410197
173.8574062116734353
177.0391051902246318
181.7592202065558240
189.1552773217408685
195.3053178642048806
199.0432321392783308
196.3080200175365917
187.5249153604452772
187.8377892489458532
189.3342853450916436
187.4820385982786775
189.1333512432260306
192.4237600468222809
195.1950168877163492
195.2315455997498077
193.5324571213784566
184.4087889700978735
178.0615235122844524
181.8513801015346587
173.5093482210068601
225.3794993341708732
216.3437808250056094
209.2524814975370759
209.2577573629198469
211.7821540124110413
207.6784735062462062
192.1887034133638394
169.2407833961075312
170.9032524588435251
170.2533586058952721
172.2875728821258008
178.1618782434156572
185.5912679989656340
195.2750167729616635
199.5138311794784158
201.0796638682685114
193.2246730657184912
190.3011398997377910
194.4759662803616891
191.5499692013132460
189.5305665422595496
191.3665213575488337
194.7081104339866613
198.9266612579662024
199.3147716356461672
193.7163044709957660
182.7708844753356345
185.2277338308446701
185.4836685624556765
179.8679966877240588
118.8565290723487067
94.3143314489096554
97.5720334251835766
114.2617591082555180
129.1460272088054353
133.6700113524593689
134.5259978908947005
130.3270891878150053
133.8023614934600118
140.6122079685888764
138.4818766416593405
123.1703968295902314
117.2328682070378250
116.7545774127344487
116.5843312030500414
113.4526303248203760
112.4894320388665676
113.7879370332939004
120.4653807057056412
127.3356842819784873
124.0001863412520748
121.9556703995466904
121.6052272285583342
122.6107712474067455
119.2274716175341496
112.8654570255147291
111.2995095757063950
112.3199839111094036
117.9492661015223973
127.0259904615789424
53.1621494808355379
69.2559028422186742
99.7355212282288619
117.7601281960950956
125.2954329990242286
117.3544111177646414
110.5339699974018544
119.8420992854808702
148.9189125967509142
151.1928013254803886
131.8315072211148617
125.0837026925135262
118.3701720847111432
113.2106298148946735
108.2760531890837257
103.9970502710395692
105.0516359202991055
116.8785410862733443
129.6915157395203551
126.3836675190574965
128.7869707250781346
128.9018480322865230
126.7746348095261197
121.2119553353545314
111.8981911307833172
109.1079598994783595
111.0016614183596459
123.7601334550905960
123.2578804722304682
137.7026183890779407
45.0443966215936484
70.6397986499742387
100.1475398738159299
111.2577203583574317
105.3117363639837976
96.9290921382735604
102.2847188397868479
137.6503269123175812
155.8576555946233100
148.5228088609834458
139.6336010602235262
131.0461437322024665
120.3014557598320664
109.5000217697105569
98.1147153446409561
93.8004962578664561
107.0404280010754121
125.9424368082660521
122.0441215360672942
126.2360182504025659
128.9000653421783795
126.0248586366120378
120.5292748893332799
114.7596548319549328
107.7042162218282897
109.1010412378599028
123.1062085150997945
126.3960255459741262
122.2697606079330797
129.6595565248826460
42.7681275843656294
60.0865507430188188
83.9342972511276884
94.0436845347859673
91.5139008876307685
94.3402034500231537
120.2240883783593688
142.6312082283006930
152.5513488989361406
148.1031580061469413
140.5741844935234894
130.0801635148381195
118.6571842030778043
103.6341699586846516
95.8043461639835243
101.1018676170388915
120.0752695866060265
116.3882737936455811
119.0521090366032126
123.3742125246468362
120.7602962137047768
117.6725575511714510
112.3561549700613256
108.2273535196479770
110.2891212961951908
122.4223379085642023
125.0135325346573154
120.5262619804793189
124.4124202906036771
102.5441369725346874
43.8276308506874557
52.1957126652785917
69.6551439417316942
80.5435635843385569
89.0448475011466911
100.9383712351626912
120.5384104789487481
150.2702494726811437
155.7111040977617051
145.1178198444221721
137.2472711983429292
132.3442334286978053
122.6498194797677286
110.6927860745344674
111.2602219968589736
117.5223696331593715
114.4151644791498654
115.2360168970285770
119.9866385432033979
117.7380883639234384
116.5541409419915624
111.7188888552995252
111.2663098179553600
114.0385528178264281
123.9492406224563865
123.1928510248259840
122.5913932067185783
126.2317848881575912
126.4262762485165865
84.2160253553903431
52.5409677067098215
58.4213577722046153
68.3644472179987730
80.7378681239348737
88.9315959624888848
107.1908775327365220
133.2965505792720364
153.8853985212773523
147.8839399375806636
139.8304079203795141
136.0246088130273563
136.2231162433515408
136.4353873121780794
132.6895746133165517
120.8892895547028132
112.5069833474620964
115.7976389881976900
122.0356606669622579
120.8777949303758703
119.9123425540382755
114.8910242865180891
115.9026999228081110
116.7359039051343927
120.7255415582071976
123.4033126323889178
126.0459467102119930
127.4216651417709159
129.5864996497926711
131.0012478272210785
85.7190831251704708
68.7525637559132292
70.0341340994445005
77.5124043319731868
82.3016419880597709
99.6607397327404385
123.0571182822684904
139.6427371841596710
144.6136648147652011
139.7591542043073218
138.0538359435362281
141.7503643947407568
147.3478917717114882
145.2041774021496394
134.8066391818870784
126.9191109771977466
120.8360612133351992
118.6226051528853418
122.0969776208121402
123.6870179816362736
121.3512388127911095
118.3627850395223504
113.6735961834711190
116.1630092820938671
117.4459690289862976
120.1485389807182003
124.1293642183920412
126.1442494500139162
128.5761599235250685
128.8460022181731688
104.0224785686994409
82.6889906492884279
73.6621755589949316
76.4273422222202328
88.3689543605423466
110.5853974348120801
123.9103239094205122
131.1206549091239424
129.8995859716891346
132.4492697770591576
141.7060657050421355
138.9673981302433958
133.3395012395411925
136.4768819761282259
131.9913882813361283
125.3450154996287438
117.6439607703691195
112.9420283663810665
112.8803455896307497
118.5138480809603720
118.0764914834598045
107.7139715952619667
101.0191341700640493
101.0002849559706419
100.2445846790332524
103.7185800640710340
108.7741752242947655
114.8149219157585037
122.5464946099733936
127.5201751244520523
115.8540225533670593
79.8761133365770917
69.8237325003418476
74.0697724674967048
89.4886491534724371
103.8692576343935770
111.3994643320469606
114.9574432535860637
118.1211337096719376
123.9460596412061477
126.5240009406647488
119.9979476231297042
113.0884146250487845
113.2783073666733173
113.9839723400703519
112.9890860332481566
108.0757073770644752
103.3984466355512950
102.7948180480103417
109.1491398771635914
109.1289889698203837
99.1362973835454824
88.4350339280423441
82.3419943733565418
79.9673202667113117
82.7627926122717810
88.1525448187565388
93.7764955756699408
98.3756855692430463
110.6784492852207080
101.7246087415977200
90.1514504590545158
85.7381683317421732
90.0473182820803402
94.3250640156917655
96.1956911786989082
98.8756415875068910
92.4663643671660083
84.7054686862181114
105.5140440592600584
116.4298080460233820
108.6413214258738407
104.4447898126697396
105.3722244360996001
107.7295068195025465
102.9440037476456098
96.6978206337908546
88.1337659433517757
87.2536743865413342
99.5679861929141623
99.3030344121289943
92.1300608223097868
86.4249222434554412
86.1492890771576612
88.3697101035189263
91.7664578228447283
90.2625184888983227
86.9217555210352515
94.3825389197617710
105.9384491956176362
95.6879911138332488
119.8649605825366535
118.0912017093198472
112.3161686211463177
105.7470509600616140
101.3343297990986827
94.1283314923268364
84.8895557922171804
87.3697372075200178
90.5121181688985246
88.8279898301394155
91.3620053929178226
100.2596817167325156
105.7230726337424471
105.6216027376930526
99.1685487040736007
90.6974686700928743
87.8460103725737440
92.0485272276634987
92.0896458667752142
88.7014182886542812
85.6866098431328709
88.2621490916073412
93.7628491389082797
102.4415120253764400
103.9266417999039334
170.7443416283720694
96.5068778620787384
108.2833593584850576
113.6776435120278563
108.8270778955237432
134.5722968903429262
132.3446013747401935
123.1774762027500572
113.1770337570231391
103.7480204360556684
97.9464150208568611
100.3973251522926802
98.2907177706458270
94.1626143079814426
88.5633434637378656
93.4541674938471516
102.9682140285788705
111.3336192529318680
110.8790104863969788
104.9893919084219078
100.6697348650174035
103.2083803506540391
104.7536583594153115
105.5625665288935409
102.1005096963097571
99.8141644803172596
100.3736871484042581
105.9639418621667630
109.9862014120134290
112.0906006673691166
118.1599398906222547
121.6358784636471739
125.1353895193730494
127.3264147145257112
127.4736775268376050
144.8881010327630179
140.1073840621932902
127.1434492813073263
116.3951524713223193
113.4274490416839001
112.6270261875146446
115.4791477396068444
117.1901294616864675
112.3473336393952309
106.9061152918189350
107.2919094633113843
111.4301436548872886
116.8004687023571648
120.7465947201672805
117.8666535783499398
115.5656529408510238
115.4163459745161049
118.0747949222088664
119.7161296202726106
119.0958421696256835
116.9843245625305315
115.3148160333389143
116.7563320382022596
121.1053057103231225
126.7510298425852540
132.3265896743488668
135.1519153890320126
137.8446927920900009
137.9100476358682670
136.2278537361609665
147.5975717870059611
142.0791557649343702
136.3517592294063547
130.6278113392519913
129.7613795533748942
131.1106174783674305
132.5750815519024002
133.0259830908534013
128.6865582219578243
121.8480938505487359
115.4663901027164457
118.8856962937018551
124.0665430395077919
127.9679170811780580
125.6455793072666580
124.1028708521706108
125.4603891870365544
126.9088423348142669
127.7638364222261202
127.0176615548726602
128.7034660307039076
126.7899690087676845
127.0548709918713826
128.2571410287769709
134.0288145033032947
139.5148329152945905
145.3663308108312719
146.1246480775407122
144.6242791055406087
147.4810942827891722
155.4127482900286736
152.9789038086266260
149.7553186690963116
148.1564338215007979
146.4180223657407112
147.0344485630045597
147.6814296357856051
144.2889916670447690
138.3470571316720736
128.2745904796707634
123.9592121997865632
123.6881662761387304
124.7341595934244936
130.1226858354698379
132.1997259599122856
132.8561218713300036
133.1687165154475565
132.0877810761835747
130.3964271362358147
135.8013155579732825
137.7321087748501895
134.4914335510196963
133.6463983852210617
136.4406491989851702
141.8752144262069521
147.5444352945336277
150.6952482311095878
149.3661748758654824
149.5951353307385716
162.9535722499570056
167.6334465566925473
169.2726308408857676
170.7172679484833964
167.5002015366204091
163.8960506785347206
162.7271679812103571
158.7209753479638721
152.3346851521533551
146.5465753142000835
137.5615927293227685
129.4322523881539553
127.8613743302429100
129.5598762907064838
136.2485375359950126
139.9074831067102593
141.9538523843171163
138.5244501307570886
132.6070240556115323
140.8869470894035203
144.9323665465763895
143.8390425526009437
142.7312534051638977
145.2722321024546943
147.3844344396843553
151.2084460057519948
152.9832560433122808
149.8777171585662416
151.6185609125420797
159.8669882098380128
174.5411210762530914
183.9284279933709740
186.9861417234353382
188.0504412426913348
182.3213847550073865
176.0605737731156353
172.5893342024858441
164.7886344107948275
161.6742683815525368
153.3515793756669439
144.3539742632339085
136.8763643604215190
137.2846067133081078
140.4801488708921511
145.6421975960942063
150.3355293677261386
149.9301829000638691
141.7803844298679792
146.8831250038623182
149.0672968053717966
148.9094286492517938
152.7010393772132488
154.4818727730810224
156.9497750183255391
160.2951498661770700
159.6662563872986311
155.4669384796097518
154.0313045611920018
159.7896979671820645
165.8777360215460988
183.8937334455588655
199.3775510383735536
205.4995158337886778
202.7199926048376710
193.9966238062268076
185.6512220031495417
180.0720550798441195
175.4333510904705236
167.1043082941148157
158.7355125281273729
150.4888612865688344
148.3255621574500083
148.8955091275801976
154.0417408651483981
157.0855330141922650
158.7240781574317907
155.1130168893517975
158.2067397976458665
157.6780371160213008
156.3254227242460388
156.2840858917418529
158.8874534148129669
163.5455230446465862
167.6328872720888796
167.8834582180995767
164.3387371529847769
161.6197116343358573
162.5160765238844078
164.3618864125645871
168.1356844589861623
188.2419894674598311
210.8843844389338642
214.2052741075459892
208.3773202494519978
200.3999986063489018
191.0577885655976615
186.6435093542534958
181.0077446859292820
172.2916935255944679
164.0182887564087650
159.5408696299711551
158.9430280589053837
162.7434240581139022
165.5443928016823634
166.5152390386616617
166.2842014756570848
170.8893908158688077
168.9690280639650268
166.5156027223055446
164.8485476159510199
165.9423979583218909
167.6192469530392657
171.9405616774160990
174.0140925669914793
173.9013019177271246
175.4880737167005691
171.9796624829061216
170.8511876495905142
170.4811047507639046
172.0645003825003982
195.0560828707709788
217.9466214493020289
218.7553413479818119
211.6215104348179636
205.2488485808788994
199.4541482013145242
193.1116832192175821
185.8297448066170432
174.1575452778687065
167.2388097436083854
165.8795723307351864
168.1053368599947362
169.8235033052123129
171.8079402699988236
176.4963606356940033
179.1632472654274295
180.1597225359162451
178.0979657036167509
174.9214514603061730
173.3975432007905511
172.8201315431487899
173.1712472668988596
176.2072817116437022
180.7714157953095651
182.7066380548261293
182.6870918679189799
178.9267206905389287
176.8031846955923356
174.6971483185820091
172.9861733730091089
194.9471689316206380
218.3391919187658345
219.9971808944116560
218.4820769568050594
212.3713455147201330
204.4288334373693488
195.4657125598420180
183.7381540079960303
174.0104091534831241
167.4041067948430168
165.8603117878906517
170.1924504834832987
175.9290519921419218
178.2141214657285104
182.3399888220504579
184.7002666623750144
187.3259842069134606
185.4663044157724698
181.0623510101615636
177.3020073520328879
176.1582986372411597
179.4837379853687480
181.2922084259099904
183.8796307923122697
185.4377209887291258
185.3217706387395083
184.7373544188019991
182.3184003947856695
179.4166791174980631
174.6998791493265060
194.3729435265607322
224.1155108991232794
227.0626419773035991
224.0409152096367507
216.2666160949599146
207.0346778713483218
196.3285542905540240
184.1275278806669462
174.7015565494858720
168.0871218402123191
170.5512254087814767
171.5326867081646469
175.9854327054563612
180.2160078527127780
186.6523221123372309
192.1776629551731617
193.9679519656754394
191.7411949952149257
185.1405131282817251
181.5895397153564090
180.8401553105140636
180.7136056236467141
182.8176644970826885
184.2398474880500601
185.3181939052367397
185.9718156061148875
186.0518631378099599
183.1756358643219187
178.9808611011097810
179.4445204093229336
196.6716088464881125
229.2581446563913232
231.9946530761990857
226.2979809826195492
215.8475210630842298
204.4442162298664698
194.8666293917539178
184.7005743987778601
174.0217428731122595
170.1383839187172953
166.8189991033425201
169.1370534824948209
172.0289468401474267
178.6465601365977989
188.7126028426390008
194.0834787858304935
196.3442380610420344
188.3085036746643937
181.3546231783337248
182.0678396016813281
182.7271567453629473
184.1156214433785578
184.8711814200849801
182.7400810476667630
182.3221911119115362
182.2027035495818268
181.3356117162388728
175.3525404765831013
178.0561428489387765
181.1880659555431521
193.5684205922409546
235.3428677001174947
234.1544129633994658
222.8619003561275917
209.8597160851418835
199.7463075653722342
191.4564283164611709
178.2443139753978301
170.3812359785043213
162.3794059446175311
161.7007662422880685
164.6957843260179573
170.6274259287643815
177.1591907350627366
184.9854134523628488
193.4852227020404030
188.9962067617237835
180.3950079884172624
180.5654645404598853
180.3088456292592241
183.2350373150021881
186.0335608461850541
186.6747767770856967
183.5438583636250769
181.5045271222894883
178.2677436655557983
169.6255757943638400
171.5155320305680675
174.8541249881822637
175.9639143114467004
188.6268722052938074
235.1178482557135965
231.9990462604085337
217.8591983221422197
205.8524963600033857
195.4894836852652418
189.2553615136741882
180.2085384532020953
164.6326737287509161
157.1738267970804372
159.9507445981237765
164.1686704952374498
170.7999825498173436
178.4575271020884486
184.3847469859748287
186.8601916102023210
186.2542665174066201
184.4055636843835373
180.8195694761431014
180.1440373858058024
184.4275087812824268
188.8319301907669399
190.8224606272346477
188.1790390251097165
182.2887405988302021
177.1692244430672929
172.9635262739383847
173.0871228580271577
171.2406066851819730
171.4804857494425221
185.7138010128614667
234.3841376815543640
228.7029618688261507
214.0724625691083816
202.7410160658395171
200.2302927877773584
194.0544984272684133
181.6646821819094839
166.9330470704259142
160.3970825228254569
162.2651645679357557
167.2335406535439404
172.9250043810036459
176.0464457156993490
183.4063332085022466
190.5964912632677510
191.3687143353906777
186.8277768772777847
184.1868209525628117
183.1420385635905745
187.2864587267450531
190.4071956346260492
192.9036358315430846
190.4531464670293133
187.9477281061337806
184.1253694023749858
177.1363081381535665
175.5120535645567088
172.4057073347950677
172.8071311467638793
182.1302822447953531
232.0872110847705869
224.9816970058492132
211.8146047107532581
205.2766160582841337
202.7562305159854077
199.4558951228935939
187.7810574144551197
170.9871027167935154
163.8659880432214209
163.5179900174495913
167.3539738002926356
171.8998217636357424
177.1225243560387810
181.6490032906164345
189.4466308178605232
192.1266650064957844
191.0206613751954023
189.7762936498045008
186.3564565927724743
186.9360129082757283
191.4710575014948972
193.9916829378007321
194.4844845201387500
192.6649429024428173
188.9332157022699334
183.2151783251408972
181.0607992428111288
176.5702359146075651
173.9952621585744055
173.9613249450991077
233.1786219968094827
224.7871049151514171
211.1193893587659431
206.4213183667359033
205.3321665442807387
200.5758170995930811
192.5967555792443875
177.1824748302896353
166.2005675197520986
165.4769019456561523
169.4069077834348320
171.7733892280453460
174.4801180770741098
181.8806996666246221
190.4680351518150871
195.4822705208454465
195.3921475651173409
192.0733280897239297
187.6138879389512795
190.6021423652647400
192.6420636855044393
193.1023324849556388
195.1666127799632591
195.4274712601054489
194.0928199803273628
190.4454422267091900
183.6089928814113250
177.8752330779557269
176.8283558537048066
171.4003985401606656
231.2515678135686130
221.1688119260802239
209.4752239402693021
210.0319768608621587
208.9742990583291657
206.9880880756245745
197.1977859217117839
176.3727389998236390
168.2242608382412072
171.2097102049885962
168.7793730043725589
169.5918901057982850
177.1463592840782724
183.9834069430563090
193.3593391210566779
198.5269262301641220
196.2997345843104426
189.7100895743598699
193.7257485638302228
194.7635131670559190
193.1174702703524417
193.4800191903793802
196.0105313303543824
199.0068387340233755
198.5926400684549549
194.6373566970461866
186.1788010061996772
180.2966813479916652
182.5619756728080461
166.5646650842736562
230.1833196430631574
224.1168942011952936
214.6287643322024792
212.0525786904225356
213.2747545157091906
210.3035635117373374
194.6321834645730178
180.1457710231131841
176.5328653406402566
170.8123320214379817
171.0896096485953422
172.8501126203149738
181.3297386643637026
190.8857358029062823
199.9329909101975602
199.3667006099944388
191.4969312539093949
196.7300566446208450
197.4598752531064463
197.7258310830933397
195.8110879265905169
198.4775428065436245
199.3093673956779810
201.1340527981330411
200.7596259642161272
194.3600887392972822
188.1549050074226557
187.4883269843008406
185.5524548097062620
172.2291878434377566
99.4340023659167684
87.8878638284921578
106.4326673545629234
127.5313846903993351
138.2624220993059794
138.5010720902332650
130.8028254472901040
127.2618668790462095
132.4605989304106970
142.8982018269739456
131.7484703701135800
120.5222180151929479
119.5422084045728610
116.4692126910268541
115.9976399303923245
113.7262430574259469
112.5804449231568185
115.8814926466011173
124.5764786658628509
126.6537187218252427
122.3365918313871390
124.7697550360591521
123.8224616792016803
122.1481831118564116
117.7320344189586478
114.1567616412528707
110.7445052884740448
114.2829463145635884
119.9971420312110837
138.7984485262775820
59.2129217996623254
81.3942836435501533
106.3188935075892232
119.7692509962409986
122.6866920528194385
111.8535227778071999
106.8599625394879524
121.1220781152543253
146.3384871997984078
138.4344482142359141
133.6366547779899747
129.2191295599648981
123.5497987634358878
118.0130430039037606
110.7446758527701434
104.6223322645638518
105.2259525732688701
120.3433504760668740
125.2421733755706441
123.7269381699574495
126.4315036508572518
125.9372294977694224
123.1465552670924382
117.0350148821015779
110.9200623313884648
108.0569518773977933
114.9743510811193659
124.8501080964045968
120.8254563488191309
147.2230783374350267
45.3065072864032601
72.6470469898267481
97.8675524015039144
106.0640986396741710
99.3824414920555910
94.4358129284910319
105.4577955220737806
135.7500461780360865
143.4380967248507091
141.0079850739441270
137.8088992189580893
133.1649046638013658
128.3343942359630034
116.0797008024385519
101.5133428918807823
98.4234862543999895
111.5583077017257381
121.4852671343027168
118.6166877674363036
120.5389346977674450
120.4754697705790250
117.2510190728579573
113.0781975290745578
108.7094871899593613
107.4010263754276195
112.8030129154185772
121.5084494858632098
118.7055269074875241
122.8739529739818863
128.7293801786509846
44.1143849576100280
60.3376947231808458
81.3115421504386546
90.0980636467892282
90.6528768013879471
93.8726175755762142
114.0882133756342682
135.1335282811688785
142.2326791634478695
139.7606694821396900
134.9057535922540296
135.0387240570001381
127.2477413561277046
114.5635967474197230
106.4315870112165072
110.4202579728831921
114.6507849345102557
114.1384292475023869
114.7780398358480056
113.2365989234404822
111.0417728508498669
108.5902795976230806
106.0571226756932219
105.9752497972042136
112.1602876403972857
119.5660324783674184
117.0720074807242099
120.0825952504660421
122.4447756648202699
107.3913691710362599
51.6575380040836620
58.7824599934482279
73.0391304794224112
81.3827729792695038
89.2337211224809437
97.4699225407992458
117.4811724365746386
143.4666913120468905
142.0233044340670006
135.6363873643320517
134.1862726491739011
136.1125787617121432
133.6082064510957252
128.1554192691025378
123.3924442720393415
113.3997784132959055
111.4965754577553980
115.7513026708541588
116.2569991926790465
111.6143342457322518
106.9674986066328159
106.1155769948625078
105.0232580603511110
110.6659514242695934
115.7115426742951172
118.0135026722234244
120.2871445345965356
122.4504768668639514
124.4352870701120963
103.1783038635052066
63.2757882069489312
65.9091197726725113
72.2309720292316513
81.1765698112030378
88.8120334817852211
105.4589069732463429
129.3441080398560530
139.5570064685400666
134.8340711919745161
129.5805467309207017
135.1661786616451479
141.6177118466449656
145.3128906115012740
140.2937420851319246
127.5336667447598131
117.3031334792129883
117.3575920040136396
117.7706014731136150
119.4568634222546706
113.4479819567280003
111.6050453777043572
109.2109796161304871
111.0060187525399158
110.7292506664529128
113.9224510635494596
118.0095267379322479
121.1012614034318062
124.5984425988943087
126.0363480696322966
114.3619565013224531
77.3530243316978812
71.1176982995114031
75.6630867914980456
81.9123180105119388
101.0387562690742982
120.1800211563382135
129.8719059872159960
130.0707144902085304
126.7086288631747806
131.1323577963381126
139.7148184012331740
146.6409828437245721
149.6060928172513229
146.9151623472710071
137.8723174688731206
125.7721264331767230
118.0814464724934680
118.3631311002255586
119.4318070420015943
119.3714496214350760
114.3672360094851683
107.5783244256235349
108.3392974340469692
109.7616349580404886
111.0582916568159959
112.9290104701427992
118.2920995677297356
121.5387487683423728
125.5846118574084755
123.4016653253163440
75.1534217980534152
68.8422881108880773
76.4245984594923868
89.5142204244955053
109.3499559734378010
120.1387745937773133
123.5897503270903712
125.0573180913227134
180.4604040707010597
155.4992621830688790
127.9087516559963120
129.5989667843700772
137.5242924250538294
140.8939298784851815
136.2180762379881571
125.9928954387177953
119.8580647356603777
118.2975969770369602
123.7343971012532791
117.9652697362128322
110.8795768473821965
105.8784745992297900
102.2349764376362771
99.4660599373600149
174.4911749968776746
115.7203226031530079
118.7603135942878936
130.4406684783659784
121.8685695278315109
108.6678974897451155
75.8968288497948151
71.1072763924438647
76.4296300439038987
92.5149910580502421
104.2692545725369939
112.7945212323452182
115.4405311191961800
123.8481551661688655
118.3989809575489573
155.6950092190315615
123.9802022200143057
116.8211246831034202
121.0061440244684263
124.5173275112106097
124.2411455224058727
120.8430320195010665
117.2662004868399066
119.6939706061763360
118.2284037747879495
113.0947372245851028
106.9418079639042531
98.7733007851238796
92.3895863281038459
100.5425440797466479
96.4715728646451538
104.4975457459933068
107.5359586743522300
121.3425735491445607
116.6863869018539788
85.9007659026628119
81.1279476631616774
83.9127939695287921
90.1562849728880451
97.3050583709291601
101.9976244765414748
114.5422825701235183
87.1872185669821960
102.3024673494878130
157.9388689829553982
131.9674581320381890
118.6963199174861501
112.8796576630431332
111.7704581489112741
114.3943943108780559
112.9559219561475913
110.4482153519555823
107.6550365338082429
103.5971906696053395
106.2363692769630745
103.6087895034006010
96.3921989267120267
90.3479072260887790
101.2692598243089748
95.2412066366466092
100.9802046073448167
95.5861155218960477
102.8596188515856511
85.8456888188772780
105.6843641390624953
96.3789779710749599
108.1176199636078508
109.5887115947433017
107.0037332317358789
102.2418280293519501
99.2700516522337608
96.2113403139915704
82.3065654192846239
140.7798012279658337
89.4702468553820154
100.8210793699384169
100.4425479959841425
106.2083241088015484
110.6335222540248253
113.4569446718180075
110.2983910806422756
102.1552496057995967
98.7417739864452955
99.1002999770680049
101.5485274740360353
98.2900399032003520
89.4474859670518043
82.2980766156374983
114.6132515860705325
114.3235667816405794
106.3992584454531141
111.5562876681628097
74.0892557992882530
106.5493481702257839
119.5482755846652196
110.5815499141045990
134.0436590904178047
128.3146332414755193
114.4934593577562794
103.0237215612916657
96.9900819918579771
97.8458728579009858
101.0285805030430595
100.0473207301589866
97.0273523940123681
84.2403559857510231
84.7603744254304559
96.8273706020386840
111.5252052521487798
114.5904165366342511
110.4364906660017880
106.6089422001355302
100.5351519432738030
99.9025244953001419
102.5898810811617210
97.7958908580195185
87.0135774201244203
80.5968768426423878
81.2583011713429926
123.4113864385322614
78.3467693807532726
100.8131573781047052
109.2685303443756197
114.2353528768591957
121.5522333903892047
132.1325667785843621
151.7730309556142743
144.2730175656207905
131.7759606638566936
121.3602782369168551
114.9981490844805876
112.4797789502488001
118.0410826289450199
122.4717042188433140
115.3464546272976605
106.1882951753265445
102.4979241008556556
106.0839773818218816
112.1113373268063640
116.2171161537472983
114.5131724748937643
109.8141890974529673
108.2464759606053235
112.1861373080396476
115.2770132766736424
111.9753282965259586
107.4980941405184183
105.0865677448437765
108.6006048803397590
112.6214867364957399
114.0525875180840103
118.1771339279328146
124.0254714822006292
130.2762671438754012
134.4591390178233326
142.6092512506549781
159.5538474459969223
155.4198927411569571
145.6175341323958889
136.4706769160415263
131.0691191632557491
132.1790816636671480
135.1633504248749489
133.5914221292212574
125.6348432836087170
118.6700824521554836
114.3478128523589419
112.5419155124147750
112.9382885377968364
117.3471799099732493
121.0220796676077697
123.2111060753895799
123.7243469500070461
125.3817972553036668
121.6906937839765135
122.0712436352669670
125.9381826302934826
125.2775664916482015
123.9639431153743772
120.4281751991707523
121.7410677860709427
126.1418070272917191
133.2575009146187313
139.4249690141396059
139.3828994421140806
149.5603793639109824
165.5905169073579088
163.5527839611324055
156.2240390211537147
151.0515962259260334
149.4763388693206139
144.4253872899098212
142.6887808322201749
138.7895184472381231
134.3793135302987025
134.3591816491234852
126.3916930234646543
119.1660254656964639
119.6150139026117643
127.2441098143052614
131.7223443906784723
136.2988466828776666
135.8965787404387129
129.0223898813398193
128.2223934249193462
136.0093149265667876
137.5525165526126159
136.2396955880010694
134.5637960333968408
133.4064914584930079
134.3482965002037588
135.8159497408018979
137.8639898613554919
138.0565906141758603
144.9854643045571834
151.4097845093888850
173.6608085914828905
175.9643592510059023
175.7619435057135320
168.4880639541015057
159.3234494240220442
154.5857766096769410
150.5807022663306611
148.2305700294132578
149.6562959420309369
140.2345216384604782
131.6396413188271879
130.2172828176467760
133.0090579700380147
138.7403688239500923
144.0785034827894435
145.1618130741758819
139.8900754468345724
134.1449149203179445
144.5520971087869100
143.4247006208884443
146.0539745648206917
147.3551640728032339
148.9056919798180445
148.2155338252484853
149.2103765863076887
146.1787491103187051
139.9532668328465661
145.7711354814361471
154.3276355432980154
152.7688796929246564
188.8418469373817175
191.6183923868798900
187.6254803615154287
178.6426407391086286
173.1231000881037403
168.6506204596945508
164.6485153767240490
162.8444237442368205
152.0981252789730149
146.0669993893667424
142.6857647202385238
143.0449453710517957
143.3230478345830647
147.8589217886026006
150.9771428569924865
150.6442745957191107
146.5629266658849872
152.6729493265425504
149.0271412188128579
149.7903745936771713
154.3792657173850387
157.1361518263732933
160.5102441337145365
160.0417543194366772
158.3026489283172111
150.4186862920100793
151.1670068285498587
156.1962141098260304
157.8579697369829660
163.9988938206798252
200.7009408077644537
202.7598397449223739
197.1116009043080339
190.9595962742802726
185.5300915371009864
179.2879105806014763
176.8022499240885850
166.4318266217474900
158.9033866729503188
156.1754071413804468
156.6943500001217444
153.3783513621926033
154.5981475756549912
154.6636143987904859
157.6740206885979205
160.8723717665748154
162.8773117125886074
157.8432925395697453
156.4969026909971603
157.9355100189420682
164.0387372952930036
167.5773977834226685
168.7559441253532100
167.9171058534463441
164.7304444088208015
163.7575138703942628
164.4320253466648012
163.2027050303472890
164.9830691569603403
173.0970481874831250
207.8820080656442428
210.0644038452026052
206.9546105806701348
200.5690841785883833
192.7606891271070424
188.2009200529992086
180.5956824858416780
172.1973062195041564
166.8030675577246598
167.9831156719731098
166.6862600500183760
163.1893343260273639
160.6096255622342710
164.0704050787676351
170.2033737244579186
172.5215019476762563
169.2741557718444199
166.0382617564617362
165.4379361274218354
169.7142090166758521
172.6457209437533322
175.0422904043155370
176.7496397803718082
176.7626957926817681
177.5830494263927051
175.6560031740021941
173.2641810694864830
172.6199937094812071
170.9335307020174355
180.2992514547999860
214.7352202606419098
216.1717372333963851
214.0847576707532767
207.3972386014117433
202.9062975494761929
194.7561394083286075
184.8816687671345846
176.3937145962318311
172.6329713655072737
172.1382623453422980
170.6713120200862193
168.5790502343258765
171.8293896471953133
174.0858412356215297
175.3010164751059392
178.0301444616861772
176.3229733028056785
174.3132115250652703
171.9633429220795335
175.9149837796899760
177.9223771433472621
183.1720259990448199
185.3637320897273355
185.4296450497632804
185.8528952115231050
184.1644751876678470
181.0498015695376921
177.4921759374891508
174.2693844210444070
178.7128729319319405
221.0301160337961335
223.8621258121840469
222.7550229860643753
217.3829328078005290
209.4999560195100798
196.7307645004510164
186.1632800523785818
94.3844072986493501
135.1366367680940073
146.2623012715602044
154.2840562063220489
191.4557854666726939
197.1744312493277391
197.7948753822784624
196.1319574178833136
195.9353076038337349
192.6186618513963538
184.4935290185469228
178.3765657884035818
181.7306971951039998
190.5596199815612977
194.4100866635438649
197.3089199792289890
198.7073889239353548
117.7361849357759525
173.2808389988735485
175.1144255537137724
184.8061438610643563
185.4081115486356168
190.1676071056039632
225.2807353839785947
229.0112350350081840
228.6030564262894416
220.8398339946495526
210.0333846913384832
196.6730175231974727
203.6576628837410681
201.3037878813904626
183.5464222740965283
137.7532648539596494
182.7499452898569814
190.5123578627536745
192.1930401855564696
195.2190778788053933
198.0505454538840695
196.3004152808794629
191.4538843274704050
182.3383700229427404
185.3087833157335353
187.9614888262386216
190.6285072545167623
196.1790976881752044
196.7935571832542792
196.0939769683232896
177.6102531085173268
182.5464730302257976
172.8759331470618577
158.5870734287754544
189.5321131740830083
195.4278822702636660
222.5345430164849176
225.9997497146998739
220.3135573183209601
211.3508718915677491
202.8309252547309143
216.2178568156420795
210.5109278758878872
190.0933077809557403
195.2853407089121731
130.4458512847338341
185.6995665043365307
193.0642731384633635
197.1308919649715961
202.7289207619189142
203.5415329469607286
196.8016031101363410
183.2680944698942369
186.6047930970323137
193.9476376508152669
195.3862076866555526
196.8765870473419568
197.2479966154117790
194.7592584620427090
203.7083849514378926
202.8323755005728231
192.3932302647116046
185.1716875722772784
148.2936637103719875
205.0873862347091858
202.0025721203673470
230.2713942671100540
231.1695005944939680
223.0568571658275800
213.0488772715648338
204.9599440492279143
219.3069908782551920
211.0514657544275678
199.1551325589377655
129.5842594309742708
176.9362574220728561
174.8271170557423773
179.3335101957706854
188.4360164044566375
194.9364840736669748
192.7852137222943725
178.9641703894433533
181.9251592964786823
190.2157680423599970
195.3997037159182355
196.0241450636034415
193.6935323100295818
192.7084433728506951
189.4005334058466588
209.0939811701346684
214.9928355019625030
127.9646362189651541
183.0718612468680817
191.5885868030897257
193.0915910806363911
191.6722749611583367
239.1189832913850921
237.1690394064239911
224.6651388234388662
211.6657215154364735
202.4496350033599867
225.5094853376071171
162.5880890453895518
174.2246639540547335
168.1332043840928350
167.4069976588818065
170.3164259125279614
172.7565060272733888
174.6108626198703178
179.6734462782791866
181.6384674857885102
186.4275627524146728
187.7143071734802220
182.6861603584582383
183.3587909341457589
186.4817345841617282
190.9021369561165784
193.6070536938100588
192.1777966463305631
186.7764622687242024
183.6195600763249445
179.7544146221328560
176.6088919453325161
175.9298348986777683
176.9716365365731860
176.8449171120845165
233.5544112204374017
228.9673847170654994
216.2106102835102490
207.7853318915396983
203.7482980052729999
199.5254247978247122
187.5943924543705918
176.6679246583994711
170.1252677747847883
171.4667833402293127
170.8520409803445546
168.8650687960199548
172.4839836421389236
176.8825044964622464
186.5952347002270528
187.1380824316541407
187.6353565713466764
186.2249969904134446
184.5326564352965306
187.8752642581981149
192.1522105420343678
195.2389693005480069
194.5986501830346924
191.6817467044383250
187.5821070791809575
183.4438868390026016
179.1968666490143676
178.0042683760206330
176.8666707611500897
170.9818489363687206
235.0048961351266428
229.3998879329761849
216.2486335619169324
209.4097282802839572
206.4791822815361400
202.4375369646354557
194.3181158851162991
183.7307513230827567
173.9042737083503880
170.9819779126198966
173.1110418566354667
171.9491980147654147
171.9695928742372644
176.7461200265136370
185.4446300754038077
191.9456336894679964
194.0436550066377777
189.9475476983886324
187.7833707995957297
189.7254741346677349
193.7684215651117654
196.1220137616500665
197.2066425534453629
196.1456834358421872
193.0285061670593620
187.7935715146918199
183.5006205151535426
180.0476902118558087
176.7926915577092188
167.4416175849833621
235.7529494894159825
227.1656057201240628
213.4825296381878275
208.8184596153272139
209.5397986476970118
206.1687986014958369
199.6098209020494494
185.4580387490265991
176.3795266438698661
176.1059589816192101
172.7550847848334570
170.0019010785327964
171.2854638454373628
177.9371190751087966
187.5368718970483428
195.1236026781356543
195.9307760639347293
191.3067714737603069
192.4097749071633814
194.2504002417066999
196.1175736474062887
196.9726363164353700
198.5241052858171145
198.7851640835154399
198.3972870049458095
194.0900647279162854
185.8028518749272564
179.2779228029328351
180.2893741061982098
163.9193813094230450
232.4604050409842557
223.4153146972380455
214.3034585490182167
213.2393917891339186
213.1374525188626876
211.3005034843245369
200.9609003636423950
186.6146145752714745
182.3183662596396459
177.8870525136343304
173.9942761462300496
172.3417777495955079
174.5307317774838509
181.7244465478265170
191.6700928996369839
198.2252439057298261
194.0411771558768805
191.7485890306334682
197.3930030709101402
198.4552282815157582
198.5621585300952461
200.0689206494950270
200.0112104652750418
202.1277940758569969
201.7363973711495078
196.1681815130942539
187.7790507722538393
185.6538230812868733
183.9670434197770703
158.7116696134639255
234.9409725404078131
227.1554916376902611
219.7688821426419850
216.0853390568087491
214.5543364419879993
213.0920459516720769
199.7488607288901790
195.0222380495847574
187.5956750402798434
179.9820284892980453
178.4027314015621641
175.6413942053711139
180.1565031274467401
187.8713488187205485
195.8409235617700972
197.7119650357238925
194.5331937348609017
199.7782326418504795
200.1149788184129079
201.3914608557409451
201.4653603177088996
202.6042826437014526
204.7541087509970339
204.4141021546409718
203.6811266700393901
197.3200695744476718
194.6017498430772434
190.9483872737102388
186.5197353966472349
169.6730365124942637
84.5210494504160010
94.3091882301952609
120.5918147871961139
137.0861001348348793
142.7502264359560229
132.0596412537447293
127.1035821374784121
127.2371693170833282
136.5653133318549237
132.7347340417333044
122.1348792255203932
120.6124208521224546
118.0266825866482492
116.4256956311971578
116.7776508779190578
115.1221324855218313
114.1018213353991371
121.2263260727595480
126.1360852349955763
122.9969703945745039
122.6310836108462752
124.6419935828234458
123.5100071855205641
119.1809299828405244
114.7322505761616043
111.9789474441611787
113.6518233032069389
120.1801562872753379
120.4978381606466087
146.6391439614837680
67.0872611247150701
90.5721427928825875
110.3680295414395260
121.2786329971280566
115.2264178060251538
107.9227960483414677
105.3099421722104694
123.4749840699291354
136.3470047396641007
129.4223241992631586
129.7192367916805438
127.9027947043431226
125.0877366052613411
122.2269425118952029
114.5456205794928621
108.5118122562956273
111.1871438688280733
123.1196226915540990
120.6499318942002930
121.9212988340063930
123.2763199725899312
120.1993140755230058
117.1623157074056678
113.5839118442198981
109.5479692021060885
109.9854592445216497
118.7683880160212340
122.2777139486103692
120.9215083431130893
145.6228467012742840
54.9022855908630163
76.9612915345273620
99.1303484548633094
101.7952377662719385
96.1778076862997438
95.0159642981426913
107.3320576407028000
127.7279597140228020
131.1877372890330093
130.9260430634706438
131.6531261850437033
131.3910467849478039
130.3404031108306924
122.9294972550429179
111.6389823255993576
109.4583752729205059
118.7637734699999328
114.8184374407705377
116.5175738606098435
116.7066014556219216
113.6733602557956431
109.7429717385395662
107.6987004911369183
104.7508375025252434
108.3835184670368079
115.0013461766223486
118.3652574732924023
117.7071666688501637
123.2215354485944374
130.2424779199064062
56.7827915702766148
69.4825497047043825
83.7862421936174258
89.0692088789005112
89.0106838663134567
94.1172381383366599
109.3954185918279904
125.3530381096708481
131.2515149528601341
130.8717057981824894
128.0289732229051651
132.5630611521229980
134.3273721142069519
126.9673910197367661
122.0724683681737304
119.8877010577602960
111.2730858624518362
111.7391125703473733
115.3863064199182134
110.7860747383769393
105.2542198736440895
103.2454795585695138
101.9323155295437999
103.2409534709298242
110.1032365929465016
113.3107814516806684
114.5857818656046874
118.7167977689722420
121.2927609291428439
125.8841558966171306
64.8482883824556495
67.9224964722597520
75.7565239979184355
82.7215330842652037
88.3250777194263463
96.1716591211965266
113.5940614598518010
129.4467997148836105
125.1390622408633533
123.9752941508728838
127.3318283330087297
133.2236912694813213
142.3000144158178841
138.9493460588852258
131.5944812291068331
117.9068461212227703
113.3468123174810103
114.5731719641727580
112.9089814414628989
110.3555462615936165
102.7415590689454632
102.8755845389056560
103.9827543576531923
105.4716406392126515
107.9575802910231630
110.4392315840991756
116.3320154466164382
117.8040687839298926
121.5239074380685054
130.1991971099857324
72.0327476536775748
68.2780490436116025
72.2223595601772388
78.6457766966389045
90.4952022508466740
106.3513171437950007
121.3378716785589404
123.7963753936961098
120.1215289416375924
182.9448578274012789
162.1546795967059325
132.6312317122498996
141.6134841166368119
141.2823141750590992
130.7744449265824471
121.2563961679394140
114.1074797179454094
111.4278771925536660
111.7088871982204523
113.0407838244081802
108.1808521371295342
103.4837866076158264
103.5123183420615476
104.4075981498505001
106.2305591917008201
108.8935910150186288
178.8902249816727590
148.6851591226712230
153.5745736631091916
136.7519749057548779
70.1970919700560785
61.6552017901744591
68.3781170633535282
86.7962518419481626
103.0847693637324340
104.8681680979344719
172.1230452260012953
109.5067569382656245
106.0923807181910661
110.5663094912310243
106.9929942739700266
169.5343975865711741
121.6381466406117227
113.4449975607360557
109.4192406598591276
108.1625304699724666
106.9830156685383855
110.7144615913192212
110.6130784927506028
106.2389349745835716
100.1690943514361578
100.2914841002595665
101.0338784107808721
103.8882744337356883
54.4709988397824532
73.2350325511956015
97.6943195697960789
122.5176359419535714
165.7934288148030930
82.1647305099781420
64.2415375358587255
64.6995295575319460
67.7530110959805256
80.0974878636320540
90.3442210921962783
78.7816400210575125
75.8746156853439970
82.1203822741204021
89.2184212863474499
85.1110155283573704
89.4700132518001396
163.8342562115585679
113.1585066076797830
101.9112711572339265
102.9830983820173884
104.6836833060033740
107.5298193676174350
110.6684869878714892
110.4320804828453078
109.5646861794691205
110.9474582397599960
111.2479800255651128
110.4481381883825435
48.1907779914370309
54.6278663212261932
76.4409763232804096
101.6604391167601733
122.6947226637615813
134.7563552259038602
70.4138975044491531
77.7152481094431948
81.5112238265035245
86.1491961417133751
94.6330973433278331
103.0552833744212506
90.5246167533494202
85.1343957828714792
82.1610336479988632
87.6679043205855208
91.1796534604430633
164.4786534558750759
124.7722140317397646
116.5653678935636890
116.3794795428688076
118.8640227686560991
119.6524755129643154
122.9342962818174954
123.1188328823810707
117.0418790259198403
116.0172288296016063
112.7583127813497725
113.8458523045767237
83.2701964151057439
70.3456205372448693
75.8713760788508296
88.7457292295834463
107.8731585953609340
122.8949451502928554
114.2242327666473329
69.6068046815942836
85.9737606017605742
89.6134697276630163
97.9656943654144499
127.4727539940021757
99.5130750581916743
89.0420960594379238
84.3515295095355242
92.9976675526471723
105.8061328813236912
140.6331630320970589
125.0851967482583689
116.2862624936609848
113.4226342967690755
115.0971682461964747
118.0445443970019426
119.7167674994163207
121.7478934898046248
116.4621046723686959
111.3492817511473874
112.4853381043507454
117.0241529737435826
111.1159618201428145
84.3231701066421806
82.8885364107533178
91.8600172239942339
99.5017214348672638
116.6233068808524251
95.4152685499198014
96.3402823220513369
102.2830615830068410
113.8933819441870980
113.0865217996231848
113.6101733835698582
113.7179922068100666
113.3853613026204243
95.4217843414045461
99.5074817869413835
110.3238547023707952
113.8096581452797409
118.6144563686010542
116.9458140094517944
115.4413827142897304
114.2545527517780215
113.8493813525044800
117.1366636582612983
116.6754231664683914
114.2084087291082426
108.5852858393312772
103.0071282021901311
105.4726875059106987
107.2366392742518713
111.1060522658660545
100.8688251985976478
100.3424148419998403
109.9468663233139978
125.3444352478766461
92.0486352735906479
108.6161461240993731
108.4884337285905787
117.5671477003571113
126.6482891113771814
126.6013266057326518
119.9368402604522998
112.6127873885654935
118.9485119205838544
116.8009539982469960
119.4182754596477594
97.2729049910256691
110.5486075019746011
109.7550025499660364
107.0613987166954644
110.2393419088576252
115.8187414918180167
118.1928906890374691
118.4923170287275838
114.4286480150464627
111.2802676886096549
106.6692648501602605
103.5545796261885130
102.0927804356681179
94.4576868759934314
117.2380083684074634
110.6004351013663438
60.6023973191638561
94.2215893275447200
109.7619306032673876
109.3460435949919116
111.2024282155131232
113.1174809808640163
130.6715817665080692
142.3387511547552720
139.5133994211654738
128.9187970331855126
121.6848297453343264
115.9257591279937003
116.3494271788456587
116.0026186892669955
118.6629489690023149
113.6088038508984965
110.3471365922096794
113.2019334768467616
112.6827356846677617
111.4947537060240563
114.6669766359828770
116.4935899554754712
115.3693830936366425
110.9058769370592756
109.5119783460832394
109.3880959083645621
105.0876884683706294
102.6662444575869841
106.3961255046781815
110.0140584744327015
109.5692927472645266
107.6836305362911759
108.9653178084838885
117.1598796478632352
125.5881682188869775
132.2263238200063995
137.1053305330032401
166.4125926772908031
162.7999181067945074
150.6989347461392299
140.2190246321183906
135.1277543708626467
133.1581065787472085
132.9561201186106985
130.5566161920969535
131.1060755594657508
131.4690268931362311
120.3687520704710323
107.8339002652140834
104.9570556331882187
110.4117406807258988
116.1579473618959781
120.7911797350126619
121.7292656702075817
119.4918947668395788
118.5563067579834211
120.8201613385813573
124.4681823368085105
126.6671373600222807
123.5230975379494254
117.9439087876775432
113.3046160466278991
118.1318959567634721
126.4538328985342446
134.8225019310164612
136.0230065072639434
166.1555415581835859
178.7381191741365569
170.7764816208605509
160.8569290002771197
151.8375956527782478
142.5984225143311335
135.9466954889944077
136.7930870382045612
140.4341461584575086
146.2371773786743461
142.7441327679729852
127.9389449702067907
118.4233499135317231
116.8388498684427077
121.4819616246546587
127.9555817816347911
131.7437986949280173
130.6755267551171187
127.4953406475742526
131.8488915916967130
139.1572336411161643
142.9205791067703331
142.1275685127277200
135.0520363247109117
131.0525884178595675
130.5620126862444579
132.8250106162618067
130.8140139247701370
130.7753129586118916
131.9521398138297172
164.7864074335439284
187.1119772002901414
184.1084781534479760
175.2530467770719724
159.1498160338814216
149.1606700185030832
146.5822394392240824
148.0625024832098120
152.4527918718967499
152.5409933857957867
146.6117526855956896
141.7590194796743219
138.2753943770672720
135.1857127655306954
134.5757179020905596
135.5865716839354036
142.0886990606195184
142.6869309634866738
141.5081786307137293
145.5862571482728924
148.4648002298750669
150.6191392231056625
150.1563527972018619
149.9567789828356865
148.3947999456988782
146.7663029789651148
143.5454359426281314
138.3227946887510598
132.9513481869573184
133.9870994637971648
156.1303454560341493
194.5248919283263263
192.4467054662642340
178.1598195582228641
166.8569359722312697
165.2075511986985532
165.9493777194139170
163.9138771974636484
157.8603089945073350
150.5038490301425611
151.7945999379245450
158.4379015798430146
154.1681431018936337
144.1227075760771754
141.4616724549411515
144.1700477237524467
153.7945372076460444
157.0354957102591982
155.9472624575430757
149.3809629337625609
148.5355408216148589
156.5835305105162547
160.5467729808923423
161.1949454902664343
159.7016551681200838
158.3987791681763895
153.3410384641364885
148.8660085611456623
143.9023637297644882
142.2016969835954114
156.0128507439586087
196.8150985510658870
194.0479744818988479
186.5034313148372576
185.1877993624511873
181.7454216124866946
177.9861647162464067
171.9146386384688299
161.8812630970610087
160.9109074356438498
165.9587357334519879
170.9678584727619466
158.2296703274087122
151.3314094801815486
149.6333834136407859
158.9145708147275400
166.1767180928149514
169.5816249471522212
158.2149810317834522
154.2708723504491672
158.5305585973640916
168.2039053961921979
172.6070042106088067
173.0492391939205561
171.5133943196372570
169.5820012480054970
164.3718139003938177
161.4126519532425164
157.7836786899349306
153.8809064815440877
158.4092207692681313
200.2119553589941461
200.1059259606991247
199.0798963903968968
196.6399778386235369
192.0863994724920190
186.6148999461358642
176.9813770513465840
167.6047456199075043
103.6139801621677634
140.5879431432119873
163.5011685310744838
168.8649852382541212
166.3544114625453005
167.7191385347227026
175.3424620631622872
179.3053940518675518
174.4552846968805966
165.8637201810705903
162.9888606497602268
169.2562387668251347
178.1812465725330981
183.7285735578856816
185.7470770830295521
180.1482047918181877
179.4986393478581590
177.0975782708763404
92.7103573856725660
166.9729128624415466
145.2040582634701877
169.5828276908405883
206.5382977531915003
209.2584526246493226
207.0840216957533926
204.8396080780592854
200.3880179843759208
193.2990433211193135
190.6087960318718899
180.3092233041038526
161.4875703239788720
142.5072760209730518
136.9128024208513352
160.3787578412576522
186.0157932161113763
192.6525517495343252
193.7173096716390432
192.1178735326766400
187.8479863642670580
181.2256223812390203
178.6966060645758887
182.3545844022125948
190.3559517694350234
194.5381754194559107
194.1228690851695546
190.2063257449885043
168.5614021514475382
188.5088915240054064
187.6892024348213965
182.2476273700245883
174.7951458055337923
190.8207363259925273
206.9987522573576655
207.3721534718403063
208.3236241691877524
202.1678775829524852
195.7728079174480627
220.3836985751647148
218.7418129697970812
207.1048217622134189
189.3032389274586080
175.2365946775996690
171.4352766084321047
149.7738609061073305
186.3580851970075969
195.4954109439445631
199.8457439695836229
197.7377754413471962
193.8374738754608870
186.3174966237406807
186.3222474675656031
190.5403967564781453
194.0413215153245119
195.5493932443400809
194.3835584949474935
210.6832604295680653
210.0997501829498333
204.9688346609641485
202.5292713347131723
191.5898949714024297
141.7961691156804420
205.0588650191547799
218.8337951049809647
215.8672295319624652
211.1144491629232789
206.2460625572014692
216.3347448340671804
226.9825592962239398
227.1236173784938046
218.2821521250777437
204.0534954012294975
193.2304306244441818
136.4480255105832214
190.1036277389125644
201.7427042858531365
203.6986953037096555
203.6625853205454177
200.8548481095040188
192.6745567153869843
186.3028829138775677
189.9199228955040439
188.5550778414496165
190.7687555742980692
191.7172950288637878
210.1344642899415476
211.7485508309399620
213.8919786034713866
207.9482047347726734
202.4432370645846220
192.8382415827780960
169.6082371542701992
206.4442574837131588
217.3229058812572134
216.4930915594346743
210.2689665440851172
218.2100119124446280
227.5172820099618320
228.6104336459275146
224.1147806194188661
207.7638288286805732
196.4196209414647285
133.1233009882103886
182.9133843310452221
186.2228619826990155
191.2330344823793666
196.7253068502945155
193.4969542010058490
184.6703488794479426
177.2857764208916649
187.8360427178625116
195.9887801454299847
190.8573522802924458
188.2326003746170784
203.1808653822669726
216.7095342965630209
217.0885212363952519
213.4922036691783660
207.8822280645531464
199.2176298048471494
170.5416730551002047
225.0624260981252007
203.5211242796654858
224.9928332355032126
224.2896106267579626
215.9917617130893177
207.2332733660212227
229.9982337060195619
230.5447395951810563
218.9794331383114638
205.7211074470727397
118.5625505398371899
177.9728707246841566
178.1632327769621043
182.8999250540497314
190.9131568909506314
192.1120052035127515
185.9685960972890655
181.1769344402676722
185.3836005690786806
192.8432669654759479
193.0849189070070793
189.0291762715836228
186.9470160101032263
208.5287665455456647
224.4700330218242357
222.5599499744686227
215.6669403001180854
126.3267717673898716
210.5083330630032492
222.2647650896433333
221.2769303085966612
191.9952345316769993
242.3614098533822983
243.5617317283495140
233.5496257366056625
220.0076223176108954
232.5493944407258198
186.1281015043363425
191.6573873662578364
184.5713268469991988
175.9208303718675097
173.8879705119909715
178.4157889956456131
179.6690026684078703
176.4651785012896710
176.8866600913454192
181.1564603388187891
185.5124742682531860
185.7293605667948100
185.9104567448345620
184.5511385987733775
186.1253735930048663
188.5236823312088745
192.7049601400466941
224.6825173407248144
160.0308837859509765
186.5109133093120590
186.2303398343051413
185.2636102603180461
183.9653546754246634
186.5153614648974383
164.9717162094586058
235.7852360682335302
234.2166516488671846
223.7018861100057165
214.7956443059913454
209.4425801624695396
203.0795841910053241
193.3501753207352181
187.0494902809594464
180.6291097458708350
180.7946708084794523
178.0239383884927236
174.9869716770000139
171.6821825633382446
175.1279070877470190
177.9776992017089015
185.4953617720056513
189.3134471710440607
186.6886851559269189
186.0540307479049034
188.1510087154204882
192.3720987227077330
195.7946821683968039
195.2979443264695760
193.6438445772495527
192.0988894408222052
186.8818174717489455
184.7369925455924999
181.5519322065005952
179.6511376764070462
163.2046194705179687
236.5738397689464705
233.1107951764960262
220.2231149098466858
214.1370381846678015
211.1918975103442904
206.8492931278353808
199.4309149236993619
192.0909817411390463
186.3945004645790675
183.9738462459140180
178.8990660100739660
176.4825216784057602
171.5716837983731011
175.4050245865232966
181.1323116469338288
189.0100430854613194
192.8878522897967400
190.4068483151668829
189.4945961513918178
194.2210843111150780
194.3459326158402973
196.0663465028453345
197.9728234974724614
198.0411917298192463
196.0908812484647399
191.9439103754814369
187.9208838101302774
181.8194672731812034
182.0758374912630302
162.1154044025053338
233.3492738141247855
226.0285843066840812
217.6646108300061542
213.4937074326223012
212.7003762393583202
209.0936049079779195
204.6850554598381393
195.9428975851715791
189.2320965780368454
186.1008120357278699
180.8921130665505075
175.3259441676054280
173.5018167885065736
176.4412210008576949
184.3525490600205785
193.3299773863652433
194.0897980651997727
192.2319959559855818
195.6832759934752062
198.2629640742550521
195.8266711890959186
198.4713182749578095
201.5116594856451115
202.5755406762352777
199.9833017199692904
195.9489776525146851
189.6491316036482431
187.2228510491693214
185.7634058681111640
157.5522253027872353
232.7405763403128844
226.6549659369358380
218.6112966223097942
216.2379990667789116
215.3401122274926252
211.9718162280241245
206.8435720048877897
197.7841585038354992
195.5396304023298910
187.1964641123045112
183.1016753986499737
177.5689523141529094
176.5504687103323818
181.6105207492760201
188.2281064250377085
193.3758186728119313
193.2872915112873784
195.9890653958673852
199.6007383246796962
200.8092647469582630
200.7668783752758657
202.2858275274608673
204.0663897994106719
205.7424750049696058
204.7696242687119366
196.8631505882777333
192.1643309100597889
190.9443218184188993
187.1775266301150396
152.6986419062154425
236.1739863026928390
229.8076372133136260
222.6220225065746376
217.3290833804277895
217.1216856697549815
214.4112383557313137
207.3098028087217415
204.4623338728862336
199.3059294975657281
191.7490163706629573
185.6583727875921284
181.7027615116714969
182.2034384335431980
186.3310855144469542
191.8047942495032316
193.7882923186108428
198.5021899246011685
200.9321562917925803
200.9049498600388688
203.5282924211672082
205.2223941727177703
205.5648691469812661
207.9619453869845529
206.6511857227449980
204.8364201447731716
201.9326777982178101
198.5207223105306298
193.5659868188106714
190.0715176036321452
167.5043979683754287
85.3249287891045185
103.3647353486382485
127.5778157788027727
141.3951810797607322
137.4706326893553694
125.9988747427878764
125.1220727888466087
128.2945954818175665
131.1862835642306493
121.8994124420804042
118.0017134261095180
119.3851723267606246
118.7427403651549866
119.3350138993976373
117.4348314910425159
117.0106266832684412
118.8999011834917212
125.5183021115498860
124.3848126302979438
121.0123532698145254
123.6834275820742732
123.3098629165014586
118.8493808854203166
117.0521107763641595
113.7384088284007646
114.3066559358585721
117.1605993393172866
120.2118035690400006
118.9622933385162895
147.3261631726312544
74.2241491828492315
94.8196450488633502
111.7406292958105212
118.0294505048114360
113.0094171342543916
104.4858555898422594
107.8573135742335438
121.6746063928700039
123.8248758291341716
122.9958076647781411
125.4131626729636650
126.1467653008807304
126.8296933724948730
125.1479462686694006
121.3026929562340399
117.1216447273663164
121.3356660297371832
121.3062215338173360
119.4378493463173925
120.5059795620554723
120.4687613802267094
116.8660270688717162
113.1521399405721695
110.8445472793852957
109.9884079560195289
114.6111531807360819
119.0590300773948087
119.0824704691780482
122.7802674009865740
142.7529136351491559
69.1269992595078975
84.8656273986983791
99.0356628006423421
100.7328770808849328
96.3755007078570287
96.2494275192603368
106.6091351400400669
117.4768616086091129
122.9930521305915079
125.0085767311380778
124.9563807341726545
128.8725330309053447
132.6751687341553634
129.4323823320947895
123.1879642348861665
122.5503544347955796
119.9433869679316444
115.8328782778094137
116.0950552822188371
116.7749961416909201
111.1522352257972841
107.3335768989726375
104.4809542945319691
106.1173945648170900
108.2590553870313954
114.1774059245763624
115.0958046612953467
117.5523109714313250
122.9305134856507209
138.7760769976429174
74.7980283425471839
80.2899227808917146
87.6138363096743262
89.6507672213706428
90.5913982081962104
93.9224200273244918
105.1800414574227602
116.6922316905045989
119.5692838461515635
118.2131468418326392
122.8355519182486546
129.7491496330367511
137.6683107071334007
136.1609410693570226
131.2862369120213941
123.0422757507725748
116.6000584883744864
114.7978495099798408
111.8261962660526763
111.9920222257313185
104.2228451634543376
100.6652209180984556
102.1886477168021372
103.9791616642007881
108.1446036615284640
109.7572283857522848
111.4230099657816169
115.6306731228746685
120.1316295876484048
146.4068059836818350
77.3929014188234135
73.7311427041558431
76.3571347084917562
82.3399061360787101
87.5015963827277972
96.8491196178688085
112.1511905033728169
117.1299010434363765
114.4439436039901352
182.5423146843704956
107.8605041816342123
183.9330868532893248
124.6992438177118743
127.0278866542885368
122.5341365758487200
114.6625313221086060
105.3541731103207013
103.0759871807594550
106.9503611045471274
109.5199719281485642
106.9385834520377756
100.4893406703873211
98.1471326395916321
100.9624533104355919
99.5322781213384502
104.2248965270349004
105.9757651982086912
205.2034704689702664
201.4280913957132952
157.5485185165519226
70.6031268073022602
58.1491563811905650
62.1430849266354528
77.7840900485947060
95.4136662174039003
107.3565673545039658
114.8083104634471425
70.3717665604116860
72.3928152012967416
83.3640960986610509
91.3027855765101890
109.7130515584908892
154.6627543153277884
100.9375354740652568
91.0144227846235623
88.2793374641545370
93.9872161212064299
100.1836005725239005
105.3571712697451801
104.1753840935934647
99.1280671096806145
98.3559062536307351
98.8569951221187040
99.3423212084966281
52.2932304405744190
63.5413004733651832
91.8160386757238030
119.4790635450046921
118.8587449009592376
110.8812059507144312
61.7008800259632011
54.7260780851300126
63.0719077518341464
80.0279590447559883
89.5638329319943551
86.4105938109120615
62.2525195829603888
57.6527366555674377
61.4414998100878051
64.7147588079719185
72.4667504235616491
97.0612896546131765
192.3538883962467310
116.7740069588612783
91.5166697244156069
90.3945224291604177
92.3341910432329911
99.2298321527196805
97.3593871404631415
95.5628264009831980
98.1020183356063455
101.3236280143233046
105.6895809009370168
32.2488649105309833
55.5238363210359154
81.6603327979438234
75.3012579638601522
100.7966908525562673
124.6394129057610343
70.8355308746367172
56.9843613769698720
61.2878404867366697
73.4760281604177266
83.0543975479765209
91.5760911377438873
71.9635604574425543
71.3794598582633029
76.6919581236274439
77.4666110968921657
76.8525710644754270
71.8021479666699065
186.1366522201037128
131.6940716767803679
115.5999859278401942
112.8583785931322723
112.0439141439141650
113.0949552301412666
116.1176374258274393
108.5126018251966968
98.5612660274130974
102.5838974038806839
109.4402371418301243
56.6498863122858154
74.3912930100582912
93.5324384094436283
68.2436892541025060
87.8882664290726154
114.0160771558552284
128.1641308237884118
55.2038148305445304
68.3441189630633659
81.6282786741379738
87.1316857383335162
104.9687917718816266
86.9474579720793486
86.4915548025061298
88.8979768903681418
90.8890738825853219
87.7222963506058591
71.6410271194691290
153.6499777497497519
119.6735672435695221
111.2216596655947001
106.0290752996735080
104.9285439562811462
111.2787653381916897
121.8512961500879896
119.5523291786670086
111.2019047044132662
106.8965734859342263
115.8771416789574857
74.2518795389556630
89.6844575868100407
102.4613767679857261
79.3930703482973996
86.6755661668198769
97.0490838280012156
116.6312168337931894
108.3276774888389582
97.3121502195414507
107.0064343366564685
105.3800980736569954
113.7624744694337267
98.5696194768825222
93.7671240060832361
100.4391106699771683
106.4874278366815759
78.7782416835165122
74.2960845987730636
136.1763566167529405
120.6827575959047607
113.1260026919437109
105.5029483654817710
105.4484932714443914
108.2798690332185174
118.0117992715889557
121.7565440250093900
113.8280037301761496
108.6365281548211783
115.0058589585724178
124.7770167962580814
95.9397499312137114
110.4336817560057824
83.7004454823780861
95.8131372472296761
108.5344559424018342
123.2258153442542437
117.9174184226038733
85.4977493263112223
118.0163918380526269
119.4470545812119724
123.6613313730463233
115.7951895075177902
107.6358688549723013
109.8823569008740435
92.9418180076134490
84.0909516387583125
91.0159229948824731
115.9444740985542097
121.9615572946125894
124.1149151409449019
114.3019811049756811
110.0611538985235285
112.7780145701529193
119.0842274510341099
122.0051769636576466
114.3242211215120392
107.6568782274261622
106.5750945005616188
113.2689580399007809
115.5327091663596093
76.1743127961801179
93.0721494421120923
109.5974841044822199
120.7431695859006879
134.6040659402733866
107.1826619769961582
103.5229317120423502
99.9454353236697557
120.2360450566031886
138.1377880714268542
142.8079757655162609
159.1712274508882388
134.0820314358002747
86.0059488139436041
98.9290156750377321
106.1132176205749147
114.9909854306282284
122.9377731000627136
121.7695158468314958
112.7610047388713497
106.2920003986309609
107.9391838440885323
114.8596465373139779
118.2455895158662145
116.2200396097621251
110.0970072513405000
104.4745652151779467
102.0966865117871549
110.8847299722792599
83.5058419254426383
98.1099473731685805
109.4710511846373890
124.5515554360260495
85.6472325486579820
109.5359542914544022
121.3633623466503764
120.0810885663398722
118.0208904373497631
133.0623849699878747
150.5230722959892944
141.9905327413787290
129.8643324799272420
119.4998301182326230
117.2958667326363837
115.1582151286867202
120.4296037718708590
119.9435877587316241
122.3452392272794214
117.0839651164089048
113.2625099133435214
110.0986752861031448
114.4379107910302054
119.9632883160581116
121.6804170083062928
118.9563328858005065
114.1392993013354129
112.6016826215745539
113.5028582603186180
117.3591627921956331
114.0255799549512545
111.8848739256454081
108.8731668408495636
106.4898811226059081
107.9345396552039347
112.3275013390826302
117.5328067038651341
123.4083783144141648
126.6356437084743476
136.0492818063464995
161.4676504324737323
156.4235813386852669
147.0688716169188126
138.6724438077136483
132.6905960560253561
131.8997500482234386
133.2082131307080601
137.7084029455860730
138.6317430869498537
132.4390926953347503
120.2451132543203585
113.4379582700354092
110.4484276531696452
112.9306074039701997
115.6584194913586998
118.9508391100871023
120.8292547366631595
125.6708541239937915
127.4592763114379750
127.8444169888404502
125.6137142010491345
125.1551683933918468
122.1972125546738965
117.7190114404408376
117.9735078278481808
120.1251391367855632
125.5912442168555998
128.6008750788316206
129.3064621996562096
160.4950472068877332
171.8657893136798407
164.4873896453660507
155.9912597397098466
148.1919390587488294
142.0611027360869798
138.9622913794432293
141.5574821301587463
146.4038375915061749
148.3445299165420010
145.1616484684074351
136.9587542613997755
129.0603316993809813
123.3436770611190525
121.5204384161592088
124.2532555821096878
130.4698666398110163
135.6844203146434324
137.3586628946580959
140.7771251430196457
141.0764385966580789
139.6968777622395237
137.6102640079560615
134.5756959747547512
133.9916899808494577
134.0473925689201451
134.2564001072405517
132.0465515580185638
129.5674586573861689
129.6471219403640589
162.6916157284483688
177.1153370505452358
175.3284313034898219
164.0835347295267184
156.2275119893824353
149.7841659731348045
149.4514208244644635
151.1537682635170086
153.4871924684971134
153.3419237617581246
154.1186800372416883
150.2701265614368253
143.4380195249141821
135.9610807044720104
130.9939331444753350
134.3193092937607389
143.4181731445516448
149.1566280006280181
146.9944023965076383
149.4689139094607526
149.6626179147339712
149.4602945604140132
148.2150135315470720
151.0391733539402139
150.6688290559858103
152.5937137517448718
148.8634047393829576
141.3911219373651704
135.4884960837881067
133.8158564406076039
158.6495999116948781
186.5140533221011765
183.0093503142473992
173.6307242247686986
167.4751846515939349
164.5800875941396271
162.4984150981407254
162.9569087135939185
157.9158119831961926
160.2994143141062011
160.5514267345688211
161.8090979185044489
154.7672339211240455
143.9634125255013259
139.7595213391319930
146.7872612540432158
154.1606180708124612
160.9547468368909335
154.3036712014737191
156.7015335935765279
153.1137750986369213
157.7953953988633202
160.8357011869153723
163.8200606242661763
164.9501978120075876
163.5801575515771731
159.9414692141590422
151.8302648882084895
145.4536059112499231
145.4882211760542816
154.2886468155459170
189.3670019212326281
189.6923426459056259
183.1632829411822740
179.1486809389817836
176.1816513704262377
173.9403149623178990
171.1520777989092892
166.5039012774834362
61.1219904276530173
125.0092446704619533
134.3538259709499698
133.4582265166765751
144.0080691336639234
159.5816739114173686
168.0462385882735248
175.0918549186712596
174.8064294665249179
167.0724400239373608
161.1857980153596372
162.7410557981878299
167.7165814438994857
173.2804795230109676
175.3842312473310585
174.9281816647762184
170.6990173278041141
90.1911989427072456
135.6034960668704628
162.1180358841555460
163.2115913055278043
170.1577585439240750
192.2813402139918253
194.3194419936256452
193.5865897170153858
189.6411749558166377
183.3898087109502058
181.5206075500102827
179.1520949636388309
197.9363702390557194
193.4495361844581964
175.1401721867662502
161.9780417354241706
163.4269970445576519
135.3862328796669487
164.7430141150057921
181.5920433022925522
185.7200526369989291
181.5092679780926801
177.0879024011261720
173.1934373573625692
179.3075750028393713
181.0435150894940080
183.2771322866384196
181.0046207343181663
148.1269366352757970
179.1496662371456523
185.6204822290506797
196.7357510204792561
177.0665634567865254
161.4722621977937820
190.7644954224966227
199.6651426409440546
196.7272926743246444
193.0978221005615865
189.9923643849585062
185.0616364983154085
193.9491763365707016
204.1142521697987604
202.7181108524464435
193.0747288466374414
178.6835992920369449
185.5821926256666075
180.3909267265548237
140.6556049208788295
181.1851086562228090
194.3083011130461841
196.1958362658772614
191.8696252019148005
187.0292082942273453
183.2455590882663046
183.9385451959008151
184.6414322586757635
184.7996221131848813
187.4789834160615669
193.1985697369927948
227.9942936991839133
210.0219976662455679
194.3492968064998365
175.7439971001128924
162.0737667325299469
199.8502321964465693
206.8766575076669483
203.1234156346942541
198.2969514842015997
190.7568316173397704
202.6327323914823353
207.1718155551558880
206.0566653905162298
194.7347492309060897
205.4360796023696025
202.0665734252032166
195.6390070068275122
133.6387016210297816
185.0350075750234282
195.9883636581448627
198.4841488396866112
193.4827612698478276
189.3675960468687549
184.8649110612785194
183.7311339929877363
182.9691370021012915
181.6898424986880798
182.0897090785710475
193.6964974092247189
217.8142356139009621
221.1299209303329292
215.1621933765379140
204.2180459289867258
185.6633372363384638
175.0567374109839420
208.8507978061008998
213.6163284284558586
206.3334709435865761
200.5142112308837170
214.0118376702226328
213.6207656578643537
208.3186146470823985
215.9091022042015595
218.6503635333727971
210.7481877359205669
202.2062148606086680
125.7608530052131073
180.9937420671677160
187.2280355091515958
190.1744263827225723
188.9682982646846199
186.3584084740052731
178.0161389091542787
178.3698755645426104
184.8193965503195102
184.1138064700195969
206.6207739577560005
190.0013198254967222
215.1424639666303449
224.1679755824131064
224.7008524643306941
220.6055316484756759
206.6925596542363621
189.6229920711907653
178.0232427934006409
210.6302473878979526
214.6747253787706597
208.7091362857814545
201.3963914220333322
199.0164255664173822
231.8528079875373464
240.7362822795589921
232.9380233140394978
218.7477116029193382
211.1424773815974731
115.3962922518143444
197.3585067428973900
202.1978130139584380
202.8499385926608340
200.8403428503960413
194.6131456101559820
182.7027245171731806
178.9728369569386359
187.5279179154703115
188.3799639287209970
183.7219071323523849
200.8464080615413252
222.0152539619584502
229.3211480237558249
229.7844410507879331
225.9168710052761355
216.9311801219550375
200.2934855009406760
187.0160076060820131
230.4696725365191412
199.0340640039324569
220.3765191550688201
217.3728707348208786
209.5027992283631022
239.0334312549165077
243.2222923101080596
236.0934722664073888
224.5208006592033598
211.6162760017626283
118.1759313366835897
194.4504058113696772
189.6820779950804194
190.5653097278402299
193.7533281222816868
190.8821021689952318
184.4305527373015252
182.2399503418316442
184.6281408210018924
184.5768755859372732
184.2420004524388446
182.7553936022383425
214.2202626152134144
234.1958715832185476
237.7047656456716709
234.0234558437873886
223.6134066411827916
130.8177303685514801
226.1104509591571627
239.8165969682479499
232.9209718880930211
187.4089366365831211
235.5688608951294896
237.4093480156558371
225.4002414238580627
241.7541994378750587
241.6005566094382004
172.9890104011736014
196.0297709338357492
188.0984731934395882
180.0540736260896608
181.3483688019958322
186.9636016256034736
187.4065194393902516
183.8549648109637644
180.6106754340530642
179.9433446689666027
184.6155061752855602
184.8665161798811596
185.1447306605301151
183.9991963451354025
183.7128106309643556
226.7617925137289774
240.8757723314791974
238.2685520355209405
120.6300741990476837
199.6331900311190850
209.6544370586671846
204.9242557446205524
201.3999689771605972
197.5967838853599119
162.5659711609832243
239.5212994185334878
240.4181105693010068
229.6874870352373819
220.0803399075311120
212.8015513215773069
206.6016832373675243
200.3303645237511432
193.1254269015090586
190.1665260708876986
191.8258286675088300
189.5615114285776599
182.9929833860077792
175.1708533435540005
174.3582565625657423
178.4261828065934026
182.4438471285807850
186.0977161987972579
187.1272925731756231
185.6279987343734206
188.3067096609225644
191.7167497789445747
195.5494832668987044
194.7832333144260701
193.8898239688469687
192.1433946914122259
190.2035963866208590
189.1363601690554788
187.0981232295075074
186.7875103806775599
158.5702983985834464
232.4987697888912521
232.9886369283106546
222.5092739213151560
216.4818560163221264
214.1223493327850633
212.1660946061496702
205.8846532442410080
199.9042322456713521
195.7644338249430973
194.6329113048701345
188.6253080500620740
180.3726897075699185
174.9118039252398376
175.1223260114721825
178.0213150997626883
185.9683853597547341
188.9536320693868277
190.0836013129122648
191.4021292086094377
194.5860804254559184
194.3393790676412891
196.1941803925892884
198.4790952120945065
198.8366673788657977
196.9031541318922507
194.9083395713620348
190.8287849971383991
188.4865165859258980
188.9595080231126758
156.3451575478104303
229.8846709355119060
227.7906607054856067
220.5953699698237642
216.1589064749139197
215.8795979556259113
214.4939931516855154
208.9542519764068231
200.9306532206388738
202.7512015787039843
195.3733957302595172
190.7152267783652064
183.5639332870274529
176.9508737790881412
178.7013354992587324
183.4775106800377387
187.8573493683434776
190.6319529326639497
193.9323370440066867
197.7205937490309964
197.9357017614519236
197.7391563046945748
199.4397656604995746
201.1041454880300705
202.1273681003919478
201.4241769068447354
196.3573056516253814
191.4552983131308395
190.9893115045940419
191.1198620105567727
155.0642858108820121
230.5587679413219746
227.4654717037772400
222.1181926186916940
216.8632244738229247
216.5193931473313285
215.3290637577502764
209.4410966728774497
209.4800718993130602
205.5207780899474983
197.0764046130140912
191.8488348458925543
186.1015944238275779
181.1146974685743203
183.0152673568563273
185.9540553466099482
188.9548138975431755
192.3324142223544868
198.9309393225826454
201.6479946773134770
201.4934466172538805
202.0505706958440442
202.8492126447151520
205.6306304027513079
206.4117758788343622
203.8598091771913801
200.9853788572263795
196.9121523641304066
194.6869271091703695
192.6376033086765460
149.7180987759802520
233.2144480185146449
230.9153952238932561
223.1007201871360621
217.1503274801309260
217.2216390224856468
218.2794231498962176
216.3660821045799594
211.8655438961724826
206.1186827877847634
202.0556834230461334
196.3600917327640616
189.8204416236754355
186.6936497073522219
185.7965850467693940
188.4175743231730280
192.5473343565710138
197.6630894122028508
200.2895007779273158
202.3311745184140023
204.5776546318803639
209.0818766918634424
210.5886938532694046
208.6658346411443858
206.7489052170913624
207.0166567557592430
206.2799677368460607
202.5511121473685989
198.2861579619506358
198.5857051457491593
165.1487326829158064
98.4753034933017375
113.1123198272611035
131.8261586060276613
136.9012733946805724
126.6996334441972749
124.3866069043465217
123.1749092364741500
125.7931398463393862
119.9696231179699168
115.4672378610914620
115.5306388233563553
117.1989779612256655
119.6464746348536039
121.1964465614248638
120.5718781301911520
121.9665085735676939
124.9363518687662093
123.9489181660723744
122.1265275776409851
121.1294075467871636
122.0261504126536636
120.5120598060402273
117.3390838197648236
115.3967161133485462
114.6273515465815649
116.9070876317625078
120.0205388475386883
120.4107678230410556
120.1012825596205573
145.2685627706713660
83.4354837472774307
98.3525270513336096
112.1180176522002228
118.1854630517743772
110.3832660271347237
105.3688765929982623
108.5095143643521851
116.3782323160448726
118.5789617769877111
118.7689543879562564
120.2475219090630674
123.7247992729581370
127.0441608296105045
128.7286855808555970
127.5025126966607587
125.1215078132317728
125.5793326157974690
121.0936559856121590
120.3814494057331217
119.8735305749522269
118.3694743941820633
114.6366629844197575
111.6065647513144654
110.5195404353893309
112.9738909458631326
116.4700137178355845
117.5393288559575353
117.5399854341139871
122.3076991631490529
145.9964936635601873
85.0586412931591553
92.7400894255426351
101.1635106965409534
101.9568053136189008
98.5153675083043225
97.0298488862569855
101.7596322709153895
113.3641667407635509
116.1559007731933519
116.3659416894858509
119.3612940262309223
127.1990074998003450
132.4302438620129863
135.7875963127485761
131.7552754968121462
127.7103959046003467
123.6105678068386737
119.1024919980398380
116.5757844907842724
115.1599426056887552
111.5300569983107408
106.5496488245771616
106.0723480313052249
106.9805458753485112
108.9044377857401003
112.8490162022058314
113.1809839156388335
116.4540804110998806
119.5753383767470268
152.2422639518503900
91.4316206990085618
85.8555431860359022
90.1833887459857380
90.3019381568583412
89.4799108721703647
92.4218179644788904
104.4743974276419749
112.0328403317012658
109.8297468387860931
150.9694003219684362
97.8956386531861114
182.6487009481257928
165.3894360617781274
160.8951597792790551
131.7880269394113668
116.4189986033364335
105.8122048312636139
101.6604423688042118
102.4690831591714755
106.1030376514076750
106.6211264456651691
101.2985571887228247
96.9231165694151713
97.5201468153364033
103.0979664888267990
104.1278323697452777
107.2336752135886826
193.0513449496838234
178.9087297257655962
171.9751262861974226
82.3858056379787911
64.0254689377036783
66.4369998728639928
77.9835064291083739
90.4305482299709240
101.7247145409750431
105.5390164488431992
129.0438115718564802
48.2189162812356216
45.7486071702123951
53.6695286466714663
75.9749068458239947
139.9289206744212208
164.5291113753609409
92.5836036779855220
70.2231094618310578
72.6934444652217167
80.9925595629023434
94.2121322648242341
97.6755313188368461
98.7795451507475804
96.3748615028454907
95.9784048891370674
96.4795886575464436
98.5898098673317236
66.1840555031402573
78.2805143063286266
100.7307078308795099
126.2462909143928869
149.2238589008234442
66.8246144343574855
51.8418075149280781
56.7551018112976067
72.4805586768068935
88.7443778275926007
94.6974983114542965
76.0911491798529624
60.0877259872229672
54.2883426304949523
53.8233097066881783
61.8312594426793254
90.5271351737695795
68.6796566219456253
180.9178363973732075
97.8300363893041833
71.7933868928995764
71.6558109042807274
80.3451149607207213
85.5147329170879118
90.8919325099923867
94.2689561205208975
97.0724860451950491
101.0864745586666800
40.4517680029627797
36.3832600343998820
46.1911918282899592
66.9001961473090034
88.1059813833120700
119.9720426297801907
90.7079078847860387
52.9166479254791966
47.6932879372348566
52.8166279478960234
67.7317220830840085
70.8433720232653030
59.1139625120361956
60.8334047891130183
61.5286638352767170
61.9476055161265293
62.6006195055164483
75.0677344895277514
62.1119648400721189
193.5199319474431263
108.1119680901374238
87.6146872026303072
85.3785966390690305
88.5671530339336357
91.5301053427499340
89.9383718866291417
93.0727742321202101
99.9551538451401598
108.3943034740407541
62.1234063506934717
53.7512613066288623
58.3338743116511012
75.5862004694000831
66.7745112524445119
97.7565766672029213
123.7823812684120526
56.5245594349239013
53.7631268096545796
65.8392107161184015
77.3705567810575303
101.4612601872950393
75.8476201608503686
73.4453633731623086
75.9770037036255559
75.3875683923973980
73.4109137238790481
70.7569637131557556
62.1890349248130008
80.8246305725118788
158.4405253712011472
96.6398428589353244
82.7991896512722718
80.4851262011279971
86.0995832133692005
87.7122968058212820
92.0020343496852036
97.5762566417171087
111.8725084131985170
75.4482877855420355
68.3900868744962764
73.2854554212286047
89.0327855957357173
60.4637169985712859
76.5249980255273954
103.6357774452824145
126.8962970525449805
71.0430989300969173
91.8169883053447222
97.1269614170590216
96.9460299730968984
102.3994239198529499
88.4555688407062064
83.0218098573695613
81.9783908219930311
87.2756908596006440
66.0539070673577271
71.9250470758436506
145.1008215310529863
109.7519244364780064
104.6662099119514693
102.7261696800782289
106.3753560983653728
108.7002833132071657
114.1348694084398829
112.7147108630732362
114.9543886821524694
120.5552787635602385
80.8162729678625169
80.8192030061153588
88.6576924811915319
98.3616180659995223
69.2603949463229043
74.7403305136966338
91.4332578490442813
112.9252593833448373
88.6626593187965852
101.7004178579280733
110.1201181419620809
116.8741564405704878
117.5102737190892697
96.6893808481820827
91.2307994575251087
96.2521980053304560
70.8989568608406699
75.2196331322301432
89.9895970338725562
131.2901321566794195
110.6257416678996890
106.7589801163797887
103.8187843614168457
103.4169294625307316
108.1184528277864842
113.2978151823666479
116.8400250318768911
115.2145665155986762
119.0006246063112627
89.3126789761738706
96.3280156072376315
97.7413634846592458
89.1387518303876192
89.8434583323440137
96.4257079204559062
106.9842117137856405
122.1987703913907097
104.5528017600197614
93.2246216108599413
120.5310329255015205
130.1813851693667630
137.9474293443265083
121.4667395276487980
107.5728666597045446
98.6545827141799521
86.0700437695238492
94.7408407053809469
108.1103398363615327
129.0083894786020267
117.7929572043744884
112.8707049271816629
106.0030620645960937
104.7227085122583219
109.2084970628565230
115.8844534331337712
118.4958889341199466
118.3408256573428332
115.4434988137238918
117.9881187736556569
110.6263209553063973
99.1626961192720273
97.8501667461107019
100.6569562978695274
108.0957441343213361
118.5986378713008946
114.6299425690518916
105.7350721253147583
108.6172170680250701
114.7047275738586052
128.5819352373386550
143.5847970169531607
154.8269952198097883
110.3491759219433703
100.4268382815905341
107.0023101927969265
120.1367172951561457
108.9857175714770392
119.8500610277782954
124.6366922739291283
120.6844374520077139
110.5769729392104210
104.1309971756591324
106.9604003771364091
117.3521994855304342
121.0262280379192532
118.5962448290540294
114.4655160014862219
112.1888430021866867
115.1104037971997087
100.4133565602477063
111.5816555460308308
114.8791761612905447
117.8199622005852092
98.3482515629762020
105.2291511382535560
111.8372781358356178
119.4027244973347734
124.8462931295546241
126.1323755282725187
139.7138743720305456
148.2001698081128040
140.7390926423744872
128.5469489881252230
121.9225981897039901
118.2197861483224273
121.0447784264478344
124.8684081016059366
129.3245843596729969
129.6480724117977275
122.1249060545227962
111.8579217026913284
108.3290487021680377
111.1568066881883112
117.7961425345232698
120.5641358756314077
116.2629294811851821
110.6401574640379550
111.3055910812961997
112.6660576219257734
115.8373289907704304
115.7241019670349260
114.8765544619320735
109.2182892041068385
103.2913525135298869
103.9661757002565281
109.4014117068634988
116.9907307191011228
124.0305210119987578
123.0416662123565459
129.6545947781820303
151.5229970361591256
153.1199078496112804
147.7938388713299389
140.6651023302755732
135.3554502095392138
131.6383826121094387
133.2888024847621011
133.2790175803060038
130.4380965649422421
122.0086007577625935
113.0875595725100027
109.5593151090090913
112.7513803006256410
112.8173427879897446
111.8580753077624195
111.8449909643940146
113.1211873297559407
117.4986657686685732
123.4605190109486159
124.3564261973548355
124.0060143950565532
123.6386106567136665
115.6958438291686804
113.1953403784372938
113.4462748233208060
118.5405622107913644
122.7077895694451684
122.2175255457834027
120.6270124615242594
131.4611658635271851
161.1870796572015934
167.5565013098365341
164.1567501817029324
154.6065423817252338
146.3585205287628810
141.1186347347785386
141.0814152313195109
142.2846752524263536
138.6738359869909800
134.3633004928663013
132.4634175865861607
132.0435417513225786
127.0460041004997152
121.7349760265786216
119.5570023865395655
125.0397423194333442
133.1219940410798017
139.7075810789771424
139.9411991445734031
139.7920041627671708
138.8105449874414319
135.6072182014131613
132.2749783260544234
132.8106130051119464
135.8031668268284022
137.6005086291660575
134.5153532339854792
128.0728230440472259
122.9332504308348319
141.2064350943123543
168.8314646985343757
173.9562410703940714
168.5747123102341334
161.6049451065441929
154.0577633804988693
152.5764863927730630
152.0523357183297435
151.1928202848969818
148.5603757594209071
150.7710504970826833
153.6152092028634115
148.2500169912010222
139.0551347231608759
132.4488637491239160
132.3746479410067423
143.0278587775673600
151.7111647124021943
153.6695611947470184
150.6487175148416213
148.6894018448227826
147.6802447959785809
146.5662174150532735
147.1698175043721335
150.1876234189551553
152.8147660844720406
151.3737034475261112
144.4816502227125454
133.0608882486861830
128.4451157374433592
146.4310761319226799
175.8739899948781726
181.7173314536056807
174.6421556333681337
168.8153549189663352
164.2678352885838819
161.5411224911852059
161.8925452013409085
159.1146195360537092
162.3452620184675368
93.0686066480462557
136.3689719135732048
139.2052705752893189
138.8913462085455137
129.4935367953513037
148.7400322682970000
165.4012955673638601
174.1457442685943704
168.1369872281119342
161.4014307189716249
158.9000860401749549
158.1573299310030052
160.2662401733827551
160.8458549356928984
164.8782680751755265
167.1515452836957820
161.5167626258590587
152.9032322429728765
125.5233162253714170
156.6510518231907270
157.9556571982336379
184.0874976027177468
187.8939481728651515
182.4281267693299355
174.3088422444658079
173.1885611000071208
170.9277618758624158
127.5066126181749411
174.5254933874782353
186.0619272603514105
170.7512449458278070
151.4541711314918189
167.5201934761880125
153.6555790428493538
129.1598267828864550
161.2655810995180730
178.1326009059767443
181.2572303307235870
175.6941137110370619
171.5948040337895009
170.2791118946554718
173.7172311570984675
172.5873313356080416
173.2597590920358925
171.9071370664030951
135.4006285686671731
157.6429824031286273
172.0298461696359027
174.4350633309390730
169.8820497395396671
183.3267225452369757
193.5543522956491529
188.1420316896934537
183.4645671085569916
178.9005928732265147
175.9671408668286858
177.3624347140139434
189.3321603428601065
194.2146698649890197
191.1416864670995892
174.2295799731034833
188.2587233852786710
179.3318923436900150
167.3602809261338962
135.1167926992749813
174.5361413417081735
191.6989319915469991
192.5217131958254129
186.4715577805558837
182.4872023701258286
183.2703420591747658
180.7676496423535752
176.8824318418752455
174.2223221148295806
178.7678489257843353
176.6799592588917847
197.6355170978655735
188.6905605039169131
179.9604493662388904
169.5519176854490127
194.8501822765356906
198.4937034006953809
192.9568754517381137
186.8838358666903332
185.5020059418420715
186.8864383915217218
194.3553991446759710
197.6796522292369787
194.6416686128889353
186.4949042299799657
202.2406423048748820
202.7507176007209182
190.9595191557581870
130.9087185149185757
176.1144104016414929
193.5238809814670162
193.7049951556607539
191.5484084077867522
185.8664978856913876
183.9008284200439221
179.8005629747106298
179.0159104370199827
196.5964655621054078
192.2955627358440722
188.0112041780247978
209.4320260803034728
201.4463090927862368
193.6854178040383090
183.5710373042104493
173.3269265002392672
205.9542994981625270
202.0666625179958658
196.7958633884576898
190.6780838819874759
205.4020482812050830
202.6945872716426607
200.4276223887627282
194.2894261177908675
196.0348472667073736
208.2694124330427030
210.5126984415695119
203.8086466868197988
132.1883498966960531
187.1181506904951277
198.4988565150317186
201.7687816070023814
195.1430095285698769
190.6307590525097169
183.7621893432888953
179.5763450516235764
175.2013961729556115
171.8553347145032433
201.8900447403608780
203.7543398428566093
214.7575711567137660
219.4444016843354177
215.1140756912614052
202.9158028505337654
188.6465986551483525
153.8996573645547699
208.9773164636963259
208.5810406179788572
204.3329131078916134
221.3621175767083287
214.7723417816254141
194.1772075281029686
221.0874248079213373
222.0984650783269956
218.9538034891840823
214.0276345732170569
209.7044566546833266
128.7382514022383475
194.5901463079517271
203.4703525746728019
203.8444688521022385
198.6341276942001741
192.2579551052119768
187.0178586527000846
184.7262332879570295
181.8664033126067352
174.0214681990030101
194.6105889409437850
217.2735744092700543
220.0053894483436636
221.9028761711472271
218.5828465897930926
212.4566662996891466
194.3738792006984966
187.4367998591962134
204.0206671669109824
203.9729844048522409
206.2685662175685195
199.9100568878990885
194.3942145089888811
230.0681842666956811
238.3479011308134545
235.6073834689268267
222.8246352076309336
216.7768928726041793
210.0422277397466644
128.4325935734550512
200.6524824706388586
201.3310665279172724
201.2282638802400641
198.6817748397871810
191.2153701398339933
184.4894607437246634
184.0521720507909436
182.8677398118970530
182.1005332985199630
179.5638888935038437
208.3792436042349152
229.2165235867647084
231.2875921205482825
235.4148307482905125
227.1722337363842428
215.4058723923705259
158.5557234245595737
230.7800697764365339
238.6760433006608650
199.3576479022732997
214.3072120799295703
211.7103342936885326
216.9795148213157745
238.1183893563030551
240.2616212269580558
233.6055387206769751
226.1227359059727462
134.0052412499929630
198.5832444643833128
190.2662438799354163
187.8794044458893495
190.9985035061039866
191.1081004044688711
188.8369363485665531
184.8468082106163024
181.8508313429783811
180.6914941391296452
182.1209120176411318
180.3591758646477103
211.5332967621818625
232.6367167452373792
235.3094257625035937
234.0256383645773894
226.4471112392934344
144.7205655889916898
153.0946228133468026
229.6094079238429231
243.4211245450186141
235.1463770291861124
173.7207903731074623
226.8319216341598690
226.2165411062079556
233.0709789818792785
200.8406816434294342
208.5061466138201069
206.2926198936269202
201.0130317352099496
192.5861648971838918
192.2834953029344831
196.2657859571602046
197.5302782718287062
191.7419607772290249
187.6644473168360037
184.1713221280199377
181.0528689246435192
181.4690915657375285
182.0540892651565343
182.2846354917915619
182.1772414597377008
183.4787693220760616
228.4704074111931504
236.8651335042560220
127.1357703524548413
194.8364612638177107
197.4489128125144930
197.4437374760103125
197.7628803495176157
195.5516851341214988
195.8750461597670096
159.4556909673722771
231.1232864213693006
235.4673160989070482
227.5389706306847870
220.0226085009408052
216.0080224123306039
211.0579780200844198
206.5976365782552193
202.9824530399741604
200.0904960315718881
200.9527279924252525
194.5166920090352392
186.2896185048093969
180.3371542385483792
175.5798780725417032
176.4467150842160947
178.6393933191864960
181.8209202396940043
184.4894814843797519
186.8557683677532566
188.2211149044703404
189.3623260797865839
191.2370988231307365
194.4444890713746190
194.5714864523748133
192.4230633687695615
190.8599013453081739
189.9564109337913749
190.7807149761017058
191.6579972697602443
158.0406199238969123
228.1546534065632841
231.0412507789185952
223.3184463444503933
217.9915796044034835
215.4318421656009832
214.5263082665539685
211.1118891029122437
206.7046441723119869
204.3803623988933964
201.5665174984694090
196.8014082770685604
188.0770049624883882
181.5683267537407914
178.0548837115678680
177.9658468421528426
182.2221206415521522
185.3008622213179137
189.0697462709857746
194.0227902432653764
192.8855626063129307
192.6969722914703027
194.7112597531911717
197.0153415875768701
198.4583159799589112
196.1784323809835939
194.6989003387100752
192.2828340920679580
193.6911500594472670
192.5318553164897253
157.0198465201616500
225.3392032506542364
228.8067267626845478
221.6441855969434869
189.0724234190320772
194.2276945070265697
208.1390507506231700
211.8537778839506700
211.8118622678559291
210.1241138905871253
206.0112917208894316
198.9365851001232954
191.7723351443931108
200.7226989332644393
247.0332137917903310
111.9045922326955775
176.9873772041822235
192.3888166815999625
201.1368313178734581
201.7863803597335561
203.3189691550223301
201.7687915155405847
108.9199836732893942
232.3599863443895970
134.9101625012437466
202.3074127531132262
204.4688853073962491
203.5795604687114633
200.7779543505370725
198.7866960462926045
155.8882995762747896
230.2997545754529938
233.3525207114775810
215.8073729077430016
239.9490498723403675
176.0368972476038039
208.3471697145839130
216.6799384025544271
216.3922950872464526
214.5456779348422742
209.0755905928144216
202.4989056880588691
149.8366566459681337
207.3054487524624960
117.3803506600091993
179.0631488780712175
189.8476267007590081
196.1548309939102808
202.7034145217866694
204.8402079857308991
205.6209592347416901
205.1942558542938855
186.2221945801869651
165.5925114874763437
201.6965865310621950
206.2563802707766456
205.0622651943799610
202.6853480983498912
200.9191327359453680
198.2824926546063580
149.9072685809224765
230.4742288686216511
231.7664559589124735
224.3093136050798364
219.1196628976661884
220.2526506514551272
220.4670821036819177
222.5631418055927497
219.4494320281968953
175.0052148284909208
217.2595662630716902
193.5810928713146950
238.0838193827809164
235.1183867688541227
120.2714667702970672
216.1146710649890679
229.5847787742256401
227.1695918801585776
218.2588906499411792
211.5308807516860838
211.3552834211713787
211.2868352046455982
212.3998239618326807
210.4002711309620679
210.1915310738528149
209.7241433789028520
197.4704021934904290
237.0565297461811838
233.2227115962871267
223.0887374637748906
180.8998040223478938
114.4002329910030369
112.7959387759413232
117.0141121544207579
116.7379934868712041
118.9058795542978118
117.6893811042924938
118.7345538188807836
116.3161264411274374
115.2496348160128150
115.5881956609160852
116.3853487976971621
119.0639426795575133
120.7762213763610930
123.1828472516634747
124.6663249114197356
126.4442296896742590
126.2748633492659565
122.5283515498932161
122.8684191340959444
121.3176366384098515
120.1108961682242011
116.9538669157811057
115.2731541421457138
115.7201253954072087
116.9137417230181200
119.0723519726840181
119.5770210860305554
119.4856310339018535
121.2820891770421241
139.8450673070211678
92.7114037164337077
101.3074992270441044
113.5834569035266810
112.6239005753467808
110.1060384047916045
107.0810880623648274
106.1301759123079052
111.5122015185555142
114.6096134699610616
114.2484215001692860
116.5629817496958793
123.0442179391365727
126.4229198121176125
131.5207190564869109
133.3050457966308784
130.9098529594214142
127.5048030987737206
123.9964354350141775
119.2413072731582986
117.9525681426649868
116.0640226700332107
113.5341717731896551
110.9579429208428110
112.2969248985030788
115.8324204609808277
116.3614240052789626
118.0559143848581130
119.5130959841927165
121.5444165908049285
150.5985046966640368
100.7353412830827892
101.3320238558331994
105.7333510408794837
100.1733113616171948
97.3789843314115728
95.8575565140658625
101.5489842024737754
109.7619326667138751
109.9144078274127878
110.2795225536582961
116.3031023488716045
123.2728159018147096
176.3166404066813868
124.2034767824269892
205.8937363897610737
140.7428916036279247
121.6673834864868269
111.3515785373769518
104.2851948184157322
100.7393349559937974
100.9008445504011178
102.3816935006254596
103.2605433147388680
105.4397405891722883
108.9630365889436945
112.0758417773974429
111.2274562562277822
112.8810814430565017
114.2197322665186618
164.9660893742885150
105.3788350344647142
93.4166741138438113
92.4128848500692612
89.7808627668869121
88.2147743191479350
92.2451487415735301
101.6188639840434007
106.3803195269361623
211.7313635966644085
61.1353082760661977
58.1106448410182423
81.1923818682605543
114.0552666861649698
177.5357163938334395
100.9567324946713569
81.6952558396452275
78.8718005224550609
81.7888246086559008
89.3680791411470352
102.3953953105284569
105.1067716085443635
105.9732668713586747
102.3486391207895849
100.3035926878946071
99.6713759766173268
86.3349098698574551
93.5997292903616085
103.3446419926026465
195.4360204810651567
180.8712061107555371
72.0473503994600719
53.0806283931238738
54.4322351435236982
69.0502599117621116
84.4424632879689625
91.1286187777742214
106.5335678471288645
60.6295746093105663
46.0230806133718744
46.2081794584240981
51.1724449122163776
72.9457698230804255
141.5308954428173251
188.6057376504724061
98.2853467697088234
75.6539716871292853
74.9352421748999404
80.8554893965567203
88.1237113161640053
93.5637946616522242
97.8239911650304492
99.3050674172690719
101.3668368845959264
102.5208708178273582
29.4913821593807199
35.4649943013537126
58.8738956279074159
83.6228548806868446
106.8913870604445435
127.4543563940694924
59.7526308050584163
47.6143864792300633
49.5300302894179509
64.9442898388780065
76.1363622570201102
51.2881021743846759
51.2320346601674856
48.4372343553750966
49.7984139771671721
53.3701875096247988
64.5441640848658977
90.2839456444233122
81.4244473677587735
189.4297869546291224
98.0404773776323282
73.0888174185951414
69.0125988711854461
74.9533489910269282
82.6040130293269357
88.5174867807755561
95.7923129054507569
103.5115234517994338
52.0466470035317741
36.8390545159658984
30.0682750942905557
38.1463822823723717
57.8841390615899059
74.3236673201717508
98.8987920583734024
62.1898118437809586
46.2697572664941532
45.0994462184072802
60.0770710243098591
78.0577586553758920
73.8471183479492623
64.0388795599569107
57.0728725304960136
57.9139749091595348
62.3000851875276567
72.6108159237704456
65.6025645270880347
68.2039468678057972
177.2099226486221255
91.1037699875950011
72.3376833353583777
70.9324362714704364
75.7104634101698508
79.6190290414892701
86.3722189056068572
94.3414878782600681
107.5991499980285937
74.5178723621264112
54.3443022292703688
39.3151548100285169
58.4781857082815577
74.4441609883139392
62.4132202890087626
88.1304811279637761
105.8245530628943527
65.9790623059537324
73.8362798851048865
83.4705464913559041
91.5478671357257952
95.2436495754164127
74.4229374448588317
67.5452367837836078
69.3516125885057590
72.9953628349776551
64.6334652821030033
59.7294433669737117
71.1208711744947095
148.6698292905171854
92.2224519499027764
83.3173709150068049
83.8330138678278729
89.3203536087890200
94.3540803229276293
97.8250805017500653
103.3265489184579167
111.7253168069052265
73.6330352138017474
64.0316662744237846
71.4857613759623547
81.7024722824640719
60.3557895901821837
68.5876138774370929
82.9292358242532259
100.3515334780927901
109.7147046320917525
87.9095086554785894
100.6678335179357617
107.6608510510355643
106.4217102238922052
84.3524103252468649
79.6377006830612686
80.5535356093298702
61.3980092990363033
69.1759923943237567
69.1590787806699865
88.0162238664676977
134.6733502913000962
100.6353180990529381
94.5292872914154003
97.2857169212537940
100.8340548005586186
106.3870760428005866
110.2258723277721515
116.0083744155720069
120.7363953232257927
82.1963965302439874
83.9972466095465080
86.3450552915384009
95.4038421056539931
77.6831810102461020
80.8892352864359481
90.4240039860013383
98.7526983274531176
108.1002610974317975
109.2340543670266158
111.4008717535332522
120.8729291415871359
115.1499412532567135
93.7632958525216225
91.5032912061887487
85.9994229607595173
97.5396132628791008
78.3213041248013155
83.8068741999275915
102.2993559486188531
122.9496267165270069
102.0053036294763444
97.7095412167780353
98.2384593717017367
101.6039244599286491
108.2745646548486462
113.4041209247008908
118.8751466989120047
120.5689436731897075
125.5441310280672838
91.5247262786302826
97.8999861247914680
97.0604307760321774
88.8456848277641598
90.3661645377004277
100.2825845121244868
109.6861156683030742
135.8307842535910481
99.9866757935590584
98.7842375985050580
123.5490125816639022
133.0451015764172382
108.6559119166496998
111.9281899958439368
112.9059594916710410
95.9996854034590541
94.3676806783173987
102.3754608572291431
124.4539038299808169
113.0601050105033778
112.3844138422855110
106.7437452999748189
101.0490433523809060
103.3108579630700348
109.8654249339540740
118.2389834468233403
120.9768589745867473
120.3896748960594323
120.4571048481402897
103.4492092259611127
106.1993060014878125
100.0626318206534791
97.3872590012754529
99.8514882216890385
109.2647114874954752
120.8260872361365728
113.8837509884996280
106.8561447603490251
110.8155423283135974
115.5136782711386161
128.2291701624756683
142.3207470444990008
130.4762867407455360
109.1040372232324387
107.8258239975934600
113.4271015926139086
126.3864130151722378
118.1528893367591024
118.9068900444575831
122.6602863609857081
116.7204457442611982
108.0248183568190541
103.7440451999632245
110.1551516225637926
118.9601252230967674
123.0231078714399473
121.6856936490469536
117.8134929128575692
118.0901599813902294
121.5976008416325271
106.1569981637488382
107.7448777744863548
109.0903923622282150
123.0788043915591459
109.8092618717491291
107.7063175167012048
112.2292167522409159
116.7877717726786813
121.0337873509544124
122.3622373795384988
124.0153620872751219
138.1042756440665755
136.7579215523383311
131.3897136939312418
127.3164578622604637
125.2074890721277143
125.9246455452864240
126.7698261979404322
126.9330195517629392
123.2969093207717322
118.1105695868932770
114.2364147694052861
114.7189374484503048
120.5685625767398790
123.8977761972922735
122.1031629439668933
117.3714524778575310
114.0564782842434539
113.7561520728246762
118.4590551406374459
121.4614830556516267
124.0584529137382503
119.6164406290276361
114.0789601763614485
113.5420607570615346
114.5538516223541023
117.2350158090617640
120.2352747025380495
121.4979501955504730
121.3571105363052993
110.8731755392391278
138.2390085389969556
147.3915148267552695
148.3728038805721212
146.1351281512013713
141.4726005646370197
137.2950086081494305
131.3218234949815724
124.6034331680370144
118.8852627771259591
117.3399575012402494
120.1571629360580715
124.4863669420372503
125.6868098708624615
122.6673385319422778
119.9350977300804431
118.0180109279967979
118.8782734834097141
121.1714629887288481
124.4501220860865658
127.2498288419606070
128.5046411621040363
126.6421646513096135
123.4267154325294769
123.8686762536148649
126.5891397230008977
127.3388476415546222
129.3008934778218872
124.8043210482361189
122.1233366528294226
110.4001498589038164
149.4945241855693894
166.4326653106985816
169.0270896734096482
163.0675695947701627
153.9475217047945534
146.6867323352170445
138.4816151133759092
131.8384123098802263
128.8416185257046038
134.6599094738479891
139.7038861537926095
141.8425334628823293
139.2864970218129486
132.2294337438358411
127.3400299170551762
130.5512684075586947
135.8937465309248864
137.6911246834559677
139.1904645976287327
140.4830735174865310
139.3074985198191200
138.8045827557307632
138.2478947688021265
137.7867922430227736
141.4554153640773677
142.7394760253921788
138.0921624815492805
131.0417115458202488
124.1269725114846381
130.7226381917649292
165.0686280462383593
176.3210381434037970
174.3148002264098295
164.2370993135909885
157.6162793688424983
150.8584970444416058
148.5817185541112906
146.9364812456352638
148.5405973603944005
158.0481389748023275
115.7999421066586905
146.8307085347724694
163.0864938471861478
144.1160218022052391
127.7617058971184179
144.5658766360753305
154.0983657259663460
159.4045964166630824
155.6311360940024997
152.9221326802757233
151.3898594256371837
151.6795555951525216
150.5221893171333534
152.9937985391867130
154.1969990467044909
152.4955028515682613
145.7886644671582133
140.6757293160634674
154.8269935470677865
154.2913781477182340
182.0667148286245549
184.1890538281965064
175.3719779061195254
165.2201193707332720
159.9952807268771551
159.1311623176165995
159.2266193903358840
89.7038148993679272
128.1307389630890725
135.2115199890986901
163.3125690775137002
167.6919619732769604
153.5214101495634793
144.2737003655172714
128.3280799694485097
153.9624126348082882
169.0565370341794846
171.7247932002361210
168.2892197375971364
164.3455009560871360
164.4569566641701499
164.1830302681995875
161.1545912140686312
161.8587489924794909
157.2026644808960611
150.2467821890153346
158.2432544019470697
163.5492781838337351
165.1270309659626605
180.9959066402526560
193.8038983061939007
185.9588034243735137
174.3417076261399359
167.5276592708856640
166.1085428441442957
167.3226915430674921
127.9500751038837763
172.5122698598456736
183.0668039840511767
177.3372323478991177
179.3551246022451551
172.6279241213487978
161.2148169175926853
123.2185087841380948
153.0582378308407954
171.5944870671069964
177.0866736275553990
176.2660776187477154
171.3088558208258974
168.5749773300194079
168.9976231528147252
169.8480321378906126
167.9439673581359784
183.2925517289052948
178.7353430851120493
171.0439073032535475
176.9864590295233597
172.2227729424242284
167.8248756136686097
197.5058960687682372
199.9035445048284600
189.1566246443911723
178.2914614546925520
175.5406434651271752
166.7148631336899598
181.6829107970380619
185.0411166787192485
180.7820296971392509
176.1476661452571193
183.2543467404561852
187.8081249785176396
178.3483757484826526
165.0860842463908682
137.7045125158573455
172.4742266862759550
186.6830776884407612
190.1180865536066165
184.9171694448975245
178.8554739276542023
174.0081987134958581
170.2906917952257970
169.5214778610911708
195.5930639760561007
188.9664501983098148
128.5360040207508234
197.8277034749767438
190.6734134800014999
178.5243157655280868
169.9856252640339846
203.6986322641541278
199.1141953331043339
189.0782336166905679
182.9913421902702453
196.5861817042419375
196.2291516663709388
192.7234026171107644
184.6685974455118071
179.9787314696482952
191.8435573949716400
203.3471829649701590
197.0150025848874975
185.9237671036752602
133.4917872737542268
178.8554565911011025
193.5401906529742746
196.5543092890939647
191.2016212066756111
185.8524351290342906
177.3027881565573693
172.3308790256248244
166.9133211834963788
200.0357462823959338
192.3693520269008843
204.3532615279745528
209.5193016632587728
205.6110202072053994
195.9196934407555091
181.8365932310520634
171.0043860450495572
211.0291163228353071
201.1677743404692649
191.1292078833481867
212.1157492478297684
209.6311429208620325
202.2433569251191443
193.9952787635159837
197.7758142060039859
214.3203844160761378
210.2658320420836162
203.2208189335187285
198.7715563560815610
132.3952807781210197
187.4548628574940778
200.7128111890262403
201.6209994024121386
195.9431341352338620
189.2593511390755907
182.7425656616456422
174.7084962062828595
166.5261553488880679
201.2256380304527283
185.7010166804609241
214.0772184521540566
222.6315993618222251
222.0221562255994741
214.7620888539548218
198.7646580141996822
183.4694852718860716
172.6550277107970714
206.3123685398019802
196.9306861552016414
187.4248390075960060
214.1344711229027382
183.5114148123681161
220.1485028698241422
233.1001155331979646
231.0378082290939119
218.5152772416607263
206.8836441846877676
200.4401706730746184
129.7256628916634895
197.4444903799467852
208.2156204210272676
205.7483094729059019
200.1712628559503173
192.7890482763737054
184.8786693047539416
177.4502329761828037
172.5908817209353856
170.2543538740457052
214.0854805362241393
224.2849636527092230
225.0724258378990044
224.0795533435427842
221.9903351001848648
215.3948385336219076
201.2568215450614559
189.3100054448719050
190.3960528629364148
195.2250263668710204
195.9297782669952994
182.4132033196884777
227.3986394387482051
242.1343438164921906
239.8047420951075424
231.2664899141148283
222.2024899505072426
211.8560764002795054
130.1751598474752143
211.0544150525577152
213.1591760180905339
208.0416731981644034
205.3289344919473081
200.9884090103039966
192.8782426882363836
186.2574566082501235
179.6781071926754692
177.6583651303064073
177.6603991290427018
201.7145490822089471
222.1054639887858002
226.7027490498732050
228.6541739335018519
228.2423956029703902
223.8321263151749179
211.0371362350570337
165.5072375251861558
229.3037952098632957
238.9043913948513875
180.2172649987923876
200.3208734985532544
218.7738926697709019
236.8946567697160503
238.8934317517104660
231.7296224328031826
223.7699026656233059
143.2970308015476064
207.1847787559159997
208.2125116802907598
203.3179596787298351
202.0974032389848958
202.9373930507615853
200.2674072764053506
193.8118638700643714
186.8390113443778660
183.6282700165718893
180.5429713405499967
180.6973834856022165
179.0298804215068742
215.9424418142857576
232.7194798950957306
237.1767276062630572
231.7287780838714184
117.5077173486957633
118.1674293123817279
215.4947692041785956
233.5851835508160548
236.5000293141527266
224.7391166357553232
168.2651432673796990
222.5741810884618417
234.2560389473414091
237.7937709085632036
198.8004735030992833
208.0986467291139661
211.1524992541048107
210.0006050129674975
207.5307055026227658
208.0319083500658621
208.3242177770106025
206.0483373331823316
197.2485737267803927
191.0569106044887349
183.9668390423208564
179.6465319931499778
177.9610152203114239
178.7478147852846178
180.4416639041242547
181.7977450751928075
221.4869443971497560
233.7194990041592177
123.4250036775332404
192.2167564182240653
198.9063291793935662
197.9600163055967244
195.6139673196085198
195.7057020171466775
199.6135734013357705
199.3688737445266383
161.8701609690772898
223.1859112052725322
230.3643374469481557
226.1550616684615704
222.0033712021744918
218.2632817044504350
215.5675573372683118
213.5095932004090571
210.4625880483972935
209.8027486309087237
207.0916735026518722
199.3947932864824111
192.4885723884029005
184.4811172134114940
180.7685689300588479
177.7603493199121090
175.5447821556335271
179.0495507459174291
181.9017921624632095
186.4903158843882807
187.5544685892231769
187.3807330990277933
190.1991901468713877
193.4775013967914958
194.3869981613413529
192.7229946178325122
189.8123729928981618
190.5863114896948787
193.7037391765342136
194.5323673097730364
159.8422735063883522
222.4066208436745455
229.8473210400653954
225.0109315373330787
221.3178944698716748
218.8097753543496538
218.8386067125434238
215.6606832678297963
215.7799358385128699
211.4484800625264711
208.4938627021617492
200.9132850862187070
194.9053090071932104
189.2809262171469129
181.5881809194648895
178.3755715168910854
180.5255598824070944
182.6968541126674097
187.3133314728295886
192.4809233279381715
191.1760787160774555
193.3872556458228189
193.3619332254373830
197.1470493036405855
197.2878847097254891
196.3767669397923328
194.8421893014158286
193.8966982822788054
196.8794229418442399
195.8278501095462616
157.2122558981930069
221.8520680622066266
228.3102950872148256
223.3720660893970376
220.1626582752599575
219.7114203697774997
219.8852831456159720
220.7548538479928482
218.1372084100476343
216.1751236119712871
210.6394012721314084
205.0145835404647983
198.6631481171099267
190.8081957134109246
186.8023282265098430
183.5791321848056157
182.2217522408884633
187.3067158106256329
191.4370372485980170
195.5520870395874340
197.2028043433319340
197.0326278627352394
197.6708461010782401
200.9398946281172584
201.7165701068675503
202.1958606006097057
200.2842736692347216
198.3095025376052831
199.8076491439435358
197.8047496330446791
154.2013298893297133
223.5238578468144510
228.7364792172964485
222.8021502978666035
220.0290486770678626
220.2965556545852337
221.2190041999372738
222.8542633971902660
221.1922714815931386
219.9844935453849359
224.2193345594645848
233.2845951385554031
182.8094347082845559
235.2165957735185771
113.7175513328197098
195.5009094844648700
210.9336910666747826
211.4413217220273964
211.1547986652902580
210.4311858977247311
207.5418684671834910
206.3111044843637671
205.7431961328801151
206.4704012518624836
206.6410053957077366
207.7880385217203241
207.4690274337956453
204.8146250561906641
204.7384323389163114
237.3260538634490331
159.7320858661846614
227.5754420346175948
230.5185418783849514
225.2835477604299399
222.3972095736258154
225.1753223537970428
225.5561204440986955
226.2142073557423032
245.2656082293277677
265.5181502264673554
225.0931700656398675
260.5625528133595026
255.4954966113268142
235.4318954878544332
212.3209963232571909
135.9081046950100244
221.8386529628369033
236.2592647311827818
232.5759948380872970
224.5196381102461487
218.3228973281714502
217.6824661582580234
214.9267161814967722
213.0290401386091901
210.3310855456522859
160.3324580613577552
211.5722848919868113
244.3516323328215094
243.7000018160646846
230.0863114388428414
177.0212276622773402
107.2928313023878388
98.3314355124801551
104.2346451950217556
111.5654814038212805
115.0717785422914687
116.0792230055553773
115.4067680410449128
115.8880066807773090
115.8940627622969259
115.5911571143821561
116.3497172294264317
118.5945041455700846
122.9047534101992483
125.9326777804135986
126.5956308530001735
127.0610386119141708
125.3992259869149279
122.8811511080923111
121.7331150737995813
118.7951358280913468
117.4430043960141177
114.5182664094107565
115.8158258065198538
116.4167582288488205
117.3549532364326353
119.0355730419597080
120.3800706740382225
121.4942836422869448
121.2719105124684091
135.4453891920081503
99.3157840036355282
103.4736029421332262
111.3454295061810768
113.8070160450491812
107.6133731936486981
103.7876998163411315
104.7601223923844316
109.2693361362209998
110.9525662742377392
110.7314770890210980
113.2085496891769196
120.9585209594792303
205.2022781736999377
166.1811734452494989
143.0470658393928431
134.8741026882202334
129.6702867930931404
124.3644583654546807
118.3412605664983488
114.2651685339783114
111.3529375622096751
111.0692273565687742
112.4458629068908238
112.7960805183987532
114.3888043609275087
116.6914241315067216
119.1808790477528532
118.8703032172860787
120.8589317869398485
151.0683282977169881
108.5002193345883654
104.6135756726301622
108.3345876065290412
103.7473962532868370
99.0275710614481852
94.3760355545079079
100.1798760439894238
105.5828265387385585
105.7811934331138275
130.3093080171676093
89.7278762902200242
93.9693350661596298
103.1098147957237643
180.8678629411380427
189.3378827248666880
103.8177876644810453
78.0733622144932582
74.2339097981510321
76.9137341142162256
87.2987592062112583
98.6190901437767025
105.8646110112326113
108.5922714209548730
108.4817374681899764
106.8487919331984841
107.3866407590660970
111.3509141547356620
202.2032276717751529
126.2335668337486254
188.5494145070087768
103.4386782655674324
84.8465366333088582
83.7021675231970761
83.7315709439194364
88.5808698071515153
94.9613839335230097
98.4237337144321600
164.6499665658627407
70.1972162122258680
47.4770000676201107
55.8701870892821830
79.6830339678609505
118.3858203479856854
99.7273533999468924
179.0391320973648135
95.6574027071865487
76.2528633004108656
74.8722557139483484
79.5198524334763022
86.9968169789349872
94.6584920374881733
99.7301309832167107
102.1966359350716687
104.9060715073142376
81.5944378825506647
82.3128803056130351
66.0853263277615781
72.7003455724273522
130.0202218369005323
159.2772476632355563
63.6631052057923768
47.4903600019161303
52.7969409864696502
66.9111121995845792
81.4470625706443769
94.0668670416408901
73.8869727215038807
52.7964826773728362
40.1461995652153689
43.0240618951308704
59.8204120904798486
89.9020561386145971
67.7843477957578102
202.1005181200000607
98.2703318029193440
74.1461137946980386
75.6630329345856012
81.8506927719567301
83.1801962055260447
89.5008199373064457
97.7629250104920686
105.3123481323715254
224.5652393131873623
50.5107734503668553
48.3803596480681080
57.8135277669838814
62.4567385871020235
75.2630846504195858
91.6397704435618579
86.3085326107494240
53.9825391457451929
49.5124050252410939
138.2163293819484124
77.9244650469825615
69.7875136336978272
63.8535513779655304
54.7269404711047969
42.8557191358622589
44.0400132388693351
54.3980275655762568
76.4078030119909641
63.7708872191234377
84.7914203241107032
161.6284505162897176
84.3526245453779779
68.2226071692157916
66.8947084745433784
70.7175781612638161
79.7012707815767953
92.0866907004773054
105.2993659728702056
70.5167689480210669
45.1532739771584062
42.5359433439447514
51.5614034641257888
62.1654541039521575
45.1840243665001822
66.8820202337535079
90.3609044925970579
72.7052608877647657
65.5363529598067203
74.0916764544695781
85.6402793459850642
69.3555597884012798
78.1324346038474289
60.9523005296988600
57.7240469503164491
59.2456651969913821
70.5390911065920960
87.2396010557204562
56.1447732971813025
79.5425014067321001
158.2168235532582798
88.0499032521109797
76.5594314247179852
78.9591432740865855
85.1441190351895187
94.1018567097721359
99.9092565666999661
111.3399715097980192
117.9906534477443643
61.8946332051694981
54.0044033531659693
58.4091847936280431
71.9871040106093290
43.2184205784182325
61.2353827613548845
81.4876683249119367
98.7619287251082483
79.3142486866753700
82.8454183723698350
93.9433565732215214
97.7470326944599179
76.3959541891024116
67.5403522411492077
70.7734144069866886
77.2626666974344545
106.0162103082593461
52.4987526854863233
68.4531249041432659
93.1171410183055599
163.5537870498763766
96.9834104577254266
86.0538682721001180
89.2138306139045483
94.0988303462969498
101.6910455085037057
106.8658642798724827
114.7980019113632295
119.2809322414439492
63.9105327444438842
64.0306615472669165
72.2143846061721320
86.9284041072044715
59.0862005597635687
66.5828268935306085
79.3871382342073986
94.7016516617702564
143.0868652562036232
112.5863486461892364
112.6431249958598642
88.8664246817497201
81.0316236345981196
80.8616644849964672
87.3935628301910867
86.6414720777465277
98.2597446102038532
62.9455463338407668
87.6201202993675281
108.6746777912361637
126.1195115625024243
94.7225894090742884
92.3393743654406194
95.3009493591910086
102.3901998133288345
108.8306332060167563
115.1838552170067800
119.1999141958927879
124.8138968503985495
75.5552071664508276
75.7789545694298283
87.0788040755951727
87.6193502552995511
79.6547303342897521
84.6947043262424728
91.3784247875016717
98.4052807781991987
139.1116728170024999
89.4341790192101769
120.2711867425027066
124.0862223164999705
83.4181696712191467
91.5611241069778572
93.5933064300473063
99.7711915683190114
68.2968484977029675
83.4090751460968960
103.3446420094286111
120.2286315546489845
113.6053698161045560
95.0224921802952025
92.4154653733722427
94.7977248493906473
101.7533552596664634
110.3104780076010485
116.2843035636669526
120.0861945745247681
124.9352529370412128
129.5350235056727399
88.3687424286630545
106.6660573020089231
94.6667634083481460
94.6594076998719913
98.4408543365665878
103.9505642958459930
110.3694465700969829
137.6387630101682191
102.8223003682480652
99.6731918888311839
108.6712274328564405
126.7739342403176721
98.0612220649502007
92.1845123451887787
84.9422735426101525
92.9003064225544648
102.9627920982931357
137.3707274016441886
106.6173671309343547
103.1528688910464098
107.5030921006326565
104.3373594415062371
100.2245707570868518
103.4599463909079304
110.5337428681063585
118.9197959072051276
122.3266764016327386
124.0178929141733022
123.5388714398294780
118.4128390551464918
101.5633577790415387
101.7014663685621656
105.0486285208715600
110.7939003340725321
117.8716714912411589
132.4270371157516024
107.9168022286023074
103.2176629521996176
109.4248825850474418
115.6980807037048180
113.6029040612500580
120.4583208865064279
102.5207171445374570
104.6685145670690815
150.4904785887342769
124.3004116680351387
114.2216754706025768
112.7568043368327437
117.1044839454097541
117.7169867820177842
114.2988939806738529
106.9729719982509408
107.8690911838288429
158.5943031064810214
135.8410458543394554
123.9310455736408016
125.5946023747953006
124.8555643749907631
123.1360768476850467
108.6743161551101196
108.5116025750269841
113.7099879918330316
138.6267484945381625
180.2373966496490993
114.2808218246566128
114.2185509486481578
116.8115987517906262
121.0628780635266537
123.0169868457782627
123.6539766179036519
116.5594246592185783
134.0072246483155141
135.6961163185168004
132.5577471480310408
129.2076426718832636
127.2119649475204710
128.3781137821565892
127.2710420747521738
125.1279276647165233
120.0303986468062618
116.2746796656628732
117.0199661356616616
125.3579080961619638
120.4403978586130393
126.4049781896192997
127.7772054379776705
124.4356688541353861
121.3861289537791635
120.3737516108668899
121.5262144509819962
123.8773175138079523
128.0426615011063802
126.0028786719836944
121.9613886938201688
121.1202305601887161
119.8934268179008598
123.4314955595042704
126.2538459434507274
126.4248926443248706
124.2911148689348977
115.3338615955138096
138.7191092657418494
146.3867802242785388
147.1336337007202530
146.7210273878291105
143.7897127637504582
139.5260881303915994
133.1804149065291085
126.3423370836798796
120.5081766621479744
121.6911874484895577
128.0796867985251311
131.6966423411686833
134.1789124628763830
132.0660773387803317
129.8437589586244201
125.6955185048383044
126.3117277844833382
125.4031480481294807
127.9773504980920791
130.6764106819493350
134.7853562109775396
134.0072079401581675
132.0697880754502478
129.3908132152688495
130.7800940504789082
132.3991184737693061
134.0551635572758471
129.0403097486671413
126.1713724414758531
122.9577114904048898
149.4382263896358438
162.6219960764163375
164.5407449869176730
159.8990559235542150
153.9403059933653424
146.0393215670000586
138.5756291154217195
133.7618743508483590
133.6413016574131234
141.5400242353366593
147.3233688430574375
148.7446836213669314
146.9276085440572786
137.2539437422776132
132.4997684266673446
132.6534149027795877
135.9371709919846012
137.6285943695767457
140.3448872684863318
143.3528113817294809
147.1541964227744756
145.0579498155865679
145.2060973136688915
140.0026672206828380
142.8052001951493537
141.1039474556843345
140.3633473004406653
135.5453777368592796
130.0569603684544973
144.5056497282042187
168.9210518216288506
176.2695509447553377
172.1635307845584180
164.1390026885667339
155.1050424610133973
148.6573468072792821
147.2281081073911935
147.4811506334245905
91.7461912736551426
120.6938938763541387
123.1684663722306965
155.3092657075794421
138.9278625732189312
135.0200677836593002
134.5041471309129690
137.3077643613740122
143.4065911649732641
147.6113228469789362
152.0166716622942715
152.8052211133827711
155.6376637905228222
154.6881957163099628
154.6715287159339880
151.7625876655125410
149.8785394348906550
150.9916033235479631
144.0670784277529037
184.0684119789833630
170.9534163376144704
173.5369087890924220
191.4473242992856967
186.9164431335422591
175.4759435999436903
163.0064583859888501
155.7249020663788599
154.1605884238805118
163.7464403567269926
161.7779484724292729
119.0560861701079034
167.3525129243955405
176.5063700226348260
147.2443071155734629
143.8521882202696816
139.4497509078113353
131.0589187052376587
145.1208370165117287
156.1179183807165032
161.5454955342601693
163.6017310569341987
163.7112487806645902
164.7863244905213378
163.7000195643887537
162.1123199744594388
158.0456527883220019
160.3257559846906588
163.8866138026170916
185.2144431121861317
172.6070035030773795
166.6696861118927018
190.9587111015650009
196.2923391801259072
186.1434018578953555
173.4313982946384272
163.7964332619867207
163.3344010950600875
138.0133485994053615
160.6236709418274131
172.0570229673565450
178.0676354971343471
180.9804131744219546
169.5850902967627007
166.0849300726314368
157.7462553662070661
136.7416046854605725
153.1094571423125501
164.2435736253716811
167.8770624305700778
167.7682081204247311
169.6733394447116439
166.8751405144254818
166.4883419573249057
166.0880123606614234
187.0851715693090398
183.8335700624570848
176.4791315911091658
189.6525696645793460
180.0811503474757274
173.1929197875964235
167.4714670906593312
201.9001268671547109
199.0230459352914352
186.1157873970561241
99.1910192483186535
176.2496263274281318
179.2686535073358129
177.4706028335000951
175.7655825774731397
175.2686586343154715
177.9254382673948385
183.7952612843930638
184.4971620675422059
173.2627072091221692
146.1488347301724957
168.9672271475794787
176.2599269712338241
176.2142453204265280
173.0063092027008622
169.1930444403100182
169.8833206214319489
164.2052203238520462
161.7261947883888524
195.5082214061542345
192.0494187204106709
185.4329745715651825
202.3280520845802357
191.9890607680023891
184.9254393804349377
177.3345010150893870
168.1235217790918171
203.6668349529411444
191.8794889888311559
178.5283052990204169
200.0514354163034909
197.1594117498656829
192.1278752057951635
185.9531065296214649
183.8629213003649454
194.3994063406617556
204.0740510630744780
196.3034372765450826
187.7272905853064913
176.4446373965368196
151.3055032100372728
185.3546657609133206
194.3451211609257143
192.5369073918184881
187.9406559919354720
181.8137773214693880
173.5096034985105007
165.7645557778134844
196.2313251175447988
198.1606065538659038
191.0165248899044173
212.7291244333063958
212.2685930080551202
207.2299366166068353
195.7422733405053918
183.5363231798560264
171.7991567289867589
206.5333093706917964
189.9646827325983622
177.6171750891357703
209.2639367984046430
201.4421555201542446
192.2915959337718732
195.2584439755127619
216.9329576758443636
220.0458862827592270
211.6978960059840347
200.1814488701151333
195.6843531380441163
147.1793842676163990
193.5307002489036279
204.5870717294293115
200.7726252248657772
193.0011992719238094
184.2807163950961353
176.1281326337459063
169.0679966042220883
198.2187353039076925
203.4509511519520970
196.6640475617365382
214.4975686313197230
222.6098954436976669
221.7755675326300207
213.5602145970832453
199.5493808918185437
184.7288360813673194
171.7675783368609643
195.6808882112715935
187.5840232959086507
214.8228228193380573
205.2024145827780899
185.6222490420126121
218.5144943731216358
229.0253818181153349
227.3351399319328721
217.7705079978169351
206.2854279125909329
198.8376011866838837
154.7185595012326189
209.3843358384477256
217.4795307533216828
212.3846108178920531
199.9906478728449599
188.0338691514216407
177.5616760198596182
169.9483076134785335
166.2981683359597014
180.9423434983057177
221.8742446954242382
229.5390245547939116
231.0756866508756957
226.5834438874811099
221.6846832498722790
209.1030661779316233
193.8559460796781480
174.5820342808804639
213.1093387082753168
190.1556050318670259
192.2683700647090461
179.7074981092753490
221.2895831883860183
238.1885217479374433
238.6160755405006171
231.0806944914140217
217.9883629193806485
207.9128989826484428
136.3903754269372257
210.4174867933477060
219.9580335148346535
217.7419030503690749
212.2556572911011585
203.9824892829122405
191.6596221427540740
184.8468312835599932
179.1690860721673744
177.1315741307841733
190.4385768964321812
223.9780820778818224
235.3723959192210486
231.2765741096593501
229.2027269626326529
221.8015955448117325
213.5084720634860105
147.0330079068041869
223.2359869951367273
240.7723596061163960
239.1141538264416795
179.8344499116584814
199.9709154023452697
232.2430093244300906
237.8817095070695586
235.3054291760671504
223.6224253205453465
215.0374453728164781
157.3626679173191860
217.2803254993215774
231.2982796629275413
229.8532222320561687
225.6288665264485758
219.5626868517770163
209.8824337827670092
198.8595576400497862
190.5105356444515792
183.9464925140376863
177.7612697245096740
177.1347031694476470
212.5028433803045118
233.2475754444151619
236.4793945485182576
231.9504157057897942
130.9057178118031004
111.8497571389027883
207.9018563956084336
227.4749550767494668
230.0458063404734617
227.7570815288423773
221.0236663215178226
166.7317471743515966
210.5598800608694319
214.6987829312603822
214.9655427998230834
215.3356253494172279
215.3635812867474613
215.4916990410521578
212.7545615882251013
211.9644409942260097
214.8071910590749098
215.0657245931497528
207.1056076835290582
198.4146310854173976
192.2132430120281583
184.3330490490040461
179.3982480823931382
176.3135395712158129
172.2330810928608287
177.6265559247472368
221.5739102718837046
233.3703933466086937
123.2388181593618128
182.4135813610155878
193.2821640950529343
196.4082664429185456
193.6527271708819740
192.4258692578959256
194.2929459630279325
199.6160056081228618
203.9296913383646199
161.7255040276695013
219.4344391723227545
230.3341052682352483
228.8105394396914960
226.7349334577531295
223.4891396579440652
219.6695497837082485
217.6427497580761496
218.3220207986426544
218.0600041730421310
212.6035551905899013
204.8400299320344971
196.4653926140109945
189.9276899121828137
182.9581184942328207
179.7097087435023752
176.0554783570003679
175.1593868243415670
181.6781556021686299
184.6885144064971769
185.7672287569027105
186.4014007467465603
189.9346573491780816
191.8230875998127658
192.6579949787569603
191.8569003985498966
190.9629898588212313
191.9875762046007708
195.2361635162725690
196.5732978428092395
157.6275489700587684
217.4549497101939721
229.3200056144474956
227.2463555317000328
223.5999302664189088
222.4117101336196356
220.5731149033464362
218.4555371856638146
221.4628483459473500
219.1348758734274043
213.5806622108742658
206.4629262592288228
198.2502526816968214
192.6782229915135929
186.6620953649779722
181.9601649096424296
180.0452732889764320
181.6479582269542448
184.6132654177186794
187.7610948139391098
190.7616436562057061
191.5983567683705360
193.6752579296187378
195.8602687757923491
196.6454464187722806
197.7629821594605914
196.1724597806215797
196.3564565676822440
197.2769225399495099
197.5266800690478988
153.9024173324527851
219.2534038891232910
227.9585328151564738
226.8110623545339024
223.8710583886180530
221.9028205611970463
221.8461075757805929
222.6084761389451501
224.1311693198107093
221.8577570984645035
217.1031815797241791
231.2587200987315157
162.1566259297916304
225.2566547467794749
232.6304275714732626
111.1049650171381415
189.6833105448657761
210.0765919150611865
212.9629625555422763
212.8639613990456496
207.6674498829268884
204.9475315267430631
202.1496221592959159
202.2748939719279235
204.4793823313074768
202.4333472220820909
204.5068878422481760
202.8127106620609084
202.2380333389702969
198.2542677973095522
157.1709279766571683
222.9343357510168175
230.0272454851237569
226.3537690640147844
223.6256556700005547
222.7430753763240432
225.1666220917715009
225.9117268912320355
224.3026960026235770
247.8228765158369811
258.2634085641447541
249.5506896155705476
264.1354222886526486
251.5032077076226358
227.2050010075589910
118.5402485853562951
203.7866399943009696
227.3158673027500640
224.0426733960908621
220.1969411995470978
214.6571865183431953
211.5721445094453088
207.4416347128236282
206.0349089731981280
208.0953438070959294
209.6218758100269213
162.2559477713164426
212.4690822449129826
242.7755522635744967
242.2583966553820574
168.6921354062772593
229.0984792335656550
232.4817399957482849
228.2045617620821929
225.8701977262915079
226.6267128184965713
227.8846463368270747
248.6974682436731712
268.1070090473758682
266.2778101040457273
235.9600265762012441
260.1499825754984840
252.1653034691287587
232.2068496220238103
211.2687447754680647
131.3384999619422615
221.8398126675340336
232.2373334242131762
228.5040831521817211
223.9403568008233378
219.9390076851705089
215.7415081671013013
212.9718669474859212
211.2155624658272757
203.3418884005041321
194.9196774700036769
246.6493823685551661
249.9802996616906796
240.6063875311893128
226.2601050928096527
159.6607878283255957
96.3370098469569029
91.9708811476788810
101.0887942764335321
108.0190779539329071
113.9973460251828214
116.2925279062050947
117.4276191355801018
117.0863257454361133
117.7336146690385590
115.5794550469742887
116.0476344644675635
119.7304015355806541
123.6521437136323840
125.7526717879692910
127.1440237957997823
126.1778622632929370
124.6902086670397125
124.3217388292768248
119.5535730028020680
116.6348434342481966
116.3632407944904514
114.8044662439089052
115.3369141347202174
115.7329011931693117
117.8126950048907560
120.0858640971956390
121.0635701520793361
119.9334257816567657
120.9582608966269106
135.2476547246810696
102.9670559643218155
101.9096468253320467
107.4361861979574826
111.0603438289401481
109.5013034215375427
103.6857169353876316
101.7943231604591574
107.1696689926085924
109.9312377305853090
109.6491960155279912
171.0479275056139272
111.0287914023769531
105.2568759318708658
113.0886040623100541
180.0423571194489796
193.9083436618568044
105.4141557322530929
79.7183165023456581
76.6497857911628273
81.0313908419147282
89.4106857587714501
98.2338767457503366
108.2174441509175011
112.8618836794644551
114.6927532611887841
116.6182145493971518
116.3086705172547113
118.0132271891815634
119.2227854252523116
159.8298554672142870
106.7761286543874490
106.3502068275523982
112.2929586797970103
105.9126532377441663
147.9929338125250808
121.2016965538947773
104.0787289995001856
107.1713349627745799
192.1486301089500444
86.1132951182052011
63.0111498189483825
70.6462622022446709
91.0574877742299407
125.1969257853689044
101.0231281277377633
169.2249749307816273
97.5679718519786547
79.3250544916504765
77.4128279085168884
75.7668124283321305
85.7412367813496985
96.9541391257608325
105.0302094054627986
108.4650376827549110
110.3114005695934594
92.2659105105023940
174.6313422957097146
121.7888009526299271
117.1458056688737202
184.2769649650929296
80.3223605353475563
68.9893919182175637
97.1755658567063847
63.2454414631951778
55.8274170359470787
141.3570875560891125
83.8366406066443375
56.8454615187222885
65.8435495767106715
42.7298111848948281
44.6256212195781359
66.1704397155743607
75.0818435381962956
71.8393811786511236
194.7015251302417482
99.5457551366633311
80.6219507073183195
81.7948282037963423
77.3255760762384199
78.3826345934183024
90.0871126782974017
100.4308796165537672
91.0727622573821520
71.2324139100822293
51.3487436933391592
72.5675121801250782
70.9934139629039862
82.5118043774953662
85.1749225220487034
102.1801979590744764
63.9430485401995270
72.0232520956071482
48.3117222718594093
49.0915618224650530
82.1565497609043547
57.4920274533797908
51.9096730387089593
53.2240683558332819
35.5572412017928201
36.8207090192946964
58.5257124483568134
68.4121303337951900
62.3277591701197764
210.8209766209400584
140.7424530241235061
79.6914011456574940
67.3841090007852017
66.6177144821436542
72.4714480543691764
87.4397538730650439
126.9895402185937598
74.6480325665372675
44.9490441753868168
36.2269029008998160
43.1466465255168856
51.1741114804069923
63.2674080273300206
59.8130063239932639
75.4213351412446116
78.4516501208044872
79.7305335308424077
62.4059859042111782
58.9665054071754895
64.9350705360595839
54.9233812514165010
71.6288699532905184
51.7057889847102103
46.5385410713991376
49.9856769177362992
69.0425100218943584
61.4603202364804559
62.8664081209735457
84.9334319465151850
133.5676205444523248
77.3526673746457760
67.5433588989795624
73.1786150263845911
84.9652540081587944
99.5552296569992166
114.0783268380930053
71.1243655800139720
53.4865617580763768
41.7966249068196447
44.5523135508560415
46.7427075083056138
60.1176275006731942
44.6967741810938151
62.1093710156135614
81.6978025400686789
89.4343006008365080
100.1915620684223853
111.0897856234330874
100.8175156642277130
72.9327943277869366
64.3224645448425179
61.7445017493046322
64.0089288135671381
73.8761989638033469
88.2692959714591723
49.6931156665572189
61.9955900730926146
86.0386624575410934
167.1222940937666692
90.1591174663746813
76.6049297726819276
79.6895638455394817
90.7958543842087522
101.8506786998860321
113.2645833785776972
121.6698763608447109
70.1947962773193979
57.8531931125009322
51.0743912656498367
58.8481509103256286
75.4029643848068929
49.8902518641065171
59.9647540718572571
77.8653725907982306
93.4449873201780576
100.2139644231249918
112.7336642577484156
123.7403492883584590
72.2379999438965967
67.0764299647517674
69.3817088914971976
77.2588275968140579
113.9431625648361006
112.2264855016735794
56.5427415275479746
79.7438196733852465
95.7067765298641291
173.1889349601596280
93.0866367575223421
82.4109036572116764
84.1894908579627952
91.4072984330147165
102.4485304192590291
112.0304706967818191
120.4842017835595414
84.2954205153299228
65.3278200382283671
60.4704284857308778
70.4724020614886939
75.2761192791355143
65.1102844527171527
68.4417544501708761
79.3167287182320280
90.6397090998067654
151.6504309050156394
130.6425907948130885
125.0801004511806553
73.6787219908183459
75.8138830719097001
87.3209805681737237
76.1060494032346639
94.2711244791792495
60.1530656393662611
78.6713089236468051
98.7812259947951361
128.9189414110633152
84.7610311375815115
82.8802637675664755
88.1993884347221666
97.1064778490208909
104.0625201475033350
112.1476271974182453
119.4863933441210975
125.0992204329241844
97.0416931978669766
79.0761687890786504
82.1439353499757061
105.0253760621112491
84.4538388057011105
81.9563397785038745
87.0754200134372809
94.0621074932450938
101.2600817627590857
137.6474907387371900
95.0723098834034772
124.2850276350299765
73.9821827897640532
85.3414236174027110
102.0283205632446197
100.7772457661058922
70.1819742603196346
81.0404274587681073
100.1559928762869731
115.6975029778034383
103.8821816708014580
85.1666829365413918
84.2016010750345316
83.9641222923854684
89.7637915233104877
99.8395725688118176
110.3295097913601381
118.9454586594472829
125.8041943281179442
129.0906621888061636
99.5445088873578641
114.7605117180089564
95.3867379509328543
92.7693474642824611
97.9539703654034781
103.7251914913877329
107.5712586873285943
145.2401674887831575
106.0243724167352326
99.0605354148831481
107.0172020679022324
107.7301940950983692
86.5402465157693399
92.4731198203149631
83.9485972030695962
88.2236243041335086
102.8820498763772378
116.1512111150214963
133.9766808659908861
99.9596198564623108
100.5395874102733700
99.0323468238589157
92.7369727349095854
94.6042047149366994
136.9331268696969914
121.1009419079758231
122.4537385137522278
129.2047605342309282
132.2793739013261529
136.2782012381082950
103.5351694204758672
98.5348788609446444
102.3389938228212230
110.7780554877363244
117.6913151224250953
128.6494192605105695
133.9689565775170195
109.0206284316739556
106.8000687975738288
120.6428210655997759
128.9369581694145950
127.8070201489354929
99.2637887821777269
161.1394272072401179
130.7055223907442496
117.0113521960816172
146.0601960567143465
120.1885673158190855
111.7144583742623922
121.3569755590451251
120.3204334996219131
108.8873919522732479
114.9725106205000884
113.2918497869458889
122.9591917367902454
109.8180475339350437
128.0861080182737908
132.4941226788862991
135.1193809290561205
143.6700081246021909
102.2606463827622036
112.6213098744501480
104.9230000811311925
102.7965028576691253
109.0665368121303800
126.8911088992105078
108.3468156204106094
104.4823358485838440
116.4479734931943966
129.8041365802102121
127.6143638343437487
130.9595366682436577
139.8414299322303123
131.4229808834987807
139.7621074134143271
131.2949466961134704
124.3169090417148510
123.4372515922825357
128.4213873952605809
128.4944642602570468
121.4150758263505168
114.4665608846018188
101.3166475907498096
106.6900632244697675
116.7310803084105828
120.0255943765436939
118.8390938681311013
118.5344810228129120
124.4308787638652660
126.7591132014997299
124.3589460807967839
123.5247850232816376
114.2191523860316948
125.0101012528003821
122.3773081815654109
116.3617043785971248
111.9094606306710347
119.3367326488258016
127.4252754611701874
126.8252519608956561
121.9746827857497635
120.3192180730736567
136.7950879297648328
141.9216633543393868
140.7539277697206330
140.3615546763207931
140.4671577896139354
138.6314256854610676
135.4800174161410098
128.8495951970129454
127.7620735914385364
131.2889091174712917
134.4699613642003726
134.5757106428584393
132.0780338737333182
128.6953969435071201
118.1362897856597272
121.0283053048818118
125.1591860400253609
125.8412756458565127
127.3719263898505858
131.5729375713731031
135.3380178750392702
134.1745717264379891
130.1914305259567755
127.5503032386105815
129.6118165681267840
131.5226045751412016
130.2708859001074302
126.7751677301469613
121.4671222967337343
129.9231820006672535
145.8563443939382296
154.6833340152946903
159.1308868865505985
157.0410852129098771
150.8029622695432010
144.0787455284109058
137.5683208822293011
133.5988571116601804
138.3301217422964271
143.8515499887959095
74.2452261749091633
130.7738657161313256
139.5103008175010189
127.4768476831534656
126.6052987399933016
125.9479958459270961
132.2025537032758393
137.1057004552660601
139.6873920136204390
142.9934577973099579
147.3060582469294673
147.8354811167012883
147.4244528196718704
144.4062525408833721
140.4401375275111832
139.2304521690915067
134.9025848363300497
150.7797018263327118
177.9342602780930633
139.3199938978327168
166.0036098743432547
174.5492870341665252
170.5681557855688766
160.8789260497872817
151.0433236351946960
144.7705488466909287
143.6155830304557810
111.0942657690852116
141.8034097337198887
109.5870322725739356
155.5863673262389284
153.6525483266655385
139.4592044009289395
134.6726103474067600
135.7224199792424884
139.7533724210348112
144.4974155663581712
145.4967775117110307
145.7023459750854499
154.0351441497345490
160.7133174233100021
160.4566737576156186
154.6204362513905153
148.0565991583161178
143.3365922920181106
147.7154267478534280
155.1576696655060914
175.3055996297581203
167.8040586649474335
166.2200377482090232
187.4354397128205960
182.7944997910844336
169.1945747935567965
98.1443215119921035
124.8470335612691997
136.3023659484464076
129.1019158128138997
147.9249694574036482
165.3003796527685267
174.6515772784671867
163.8949236022741047
152.3021521871499147
146.2659257696798250
141.7517186059801020
127.9154886625917413
140.1053854550004019
148.7607045171944264
150.9473995288237518
163.7014773500015679
173.9196321384395105
171.2612806735410800
165.5705394376167305
131.9601100509534035
168.5003683383926898
169.2727889098925971
128.8430833722614466
179.2498029164422633
173.1639269775327818
170.6147615702560927
185.3825817996311685
186.7575472313586147
174.1651173021196257
154.0167560874516539
159.2270658702751689
161.8391549893575814
163.6185536849958737
164.9948499307566578
165.4207885589943601
174.5425780401778013
176.9839178006937175
174.3518486973727022
167.6113690551871969
158.1771085299493222
129.2063433017262639
156.9429946972820176
165.8772526387297717
161.3955020398087754
163.6027947790998098
170.3068882394824186
168.5881643612457594
162.7824480924630564
139.7162192706426538
187.3584332798018579
182.5226653479455479
140.2761426199344896
186.4958805694989792
176.3019685673761501
175.7856942953658006
174.0669259806217610
194.4063609810121420
181.0521195354152439
176.6459443388865225
171.6658433436707583
184.2942884630002709
180.8215497924105364
175.4015693294718972
173.6842462077847813
176.6583780483259716
187.4921916887435600
191.1046605627288955
182.6626241778668600
173.2590270380270283
136.4480701393675020
162.2932735122355723
180.0048710460652046
180.2942731024896830
177.5968220524740673
177.2769732437872108
172.3051722031206623
164.1917654124887918
145.0425512631363461
193.0204116761885871
188.7649801418860136
163.4965659614892957
200.7951871699982007
188.0041546033004636
185.1007062876773261
180.5211121747944674
170.5529331390397090
188.8351465684061452
171.6804801536000014
159.6162536798109386
200.8296025726676248
193.6444481632657357
185.6554155558230548
181.7766558207083278
179.1815649970527033
199.4526475756803165
202.3646982480165093
195.4548725693182973
186.4386096647922955
151.8158023111531918
159.0667631474651955
190.2692551188222296
195.7211091960076033
191.7262291092935129
185.0822580592071631
178.9343362221214875
169.4505848567932844
161.4538166951815015
195.4664347545430587
197.0217148372979636
206.4870925848097727
207.5801602518400841
204.7927274312079362
201.8721617464726705
194.0719803423193639
182.1172779515482603
169.0721968529928176
201.3793826671391685
178.9755373335523814
164.5360057773976905
208.2148924735537037
197.0618435312407257
186.2075987825291747
213.3405768787240504
220.1762227787093877
214.6734906918840124
204.3825982460682837
195.5663157394134259
124.7141477087475039
188.6259424291682762
202.2644849241924589
200.6563868740503267
192.8471882404416533
184.1512437173624619
175.8951676350966693
169.6619422598969606
165.5029712229134589
191.6073153216133846
180.8936922348311214
214.5993165784385610
219.9159479353374138
222.7947144683251963
219.4291538228239631
211.0185359069623132
198.1796190486838327
183.0026565429160428
173.2278690216587620
181.4889422035478788
174.3274081962655657
163.4895685657972422
204.2490172078142905
221.6544878072185725
226.1887178609186151
222.2218762397526746
214.8875847537880475
202.6023214082480877
193.3008386752487411
147.8239232974129038
207.9250333317709760
218.8370547269545625
216.9303970754000943
209.0454597218180197
198.1828332870235272
186.2480671084932169
177.5193458360450336
170.8681527544480332
168.1814806996719085
212.1946109257430351
230.8654310402095859
232.3205779592915974
227.3235703593759354
220.5974357250041180
214.0855416834672837
204.5236197951813892
163.5473131120790242
213.7457273752777098
224.6026282952625479
174.4240287884264262
188.6298302706035770
220.7084326721712273
231.3126075574860181
232.0618947290894027
224.2450282440687488
215.4406242690348279
207.1259614799926396
158.1196938418746072
219.2624559079467303
231.2736098529971116
231.5906855565150693
227.4951116986202067
221.6015702158114209
208.6596819254321531
194.8483746731248516
184.0060630934477786
177.3779176393369994
171.7034063138460738
194.9137714230487006
225.7667774181181528
233.9241072876375824
229.9683845103264446
222.9450698982281551
212.6305143271499674
81.8555390663452158
150.5852740431622294
222.0597135833986613
237.8365710964498589
234.6581573411563113
165.2669276532482456
219.4337686423566822
232.7642490386769225
232.9633596012347425
224.2608041677406447
216.0687739708951653
158.2755712746937888
210.4773841810139174
225.0914389957567892
228.8586477203179754
230.1563980431493803
228.2453374178945182
224.2376693833732872
182.1267305273349280
190.0608894268429196
188.6180504856279185
153.4136244202695423
175.7837228353074011
188.8420145525235228
227.1976228756796274
235.9182335547727121
232.2615725554360893
193.2392403320818062
137.4201676922799606
213.6517542410169312
167.2955311433720169
223.5035900265218345
238.1959793775961884
238.8577807992054716
233.8523432255660737
162.1000117373297940
206.7900128049046771
163.0261487084295027
208.3507390728641155
223.5238347483323196
191.8279872022925474
213.7734730970066721
219.3452552434005156
222.4023219370521929
227.8434456673609532
227.7463516774558343
220.6979055116312907
175.1099536991239347
203.1116040244360761
200.3407996725641169
141.4364813608765701
176.7687949502723086
185.8538714983160958
188.0171747322284261
188.8336393903448425
191.3755766716013795
150.3615772694692510
226.1699593771091372
239.9704826013272054
236.8079547855381861
118.5237502608082281
200.2689298804664304
216.8189711823954724
218.6392800299373107
218.0293502278337598
164.6373144735518110
220.3751662188142575
206.4182687504967646
224.1617266079165063
214.9429221836740567
223.0952321647065446
225.3679482602982489
224.0450760718848073
224.3511908785596916
220.4638390532219603
218.4360967932805693
212.5771172481829012
169.4739556432115819
201.9232784481566512
144.2566096207012549
179.2024890140773437
185.4009580994699888
185.3864459026821692
183.0403859018952346
186.4524732133551765
187.2010009537123096
181.7472087161021363
232.2929952201325250
241.7653321362054726
115.3940722888154227
193.3858914244864593
206.4851015118682653
205.8458901579364806
203.5467073542197909
205.3322222402768773
156.0573555862517878
221.2521125605823329
231.9398917214188600
231.5650945254456587
229.4715627395261208
224.7682939477334116
224.3124019362855393
222.0472227027983081
223.3109027503778634
224.2640315413006249
219.8893739222200736
214.8948358815851805
206.7411022919103516
162.0809265642695038
224.7464932014490273
230.8467742807033289
116.2004951316291965
180.0755368271640862
197.7268705551380776
199.8204453741780355
201.4996390241147424
201.8088807314092321
200.8780361274827442
202.2696640371481749
202.1124279371423427
201.4200653197092379
199.5692492112234504
198.8143482121098202
198.2525406839497464
201.7195350648867986
152.8743646402815557
218.1880614000050400
232.6093574161021138
231.7325778748188441
227.6697337733169206
224.6484382820991357
225.2742775448883492
224.0785562161396456
226.0378260601538614
227.1879344427594276
241.6805821982832754
140.3662287659238359
246.9776247132310232
253.8795030715249368
244.5548313569493075
223.4978953991718527
117.9757584631078373
202.7374763776793714
223.9612066661200913
220.5781016606084108
215.2130921711429892
211.8670417563826618
208.1911305313104776
206.6272283091478243
206.0895810377644182
206.8010098532703296
206.1355515039570037
172.6607047691003913
230.1992090663292458
240.0009599607520556
169.2738379092046728
226.1704637414743502
232.9057619699089514
227.1852620154426745
223.4461278076844053
223.8513403730264031
225.5921000067964712
226.0101888933093051
243.3800961339410378
263.0124841743948991
238.4465264618548304
245.1996192382797517
259.2455419894492934
247.5346012483911977
222.5953783031061732
118.9199160850209722
204.6450715905588993
222.3784331530324039
216.5697452514360180
211.7105179665309151
214.2814711037864583
211.6188398701944493
207.6977368092280187
206.9676550249275806
207.0813251331476295
182.4858145129856553
214.8221825841078783
248.2869544109452136
245.6178329579820456
235.8993619264773258
174.9554590851085152
227.8006084506636739
227.1315223555660054
223.4511182791635235
220.8550047724117462
223.4888142890421818
238.4597586948957542
260.5209924383282214
266.1636653751334052
223.2555990522614593
261.9618561798947667
259.9144563252552871
243.4898034688147845
225.0675940614765693
208.4739907487036135
130.5849967752942575
218.6376158578074751
227.8392993327739191
217.9428417059608023
220.5953044592499737
219.4621690859190721
214.6356731615362321
209.8087986269724752
224.2815450110161350
251.5993702947034194
193.1916217379523744
242.2495556138221104
250.1688294448065335
241.1845084958728762
232.3323426613749803
149.2882607967588342
99.7377253324851836
91.9829748226613759
97.6950055872109004
106.9868183391488969
115.0139707284539270
120.4680093124001132
120.2371703823340141
118.8601346923919095
116.8903521093105127
116.8729682572052155
118.6614592358775724
120.7533931447005955
121.5133525496829066
165.9275301197611157
155.3590671925751394
137.7928172560340556
125.6719163787740001
119.8624097301954521
116.6740746838956113
116.5568446793351427
114.5932020241266684
112.9815009202290241
113.6527999808702845
117.4633127514440929
119.2547732427656229
119.2821243853508548
119.6339890836907642
120.0928290017428708
119.1876333616427814
137.7578097833810489
97.7808202238010722
94.2924375190425650
106.9707771518746284
112.9448182550647459
108.0280436086442535
171.9698676089235789
128.3687872437077147
115.6856354694352120
115.3923986562235910
166.2289907424026865
87.2313317358699010
86.1853298685626328
100.8292147042177618
185.5806473673673622
126.7186316655781866
186.7454863290336107
108.6195641585874654
90.6482923918378845
90.9989770573983066
90.8246146726980328
89.6537149320602254
97.5992012253469170
106.6902062360534842
112.1523287832652898
171.2526675896230870
143.7467561003410026
127.1056075495653488
215.4922492249113475
142.8899797832447973
180.3141505643615119
86.0597277649400354
93.1620520290121021
107.3069316612641444
65.9491734479638296
60.7353923122231265
72.2802945509438359
180.1268681948072299
133.2644839998390580
77.1991307847665098
52.2222978689200374
61.7782141051541771
84.4804339322815565
93.2006594165755899
78.5032731962546251
199.9109671509181680
192.5971537455551470
107.6905478360753250
89.6022506155773328
80.6498475653167333
75.8293016354810874
80.8903773433942490
151.6596434232489798
85.1426252450600600
74.4291149130282008
108.1194974400337259
78.7794765484645154
88.0292245534814981
74.9488518936084915
125.1602778734815899
96.9960729052991866
66.6273983590702557
80.1465670073136351
53.0842909910136314
48.6837790608886962
60.6543607126450866
94.9814899269713067
71.0048024937321998
69.0271830922910965
45.7501795294886477
44.7640342117349945
59.7147817936817944
85.8736607984960187
66.2103592749496954
81.7520360655792331
175.8147586163124458
114.7452079790155182
70.2230816482898774
62.3748589318612687
71.2118199291930409
88.6535320673570482
104.3892606714776150
64.0275793344683279
69.1348873098684464
62.7495564733447395
51.6838333207719955
62.3058019345274658
58.6378164021050026
77.3607213120725703
72.4738424020166718
82.0138734400843958
76.1424539287933442
50.6135370327138361
50.8305018358136209
65.5999174877713926
63.2092194381795593
54.3293181151681210
69.6176066130056199
45.0779827506218425
39.3229892139123933
44.9750407727563015
67.1023001811858251
58.1257805225767186
67.9989336480878279
159.7239862271048878
119.1137818130832073
66.5466566425066617
59.0013064130354081
70.0547007252432792
91.3277248749589035
109.6747546723927371
86.7803263835019436
66.5979048646577780
43.1982312179235919
39.8495683414110005
50.3639825907901297
51.0907539584169967
47.2463712788160990
48.8435280705731429
70.1868527527489903
96.4510316964784806
75.9156454449622942
72.3542619162105751
78.6595223166152664
55.4331014572781839
74.2416860877482634
60.2637771701821805
53.4783959527457711
51.6238465696821009
57.9697382925486835
73.2161041661202603
48.4447481174453998
67.4640482474962226
166.7470624507708692
76.2929084770856036
63.8899926192269447
73.4437995209257366
82.4787756184083491
96.5634959702519495
113.5797133459553834
81.3646454154712444
69.4840144486250750
50.5759206261829775
43.4294455226611831
49.8401061360419959
68.3158071610085074
41.0637423701993214
44.5543764206702804
61.9433527676062567
80.4015429832495983
133.7405020162846085
135.7793234739501713
135.5360174941587559
82.1804260523678778
66.6387131103342227
61.2004779769854679
62.1584786592570140
64.1786389359319571
70.2798851981233952
83.7693356656069597
57.2200576745190972
76.1709479256455779
181.9439174414684999
91.0176621925193956
81.5979435888630320
85.3812484815998687
95.0504657856438087
107.1685087685694242
115.6935622922895845
122.3718796748952116
127.9332047556017642
205.9274173319632553
63.9855991710422387
61.9776838904246432
63.7025392780565909
54.9207076769199602
54.6983939524162679
63.1082045497970512
77.6150971744481950
88.6931571501508245
128.0104484026502973
133.8417017750063280
87.8971583445505473
75.6374058435364134
74.0162120435165036
94.8632110245529105
103.9828443419308570
107.5688248464218759
59.4396624243417904
75.4057633620378596
96.7378817196868823
172.8168110589076321
87.5971050380471610
80.8559756686636035
81.2337494422519910
85.6334460616993169
90.8407061180829771
98.2093110704629169
107.4454681423889610
115.6736136662022432
139.9760337473863672
77.0914286069874777
73.8646169179978358
78.3519178371401495
73.2309220534302199
64.0231374003550542
69.4055356528772052
79.1961526138372562
89.5710842467127861
157.8699994256999730
153.8424714446477708
135.6651269643608657
77.5288373768619721
79.8493240364123409
76.2225319635498693
87.8138448110310890
63.6289806891896461
77.2097008325404488
95.7465268878777778
114.8799328347615472
101.7752423795639913
87.5616753180183167
88.5990505079840887
93.4409298450919152
130.4423726195669531
94.8685860505317038
117.2090389074640768
116.8559996424746146
117.7681075873895225
132.0409373131398354
93.9517287278777076
94.1626959497226323
99.3433715032988829
84.1059537738813106
82.9504815900805283
85.3421369445262172
91.3469651382681889
149.0847923512215232
94.6779435780863707
87.1732880231097482
116.8323567833867003
80.9059132141524486
90.0826194704423955
92.2073485119136649
67.3460943297367720
79.6829078908376971
96.2890355192703424
111.2244719461693023
107.9153378389801219
85.1989597671861816
90.4056862574925475
86.2454058771319012
85.9183322799178200
87.1726137673057195
86.9575233003388348
93.1511180399805312
125.8021040470757157
124.3415037327874160
125.4716053809143261
126.9051858554378214
100.5629586050995670
95.8111656326419023
100.3831028639177134
107.6033778107189960
112.5766651657555997
112.9934705969560014
127.7002575458737823
100.0973403904605448
102.6382276293577007
121.5435036729204228
108.8749958914593208
89.9741621307852597
82.3070046248398626
87.4271069212312852
103.5282948627974946
116.4851316056700341
140.0771545789438335
104.0597768004666079
100.5116219778941229
113.1454895784840318
96.8560648378240217
109.1368358821250695
92.8011044384898298
100.2141766285224378
104.5711783870400922
113.0303139325676796
125.2541662613731148
130.6498586664216077
112.3397553608509440
100.2141364593471451
100.2880544017357636
105.7117696267487332
113.8991166923578504
99.4468052250539643
114.1705468573963458
100.3410478279998728
90.0822193789875598
99.1569368463732559
127.7790289924430454
131.0103437817733720
117.0397055874206131
140.4131078237290637
114.3394528817308640
109.4383071771857487
115.3399727208814909
135.3184648071132301
109.5354819656438963
108.8561680822090665
120.7765236004510427
107.0654324825230788
92.2024476591948314
104.0688785434255976
111.0782904717818553
119.7583319174224243
122.0498193057793799
95.9000680628190736
120.5111883650245943
144.0846288792964174
160.0243002424476799
155.9570462221722948
116.2353872776676553
101.8251023012718548
104.1811269830433844
117.6586254880624267
128.3353804447399682
108.6485997937146522
104.4201082285730990
123.3267626495385940
135.4207346839700676
132.3945690864219102
106.8770693656160802
131.2709762261446542
142.4500736339985281
139.9018624813819542
128.6126321835144495
120.4736284940674835
120.8317782815220482
127.2871209403528638
124.8713892870301834
115.1584001331156628
114.8675712575026182
120.1869475402015723
88.1017262803694337
106.3671891998322678
107.9881515181725717
108.0250998109109162
111.8066720351168328
117.6911923438626104
120.6745680547374207
117.1423383504887141
123.0826709644110792
119.4357639928457786
106.7815551412749215
114.8920554993771219
111.3930993233928888
113.5867652867718505
119.6129424707624480
122.5910627057648412
124.6258796542790606
118.6324235966537799
111.6047564549227076
135.0710071123410501
141.7951371787219443
143.3792007055085946
144.3173011638605772
140.7861346827672833
136.8854062005853223
130.3534900795101521
126.6490922107851560
127.6555846241441827
133.5926902015887663
133.7763111837068664
91.2782578973028507
142.9960099596248142
118.7468463006183299
119.2968313369013345
109.3963866978792936
121.4487145621638007
127.8610135016028551
128.1580246981544065
131.9167388701099242
133.4966106054083355
132.8484112492327824
130.0705238712797041
129.0022514934924516
129.8268288317463828
128.8526007217693916
128.5199070726157231
122.2737420452888983
116.4433120284242875
117.6736130245989216
137.3760436262417670
155.5959569950941273
163.2628086415291193
160.0421593249521663
152.4716111035338031
141.7356249623190365
134.1870290667848451
132.1619467406858348
89.9677097806820001
129.2350453549398139
146.3139349176002781
154.3441814458478802
131.2302442322091736
129.1193100534521534
131.7799008266128453
125.0444100668055398
134.4946103081166768
136.5074732804524160
134.8354735099534878
134.4663682295896479
142.9152790337662680
146.4229817138303531
146.1750604670392306
141.7039127131995997
138.9167031854540255
135.7867965607074154
204.8526770694588208
169.5465730821895534
160.3027583622383645
126.0999297151172982
164.8630082295827890
176.8440169566497389
170.5087135694634810
105.4234877663283214
126.4003143683244588
145.3085656701815083
117.5647925376356682
135.8207412632358739
152.7631329229843402
153.9217360601887208
150.3675157489140872
138.8013560037353216
140.5010504510009355
141.0826251148718029
131.2951204757692949
138.0990868696962934
149.7185714593565251
147.2731257344046583
146.1819873757045229
156.6102366682710851
162.2252408688933656
161.2426678994677332
128.0031424741389117
140.1723201253785760
130.6671705254004507
153.5770655810110839
170.1326081580896812
160.7344323044013379
160.6658076587559094
154.8583648078227100
179.3698294747348427
164.9117660722165795
157.3113564277347791
153.3189326289666781
157.9925009721378046
104.8764819036218512
84.1555768910368300
119.1284096540734083
153.5222396761922710
165.3768034125626514
152.4515840170998331
153.4191331853996587
152.5434591456179874
148.3344355354304298
130.4807228083504356
160.8965918929285692
158.8186456947938723
153.6612785600719064
159.5133088429921884
163.6523243756725208
162.1394763936833954
149.3809912443950338
153.7274770162073025
140.1393443630823299
158.1196809701534676
164.4581640579994257
174.2232966465132051
169.4232424642037813
172.5686981442335650
184.1276050746487272
173.6191922892247135
171.2152999511170606
162.7866686782484180
161.6571334624049996
131.8961788190768516
147.3309683349319243
160.7316548478801508
172.5774646824888521
173.5275006330328438
172.4830326511924454
172.1257571260368593
167.9567050556540835
161.2354514129069969
139.8058863009371464
166.4246633445010559
173.8949626741807890
168.3329585067735650
167.6303841076563685
168.1305519453065074
164.6111043199690869
154.8529467062645324
176.1729050172533846
175.8396490755115451
159.1222088928931839
192.4366654097250660
179.5407352408647625
174.9694454365407239
179.0075063667469522
180.3125478350026469
181.4929479235348424
188.2404303895201281
173.7268299456963234
164.1470887929555147
149.2633832272980499
161.9859836184295432
171.6802475091500924
177.8871097286667862
174.1583904740971036
184.2009647112168977
185.2646894295695006
181.0776124875038704
174.2892849125645398
152.8454802429415054
169.4873810229605056
183.9174400791636970
183.9044152995891466
178.2368213935959034
173.9323466797641800
166.5615054592015554
157.0296772846688498
192.7964832531572483
183.0666507593784900
168.9640160378130247
198.5700646546106896
191.6520607958827043
186.5667257370689356
187.1494300998648441
187.6488577294580296
178.0811683588589744
164.9871083713366033
150.6036356255112310
142.8100772321441809
158.9156231959876777
180.3646383445689594
183.3201271115472650
177.7989266004693150
202.5397962784853405
207.1740439546457537
196.7261946033324307
190.7867989302132798
182.8341481573042131
149.7599573702664770
190.2099030549095744
196.5041326975234028
191.4237639261760364
181.9391324423763479
174.5147804343593521
167.1838194876133059
161.5364991933810757
201.7933626300807077
190.8259241119266107
188.8413367924182751
208.2894367476355910
212.6387914209822725
206.3203976048952768
201.9553744542395464
196.5819620150948026
186.3730211746747045
172.4800632114677796
188.5444858986197119
164.7858895453943546
160.5783030310442143
186.0295336466774359
182.0765251862069647
211.6234437445976937
222.2576310912698432
221.7488483494573757
207.8975681589737405
197.5186670256767627
189.6890391504676643
151.9191148937661922
202.4442336306287302
211.4401470134944248
208.7851490252097619
199.7497852397022484
186.6237828808876884
176.5229553954818584
167.0686208500020484
160.0040939833179721
157.8991832288993464
200.6247253727737814
219.8017198354038442
223.0411923138475743
220.2541283651222273
211.8182952444362002
203.4068877666207413
194.2182624328389693
184.0855716282726178
155.8824969982850348
164.2648229063608483
150.4954546027659319
201.7897409027934259
221.2808239177126666
227.6434476357064511
225.4553347268505945
217.8480664314038506
207.5267595909364502
197.7149395409205113
149.3818379953342514
208.2691519648861629
217.5347502776209865
218.1246608919429377
215.5441287966974073
209.4883905297338629
201.5365802082400251
190.1903874903806297
181.1943553038982202
172.5837650432002590
173.6499734447178582
210.3516950825823528
224.2600974609584625
230.5299495169368811
225.7406272987576585
219.6506220349469913
208.7786605330968257
120.2448251193823694
162.6533892184577610
214.4199515960567055
224.0188783947491515
142.8541583169453588
204.0610063757179091
225.2925883125828364
229.8775772895027103
224.4536656539788169
214.3995266446634105
207.1257450795191346
152.3739311456908467
213.9387840670964920
227.8419675484401239
225.8490501678444957
227.5994245942000873
226.6537932362876404
195.3465711641456721
193.9825769880688995
187.3413325480130425
170.0581570738735593
176.3004749205508119
178.9716366716594109
210.3037245126112680
221.7826082189927206
222.3294772323420716
219.9050502585335778
211.6474566955016030
61.6624551594486547
176.3551525062350436
183.3673638725774424
228.1450463059883020
239.1278820737416311
229.1119908354918095
203.7522662051112263
230.8432925619832190
230.3544337479397370
219.9313995843475595
154.5212703190455841
216.1226545702230055
200.4721036336449060
226.3472753512083386
228.7174720563290009
226.9682501659688967
237.0062600504150510
242.2591726047123188
222.4887474581389313
214.0903932182483231
201.2190895163745381
187.5375852619100101
163.5510205271583857
177.3113847191310697
197.4453856862521945
224.4172976514601885
227.1519253651132146
221.0817201462317314
181.3988805916388287
182.4205515655827696
226.0210271476025810
231.8542186715150990
197.1420184684120898
231.9000821477404770
230.0315051441059495
226.3225808589837129
144.0123758987483029
168.3243561303020215
219.1230983083154342
231.5446227878056220
233.2860728995464683
193.7141234603973885
219.5843150001189201
224.3115387689056490
221.2035425516860698
229.3685572644948820
237.9761278925262786
203.5163492101254405
224.3878498159195090
214.8893597616938109
201.7961105211211361
158.1400755267133036
186.5836144089059303
185.2349514514758937
175.6871847038793248
176.4461000944999682
183.7199235495238554
170.8890264867868325
228.6415175359233558
239.2210364223330714
233.4760225980124062
118.8251496348187857
201.8195647395254468
213.6635130698678324
209.1974959423751557
209.1956205528415467
158.8444569577987977
206.4161469618101705
224.6197842448605684
227.1973309911537910
223.3280686634566905
232.3694718197986901
234.2058017037006152
228.1274259548074781
222.3187118373438409
222.0907030629499559
223.2716742611806353
189.1728026786367991
217.9123393929042720
165.2138471033719895
195.4784943032280466
194.6519046954182954
190.3501230708641856
183.4162126285369823
176.3300294938679542
177.1478827205860398
184.2198307843018483
234.9739190167730385
240.5131084342135068
115.7077521588518607
192.3363448827560660
205.1616858242090018
207.3286532362412515
203.6944179177029071
199.0273935812418529
199.1452294686364439
152.1179534825986082
225.3725966356678327
238.2378941570024722
235.1951183935215681
229.8278896518906436
226.5310209777681507
224.0897625677364431
220.9622853275246541
220.6927302322780235
226.5273675740181147
227.6594063089693805
182.3494990992452927
160.8516913346364561
229.5965006136713953
236.2004452312962712
226.6319147225980544
114.5607302162000138
191.0452985951169467
205.4991867864443122
202.4893497215135199
200.6855295767119287
202.0224188085505546
202.8292216438025548
205.0983621074299208
204.7087339902221572
204.5480320282301250
201.4796700556508995
199.0688344047518399
198.9945308885499458
177.4566645147523616
157.6219762228683408
225.4037362482755782
238.2865512691046774
232.9483862014307363
227.1828750036198699
222.8036528955346967
221.4382268934579372
221.8671833034980807
222.2893220550569140
243.9530263082314150
234.1354487128882624
258.6124822157911467
267.5309924413301133
258.6220398036113011
238.4023976177615509
217.6149654509245863
122.1552606420656133
198.3163992303558985
213.0935446951099834
209.8299634508774147
205.3520797367110617
208.6553012188680611
207.7847490425400281
206.2367321910808755
206.9216531366099616
205.9825329683577593
153.3558851562327163
196.6514061527886383
238.6535222086587851
243.7505306245649592
179.8006834978170616
226.7552245987451158
226.6845477303976963
221.3841755957297437
219.4845063450793532
174.0985094724380531
231.1955907808692814
260.2578248947610291
261.0924164578137834
255.7812462413903631
238.5858849532894510
266.7100757785552219
263.7263399614778336
244.4706543569101314
222.1761551531239434
156.7542948289541016
135.1758011541135716
215.4838752693437414
222.7211441308605799
221.1120206891070836
220.5321507793457272
216.1566129878781908
209.8045418464306522
208.5975739051947926
213.7788381990450262
241.8803760080554639
212.4475957936102759
243.3322877886307651
246.5345245526011126
238.9966591852419810
195.5375079901211848
229.6940775153543086
222.0447184330787991
213.1089646779437317
240.2273183504385656
253.5494158104335725
267.4037737742030458
267.1358992176720903
253.4535983188193313
229.7629120920179844
262.9568456591608765
259.8990885529744332
245.7301933815710413
230.4106618910260238
192.3891322800438957
233.3101318848463563
228.4574906548092486
172.1893462742250733
237.3510465295092331
247.5920619606465607
236.7769171939187913
222.1726504234484594
120.3087521806578337
246.8762933645005262
189.2951587428430003
242.7154754415739717
251.1769594772002563
241.4380482816320068
233.6720731153362749
226.0832356522544160
139.8433241188044462
111.0243203422252947
103.3701992139123007
104.2670662853559662
112.6350151752379958
119.5770814641690549
120.8793897977118093
119.3222664953386385
117.7205634650052843
116.4833929824478389
119.3057061278523747
121.4228671404167272
119.1663368768405746
173.9323052009820572
181.6451004699051168
175.0959523514030138
137.9307757559665220
123.4575978177720685
113.8140101575630609
114.3094425313370124
116.7493902242733554
114.9330462373062858
113.2974536102579179
113.8321919063155434
117.9467170662036892
120.3154339787021456
119.0428629776054663
116.7409817974381667
116.4912375024488824
119.9943988118927223
145.9915840362303072
87.1089137380090648
92.3211680187993409
105.9439833104406858
181.8505345224177177
132.8012834122381776
176.6284473894081088
177.8446689127634102
118.8662641712833761
144.4521521464698992
72.1548439833353541
75.9517557393723166
97.0738647924336249
110.3619055386183305
139.6725715744855734
114.5654115525897083
161.5358426607658089
169.1527574007312182
111.5197041481653883
96.8852749701883198
89.2346846537190856
87.5969571555496316
92.2823502597728407
177.0014681218536623
114.2335211239750663
99.0179411418790494
103.1391517466521748
186.7042681526025945
205.4664021896614940
137.9306441331339670
116.3063365793375965
66.7670806969770609
101.7973602832485938
66.7239417843135527
65.6198783409004989
69.4951325939072149
78.2831914071477115
126.8279225970054540
98.2340219162359887
50.8286116550554823
49.8199765469271654
68.1937848958691859
88.0100262165503011
74.8301714380298932
77.8558775599553741
173.4332746423217486
93.4640891025443921
118.4226267498028449
70.1103733816351422
60.6170594199809756
76.2969741536236654
97.4985064986262842
122.8172978046846424
64.0084984947523878
61.7931480848582879
111.3915920102014923
76.6363237492178513
108.3091757674308155
89.0982725844518200
75.4805007840290614
85.1466334278587738
79.2429871343344701
48.0128919024303684
49.7511709691724917
60.7265110823344685
73.1098008291006067
77.8816765980602952
84.6909699104806748
59.4723232303918365
50.6881540804313033
50.3135895148656971
63.4820380205412960
70.5865603411776874
64.2616811989515782
141.3566811014851794
74.0116701897483154
125.8649003199075338
68.3496767897845814
56.6057255909562116
72.3977987637210845
96.1910078613538673
109.3166736842493094
54.2129019923684154
77.9479488552086508
52.3211413322822523
53.0789985619201730
63.3703114435552806
82.7182344222255210
57.4719490470886569
71.8567520826802308
100.8241158114099818
60.6819690843900759
57.5813202975541572
63.6811866517356293
74.3327162892861821
65.3005747499397557
72.9655740809872242
64.3427729901625725
62.0630222950294268
54.9759018902751251
62.7091585027920075
56.9640192560427749
56.5393160190137394
74.1934074162923309
150.7635395437841908
65.7990298497391564
57.9580340488680577
67.0791998901559197
82.9764580236185054
105.3884133692980214
85.6183420583212609
50.8527324889687407
70.0223758596912091
48.1021567920579969
42.6033348851927087
51.6384901703925152
67.4579338508349622
40.1488902354872721
54.5616600182670766
75.9759779272791604
73.4941092604103119
63.3680866218264498
70.5175281755196437
86.3545008712441984
57.4146306719290465
64.3863925212030495
88.2840623503012836
106.2171440100463400
99.7726151631996316
78.0279552316711857
45.1703456492674604
49.5322458630483879
71.7594049266598120
111.5264257649483000
59.1486095222042820
50.7264203465567221
56.2089005326709810
70.2770514870633036
93.0672636175654446
118.7023678356290191
67.3915333699231383
76.8167219150692517
52.3637804633524127
46.8350468864646388
52.1856369081090463
67.5632405138162113
30.1397499255537866
43.0816138112406577
63.9540438152124153
79.7285976536873022
157.7869309672581437
148.4362770471257420
148.1466603952577543
69.1738660876759042
39.5242899984141616
45.8629625054161210
63.9684062422780784
80.9543037735476076
90.9239931680070441
53.6184775125556428
63.1522045785884814
83.4712640954888201
179.7230525006035577
85.1763589727994628
77.7004219207394442
83.2384659333865216
91.9667027656650333
105.1190279701128816
116.9895846922639748
126.4574849685468507
140.6571320177515361
95.2393800053393846
65.2961933727615218
62.3552128909687440
65.6316334537847155
52.3831160419057085
52.9812276383507594
63.0923683830420998
76.1849691439575167
169.7894912270760983
169.5936620980104408
147.0197807140420423
78.1322175462190103
73.3084673694457365
62.5626944004887235
69.1873964347658728
83.2949799031276825
63.6503987334584878
70.9587884787590752
85.3054538855168829
100.2345139194351731
133.2025263082356901
80.5612128882715695
76.8520613863182263
81.3797968783468519
88.3984391137257148
113.9997843885468143
117.5575131513229223
123.9749761311266809
118.9967827363614674
89.8704128311527910
78.9393670841017467
80.4468686224924170
84.1217751196616206
70.0426340094095963
70.0789573686062113
73.5178336399311405
81.6531408354321968
133.6085307919690592
91.0538182880127920
147.2214919184484643
128.5613141704225768
82.0073693916589264
80.4399224946392906
89.1687791442715252
66.7379640347911760
74.5546566411424152
84.7329942406886119
99.5710121937928392
116.6272642818097012
82.7349113530956117
87.3350506282662025
84.7677952364336278
124.3269115140739842
77.2909464263777437
71.1586714509643770
78.0136536343631235
146.0991155892072868
128.8961150426694644
116.5702870416665036
117.3269957903419112
95.4048761557160248
90.2910967794954473
90.4048996456318577
95.1823179814331866
98.7874019420252978
99.6664959690539121
109.0025097767349536
84.4769803257683094
96.7192132115260108
117.1365039086887663
103.7376330117862011
82.0041025054632513
78.6978644147502848
86.3660066659516445
98.4675069840630215
110.5926676588191242
134.6772716056837567
84.7894962739557201
98.0190268878916982
98.3868202364446063
84.6231698436563420
97.8280628367625980
84.3411622393942224
83.8348657065176610
96.4445940876364318
117.8577289863324609
115.8283631680054810
112.5359258645169120
99.4630218840007672
100.9098305625573175
102.9226271278809719
105.9224649823758568
110.2934440680373029
112.6026783920578396
118.3989452245432119
93.9158848063096343
82.1992000370965172
105.4205832091356569
128.2724860014124886
115.6240513035261301
84.1201112246772311
85.3441656185611350
111.8464589277241004
111.8455709627083792
115.3684722226014117
125.5121755417925016
92.8162525015539899
107.3055387790178798
112.4463326741289961
90.9232033359120493
105.9800391249375764
95.2004404970297884
104.9297476461245537
112.7783155445046077
99.4335686887452255
114.2311376860847361
122.1357437238635981
150.2652237438702514
100.1598200814406425
111.3559247761764368
117.9721058958339484
81.2257277685448429
92.5567439925889346
105.5050859614780734
107.3872498318776252
84.7533931778804401
96.8759660267592295
126.6178281741278511
132.4947719239829667
138.8728057707580206
115.9294658900977026
112.4425429126059299
117.8586959403748722
141.7105181606033852
115.3857897418924949
100.3459591513831697
111.0732994017866559
123.6661660975418755
109.2414509192583125
116.7543086833033783
100.5533472803296604
113.3268387958819972
117.9067535419824537
78.9486500608134207
104.5246114871069665
115.1729384124024165
129.8717589232191472
142.0843316518601682
139.0430362867707004
116.6266434000877155
103.5194832353309948
107.2657889766026784
116.4294052731418105
123.9353870161461373
105.8137838053869189
106.3640017753724010
117.3670837653251766
122.8783273861222085
149.2328261939708511
132.9324642226226842
126.8295701506564086
138.2082856005531823
137.1073286782803962
128.7883687554100618
126.4478671328342756
122.6873367638549439
124.4723238001682546
119.0205424068904279
115.7187969212694725
120.4105641467056813
124.2615095528178841
122.9631999758600500
118.9624568578464476
116.3570990813633728
115.5798110240900485
116.3802964528286168
117.5659853874844316
117.1783686173431249
110.8175768214603920
134.1820128012325881
115.4013930881755527
125.4159239000652519
120.1580453565890707
115.8762603252796168
116.9128079039425927
119.8078752783008269
122.9345049661991709
120.5155345868467407
114.3958136784871726
109.9857684601585817
130.9843735883424642
140.4370511497728558
145.3501330647629288
146.1042283542701909
139.6306778219966134
132.8066963350078993
124.7930011083758188
125.7493051937543100
133.5177767768657588
141.6554545859522705
96.6643797942478216
135.7331065298313604
95.1664307475047337
103.9857723311694144
114.2385110016426637
115.4611722797192925
125.1585161948471239
126.9479372961271224
127.2891517314787251
131.5572129354910089
135.7774224304222912
135.8032263465387643
133.7121625565131922
126.2660881517036415
127.8645583615816292
126.2038690907130274
126.6421797459788365
117.5207335782165075
161.5111181482491816
108.4532458413784326
137.0121778888549215
156.5770960047825895
161.6487943162104557
157.8752445990849935
114.0232985104658070
132.2363085321758831
117.0976316378701654
131.2408017762224119
109.8338521752928330
138.3808998775234329
147.1370172369659599
136.3895335418119714
129.2093509619159306
127.8337854069456085
142.7625869817597675
117.4167977540785870
129.8498076390868334
134.4178861542093841
134.1499387022268763
138.8503207336678997
147.8108369835223925
147.9696832205482053
144.5975528680897924
116.6497895833645231
133.9322045026464707
128.3344145595938528
147.4613493841032437
155.2356319034122976
145.7400895632258653
119.5036080876982112
158.2545096147539994
165.2472711632447329
142.8897894918560212
140.0563321573257269
145.0838542516538610
150.0138040162945572
109.2275330328757548
124.3272614079077982
85.5542101907177681
134.0361901605058961
152.1153347670944527
140.3195002314722899
134.3512263536934768
133.2096092957815188
122.7806056452736527
139.0318602826497454
154.2829270236642287
153.0174454701022739
152.0578679255597194
156.6496569164324910
155.9522175653989393
131.2808108372380218
141.6930636637589203
125.9476307453306134
147.7237489956213494
155.8792590529277504
162.2582658076795497
152.4865961267317687
159.5590059132391616
154.7984733911119122
163.1518882208660273
167.3929729712152721
154.4756183196190591
152.3721091466389623
150.2280781329891113
154.6039469380687592
119.4913391554648427
152.0653487325329820
167.7282193979579574
174.2837163984240192
159.5147129173081737
150.0802828808856759
145.6637848279634682
133.5528393040616493
147.5334422842106505
162.0295661896400361
164.4555665316096338
162.6681587185964020
162.0825349692300108
159.5250441068707801
146.8929176993596002
152.5289499479271456
149.2014289009926244
158.2628513733955913
161.3462329777906348
173.1411969615573412
158.4919911258756997
168.5174574948182737
174.8019254875940192
163.3293622911141938
184.6937079500091272
163.3905185173655923
155.3879817050466272
151.2410535270588241
146.4317320217072336
160.4270815864304609
171.5527988060583198
171.5826620987848514
181.2749627383754500
174.4108830524731673
165.1768655005668052
159.3077262596732737
151.8418156916482644
162.7253764914847523
168.0676189671322902
177.2061748765801212
174.0122844111802465
171.8989475119525991
166.6681027806814654
161.7169610161564037
165.5963198848109243
192.1835840383262166
164.9358661452597801
164.0046575552854335
184.5238655634620670
169.0041610596787791
175.2843201108892117
179.8080773279348534
176.7210892249339622
196.7188008648116693
175.5847628676466741
161.6786951793634159
145.7803869555294511
172.1745215233794397
176.2544163251741622
179.7864799240537366
176.2242981172923351
195.1366692870990391
189.4967749705960784
177.9100080835218876
169.9003046841509388
163.5870620997911260
163.6789836913334284
176.3369995011091760
190.1607042316973661
187.1517797918431825
180.5770167612123203
170.2046059475105722
155.0317422312771782
167.0735694894708274
197.9633269291780380
180.6161385863754845
193.6985858595415948
195.5257447491605944
192.1378742901600560
189.6235610933111957
192.5671709970633003
187.8907632082862165
179.3445333805408382
132.8979094461647037
140.9642323307342053
147.5847216360473624
188.2342817922700249
185.1475487378856144
173.6496895198525294
200.5174545235591665
208.6750852843815665
207.3535679232784048
195.1532605081403062
184.5259916151456991
143.1893989348492084
191.8610252188873346
199.0793783372656094
196.4717160371077114
189.4651608996175298
182.2028357951421924
173.8211109546809041
164.2262458553670967
152.7400722202992256
204.1413433272044813
174.3279403269487204
194.8322745553562640
205.4452212122378683
206.2053699257789958
202.5222154520521656
195.9688731814489131
188.9219848628001159
181.6653301141832912
146.3049394710757269
151.4843702689505278
144.6865863400433909
167.8793468743647850
199.2608245846859631
210.7122204179236178
214.3979925327670344
208.8440088999362843
202.4267598813883069
193.7770258366074358
184.7908246868829565
152.6327288180570463
206.1069399829143549
212.8230449749927402
210.4644008123509593
204.3575830265357354
196.2055740474142169
187.0811907248273656
177.0292710464873949
165.6038387510585039
156.9893860421656200
175.8817095778751423
202.8182601680270238
214.9906854114456962
219.7155477349782586
215.9865823079844631
208.2555245868454961
198.7585786083559753
189.9792815145799239
154.0990431167602424
198.6487267853220828
151.6166915008400338
178.2455985562030492
213.6392785712549198
222.8289343634717738
221.3005675277064483
215.1422608747795664
208.1176991095016433
200.3499694812251448
147.4232290190136894
204.5540925291137739
213.9137285263252011
213.4283051574410024
216.5222407990173679
215.7594387641260028
186.6693484190083154
194.8199168336881257
193.6019173661994728
167.0294791533153216
171.8761255815341542
175.1229634162071420
205.7031032920425559
215.6132638849612420
217.6495474334310529
217.6239556042663423
211.0490292811423387
203.0962280139335405
178.7075737426007436
187.4879119979442237
224.1299266535264110
220.7365446002646934
135.7580981518919998
211.8558070250701917
226.0060974925214055
225.7265132920767883
217.2565980743255523
209.0283184445720508
176.2973727088082114
162.9104603164986713
213.3356078280526162
218.9054550465364457
217.7475042361735973
222.0646779213284958
232.3410408108674687
230.6664418378937285
218.1621519742915893
204.1612723343710627
190.5275729478983067
159.5627120724715269
180.8727885301124445
189.1364336391785628
216.0906744688998060
221.9779605029190748
220.8480585686347126
96.2336330176544834
182.2896745469715825
221.7301482442459815
179.2759714387252643
229.7611576791643699
233.7354175777585397
215.9514966981979569
212.3275599538989695
228.5230295513082410
224.4887721129307749
193.6024578276411603
223.0024264955904130
230.3046376101415262
209.8214150564720057
236.4474006198563529
229.7602168664481610
215.1168459685051175
224.7785310069215825
226.6474698923265692
236.8317990008530671
229.0834937576705670
213.7546683037652429
200.0194191341064709
172.8725232014948290
195.9273958201488313
193.0825497066802257
221.9529082260075370
125.3534129940199193
151.3220325662902042
218.3084896174544838
233.9601564322600780
233.5108834456847262
219.3027090107482877
174.4348988323343121
218.8027908671578814
215.2170416783127962
215.9597693225621811
154.2681370133510370
204.5741317312422609
229.6495499222182843
231.4110198276001711
228.1081626085007201
208.0934505462853110
230.6017626137825118
229.8840248133019770
223.4327867732453399
226.7746973995998587
199.6518883015553456
232.9571373795774036
225.8821398135229401
211.3961834496730887
201.1281541511552291
158.7388168642663402
200.4635547471843608
196.2510836337284843
185.1591627608730732
180.1330186367344481
161.2508043579300363
222.5955299343812044
231.7859531990850428
226.0907083051277482
130.1350287699157491
206.2806678920060222
221.0564590502341105
213.6008641520191986
207.0712618651337493
201.6131058367187734
200.2045944306712215
223.5174980560553877
220.3422073161808896
231.0984605456033592
250.9070247424749027
256.9768773230794068
252.5907653966920634
237.2258873305426619
219.9467879824609895
215.8884429337145718
195.3262654624040806
227.9161109066363906
219.5043621986090443
179.8780633508906419
206.8072247233252483
204.5561825408436221
199.3110050707193466
190.0606680523892464
178.4981200246227786
169.7659742815218920
196.0608076649044449
230.9519322019437766
231.0522811777414063
122.7048850056841900
197.9142811236947637
210.0485716606141580
209.5672715164685371
206.9635689274978176
199.4226552599796491
195.3420517987345590
151.3648058757078161
228.2589066594643441
237.0065504833839896
234.7160127905748368
231.8437561336949670
226.1387850964513007
220.6836065512650293
218.5488926805535357
214.5992171822753107
220.9385926990331086
229.8161598816312789
210.0215676309327364
173.8736157968947680
240.4594673811267000
244.0437861806623516
125.5435915158204807
191.0852925526268677
200.1418650937967811
190.5049931608035081
183.8277307691474505
181.3631593921088836
188.7986505234168249
197.2075912160735811
198.4456069521322092
199.3024445365707038
200.9007261639374065
199.7206424983002648
198.8197458911153035
160.9256954285179404
227.9490052452192117
169.0530890930000396
229.4761020423551940
234.5291783922637592
228.1624371583603477
221.7132359750447392
220.5941468114157260
218.7452534894727592
216.7935487531001684
254.3688563245333967
230.8256722787629940
253.9761513317690742
258.3198455799438307
266.7672152079423995
256.6942608693286729
236.1005394281064014
127.6112198961862418
203.7369689427912931
212.2375495071148350
197.9380693905236512
186.8112106738884393
188.8804004924544131
196.4322001612472945
201.7501586809576963
201.9633242471512347
201.2636845677259032
203.8062623544219321
210.5331854606197055
247.9764803155979394
247.8142397902594212
237.7498378265659085
184.1236416429485985
229.0708089828008838
223.4519601256673127
216.0859856759713011
166.5963701641679222
229.4277880094805937
258.9063084809149018
268.2546497962859462
258.2834601571358917
248.2192550619379290
233.2486241935008593
262.4302693910294693
256.6760912122203422
237.7901982050990455
220.4199167015323155
170.3438450938306232
230.9017524564148403
140.3303209454198281
217.7575366492952753
232.0377590703678834
227.8847671738933514
219.9093948628485578
213.1596202517410461
141.3030511846632464
171.8585742462526014
201.8301773168791726
241.3420118952932114
244.5487046880818411
236.2450027373898820
227.6091920582683770
206.6953681217054850
225.0196959116131552
227.7727605213088964
245.6398573253480890
245.8654729956865310
262.7955100064629619
267.1728520529297271
257.2356919248061331
219.3384593402882103
254.8702960479431567
258.7145815217244262
251.4653163672675191
241.5288568970456708
230.2092253509796080
173.9560137505619934
231.2880142401058094
157.8868695470471266
229.3557776624075473
240.7897514405995025
231.2742706954542768
216.9820825720486255
206.9992649857808829
159.0925923677445155
172.7246439434097169
236.3113111398732826
249.2887111260912434
241.1060205696527987
229.7520050097800777
224.5432090961730296
221.2681640211809508
143.3529340777919856
114.3306143528602803
101.0259845377961341
106.9323804130059727
118.0491438525754972
122.0448219176931559
182.4934715845365361
131.6302136538000980
170.3491650633897336
140.6952609017338602
130.4422526264103226
151.5798429588450631
105.4186248083631625
181.3655579139614815
127.8824258979661295
113.8741726461142321
172.9113855904260220
104.6689349535662075
163.0516897229827009
105.3341484980976759
90.8076505646415342
91.3103464849341151
99.2168112759929812
106.7147588242037557
109.9660381459196827
171.2507534809709000
102.8402382327675184
162.4816555665312308
131.4278937475224041
148.5925040637486063
150.9039457567765510
75.2846298826705009
84.6442725971266583
78.6196809664945420
71.9367909293715115
78.0265869778919523
84.1908090019543067
185.1393354599252064
122.2781025796847132
70.1354100829705942
61.2603752964892010
88.7708604292887458
106.6432888886021857
81.4987241323223941
82.9692068485056495
148.8083365661017865
95.2551356029813547
170.3810642538963691
106.4490038366982674
91.7004031252921266
90.2360682212538165
92.8671958289177439
154.1680234059321322
76.4103202742369092
63.2998474774916957
74.1932681379556129
139.8790957347773087
192.5330006119771440
110.5316653127164841
91.3999931445541023
99.0438373761061683
66.7759962931922502
73.3831337038655249
63.5426177350795456
67.5531277642208465
74.2524502711269889
83.2201158282131104
93.2783416852394396
61.8838603283032427
55.7320153731817811
66.3331109429586547
78.7978311993774980
80.7619112401676489
67.9730233104742467
80.6343556895902509
152.1599327672485060
134.8274023823284153
66.2058435957886360
61.4764775650279773
75.8243052075542607
98.1898440351627499
131.5110778272758125
56.9970027557163519
46.7051157023576593
102.8811727127006037
69.1234068969593238
68.7778304648553984
106.3599111715472247
87.7310757803785322
82.0277489776325126
90.1516041459114490
66.4345384076194563
49.1634413335339815
54.0086440606306581
67.8639686178581911
85.1047949276142646
67.7893752459798833
71.9507219817900676
96.4304657093939994
62.9929127134898721
63.7364648584437390
74.7233552199520830
60.8841063471702455
63.2738336036920686
138.0677122537326795
116.9050114884165907
58.7197877808559099
54.4720974422911297
68.5865446109932009
94.4908338141359252
130.5147919655307476
56.4956939796408335
51.7964784995230900
80.7286538434655938
58.9851679979672952
58.8974053206218571
71.3125412740855040
51.2987081427142471
56.2307668454566567
76.0514501944570611
73.8310380587604271
58.6526981942463550
70.2234652879838990
80.1185460842881696
51.9228516933993092
48.9921142773117992
58.8440858283662322
83.1127813199050252
90.8952256861445136
85.2248173340535260
74.9821060998821025
56.7277383004059459
57.0365447196669493
133.0521923605861048
91.8169277091255651
48.8386837223694528
44.2543926465566528
50.7593357476172287
80.6876189096677763
112.9191725033443845
103.3243244020863330
60.5664409252773481
187.2179847165548665
50.7766560174235337
50.8415766633757897
60.6048378084661721
37.8581625075648844
38.3415028891215002
55.8008808045090632
75.8795432990350491
72.4360908150956533
169.9739671308255424
137.6714760192114966
127.5274077709574954
48.2404160768549275
41.1715501319907844
44.0326186245912936
53.7783380011427425
66.8210148613758861
61.4772272210551307
49.9758043628731627
56.9506560680531777
168.9270542042051204
66.8390331010631655
65.1763459758870312
79.6529309983367000
93.7195902468923379
106.4222643034356395
120.3662441942641124
130.5627368320158155
77.9356389796057840
103.3476145767787244
105.4717032217960906
54.1133145197242840
62.5436189323044687
42.1380800626322696
39.7252613412999409
44.3038218100699908
64.5984965892413925
78.3808526859087493
142.7290931503162881
131.0516155143543813
106.5378313687830740
67.2328402737655040
63.7694163790508526
66.7561601789071801
70.3242153750985750
80.1534635877262360
59.5454853499986712
63.1835316044541173
74.9063239776236287
165.6432793126077172
72.2329092423618988
65.7961983391563621
69.1807619179411830
78.4038714650152713
88.1077692650943902
100.7073677193428409
113.8623569769749082
122.3013272529177584
100.9534290371558001
96.3460369011800992
70.1528881924188994
69.7962557799597789
64.6928682974497349
54.0354472673769237
57.0489473229869759
64.3375106312485769
76.1831688101201934
172.6660727465262539
179.4071741000247755
148.8386517836004828
86.4859800007776016
76.1314871916667784
75.2426328231178445
82.2073989092143620
70.5861357712999222
72.5567644412222137
80.3199542332811802
93.7767421408378254
128.4727840456985177
78.8681318912973950
78.5225300274195774
77.9365639081340760
117.9901789359033728
73.9713716009977986
66.1554971854950509
115.9606539417528950
117.4348545957876695
120.9965250838343138
107.8393902548547629
90.2372157403083008
97.6883460161980111
78.9651373620395987
74.2483132688628871
73.7448917563270072
78.4790082322280398
85.2601085666957488
124.4023266932378533
86.0756915065444446
144.7681481927668301
104.6554567576310006
94.2703904646173214
79.3810258770100461
77.4131181001169182
79.4281562209204992
86.8167195972128241
96.2997641793932928
117.8268055272697552
76.0185261408225870
103.0454637769495889
97.2874474057112195
101.5089242607484579
65.2503513544834277
64.8809154422035022
74.3566118913678054
83.2028399542041512
107.2918640074683765
102.8230739751921590
121.1212309850717190
97.4267467168248089
92.8041379971909350
95.0274116110153102
97.8424797502461843
99.5672500084211549
100.3944972462341809
109.9710634823962749
76.8418690729001383
69.7683998549182434
102.9848723272678086
141.6958753781333940
88.5798147300735508
84.6190728451871621
86.2884516319328156
97.7077369755853340
109.1181107448845751
135.8643610490550202
92.2514849825364820
78.9951891400025374
110.1263516927971295
99.6536613045648210
117.5099894837849064
74.2909634376262318
83.2853189145072577
90.2714512312715840
95.6696474474472893
99.9724362340576533
103.8967864211089704
123.6168703948850833
98.5193884761776815
101.4216572186904131
104.4590331360561777
108.1324483582029501
110.7187981484585180
93.1494693125390398
108.3366216840306464
93.0563558730129472
78.1382632377781619
105.0221588532936323
121.3046519997302255
116.0448855182749242
110.5093681209267800
94.4005905467817286
96.9615670961671441
106.3201011987985112
127.2821738014145012
99.6354397620179242
89.5690511343040896
112.4665950403282295
110.2640017034856896
133.2611060725373591
89.7731959411290461
97.2669003896163815
106.0823024557290637
109.7956620193652100
85.4924830264444466
101.8400044606903236
118.9541099856550090
142.2658428703400091
109.3253004791433511
120.0163280752695556
98.5499617914905031
99.1399640431680922
105.4380117409395723
113.9066259643935410
117.6952841934824789
88.9143071402568665
100.6176520939435335
110.9538937268056173
117.6518293041939955
131.6342786474489230
111.7178879726637319
111.4750624935159777
119.3385201036930852
134.3891099159501152
115.1233763459148918
107.4250939780527290
115.1858978869543364
114.1769716798740291
104.7515353815859953
120.0109806362592337
108.3377287071111112
115.7332566271087728
89.4036453412953165
104.4462304505992734
107.6057239461020885
113.1253545873369575
122.0017885130673108
127.2945772396038251
125.3291692081668458
113.5223397873754720
114.7791114276797231
114.8175313269276216
141.3554324663829220
119.5530410225895537
108.1048724616119188
112.5314988601182336
115.5593959412206004
122.5028335179978569
137.1649441053318128
130.2587909746930563
119.2367848036616635
131.5605503816385067
135.6614292637905237
135.5896805892579380
132.3005465097967601
130.5737487482477377
125.4035037124975247
116.6093543739603007
129.8882073667796249
126.3936434120310395
135.9846124414808060
125.6698646333248490
119.7159709516517694
99.7913227564302048
117.9509752878002189
121.9851227885046541
124.0467766278824655
120.6832180244801123
111.9711051589434447
113.8987800410968561
126.3037735021796948
130.1473048458850030
126.1085253791555658
118.6149362214146663
115.1100993203119174
117.4094762345973635
119.1795072042050947
122.9686871988501480
106.6813541762029018
106.0035487630164539
125.3208672787909848
139.6849430164298269
148.0410293674175648
146.1148953746280483
140.5546066405732972
131.8701093588583717
123.0675773552090106
110.7233526264426615
134.0526046273970735
141.0344077326402896
97.3997788929778494
116.1663748659936459
118.5731995095338078
120.5669506830148805
115.6972765905967719
125.6527003207183242
124.0877384321910597
119.8934466850610647
114.5664307429975821
119.2985820436954469
132.3297906707520042
137.6023379211291058
132.4326743358030853
126.9961209093745822
125.4326045011175097
123.2273944475554401
121.2509569239849725
155.1760106710146374
141.9643710599551980
105.5621945728631914
141.4055855717258794
155.1550307758002134
157.4858253577210121
127.7233393357833506
136.0973184756730916
145.7119446713413140
108.7428089213430553
114.5179459682731817
120.7990811106345603
114.8631268568107657
135.6136024022232789
124.8144925752736327
126.2295825431023957
128.7232941890709412
131.6082270895933561
143.4149166335947712
125.8985583896756140
136.3421518546477671
138.5755314185180964
148.4926605315174868
154.1484845692321244
151.8502854861276887
101.1310323748499087
128.0563775997123344
142.9645405868644161
121.9818721990732797
149.5036678982209537
141.3593417574126647
143.0719040875278267
119.5643195227285105
155.0079784187222742
161.5282484759862598
149.7616596123110071
147.0884948420472824
147.9998163720573814
156.1083019984636167
145.6499272490502221
84.4568693049798895
126.2779837826268903
135.0120327219580076
146.6764166559721900
140.9103508909435618
136.7667232464146423
135.5104943968307225
123.2079155662713816
142.1260691274532633
149.9531741038703672
150.5884995865085330
155.8847652631677647
156.6136826274722011
154.7668336115270620
125.7681096180001248
140.7160375756251938
122.1857770565837029
143.3676764753969906
164.2320772606956041
152.1618554079405783
150.2805262136062368
154.8876029524985540
151.4786705199273911
178.3081657838897627
165.8163663559449787
155.5157412329385522
150.9136266398963926
148.7436447033074671
138.2179835469540876
153.1039050621159845
159.6355596003653545
140.6626286904913172
166.5294453920209605
160.1880038698474777
152.4465030337078133
146.2921254097030328
133.2566819235084097
154.1617129018354717
160.0149520985916922
166.3765593403272476
167.2288824140701422
163.8382628608632103
160.3627409887397448
147.8201014340801578
153.6669922399575796
157.3772347558709725
157.6381429020031248
175.9446262704211108
165.3119045148108057
160.6432427840474020
165.5023164286519659
167.5236525465760167
187.9494398159463913
176.8634000433285394
164.8751984527185925
155.3199220823400992
147.7215173822314114
158.8148052077261525
166.5380342555681636
169.2382802452983128
171.5345573398263923
180.7936062075471852
173.3274381991174380
163.5293354830774604
157.4260297949554968
154.4397001077727793
168.0472017803004974
166.1637365412663030
179.0838688950656206
178.0705853121884843
171.6934939277076069
163.5384544576334918
155.6715735687834012
164.2887539570208730
171.1521168226391580
164.0632377323349544
179.2007155436401717
178.4653899816606213
176.5757018239924037
177.6717797838045669
179.1940980135554184
175.4863769924185704
193.1908336758127120
174.7294061991436251
162.9135596167517690
153.3628248806473380
174.2742064150186820
176.7001951388419911
172.0997941646786558
178.6118846829737947
190.0732907541525947
186.0079213689890594
176.0880407192186681
166.6153168977236021
162.9758122437503403
158.0877982410205220
191.2688891598729128
194.2279076137755567
189.9805029700772536
179.7995219766835646
168.4313764582815622
165.3494373788441010
179.5120937860837671
188.4249820306058325
169.4786667068689781
187.3418161402258306
190.3596200002666592
190.2734215412678793
190.3599981399954117
185.8728439138767499
184.3302007499817137
179.0737440968804322
120.5934707074812309
144.6582160236265224
159.4226284699181235
174.9891562023718734
192.7070626691599955
198.8637025253056834
200.7227652915840395
198.9040532793442253
192.6705291548427681
186.4011349033399938
175.5769858145802402
155.0893243057759605
201.7837227523489503
205.5285786232775251
199.3188835791739848
188.5852879914985749
178.9597602592044154
167.9001492610451862
154.1765579972609430
143.7434092654417555
165.9544476343369013
188.8851550780083812
195.8356019763118638
198.8126852388905945
199.8397444133212844
197.3175813467711919
194.2787689565643916
190.1001309441255671
123.4099035117417031
178.9586640890295826
138.8913511249684802
152.6207879367596831
184.7890129741479939
204.9239354019873076
208.0171260368663582
206.0734826178363051
203.8301372973171226
199.0071400874464871
194.3873593259347388
182.4000900176669688
144.9927420332021484
214.1904577771626066
220.1925965239932452
216.7547703042181979
209.7147181451498170
200.8342861294463546
182.6247288099556840
194.2190441520932040
140.5756826990410389
173.8746740062094887
197.0994425155182626
199.5041480288199693
199.0107581582018383
201.6718220210202617
203.1991366686842184
201.2706245556420299
195.7390502984658553
163.4848945486021421
198.1202694901435279
197.1017709743049977
162.0018919362258885
169.9124319891896278
203.6140799689225389
216.4780216182448385
217.9543907696824760
213.5690504490748935
209.2378569222994429
203.2013433842781751
126.7357299995734792
207.7705922861647991
219.2717012638051983
219.3371343057939953
219.5074716276195659
198.0869788554525712
222.7980267502618972
221.4530835853923350
209.2281745710544101
142.0328955652021818
163.1589353966057558
184.9147503924434659
204.3115168101095378
206.5751687397224146
207.3326596980895147
209.4928441588824342
106.0103107171154022
149.9075087582718311
208.7596025382242146
208.6752033607230317
227.0659034044047075
207.1042686641704904
153.1393981671043605
187.9944989946084490
211.3022656716834717
218.7012095793989488
181.8893995321499517
209.6973365782785095
215.8956843715766354
149.2374009633010701
203.8309596763008358
206.2076275467362052
208.4041812757099024
220.2617960126817138
224.4195840407157903
233.7686518524050712
219.4965405692057061
208.2900819662939114
162.1932918948204474
190.6612426448614883
187.5566370778790315
200.3687465470254665
215.6373170452412182
213.5393415136197177
145.3466264015386002
185.6115747083692611
228.9886019821447292
241.2668812455440275
189.5590356557555083
236.1859666509378144
228.6224251500138962
210.2799514174375304
151.0733062809665341
193.2184372831000587
225.6692770527112089
229.0910870194392999
223.4365608393007392
219.6763493675057930
182.1584539437977810
214.6595184727779042
210.1080778723202798
209.6761682167281151
221.4944998691510136
211.1052306565173922
235.6135918912434590
223.2795155902788906
211.9359430724104527
195.9041577168781316
175.5908265726649802
196.9842158629771802
183.8052819462813545
172.9973947355187818
129.1190578640765807
212.2410506378814148
226.8380435268253450
225.1142704561139567
218.9541839661874576
144.9359356238590522
224.0141044692213370
234.6007705330536055
221.1049659008186836
210.5450351229637818
209.5319521327188284
230.8862121924100279
226.2360521328208733
219.2842695953066254
224.5635433092054996
243.8284771696931443
249.1448169280918705
236.6231978130701918
215.0838813581943327
207.7615952188115216
198.5690271972016490
231.3384509072535025
221.4597392103615334
212.0488146249254555
192.9986635797764620
215.9679430124950841
213.8027474749023895
202.1430383289693680
185.7195281607906736
173.0404647342953126
185.4449700290177248
228.3901697189129436
231.5086433029430282
219.1812697636574114
129.9077484238039517
211.9550295748481972
225.5882643856670597
220.1845939544002135
211.4506416167286886
153.9164941865164451
205.2603773351659129
218.0199366581672393
213.9055236543017600
244.0719199492785378
251.6866309683010741
245.8964929979188696
236.6278057724100279
220.0086920004629860
204.1534176871887212
207.4579267405709402
218.7582396453275351
229.3191817221400868
201.1685391565257817
176.8693292029709028
231.3271608436123472
173.4331963647181567
200.3040824952131800
199.2649500252146311
185.7461423962174365
170.0971297961555706
226.1615875335609758
121.5349724431975460
189.6577414708295919
206.8103723191496215
209.6747864507158283
209.4093845719498290
205.5872814168241973
201.9489274642398300
196.7139207621409298
189.5930528969515194
166.0266422533181014
233.9742934623627661
240.0450238738108908
235.9787925027528104
229.1579668440252817
223.1166274140170742
217.1648265192180247
212.1942506931296180
209.4727758046319650
216.0156856740303510
231.7121730506756307
232.2185010986752616
257.3578555167718491
257.1270197110731033
241.9424338475832315
136.4293047978318612
203.5075130074515073
208.3966349248059089
195.5209218553917481
182.7089153951245919
177.7850434222061438
185.0981294901602610
193.0743005367035323
197.2236473621661048
199.1551720211686529
200.2260505244367152
200.0165905252945890
155.9038565926832973
222.6391025160840513
232.4227785054042101
183.1475584256453999
232.8123117017416632
231.1922003516395421
221.7366665228692852
215.2828474348053760
200.8142488322897066
248.3047658385268335
247.8308370406068377
249.1866039006538358
248.2527524398144010
242.0768714875986518
266.2725100380719141
264.2657503994788613
247.6036277621797979
231.1643000322197281
174.8317806349922705
232.9342754382397516
128.9380057602129170
206.0878639547460693
212.5780066122927678
211.2751129805538142
210.7936888628332781
209.3391650826049784
206.1185626570565148
158.5788003238172905
165.1000356742945598
218.7123727050974367
242.0360983274721605
241.6743690658246351
234.1155566229982981
205.0374458449032886
227.3980968326173979
215.9625400235847792
235.5082806492650604
248.8281451243781248
247.1993453431379635
259.4384985260730900
258.6064316973385644
222.9708946780946803
218.9402062397552129
260.4007939449721789
259.8419939379375592
250.9611258946854946
234.6975772386486483
196.5456138287455587
232.2581431258711291
228.5347556630208601
154.4691853685333172
227.4255807983049920
234.5118809286774990
224.0664744932861936
211.3282353000884655
141.6665759612533577
196.9166830002272945
193.3902494742854401
238.9265886306607172
246.6747907355863845
240.3021467795256569
231.4345531896789225
223.2177807030177519
194.6769377535886179
214.5734423266978297
225.6188255994405836
233.1048015265641311
232.0756458625793641
256.8884778306095313
260.2038883688247779
218.0303224673964166
249.6229757630238737
249.5054992358950301
244.8017143964031561
244.2876251187750256
239.5947030476615680
233.4949093201615824
185.0346253143044635
228.6864224885708268
166.2523680132457855
233.6335553975542894
238.0686161999403510
225.0205663908884048
207.4769034309983056
145.6886389684520395
227.9310270631637536
174.1026484443821118
232.7554947503235496
245.5208573958528575
238.9614554031805369
229.8398809695736134
224.6597906896817847
220.1728348449303780
166.9567351100764654
115.1022030205379139
104.5410945836645311
112.9550818312948479
181.4343500014098538
131.0200051052293020
113.5019767849240111
105.0536373637737881
209.0797220041760625
142.2129710027851957
111.4877738778653793
157.3943633142555427
117.4694252809306931
180.7763154511349057
121.4012541139252477
168.8926873234483139
103.6123599874059380
179.9862427702260561
108.4137576939513394
86.9419525852676145
88.9504328821341801
104.7905714501011829
115.5136052581816699
118.7166892083272103
151.7921997459420709
84.3332189127924607
74.1175623845231399
180.1468964963611938
156.8585788923586222
120.7086400731087963
118.1118661101461669
69.5939677565540649
76.7173998758175912
72.1328399411649315
72.8199234172900702
77.6887332879101535
83.9545205329601032
183.8340381681206850
122.9886330427593464
65.1266175901393609
69.6587727127973579
96.4699897766919605
98.3480709229396695
78.3626157740447553
84.8790549623403763
140.6360106758850179
92.4572866141529346
153.4075349998916522
98.7342360150475145
86.4226043232688710
90.6146004842216399
100.2771233027379623
141.3891108315177689
66.2942238656504514
56.6547752176861081
65.4275067046925756
182.1722111493106127
116.6782120841889707
114.9645142865439595
96.6285029946867695
106.4908675170830037
69.5419934735676009
64.0590668919075199
62.5553011663055116
67.0419117908675446
74.5595693431414617
96.0778397362782499
86.4839543111605877
98.9585753119691276
97.7972865137487588
76.3472002889940313
100.3740645521795756
82.3447082753574335
67.9252129715955277
130.8648079068270818
73.6354043891356582
129.8199462151331431
66.4753509733961607
59.9626427450182575
77.2637582545054329
98.1541137628857285
141.6789782193315546
56.8587364887846149
45.6291392785256562
153.6094010093974589
84.0361946899408281
76.9924340878454387
73.0604793400527370
72.6343386168538103
86.4561085689389159
99.5969961328838167
62.6247216925403620
56.6615487757988205
64.8593510621356302
76.3156125881938863
64.5680126774489906
46.7287551566865176
45.2263215309930757
66.6079873948982026
90.3376276310480080
97.1160710614113611
88.9048058606161788
57.4791872638834604
65.6449693561451539
121.3543458396950143
106.3278343357918061
56.8742837165714974
52.2479952490066779
65.2113714303323917
91.0866026055357167
133.8171740718658498
59.9081050667939223
182.6547450101747927
85.3427321346796930
52.9611404864285618
56.4406024854620654
61.0111972307506534
55.7629599676682801
66.9415291826592522
84.1536823390171946
69.4434289997939231
58.5920390797075896
71.1124707734824426
187.5064713007848241
86.6904625903216157
49.3712733723484689
41.3579791050593144
39.5125281714318248
50.2470830275948401
70.4575306454202064
83.6702792193054847
50.3092230748031852
55.8165270877338173
119.5642097193344142
52.4678646743216177
50.2390183964548953
59.2980661021921236
76.8914368354354139
97.6529241250338771
119.5740549677800288
73.9122972981091380
64.4113377600770605
68.7138662660610748
53.3781931832449459
54.5088007346376742
68.0983713228586538
45.1819330520593354
47.7980168050936811
60.3717713822759805
75.9676927950904286
126.4646105363935220
105.7798189039861114
111.6736000257515116
77.1592725512702202
54.1658094723332511
47.4929964765522925
50.9197556863737191
61.1235449694672752
73.5921559968948458
66.7541383744524950
54.9767877654501689
61.9345300319097589
141.9853235659698498
64.2067153025477211
59.1317548332086176
72.2152022175483239
83.1723057920341802
98.3836062132533300
113.1575258961777024
125.3599772525977585
131.0738121343308080
75.0012218989002548
115.6176915883361858
58.7983035040088851
67.2877968063279468
46.0280741199576937
42.5868901264080648
49.6347944770262899
63.4811290524975504
179.5367685398843207
166.7766274255291705
129.8500591217423050
123.1387615350635087
75.0372517947568412
68.5421754672592272
68.2151816234353277
73.7306041204933820
71.7400953628769287
60.7030355980054424
62.4958581310203556
75.1036562199377613
169.2603447805082055
65.4238628602818721
66.0282604405953606
76.2939147081732756
82.8779234116534411
91.3901286909327979
101.7670350953847702
116.2181205070060201
128.0979363875221964
89.7344775753164896
101.7105582703771205
78.3889354682372357
79.0495791993457431
61.6490764052684881
57.4651080055388093
61.3727577672471369
70.9281111056217242
132.9987047398546736
89.3225232510429379
154.1291926656095086
124.9781937009221622
92.8259971436217057
99.6575010501470331
83.4495882353487417
74.3230114338785626
73.5667487488041871
76.5401081491195470
81.9398361713371344
155.3769618219061783
79.8833147632066556
82.5801603110163569
79.6970646348016061
78.2891672493356907
101.3770044703156401
66.4988735277858325
64.2447113917564394
124.4829551742548404
116.6792697436836619
117.6240255074708045
130.9915794512417335
90.5204207571624551
81.9614101116406317
81.2671492283854207
85.0016110298009835
87.0245448069956922
92.1373959191286502
108.5545142084081505
76.9770524277286654
82.2229503246879574
152.3208934430347483
123.2827173942282144
96.5369417908056420
88.0832050594527516
85.8666287052938912
90.7070724994076443
95.5315782385001455
144.2040824822362026
88.3597794431955492
88.0278625770565384
107.8063035331696540
95.7533917569299575
106.7893582796560139
66.6226238998088434
67.0293422659967888
77.5584753285658195
114.4150881476427060
105.8231248752764486
103.4577936213701719
119.8399660470843457
97.2352213447744305
94.6597115982207242
95.8964632004933577
98.9885675384830677
99.5323658020717659
127.2295594881879026
105.0855528928774163
74.4326707417191500
79.0431933197932324
106.0663788362303706
136.6814174073319919
120.4691216707790176
99.9599269521049791
101.2157544775197664
105.9816203410791218
109.4531248385869588
118.8899552133295003
90.6275940148222787
91.6686555709916604
110.3803026929305986
98.0796062220209990
112.1234731062712484
74.4994282810038158
90.1003884246113387
96.7787641821132070
105.9753393398119101
102.8410891898671196
102.8997989535610742
123.2019849917294039
107.1102385375126147
103.3553286062889498
109.4156551949053124
82.4265431613239770
80.5058800209563401
94.5028656045813165
127.6523721433999299
91.3626415881023064
85.9787676162142134
104.6908027424144194
115.0546996580826260
113.5165808690621390
102.8554117528943124
100.7574611790776657
108.4705476627288334
116.7328699408805761
110.7452988361675921
98.3641030188773300
102.0743376468453221
115.6479879340303967
111.2901051543657331
128.1761685939891606
90.6720802447816254
96.4856606121408049
101.6440274455183612
94.4422005506567359
105.0186436255525280
106.5101440320629820
120.2003794133202774
131.7947820893918163
137.6028366919819348
116.8299884056838920
100.3945284166285319
105.3390036131883960
111.8568697794023450
154.8470077402524794
113.9302056557567937
101.3479216807648982
105.3822680081941030
110.8655959719364290
114.3291245331118944
124.1038625456795330
112.7072979247978139
116.9138014572571365
114.5965065708171551
116.9466832497507767
116.5996491062962548
119.1227959410754806
121.7238134739778133
120.8183045098869854
116.0648561141883306
128.0784840441789925
112.1018114926356475
118.2840057847296720
115.1861813838060584
109.8593959711077588
110.7097412393581948
114.6531496995058177
119.2576463414927588
123.1708018778499820
125.4237863361900054
110.9209165016949044
117.2857559808624472
134.4897257679006657
132.1514651732224479
128.5673422971257480
123.3335072493295002
118.3834091144483978
118.6424424939302043
118.9951198278509850
129.6941783325467270
97.6821002885280478
119.5824911216475073
123.0065836469028113
126.2082781425467033
129.4902790918769426
130.0047781967226967
127.8848888163452813
123.8153967135552875
119.9913973639404503
122.6915984352243072
131.8163038629712105
139.6571170016071335
134.0703564253419700
126.2386740974860970
122.7406929452426994
123.4297658553191184
124.7818798904957589
125.4955335564315817
121.9927319625420381
116.9459435928622497
112.5469319530809003
117.8941574165056352
130.1050419571448629
137.8150130461240224
134.5825920512647258
126.7020323582373322
121.3216629575652661
120.2349635679964877
119.8689283486153556
116.2569759783575876
107.6568594298810524
128.9418250166625910
142.4749154171069563
146.9535225063664541
147.7865920575140706
126.7590693035085394
124.3882420309877119
131.8039209901672848
108.2595749468082431
122.5167024354864651
93.5413968941241336
85.7073411598567816
88.5026894854958925
110.8425981695898059
124.7511097713687604
139.5979724067593395
134.4964506966428246
117.1004640036936166
123.4208518194675293
118.8066988135202706
119.5047863414271347
128.9592074946922082
138.1333127326794852
140.3935834852953803
135.7358399780647460
130.4412224062205894
108.1978550965732921
161.9142866031857011
144.2315682749981818
141.9675389051917023
106.9754552590063241
139.3360666581183125
152.3714753837897433
146.2999923554573627
132.5502016016340576
135.5012052858346294
140.3683954269770595
120.6979557273890009
116.7542495778614438
102.9095965118947902
115.8473898588016056
123.5604340906251650
130.9390138680582254
130.8843315084376400
132.1655897704723941
127.2628538058991978
140.4428299471727541
131.7150953351894600
139.6966341462858452
140.9667192284082660
142.4874818951228121
145.9546295488158876
149.7594748331499090
104.8286464483466460
124.7242487119279701
121.2833487050234709
137.9580036960102234
143.2400015035658214
140.7852055669962681
144.6105293882553724
128.9936378207963230
158.9052977101029001
165.9110289080406915
144.8058583180558117
141.0164166827097745
144.0294747181798414
131.8259417882699154
123.4754101970810041
139.2046242638315050
132.6577677584332378
147.2347307592223729
149.8030573782409931
143.2439684026072655
140.0518500796576689
122.9106585696949736
138.8616334431545170
135.9774246430469304
153.8460306732937966
156.8873158580656195
151.6299904952114446
150.3579143301216732
130.7713356260796047
138.6868857385933609
136.0801385957219338
141.4985281474633894
143.8506086304162181
155.8443750253362623
149.1015653109202503
149.7594279641079709
154.8449424707433195
155.8818996702555353
180.1770198525693161
158.3928353660870414
148.6861892987656688
146.8739071958126488
140.2426475743749847
145.9163186066286642
152.7233234284027787
148.5763281138650882
158.6273058220372434
163.0078908304914478
153.4733430134380683
150.0853728823349797
135.3168707473626000
151.9040746042187493
139.8380356071824053
166.1870747793948624
168.7558193729734057
161.7551526281424685
154.7355255878737523
149.6458306387552852
154.1894989440629331
166.3438202292761048
155.7006618998580905
170.3324660099939365
167.6263472145280957
163.6037547975222708
160.5974879115221086
166.1633535016346173
166.0674834466451557
163.8484883689302478
177.1051640249821162
158.8435784263305095
150.9091496811714705
175.0734918391588906
170.8054038510512100
169.1215989193308644
161.3375875251132072
178.0368133769732708
174.5122229857513787
163.0796823765187185
156.7067178517040418
153.6189948030837797
163.1977457028849869
148.2241345278907545
179.2390330632403561
182.0856174366360563
172.2808807623401606
161.4634094980191605
155.4126080035077564
159.0083172428062142
180.1332933208571490
160.7976693405300068
171.7846679635513851
180.1050672219202227
179.4352640385378663
178.7078208507782051
178.9202091182344816
178.7246850792862460
174.2719378961922985
191.7514332562031711
141.6098663262669675
144.6279634209383573
184.4232414877860435
173.8956559961378048
182.2702022746037755
187.5471762184192528
188.7523399035608804
182.2220556608600361
172.4758484610015898
164.0940644991487432
156.7825082881722381
144.5899186747506917
188.0800342614090823
194.2290560187187793
188.6721174075410943
177.9418741839122049
166.6981089627871597
158.0832923773643586
152.1728435982635972
152.0180720253874256
182.0786219574424365
186.9885444551464388
185.9901263203080077
184.9559867062230012
185.3967806178328885
185.8019608340382547
184.6463132982896411
183.0584750449608009
114.4233195767723714
158.5549957525409184
161.2207537414983562
178.7227336843089915
193.7388242992078347
197.8599486351894825
196.5204815010490051
194.1725658835824788
193.0343894945526699
189.8113386453528904
181.4852377723397012
129.1519705992386946
199.5237838537329651
211.3059082481503026
207.9362744182525944
198.1607018961904032
191.9011560241611392
184.5271425989315048
176.4359415707534993
165.3918349736277094
150.8238863293919962
178.5888635383017515
189.6962272711337221
192.2972919137934014
194.5798385210064225
198.2915361815997812
198.4539931842603551
196.0231302086112919
190.7185184438444594
151.3595273301327211
190.4219123539245402
146.0192426999668101
158.0309788350756151
199.3949964171922602
208.0392858033092978
206.1009207522006363
201.5586031853324300
198.7949890571922538
192.9834068823096800
186.2152855156523970
129.4511960244790885
200.2191808636435724
211.6936175162284712
212.3353722847470522
210.5948835297538153
169.3370427640016942
203.5318853532393177
204.5610802438571909
166.9120727776620470
168.6961417183919139
179.1801209855120760
191.3334845859510835
190.6658639295236242
190.8592957978916047
196.4496320953935822
200.5849360429492947
200.0938611671658975
157.4939814912623319
179.9078554745440499
208.9662072964605670
206.9807002595258609
151.1113401770569169
170.5563218397417984
208.5319386515935776
212.8689715554777706
209.8349275579207642
204.6263941146383161
180.0823187304383737
133.7388159216270935
192.9863717860132226
204.4072914218319283
202.1305344229270418
211.2200803781933587
206.1158191278789786
228.9101610020321118
223.8201428694248989
213.2572202744112531
200.2949465750432978
164.9466952831724029
180.3165511340822036
168.3652838010381743
191.8829618838067006
205.4249123537709352
209.2646408453590254
141.8547132825291044
171.9528619314407081
214.8954743036958348
222.6210656077931560
211.1299052949042903
233.4503790903306140
218.4017063281904711
145.3993861163613985
193.2704622018284795
193.0792920511491673
213.9428782315751505
217.6310052368448851
216.8535829271178841
172.6918144174109671
201.3051758957192590
204.7322788026656326
192.3951002212410231
199.2754306483225264
205.7009336422815409
236.0610545777050220
228.4476341209064003
215.9040287901117381
202.6422665927545097
182.2412830146128613
208.1406400920473629
200.9585935444188465
178.2057262590993787
168.0232012728199038
149.1637247631145442
207.0895543568129256
223.3011508980599160
223.8511656347642429
214.4976605410521699
158.6836394147052260
223.8958875571874501
228.1121166943028129
220.1693731521222048
154.0071074705256819
212.8625745170654397
219.6931781955180725
217.0061800916182619
211.9630917845442752
201.2515653913517326
214.8937518190419951
216.7787648769638054
205.4489561275311473
198.2865872151149063
202.3964568361865304
203.4160728082084972
221.3757558625667343
217.0406946373701658
204.7594802056782726
178.4319726238101680
209.2106901871939613
210.5370153684311845
198.9706641326549175
184.2114374088985471
159.6825560322472768
220.8831549018850069
227.2138222918817405
221.1760230589167691
209.2566227665407155
148.8611342058172227
221.0291511506025586
233.0508638324580204
226.0838122935783758
214.9178634349367485
214.0030787050042704
221.8577507957694763
213.6520898990128785
207.5823146092496927
228.4147729056466005
241.6993326763980292
239.0762463829373701
227.7217359838343782
211.6323246693036708
201.1934482304175162
186.7781546698795410
227.8414254905672465
222.1207710615816495
201.3295792097885055
224.3072889871079951
222.9456037339376735
215.7581202927296715
204.9519707616321398
189.2989342655912424
156.0698116373229709
226.9879110898466479
233.9854453300036994
220.6478408021762903
126.6157654105036272
212.2175925145447195
229.5477753926919604
227.8837596049706917
219.6946622370335831
208.0353860793962042
155.9191650925484112
189.5240461356132755
198.9831843120141457
238.2929900955610947
244.9166915713281014
240.6634503015025643
231.5671986825210240
222.4991698280434775
209.5160135285162255
200.2180565392480958
208.6688036670404358
226.0066489539581198
167.3190803231390760
230.7993821480756367
238.4617774690085241
176.1993905316148243
207.6259434400218993
208.6564862900359287
201.8625436814631087
188.2021642809588116
205.0579153099150460
142.1772050744250748
172.5770111312511972
184.4087655776185670
190.9614070376717336
194.5007648526782305
195.6873821872972314
198.2242101835950336
197.2803281174271604
197.0930444830321449
149.1330321541219917
173.6866475501020375
237.6430475306280243
242.1453166416566205
232.5047098865103976
225.4746145294139126
219.7562496132727574
214.4463001439038408
209.2473533357467659
208.5611650033484068
235.8281365430061669
252.3541647543061117
261.4873174115598431
258.7248748048464790
247.8395226784807335
234.7465753575225449
146.7890516265919416
210.7431774186295570
214.7370973628278534
199.5510281837168236
185.8518412042909915
177.8447682424474010
179.6304336463736036
184.8271178257812721
189.9698262072604393
193.7066284164411627
198.3526387645437410
190.0317915864225711
235.8739573254359811
241.2775029657080665
236.7743480313348243
189.1046424126382703
229.3250405152593885
224.8389829261895443
216.1120704993898585
171.4902986007764980
227.2859220412212267
239.2331407056968828
244.5746110302889065
257.2535647330435040
216.9085716581710699
255.5221239189431799
259.0506732621349215
254.1697492652895676
239.2152429716625761
226.3116221690297039
201.3669457484879786
239.2853441192475827
132.1690630657189161
212.4568712202650431
219.8769310125400125
214.9021073331936122
207.4014864351814253
201.9669784905762526
142.5178139517200293
144.5308053907144483
202.1763202371847399
235.0834440330095276
239.8174711070471403
235.5369996559615799
226.9283840240182712
195.8170931021431045
217.8835431230659196
240.9716441095621917
252.4492186719356539
245.2362423879779953
240.7646581983432839
239.5981943712684483
240.0989080778831521
205.1697151312531560
243.7114924130619613
248.7521229827312936
249.0442323984010784
242.9559304677022453
233.6190040352660731
199.4379173792419806
232.4116425688632717
225.1437234941095653
171.8271367288822375
236.5869785449393419
239.0112237538760951
220.9619864844365793
202.6908528177651192
149.0488993175717667
170.6993340826386429
228.9493081172330449
242.2035614842880307
237.8769612312183881
228.1569389103791536
221.5607637651192476
218.2234271349334449
183.3325497578806562
230.5378451729456799
238.7416990394273455
230.7801052451090982
252.0634400834925941
217.1152580779275354
242.5473063557759019
247.1441420616865798
239.3817481477277340
232.3042259453812619
233.4918214091127027
237.5789813550690610
240.7944426515768157
198.9402800465628616
238.8892996403424434
235.3036452563330272
176.0745904434272404
243.5677259881119312
246.9191403282694068
229.2007714433993044
207.1089773731333992
139.8812950819665559
159.9245621746647146
222.0025613568103040
235.2351073159896089
235.6703718437188968
226.4632888701873412
223.2485313191039893
220.5952104275189640
217.3596346500024197
181.8976535507024721
110.0158907259814214
106.0374831388985513
115.6254441285674375
189.2028441580133062
130.6309967621430133
108.4112690858918882
198.3753902002717950
143.4984293594147857
137.2999431070326466
94.5352843970880485
96.0146559584391781
176.5636527937501228
119.6703380383258661
171.4774018172725505
100.5270234207290230
87.9772428762799166
149.5454194970628237
104.7795619531353850
97.9452213644951257
101.7145857741247283
108.4419907206234370
113.1748652750983695
170.0915004687055614
83.7132470300486915
69.8636697291057231
179.8153482855862819
163.5728724937490313
123.8221255592305283
107.6136553110275287
115.3754424817579149
58.7201202489707725
70.1795772660355084
73.7220357744895836
84.5483609904772635
89.7701892418103569
94.3032953222830486
190.1655890151300810
75.4293239702763287
101.5266805430623549
70.9936433149935340
77.5227697595939560
113.1260107503076711
83.5631275185394315
137.3450484843741890
83.0667611807041482
157.0531475326127122
90.2581270808564398
77.8805110316741604
86.6136960309231938
101.0037738426375711
111.4571284153724235
140.3787372147352812
60.4717551841379475
52.2105766569731884
131.0135848634685942
137.3121129459912027
98.3695277496469203
89.7679322669660991
95.3619541358599321
119.6462114928853566
62.6263013278658889
56.5010903431689684
67.9000733598983004
78.4140203483704141
186.2743443996061217
125.4568790938597260
67.9130634739191521
52.2550447041045629
63.0829708133947520
86.1362000869841040
117.4706523116984442
65.9909561391939548
116.3125265596122517
72.5954067717877507
127.4885179085456599
71.9541519807363130
68.5895196471163331
76.3926652733749449
93.1898478312974134
110.7044396203175722
141.5860304680359150
57.5224369576236256
78.6821873838592296
169.8512291757361368
81.6042850942770883
79.6120955848159468
68.9211544164360816
76.5714604546563606
89.4903275520182717
133.3730101557514445
67.7253088775710523
72.2745715619950033
82.2554561807623656
160.1986795204324210
71.7361639717716031
63.1524987138566587
68.4787988881903260
73.0664679668282417
79.6085181772117920
120.6684499810234001
61.2589931609277301
61.4352571485998880
113.1355697606975639
109.9824184587051263
60.8541634783360905
61.4063496347875457
72.0520569794852292
88.0349254226461397
104.3462228151892930
138.0817176178165653
62.5689435092178030
66.6101449788443460
123.2341456832340185
64.8214831250617749
48.9293885623786196
73.4394266720824334
61.2203364976080309
68.1826870303602988
79.1689936172505071
117.6919616093979357
82.7565604944978048
95.4601914013482258
105.0485310798584067
74.0859867814183559
61.4102985860933757
63.5712951209124668
70.7263553274145522
75.9157007845439153
98.4189531133712308
60.7668328085869547
58.5959838699689044
143.4412725534580773
53.1341261111170127
52.7566530511193577
65.2859979433213766
83.1011337693319945
98.3345992869964789
110.3463341464805438
122.3626149216902377
129.4819460988909157
70.8762946661144184
108.0112927914182563
60.2359963534081828
89.0060785256684994
53.7875419028479769
47.9288519105691506
51.8704947378011525
64.8997754066620587
75.2255307838099867
137.5768890862876503
111.3721444259451232
117.4881142473325895
79.0002818180587809
66.6184491205036124
66.6425741217231575
70.2700179189640863
78.3372301025894160
64.0752970853557429
62.2872763476050437
65.6213686160635490
184.5756093451940956
62.3786661162892244
55.8705792962757641
64.8244075869516081
77.5625560985144915
87.3769167081442788
96.9762744112572648
105.9750520992418927
114.0451198352423035
124.5782503517229287
100.6081637002142770
79.6381908033433774
90.3604556621628916
57.0356094405382663
44.6193995102637189
44.3050402971684605
56.0072958035485726
67.1247335248111199
165.2634032601379204
163.5533460353635746
123.1605938471491015
116.9355768654771452
94.9791999665897890
73.2024458215115175
64.6260555622268242
63.0522061560236722
65.9877846152637488
70.7605318224728705
75.7263492282731931
179.9103114903655012
65.5865876634138090
60.1920419044630393
65.3253228640936925
74.2260013829154843
82.8565796895884432
84.2652824778994045
109.0992769026708658
111.8133953426514466
114.9304833590606592
94.4309914193409838
117.0169868925870276
78.2904306767338909
66.2525960005812351
68.9116752780174124
74.1807172170568094
78.6939170005194626
134.6691597351202176
77.6947694421880044
69.9395281024169435
134.1790685099421410
116.8829608237298032
109.4007661730139489
96.8555524715707463
84.3216162578978299
80.5067715111830040
80.0036618657620267
83.4979666659655209
163.1640401616371605
90.8070467168790856
84.5939149417949920
86.7620786583430004
81.0227722154582466
93.7101339080618345
59.5020617784991970
58.2070089694268944
68.5560294990688703
126.9065159965878138
108.3748048090934617
114.0001629630750273
115.5492486389538556
87.4587824904035642
81.2002116895111925
84.0638643623285873
88.7085638977871014
132.1975086056317821
124.7185577285382152
78.9422784655199195
63.4866965082266574
81.1095928920013307
147.8944628547180855
114.2299917184909077
110.0298300235617148
99.2199689148473851
93.0856994384629104
105.9270459808668647
137.9281252380198168
100.1891987565507520
85.0844182782863498
97.8322541905823044
104.2084751020683768
90.1106178079959648
78.0094006934985913
69.9454627202674288
79.9394273162849913
95.9981253969833972
113.3067730687651107
102.3712201748520130
107.1988535656013113
129.3398953971386049
141.1275374590400702
97.8442065167872386
94.9045199540300786
77.4134937138991006
78.6539116999335022
93.6662849015202141
133.4988460397634924
85.6294472771845960
81.6418247008619886
95.5898660214019600
138.6610880058845510
94.2969055818018944
88.3662653397271072
94.4489375405202765
101.8981722142620612
113.6289547444380901
97.8902014821980231
88.8472586459085676
99.4707390719514990
111.3318162772641244
109.4119122762103729
100.2976714465881400
82.4509115464619669
91.8943862765441253
99.5761589312918716
99.0357715092737720
95.4604776510902013
97.2209393773794091
110.5588300066976615
120.0570635888791173
128.3308274307319437
107.0296180097914345
86.2971155806245918
92.6724214122528025
105.9173305221795545
144.3677577949235342
103.8656896643890377
96.8679271539462405
99.5383856174030655
104.2499625122296720
110.5960142401080191
100.7656354496810565
105.2582850498452842
112.5185399948545779
107.0232636964568798
105.1320706429272178
103.5696399076256142
104.6535660365394165
111.2413317868297042
117.2707142612319160
115.6192685581266346
106.2618297694795331
100.7997682514130560
106.5424245848737428
109.2752538803861597
105.6649325697360240
106.4597116332950009
109.3749821295111246
112.4748440058139067
118.7268061072605576
117.7895209919069970
99.0723539097867274
107.5975221498639627
140.4586796997693057
122.9805541138116212
116.9964614496046238
114.7955425613857017
115.1558541560523850
113.6425329035842537
116.7558484051599521
90.8325072052461167
108.4345099183937862
113.8343484373404522
114.7000848706027512
114.7632324269814603
114.4734822292490151
113.5071906200101921
114.5709550351491401
118.3312301183016615
120.4153472752347085
119.8092282163346596
121.1772623040029941
124.6038908448536091
121.2208728863043348
118.0216306872839311
116.4933792171557911
114.7395523045142056
116.1573396433600607
119.3024663901825022
121.8599143389206603
122.0347543236966175
122.0419468446540634
123.8834967671917866
129.2718171448093187
132.9724560889323755
132.1079992743409832
127.8186659046083804
122.3551245997761754
121.6009824519055229
122.6083309180667982
98.6184017039230696
120.4130713967358446
125.7867464747875204
128.4440364732896569
127.6250671033999993
125.9183808133514901
126.3942968670783529
124.6000796829162311
122.1273842763257846
119.2131141813423483
121.2298756354947784
140.7946052878859859
134.5098434006342814
131.1043863484067060
124.6091583312249611
121.3232569757617796
121.8533316475378854
124.1740065773966535
122.9947295267505467
119.2847152961635118
115.0937121779867311
115.2153108039405680
122.4486091639279550
130.6588648220597122
134.3872788322042595
131.3907508095598473
128.2518684037186461
124.8598542934623765
122.6161838675544402
120.5455435557442740
111.8743904326590268
139.2951257148394859
144.2254195444412801
147.4350906913225572
147.2832359293716706
126.7396253257772401
123.8618336179156074
135.2149155008089281
124.8366299033161226
98.6719384110077158
93.9212079172312713
96.0464284216400159
117.1342771096551871
129.6174650272788540
137.7075751178213636
135.9444466002709930
121.5422246773678125
133.3992105335965164
133.1021123415267198
126.6340654247191253
124.7063972754980057
125.6113207655704969
129.4855918089572810
136.3791536490211342
111.6763966206016789
116.4776346874082549
161.9242737290718708
145.8580277600023862
143.2705222624652492
143.7996017396746993
123.6910539683280632
147.3575542357176289
154.6967180318488886
142.0493450569785523
124.5833559922978964
127.6579290102187940
139.2164085961771320
120.9311405637643588
101.5600228081386120
133.5945402817464753
121.3810800368707703
128.5639104616728616
128.5948617553320616
128.4845730820923677
116.8743001436195073
133.1544858357933663
129.1084270656537001
146.1273534720458542
146.3974881002562825
143.8415276606382918
139.2285426908258614
139.0298039496709350
126.3458574255177922
125.4680556331105379
129.4890235863155681
157.2187557613830506
143.3807668894423273
140.6024453492210569
142.8268567726122171
148.6132588225369204
143.9077926588551009
163.2639096121357625
167.2306212955186595
141.3911307262314097
137.2075518274671708
131.9901081611829454
128.0727165213794478
142.2013697784588828
150.4524132104825469
147.3634691245362376
149.4185743481107238
142.4943756506300190
138.1551132600245637
136.5671291814700794
112.8682097338476638
139.5537037302457293
138.8751326061973259
155.4033190155589637
159.0755533171986258
153.1411133870030312
146.1222765659993286
140.9967326914077432
135.4696058783704018
157.1139287719581716
146.7285562096458875
159.7204046179994350
155.0027224821469076
152.0873074725484457
153.6661747169796683
157.1662544223184170
160.6537518283071506
181.3745590136132080
149.8807572808734392
140.3568356455058961
140.9509758386514875
151.8570916579258778
155.4049369196277155
156.0298318914720141
154.5124382427414105
166.4556222647522077
160.5308376804868544
153.3583185873444847
147.5579248064277351
129.2721300124017887
154.8951039140022203
137.9423474609688469
166.5053834831997506
172.0849019031540195
163.3588219829419188
153.6358888945482022
155.0148818026403319
149.0385328848789470
168.1547869889539584
151.1959074372353200
165.4739280370567656
166.2396034337323840
164.0622908726671483
165.5590948433110725
167.0207432496788158
164.2443177901728291
167.7632003203136719
179.0506311030998745
157.3806806943688343
128.3635790410332334
169.5691417834407275
157.8483513393127282
171.7322482549710969
177.3230851641516210
177.1893826961845093
169.4658604051780344
162.1692404215139049
155.5550748056509747
145.2685976523263491
133.6511225094114081
175.2703567288803299
182.2683104063073642
179.5896745423123946
165.5813027885780855
152.8449789687815041
147.1546211529767447
161.2760833835597225
151.3502625958569752
177.5038758265393426
183.3330357651934719
180.8290605369878961
179.5114213156987546
175.9447726988527734
175.7324518774593969
174.6407632123297162
172.4336032728054704
176.1663189261962543
172.0219815715772143
157.6235831331943871
180.7001249525285402
185.5561985209906481
187.2419116835922921
186.9553306062827005
184.4574875944601331
178.5219512299210010
171.2202184562315495
160.9062232355626065
125.0914571413220386
188.2353276877816199
196.2419105307671714
191.2042204575212168
184.5723061958905760
175.4156486065222680
164.1263242854249711
154.0833690933316120
150.1857572983806790
150.6579629159917886
170.8649141933834699
181.3400870488231078
184.5878042317300469
188.8398498146912630
189.5924768476431268
187.9546755998372305
187.2996526244236861
82.6061800738016387
163.5763549781295865
154.6057630445369000
169.7644347488748906
189.0259976582801755
198.5783115857326777
197.6023909886030481
193.2047598995775388
189.7538522621529751
187.0875982590962394
183.0203401549266289
105.7196573404495439
182.0533004646422910
202.0144148142914275
208.5213126760315561
208.0761037547192132
205.7244243333459792
197.3916574783909823
190.4886470076264686
181.8846855549239194
170.4860853425020366
160.5074059429586555
175.5096869866166571
184.5085785006908168
186.1558955958900583
189.8105371360115043
193.3351895144190280
196.6529077968940555
193.8450167982525159
161.1088562929210184
202.0203150387758626
207.1931325816607909
144.2456461267007342
168.9352333448981938
175.9113406539269704
207.7489683798663975
200.5371545343535047
195.4040650233665701
190.4403958108920563
186.1457688992558701
130.1785987603290096
181.9975031411927091
190.5813318224228965
199.2496247605310487
208.0383381337642277
209.6566064501100755
183.5952861367219100
209.5227313493418535
210.4741982551940396
165.8439552975652305
178.3518978604030849
172.4492240677142263
179.5512229253546366
189.0245185637393206
192.8232964807125995
195.8267468555390280
129.4521854959950531
141.2364802671635857
176.5379071992215927
218.6369018084856179
230.4367166369381152
222.8569765458061056
160.5128195866795977
191.8607573369318686
169.4401464027462225
199.1255126855937760
205.4085101068927202
202.3615322212802425
197.4508916324548977
170.5380342410850005
195.3505454763161424
188.9572382777740813
191.3161533536435286
206.3180088671014971
196.1228982834073236
225.2966604505206760
219.8155371837104894
208.0445066412779624
182.3971745739375194
200.6088455475860428
197.9817392879828901
178.3471599281267856
162.3142203053956791
155.9103951278245574
157.1555686519229198
206.5947825184290139
221.1787429880549780
216.7950538090075270
145.1722193655857893
214.7722459255338663
227.3169690495652162
223.0807030201957559
174.2268548476969556
212.1883734924190321
217.0880432097721382
212.2521396207837370
206.1076203002328668
200.4659868247751717
205.2600875931644282
218.5413210930157675
210.3795639474041081
196.6362811806647528
195.3259531532872302
189.9891676201435473
222.0504039835476533
215.8143232718596778
206.5480400255106019
186.9061627056624104
216.8489412988047889
223.1027718638135582
212.1759751432251733
197.6591369320350395
183.5590344496728790
173.7828706878245839
215.1760155476601426
220.8316094499097630
217.5357344510048279
144.3168148070601546
212.3481475359653814
226.7309834190713786
224.9260659214992017
220.3012832570331341
175.8900319901226226
213.6929003949400681
214.2084632992429079
209.7938905508339644
214.5246461000165255
217.0191035225020073
215.7083600929025806
208.8658985923568707
203.5948379861737294
198.6580023901764775
203.4665008036958227
200.3080031541483095
217.8925659592864577
211.0887577284824204
187.5106596899644842
212.4251478274718181
213.6434206508890270
207.1850714832775964
196.9766864335430228
187.3253243111089148
170.2028122590086241
222.0326869849172908
225.2991586735661826
212.1250368208444570
133.7192531337141190
209.7919321323645931
227.2570028632659387
226.8556242165235517
219.4547220922739541
211.5202478065161529
209.8755593820207253
201.4011760098433683
235.9074808448396823
241.6644400194676336
236.9662269415348987
227.6151449462891208
219.4714685042006295
212.6426737290048550
201.2955405229832593
199.4928543919906190
213.6597080995256306
197.0688991242473662
217.8330793730631285
226.0560761074611946
221.9765505195635740
214.1834837081071896
208.3720927648603833
198.8376011519494853
190.7863715670691818
180.7150167451896721
177.8479773264631092
175.6159066820569024
175.8721614007686185
178.7025046276360172
180.7664718685639968
185.1015194536644231
189.8558518368208752
193.5669606449199023
195.1495546314714034
195.0790097406049313
177.5779683206131381
235.2401635877145054
240.7715332954333860
233.0041787496583368
225.0615433928673497
218.4847165288871906
213.8074267524827121
209.4408043442468284
201.1459194794432506
204.2286317101716691
166.7205569049924918
233.5027117626182758
239.5682787917834844
169.6987265488777439
219.1662754378607474
218.5020350453815468
214.1832200938568462
204.8354422621175388
193.0861039038050819
185.1070773064663229
179.1524059647753120
175.0026991069058226
176.5699559193511448
179.4501908982612122
183.5610021866836234
186.9929060476982272
193.1670824070916694
196.2871024518408944
196.6377838439033781
137.7232488933236425
182.9364961587243386
238.0832580137238210
237.5087140654456448
228.4074185452336678
221.0264944358629009
217.0272273831496648
212.2135896821379220
207.8333095505516894
211.8558754313747556
228.5818922119883609
249.1089397853558296
248.5294634660313875
243.8458043861436408
238.8742163564944576
162.3994938446968490
226.5659659730770841
225.5201340049974874
212.9145913759799384
197.4916549373651833
187.2134755252853040
181.2051258748611247
178.4732915874707260
180.1016097640306839
183.5648575739692490
188.4428055206088004
192.6178174559646834
185.5572584764078101
232.9828886324768007
241.3928321650520843
236.8062674056367314
187.1797126701547427
230.7573382415805838
224.2517633919384821
163.0802103882794540
226.8054772597211581
244.4865659483501759
236.8582618745498394
257.3029179698305597
220.1822532766836957
243.6374138891625307
247.3068539566463642
247.6910170525769672
244.4480181162671784
236.9869783699905952
195.9461449196140279
245.8117451641182356
242.5954527778012562
131.0103035188473086
216.1358866651030439
225.0817464712603737
217.2514064226293158
206.7998432003531093
200.0426333559994418
138.6722010627831594
182.6550120764959502
228.5470969031885033
237.5329299055516685
236.8876269943204989
228.0445797989956134
221.8894813600915654
188.1568374181881609
215.0421864901218214
239.5304754199221975
243.2094601107770870
238.6931935639535709
213.9245123317258788
240.2057967251183186
244.0716847733037582
235.6109573325922497
228.7161037326734458
230.1243729851521778
237.5414293812770552
237.8492865132604948
213.4078859422847074
244.5185604584665668
241.2817380781519034
158.8795292234180181
231.7664038450533610
239.5002237140065517
228.5224296994505266
210.2455648618880275
195.2484445689211725
156.4268450093907745
169.0694307860317736
220.7827511580512407
232.9711309167673221
231.7014682101450092
229.2660053370756259
222.1565350884280292
220.1420912299387567
171.7598532253201142
229.1230019632935750
233.7652590818551914
226.3203968495204208
216.3577578760596793
241.9189558988355202
246.9468250607209256
244.1437761722672235
233.5290057848387164
223.7933556661462546
226.2701715563505616
234.8624641187724364
203.4844704465019163
246.4979410558469795
242.4614789642908192
170.9186410634579829
240.2729351128733697
247.7028820450030366
237.9393906373045979
220.0135210377055159
124.3750364653328120
226.3427169839551709
157.1878576041762017
211.9449309266086630
224.5391142918404341
225.9983300925909191
225.0396814468613798
221.4400976667963619
218.6536507994419480
216.5881412091191862
197.7822327798998003
104.4654094359815701
105.5415719399325241
189.6523231894236403
126.4371531716871289
110.3022026080585931
201.9544186160410391
141.2430679635471620
125.5891895102897990
103.5611351864302918
87.3400661511315235
173.0242751050727179
116.3065170261751575
167.2745108670764864
94.7891064619156936
85.6519462813236316
163.9695956498195528
109.6543564615902255
97.2685442624162278
101.0165727277969268
108.7730893871296161
115.3555613603427759
119.5926521250223828
148.5641563187054714
78.7040342955934022
169.1676099403638887
171.4201182045211738
124.7655897881480342
107.4914423770206042
105.9054977604319134
100.3351417810658859
61.7670893380960706
78.2253298976401368
90.5177482659443911
95.5339897597078789
155.1843613457495508
115.5261769345803202
86.6795447454778980
64.3165440417764103
63.4276610715955655
141.8375062867380052
100.7854513939771266
94.3535052846067970
118.9478020469451991
84.9155446111201684
154.6076012039916918
88.8724962875967890
84.9370202456207721
92.1937406870968630
101.3154488320181059
110.3137037246463592
167.9124021646642291
73.9736859662475581
60.2611557883962945
71.7263275424397762
190.6824818900129230
124.5009931161572183
89.3844963887725612
84.0141090922380869
91.2569338649602741
141.8587104042665601
61.0947518569747672
95.0550254503755951
91.7180761902644264
149.8733454555863318
121.9462850921346728
68.4531037456767990
51.0341416034598581
57.2896668017220918
82.5128709733692745
137.7587309350164446
84.0185958531717461
79.8829748736551153
134.2294269346137980
120.0824211042835969
61.1659296782123079
62.2072910074349039
76.0696686619656361
92.7613940063488371
107.6580503353569469
118.9563774214917089
122.4587702335174413
64.4387719456848203
98.2309029912343163
108.1801433822195548
105.3230369423222896
77.5695790329134098
74.2300719280108012
80.9584147735691033
89.6924631898724982
136.8923216120073789
73.2069403142512414
85.3697358202860670
102.6675401908448890
108.0354855428877556
68.3438941657074110
47.5343412120159599
44.7742938767485441
66.3169455847564677
133.8518214005177072
79.7172091324357268
75.2738449084396706
167.8279888188614279
50.8633226108522081
47.2342778565147370
62.7356722609625592
82.4754703938872353
97.1710461786657618
104.9925901475808274
115.7338572424126966
123.5195349370695368
65.1028578812022545
78.6885254509899568
84.1455848696079869
110.7212967915376254
68.0041378375570815
61.5268660108249179
66.7486955483636137
74.8462588783938827
84.0869060950424085
141.4677117259523129
92.2632909652510307
100.9953019990320797
109.8465798217775387
62.3949571721526155
46.6146254211681423
46.6481464318363521
66.7138758159312459
108.1028728170931572
77.8450639601684742
71.5079522099576934
197.0954447912505998
56.2419447253978717
45.6232430803142677
55.2679292943902567
72.0525128977638047
87.5547216613713175
99.7548439866654348
106.4395237672160874
114.9130004147266959
121.9540292403576416
80.1581529108376145
84.3512997525112667
117.1571718201308556
66.4503128751261443
57.0624240142110182
57.5294466959523163
63.9545085461157186
70.5713757003772315
149.8892254923632379
155.1929670944012685
102.1882958077895722
99.6459116597856109
102.8511039096237312
86.6552230299058976
71.1005191877920026
71.1221530605371584
75.6324487354396240
76.6807942321069618
74.0350193358060267
212.3982948284035501
63.2588822828409718
47.5482518865388499
46.4155105579956171
59.2380412183140379
75.3555642452715801
88.3249074539510559
98.6172159310322485
108.3922868618709856
116.6215718810042290
120.1129418453558628
140.2193959101986422
81.4713929443321945
72.4338643165419143
77.0933076320173427
80.7968848310330543
84.7366289343315771
85.4556074858709565
137.1292759827729810
69.7153963009289299
144.2636243304166328
103.2972079696600076
99.4679078089687749
87.8455547099346177
79.2661332514950914
79.9110629855484547
82.8135160598247637
82.5341912773824902
179.1462854660533139
104.5177905267104279
88.4249668128719009
83.0451956399935369
76.4625293456710153
70.1740927274141768
127.8437495488675495
83.2710407990565500
88.0784738825225020
93.1397239010417763
96.8359623054601997
104.6537740951754643
117.9344864940216553
108.2234454074482244
79.7560333864944511
72.4262064231416645
76.0882826543412136
81.4960042326793825
165.5119662276594852
83.1613969881274784
59.4224923570364751
61.0148576991713867
145.0721866732985461
107.2682466855263215
100.3798822326975397
149.5330493486288219
125.6578181062780004
94.2343804944042347
134.8167429960783750
108.2770375286668241
94.7557428992314783
91.3738271932738826
94.8826789482411641
88.2272300637818887
92.0351957869456641
52.8770880298105084
48.8281377438857191
58.5824295256990268
114.0662875766007573
101.8496094408975949
102.0098616246689573
116.0342095038263039
131.2145890002726958
139.4366051349936129
158.6203010308924206
113.7106884847770942
103.7704030209614530
174.9372568512932276
109.3891353023741004
81.9527633472727786
76.6094990536905556
83.5656181710690191
131.6416839543460924
100.2551193926357058
119.2859270964356142
112.0302821389856121
108.5142719865999652
108.6693421238637427
99.1366629280915106
93.9929521366510414
92.7529293351580719
98.8273762223319210
99.4634480837010244
97.4098768574980483
90.5507359659091549
86.6186516091960073
94.0989043124254181
122.7478861191496122
105.2207395313904073
101.5509440714400995
106.6870859725748346
117.2219970977430137
123.9393735182729444
128.1642473216945746
76.3244914211242929
73.9146738195925508
89.9181510045595473
149.7845894225734185
108.9236933528594307
94.3327639719393574
94.5057277144151442
96.8714091784342202
119.9208729835938527
88.4504856417783429
93.8070861047428650
104.6677611724248749
97.2052138018808449
100.5390807936702657
98.3765316025854730
100.1507720287379328
102.3993904848065881
105.9096646811020577
104.2898528446134918
83.7317542452813228
84.6777443591079901
106.2074305871382762
105.5410170019974032
105.8561100486436430
104.7471223222358105
107.4287035856503394
110.3178824482956344
117.6674050955804063
119.9102234354087386
90.8956731931867381
89.5586589438335068
131.8586195794089804
117.0131814401086814
110.4452325163753841
109.1005521869009840
109.2538569286311372
110.9734127504400476
113.5485578891763794
100.5665977058849307
96.4341756118201801
97.4513968131863635
101.6298086876253137
103.0386857385676223
103.2432809741081883
102.3260977153953775
103.7480171023136535
110.3723237630103142
113.7822442304740918
110.5948370991398946
108.4411525819801199
110.8658910990885147
114.3029558505323280
112.2851000468421461
110.3587014671446696
108.6973600629535213
108.1001207599635165
111.1943186130328058
116.3706068453435165
117.3860623817876387
116.1964985461734727
115.8324357936974138
118.2335425476266124
122.7571795067879634
124.0041847690323209
123.2421520143909817
121.8495297351045821
122.2628866089461326
123.0018516974797507
96.7647483607364478
106.2746527861104227
111.5921951853536029
111.4292758522342695
111.7833079626315538
111.8175372340422200
111.5565543903703656
116.0886764035695649
119.0298838953168570
117.4857750189805756
115.6543879846402803
117.7849952317136228
123.1745353301448347
124.5728902113322363
122.5394935070952158
116.3459267001643269
112.6648220689877604
114.3883904135484926
117.1501428454691904
119.2390433447230862
117.6593224248305063
114.4120924460491580
116.1312719845824262
121.1894003010317817
126.6412082953801246
129.3666785376442192
128.8522640295700228
126.6402883090180751
125.1669402475946669
124.9788443224888397
103.0464834367142686
122.5187670142109937
127.8229397254893485
125.1540738177867951
125.3338213186019630
126.3392577760973694
127.6846896042012531
128.1527438612814649
122.9480488473919166
118.0859040255697749
118.0068206904852985
146.3494389031867513
123.8984848142023765
127.4823626373439538
124.3828002224770444
119.8999755431766943
118.6549061517617361
120.8220221115943360
122.6131667492290376
120.6006369090006274
118.4886685156648127
116.3140328561703427
117.4385011193063661
121.6686590674487718
128.8585028088002673
133.9757335616035618
133.7236135204595939
129.9864789566256889
164.0207372153016365
147.6649099638477480
121.0686012582908546
139.3037732065947694
142.6079986496831111
143.4202104497493053
141.2448391286847311
124.9019951884133093
141.0878544380001642
135.1591805178957202
109.9684074927581889
111.2445731351683946
111.6605809041256947
116.5697005655180476
120.3385080485638383
118.6200781069167363
121.1926829205879415
137.4484076695879935
124.4491621022400381
130.7360789120152162
133.2433850851731165
130.3081494679506420
127.1096291498406856
125.0326017037174324
125.4571626139155853
132.7565766828916196
108.1626500353122253
140.1789884149332295
132.4243763783812255
133.1657212550453266
134.5062977996674931
142.2210644941855833
138.7909007580343541
151.7462493377731789
155.2309673938710262
133.5556826359181741
124.4799871536274622
125.5279866869708485
128.2699611482470630
119.6322057693209899
137.0674182343533403
129.7736137486911332
131.5936130109614055
128.5784377866453951
125.2887556496820878
119.3832475767515717
140.4740690709418516
148.6400953015157711
127.6643359470434405
145.9640974859521236
149.9766308868167641
146.4675260660449396
139.7379390873966827
136.5338810441115527
112.5694501749895551
121.3721814862221180
206.7548863248859448
144.1451198355388783
142.2553674660184981
143.7445760516151267
143.2460654039169299
145.3537573588456269
148.7044434013874934
163.7498241356955759
143.6418372484205577
128.9700445587687625
133.0002673525578416
121.3169038688057810
126.2371182619725687
150.0717077865499789
143.7799564549881381
149.2804008713353880
143.6364667247153761
136.3487689707916104
133.2851470410965362
118.4270189313342314
144.6364186015522932
127.8226005765594095
154.9642032671630432
162.1896408599000097
157.4175977357680551
148.9244039246088960
143.5726009426186920
130.5053572529554344
135.1417413153011182
179.2314142918531843
160.5062582476991224
157.7571530326651725
153.4422570566616457
154.6154696972504041
153.8884266771480611
153.8485431051076375
165.6998010617726607
173.2946286545762860
131.5761631028784393
153.9781644998740830
146.0164762068180266
138.6598620343948198
152.9213304764092811
165.1315577413728306
167.4232551422226436
158.8883333682222769
147.9455539548160630
144.7725186587005908
126.2098069267516109
123.0217647087644082
163.7936938283369557
171.8397764848371025
168.0343808241024988
161.2743798149374754
151.8178496612794390
144.5964800457442720
142.6672870472031320
149.4341484140926752
158.1205083535178346
171.7931584240971290
170.9818272481770691
167.4229418406057448
166.9142164569487363
165.1557497116828017
162.2821026815739458
158.6061059268876647
181.3163767080920650
182.2347598923680607
169.9962305897005876
158.5906155530807951
174.1604851986635083
175.3292246874574971
176.7780976885877635
176.2854915582610715
170.0555834833429287
158.6546111275068540
151.1680407924569352
105.0822057411559456
168.7998829364940718
180.8629836003574951
179.6779959346160638
174.2889955838320759
166.6541661710459721
158.2877623847408017
149.6490469506266834
146.3293038545955653
147.6730989983331312
158.5460678952405544
174.6228122708160697
179.4336748420454057
178.7497837293140037
176.9948681487520616
175.4937130531784533
176.0524297752106690
173.1617724941223742
93.9185684695332839
169.1726581333137176
172.5901582865328407
165.1218976223183290
159.3381880634411800
188.6051067787116722
186.3299054360490743
183.9511931361012955
178.5480396065761397
171.3912554912681117
161.1024517468347312
110.4130299305341367
178.8448098961058577
196.6452755591247978
200.8877102705413051
195.9697460548179606
187.7071010777976880
177.7016230905525163
169.4950777230446590
161.9592282776193315
154.9546205606259832
152.2155401801864514
169.7301239364602168
178.4388450010845872
181.7853899026291913
185.1729408038644351
187.0111624753684509
185.7630940761323757
120.8331568561409171
177.8606242740053460
189.4720277767932259
167.5889629435120867
182.3812041303546891
182.1737755751264274
201.5824416626689128
196.3466866202408596
189.1953255087530863
183.2235937314491423
179.0916766794091473
126.4120405283385082
166.2865144132054525
175.2678274434204582
183.5966282578370681
195.7250776637795013
200.6502741222085433
197.5695292724574017
191.0309369071909202
185.0668101452203871
177.9576941595528012
173.8822825055577255
167.0995359365226989
155.4292912987080513
175.2459829769036332
186.1027275082199992
190.1865003454352916
193.3840111586071657
129.4672510106924790
193.8367976773285193
213.0840316458649113
217.8297438456605448
214.3495823739206401
169.8693863063396634
191.0539285492156409
195.3336835194988623
188.7341254311261878
161.0509344500473503
197.2286383064586062
180.6588529565076442
193.3120073438147415
190.1467781127356602
179.0500274762030131
179.4941729257925545
195.8819926270899998
189.7361774404023436
211.2797667414743046
197.6886855325253691
220.8574244335637218
183.0200187199745585
195.1001847811433834
195.1998208894542017
181.5846626547097458
163.0939191771116725
154.2985171765727728
147.8385692812955483
102.3517582266639749
178.2655764316277782
146.1859543879468504
190.7790723116656864
212.4143059758536651
221.1747333618435221
220.7319857655807596
186.2794075534085891
213.1856960118388713
209.6029851823652734
216.1131046098793433
210.0085107614483491
198.8801245777424924
212.3413232783715898
212.4128674283819862
203.7709878067298632
192.5946563438171495
195.0578469841134961
199.5441713184253842
177.5211371346883311
209.0941256727622033
212.9627441581117466
180.0590389552795330
211.9891369534937553
216.2725486644292801
209.9958438426706664
196.4231537406491555
185.5976498994331223
180.8339493524872523
166.5260061890102463
207.6694839456309296
216.3886736513821916
149.1241685325613844
196.8743150537902125
218.4385662900099305
221.9793967113946280
220.4604099033845444
202.3385469203772686
226.5299263600735173
204.4355295575153946
200.6900889366100103
194.2601203115176531
217.6524334731049350
215.3810842890426898
211.9178917670830060
207.3161231413005510
204.9591373350788217
205.9313786894382190
204.1868105429196305
183.9383460976858942
207.7512410402073328
189.2303290880188058
215.1374511518140480
216.7044034178522622
211.9690439939853377
203.2565979137205829
196.0895897755847841
189.3179428821343322
171.2401895717198386
211.2882296610940500
214.6018861263692941
141.4742651539667122
194.1596143013766778
211.6561712126890598
217.0616460855720504
217.3775958958872252
215.1861318291606153
193.5598324449013035
231.6696663266770599
235.5411493233191607
229.7179811401185248
221.4527203735152057
215.0454858813662042
211.1386422452728482
206.0069925385488432
204.2820685199113484
205.4405163658870492
208.7911083470909830
199.9489915842132177
204.3190063383624704
218.5585701325051105
220.7123648563944016
216.4179841113426050
210.6996487230059358
203.0397233446994392
195.8455152066381686
189.9021962417056955
182.3916228771749957
150.9796828954584669
151.8147182422686683
173.5148283373966933
179.8464377023146312
183.0688418550089409
190.5643611162398088
196.3523656143811422
200.0367380078801602
200.0487876147340671
188.6801004549618597
234.0362342570768419
237.2756616977293334
229.2325041688852139
221.0979332051171866
216.6011342474886305
210.3768336012664406
205.5743750293195262
200.6834286451597507
201.0209574331741464
207.8069191494526251
216.7802824877298633
217.8929023332117652
218.4829567151559786
214.8534452362695788
213.0502151944867251
207.3839553797853341
201.5837732913537366
192.7135731616728265
188.6601739710513357
185.0607084757764653
180.9774305070314995
178.9350247621929668
174.1593431651986066
175.3011393472538657
178.8449639151922952
185.2833622409760039
190.0967412418234801
195.0823190803567968
196.6772127822090681
184.1610430319076954
236.0228510394385069
238.6955401276061082
229.0200369289962623
221.1572847679245228
215.9093704598126351
211.6599014852946539
207.2878180159683552
201.0940282552672045
201.4421324842607248
182.8776508399976706
231.9799355273888182
175.0518646512977909
226.1398206898500121
227.0405414443027894
220.5357850208318951
215.0181172742054514
206.4309904863351335
197.9992206997188759
188.0613595980852608
184.1601637309383079
180.3530633889251078
176.4304843401740754
174.9917805899402197
176.6527032995835498
180.1381217516438937
187.4612026588750382
192.4814257087347755
112.9872067984245803
205.2051606555336321
192.4157208911684620
233.2817247453973550
230.2089421199429751
221.8267119369842817
216.1742503903395232
184.1232220978914711
183.4574606768983926
196.8273891539318754
225.0855125311941549
241.0884663951160860
238.5236141258531575
235.5007879962252559
235.8369319835628914
162.7327396826090080
227.4762435049744340
232.7665079533608434
226.7852575419735501
211.5630986124995445
200.6011899340387572
192.6869015712119619
185.2366271714568597
181.4707558280329920
179.0994659249253118
179.1110886743660444
180.5259646051980269
176.3529687188666628
225.0390398003916630
236.6534620018846908
234.9437080805314508
227.6618401178840827
176.4651965105988438
220.7325762985677216
216.4699873718142555
194.9438833473500097
232.6932126061332440
241.6653763634710117
211.8243213518273649
237.0720114756184955
240.0326282414624472
235.2388595902667987
230.8159726912479073
234.2903556567870851
235.0822764372384199
188.0128334099100584
251.6338516364277780
146.2160541224579617
219.5871761288080393
224.5555734667959200
219.5360564886571524
212.9712160795109241
202.7112602576723930
194.4563813129725531
185.9123488909901027
147.4751792075323635
180.9769072673223036
222.8837953881474334
234.3742452375618939
232.4653228281019892
227.8507621157717722
221.7382752855819490
170.1411751511033117
215.6265859804843785
229.7356448836134177
235.6255202291903856
235.6629706462896934
214.6021005721528354
240.6779581484099708
245.5448760288096537
235.4257210556973803
225.8615037686360267
227.9896687233223815
231.9242152255730218
207.4666819812178460
247.0827489133386905
245.7843971928985525
164.3914901001540443
228.6492886141399481
236.9961515592670480
233.0235760401274661
219.0028154933746407
203.5071143648314091
191.1685598911551835
161.2261965362989145
162.6570830247139838
213.1427325410640492
226.4460969283111922
228.5233605697168286
224.9762314414591629
221.0943127311985563
217.6868785805741311
162.6848929601243015
214.8441126094122353
203.9435621132575420
217.0940364292675895
215.4957544580497597
238.7004515822953010
247.6576108580732694
239.6145167255895956
230.3437818173753158
224.1942382483465508
224.6017345022578979
228.2039318812985016
204.7689123660603627
240.7058233199987001
170.7583061271674012
231.4598268827362801
240.0007577448643588
234.4327088700563877
222.1207724776876660
208.1112937985790552
196.5547855803614823
154.3610992190533864
157.1939139054705095
205.7295196077869264
216.7348247615104242
217.0392551181789997
218.4419329874239111
217.2401992220914337
217.8187985190929794
160.1983210290173929
206.8431907019876803
95.7470132442432345
91.8512478535086530
103.6605390978893126
190.4788697994067093
148.5525359594473116
128.6046325725126280
125.8093775988554057
90.7211063342282671
175.5247253857441478
110.3422032836740243
107.9695737489090277
189.2872963344258608
165.6717121756802840
120.6555247460362637
104.8951590700771135
105.3770577976925864
112.3517254876000351
120.2920936086427162
123.9005910252483602
121.5770371709934352
120.7547658923098055
120.2085599452243372
149.5392511111572560
150.5557201828687255
126.1606423279796445
181.5327973716473480
113.9327458308154064
94.0808819757612014
93.2470427643243909
86.2934129548749382
64.0648375321978989
80.5316093393846160
126.8387457261807327
126.4514244731471990
113.0313389887928111
109.7832131950588632
69.4603811673137699
101.4534536668858919
95.5244486827128583
108.3743554726169123
113.8502861996882274
185.8324560415749147
94.2088118571140285
81.6773849518392723
87.2447752038196711
99.4939508416860150
108.3613061300741407
112.7896318867865233
117.6849264402740545
119.1629472518630593
120.2407201240848309
97.8894511271054739
156.3199931011224635
96.1324619372836651
150.8929951911981391
90.9281407182388932
79.8669886108595790
85.7275797713543568
92.2777023112771246
115.6156211667968563
84.6734961124661254
90.3935770735468225
100.8146230885100749
105.9546226518121017
110.6494446995483543
60.0569715319873580
53.0788640995237415
109.8968197675882976
103.2800233103664738
108.0853466726284609
106.9499148738696306
187.2365698038335324
73.6044444292928830
60.2647025791187190
72.3924986861903221
87.3798063754100269
98.8656335164038751
107.5437464700299159
112.6069618715694816
115.8881361733914162
118.4482878390061842
120.4530508414105725
147.5280524286300761
92.5181949282983567
91.8144412482650409
96.4043399032457415
96.7930999493315909
97.1833367810208983
190.8797028187689477
171.9622824287662013
78.0204575778465284
79.7413716462625501
93.2913735331827922
102.8830246780464108
99.7390740799687308
81.6390597673847083
87.3548409519951861
98.4344130479566672
103.6652505216119380
102.4568709045678219
214.8449627977178977
63.1077053022441277
57.0935132682610487
62.0844640790918447
75.1833934997145832
88.7991519832947915
98.1981631209325343
104.9857402908071151
112.4350311638100948
117.1111642142757745
119.1283792044457357
123.1371511858386896
141.9267168515958701
93.8985958786819310
89.0074824896481687
91.9268011520627795
91.2518079604984251
206.7076914697767904
70.1035193734413440
154.2686900423880161
75.8689512185370063
75.6619135852721598
86.9900364343399986
93.0276566335957540
93.4570068399618634
85.9675424202282841
89.2394590147513895
92.9843790247337267
88.7199881768592036
225.1551526342290970
84.4024840230023869
68.5914517000220769
61.3610669386970926
64.4448664732518637
74.8965646020325551
87.3666513774967086
97.9250628999476476
104.2184707835568673
106.8091672757971082
108.8390715987880242
114.3662424724908959
126.6588300281744353
88.6281474333679711
85.1227576340666587
91.8726397906393117
96.4745377372402686
185.3484834659938656
75.0022895573752209
63.1495034253672856
141.4921785132589775
79.0281518860309404
79.1904992563340215
86.8634752362033851
97.3485371705796467
85.3512633225332280
85.2460528543003875
86.8857413864556349
82.8245881434500859
199.0816788557606003
97.2765332777654237
79.8489944246232852
67.3023965475891544
66.4020250993226284
70.4568458187149105
80.0133886740517823
90.4257784147756922
94.4812533828101664
97.4576282655951616
100.0183944251968597
109.9729483451613135
121.3605892923040557
100.1351740533667396
80.6616052284203988
84.3056855602527264
91.9195684436722189
192.7516600190319593
95.6268496384489453
70.8506904978895875
70.1982181498037505
132.8283757316525282
93.2476092249067960
91.1555197414503198
95.7459013539676533
100.4371935255286274
92.8015419549854101
123.4952825220792647
111.1560871360497345
108.5738227105152589
106.9008840374569189
99.5202814248063703
90.8869060658779091
83.5787806557930395
81.3693942107872061
85.1409871419010784
91.1431832213848168
94.2053602152119964
98.7911632820089665
102.4567248320476409
110.5160853947482451
119.9888254203759459
129.7006227564721712
81.5725530506829557
181.6372067744086394
189.9273414729468072
139.0375092546921394
112.2148451554145367
102.6441420763089383
95.5973079134483328
91.4034061967963822
132.7061530518963934
92.1673018054381430
89.4132011288036352
113.4703967906276318
120.1820883521446888
117.5621803923645246
106.7566979686703377
99.4920911756307049
91.5416902642095778
90.3095332518785909
90.6053254783224418
89.3684889665562139
94.1507011508841316
98.6084890850236206
102.0763157874931863
105.0974409635345808
108.2739023194910288
111.4325872600069829
115.7617011975643635
120.1166701628800837
126.4676528395867763
129.5586717563622017
133.3358366850308698
103.6466492835173483
160.2154907301997184
138.4846081119357848
124.8634485334212343
114.7466654231473910
106.3932072686527022
102.1167020224474129
119.8793270546403988
91.7805721322765038
90.9649404463985718
147.0019657044609289
103.4336305180515723
101.0105647355138956
98.5224645339082059
96.0930283687299749
96.1406516930227610
94.7068023378729436
92.7609531950176631
91.1819596140071553
96.8542456850874203
104.4513397035777871
110.8367524983894015
113.5285337762518338
113.1337366642930249
116.3869780651840529
121.0779312089530748
124.8302325940022115
126.0900896514951626
125.7022068022494210
126.5877883098912804
127.5232728986207604
127.4248525243674948
125.3794955832266567
120.9216053610973489
116.3927904044607118
111.9745080349390491
110.0593324523772623
111.0968052349864763
92.1257070349368803
89.6945353352626995
93.0681613142346862
94.9696514030081858
95.8906777803419885
96.2389066231768169
99.0376095401015704
103.1384229944961959
102.6973111704341335
96.3661939236436780
96.4589944426135872
102.5246308765045740
109.0346175450370652
112.3836366426434239
113.2383483204508536
112.5999212046769316
112.1468819460530995
116.6588456270611687
119.2813337389931121
116.8637904518698463
113.5176322075398048
110.7793924309947187
111.6438980443286368
113.4269942313626984
114.1787197895643118
113.7395647411273387
113.5898154924985874
114.4290842162692599
114.1573232750151021
100.6533925543911465
94.6795615800218684
94.2426624507687336
96.3134943957724943
97.2891501502946170
100.0544343767682278
103.2286466297426557
107.4266911740263595
110.4854993107593231
110.0309032544613927
106.4653799154790761
106.1271780192166574
111.5412993431612421
113.7084309293341278
113.9668877696302332
108.3384458682341034
106.1904751660843829
104.4561967876534965
107.3021102110168243
109.4816883123220492
107.1669561843622205
106.5651733723798316
104.9131587565514252
108.7570157613462811
114.4145132910319376
119.5766535269446393
120.9750797255019990
121.1463128777279792
121.4798744927595919
119.8430694664556597
95.9004546231137596
105.3490479652457168
110.4128780864622570
111.0092330332568906
111.7905238416749825
114.5413817414969486
115.0141834029845995
117.2075602461957544
116.8396034966453669
113.0068590183847164
112.0608530470275070
114.7220602206048170
120.9807830725574291
123.0714261509911580
119.1621008339564867
114.3871945892051087
111.1640651478269319
110.5259716294787893
111.7386537331958465
112.5771140158509667
111.4220049045317751
109.7801107611035860
110.2631572658318504
114.0349893935966747
120.2383759001965444
126.2727558374318733
128.7830650248916982
127.7122463342598451
125.3159932910674854
124.2075569975425253
100.7383640715792268
121.7627357858525983
129.1451208129132340
129.3981162416070561
128.6732956410048700
128.5689020764257577
128.8709029832422743
126.3940751181133777
120.9498405823696032
116.8781974424942405
115.9232477006984681
142.8638418909175698
118.2207088620367585
125.0709887852796385
124.4380288133121013
119.5269833052915089
117.2863076458514229
117.3052922505661684
116.7832367035134382
118.7609177096610722
116.7917141784205626
114.2105544461026625
113.5826953773263597
117.8016853566669937
125.1568190795559872
130.5876002086004348
134.0725798369805091
131.7576548952618793
129.0116240873618949
127.6561484312625083
119.8262435048862216
142.8895816918054322
148.9642345914247699
148.0766604289538009
168.4094021261650767
146.8510315679083647
140.3633459915040476
133.4787189439852853
145.0816365931131884
124.6816416510537238
118.0739769830992145
118.3599298872356371
110.5652209969931334
128.0350419756802864
141.7333149701997286
124.7824890222325820
125.7606038099846728
126.4320027614946014
126.5759186217747754
126.8064435015247398
124.3565698581555665
122.3244841705981401
124.2520180822864120
129.4657152203284056
144.9938380572465633
146.7351590324596771
151.6449505395699191
156.6580610844026182
156.6394446360046118
153.6860181516898933
144.7512242322148381
158.4204137770321097
159.4932247269948675
155.5456070298692737
150.9169636576504843
144.4391226834457598
138.3056432675769543
142.1154589138519100
139.3257631336552151
132.0063948077402074
126.2533961178140487
122.8980712075685773
110.1360106213614074
121.0430471831684969
133.4307478838898646
139.2355121444921906
140.1184251105718204
139.5383552230348982
137.9770038068856479
135.8851844035358454
134.7168093543859300
133.9403859772878604
136.4168207771588470
117.8556935518404032
130.8704960400310142
133.0468466061620063
139.4132153449722296
146.4967712766165846
147.6167467927460848
111.8114279268268518
167.1366423042381939
175.3717379176339932
173.7138628790894188
166.0898064484187273
159.3406390970172595
148.9421598710911496
151.5179060468098839
150.3330257266283070
147.2264907312083153
141.5365650547977054
135.5366067633783018
131.1386225616988668
113.9439791469819028
148.4029058135660648
155.6598574515133180
153.9051654769571655
149.5191945941114682
147.2565074171039328
144.2474209410535195
139.6203549051040795
135.3143971164172967
134.7820788605594942
136.5537557351078704
154.6872649387111665
152.8298131956035775
151.5692131734979284
152.2655702949425063
154.4002506792004397
154.5999680204076299
112.0350650080848141
176.4163103194689768
181.4847187902418284
178.5032295878746709
169.2775404256082936
158.1371363541122435
164.7324007608428929
163.1219590607670398
159.9229689904031204
159.4565146456509979
150.8346630551557439
144.1592048195070390
105.4387822606531984
148.6627983446192331
164.0521084773202176
162.6215048154148519
158.1909525662301519
154.7273477472639343
153.3538441101422904
150.6271829563584390
143.6377674075666846
142.1508897687787112
139.8486983132062562
163.2058874024008333
168.3598367463363559
166.3456782555665256
166.2326961317186260
165.2912340724464570
162.8203477855824133
161.5120898333197772
128.2705648648751833
178.9537052083583148
178.2411838416791170
172.1685368273662959
164.6833390234432954
180.9098906143281340
172.0463176710011908
171.2384714192338890
166.7200008918282208
130.8676740810615797
141.8711430567392142
116.7472747253301577
154.6764921457102275
169.8996423294120177
174.6250774685805709
171.3779707929128335
169.3297840680885713
164.4008709107755521
162.7733837733779296
158.7376962603383959
154.1313470607637157
147.0455367757065801
143.3804891448351384
169.4141308195549982
154.1718464999116520
168.0076350270896057
179.1316483495428429
176.6268847068315040
121.0847284523774476
166.7333477241138269
177.4719941266428123
178.5673077348822915
180.3635499277548320
176.4492445457480585
172.3234913225552418
186.5901794041444361
177.9185814234199938
144.6630985320871048
181.0029232259563798
189.0333555402166894
136.8104504336246237
161.1916096540449814
175.7920944395966671
181.6712977998523684
185.6057496412182388
180.8130764851287040
175.9702325587574023
173.9539903504511358
169.4803689587575093
167.8643311730923813
163.1777576987330747
157.7278298426711842
133.3904568745149390
183.2923780270418774
181.9348766712700751
172.2595022533012639
129.4704462451481390
174.5692341471428222
191.0094821317599383
193.9609915018742470
192.0084191435228149
187.7511109559287945
192.5540814915893009
188.7415900620893581
186.6378878147898490
186.1649889640294759
187.6953669743464275
187.7970811328441698
184.9373966230830035
179.0342987945030586
173.1300700060141082
176.1668629528690531
187.0254684623577646
192.2334184950082943
188.4731733074661975
186.4964838506056992
182.6305985836122829
182.9324274670648833
180.7946085527855757
177.2015218070097831
167.2439604709327341
157.4789200530284745
151.2740214528449201
154.6687080229183664
161.1442494975848945
168.5961685019370009
171.0335936259429559
176.9799003647260065
181.7741626271453868
191.1413917175252095
194.2910735346606828
193.9572350548032773
209.8876936224456244
212.8281406046071993
156.4870073020598227
177.1379410209190155
205.2221686151094957
202.3703989331299908
198.0483998032565012
195.7866307010342268
195.2067155116752701
196.3540053084920203
193.2089158508072728
185.8529099995150489
184.9506317143662955
188.6774012627026025
191.7622221759278318
194.2250624321165731
193.6720138789009980
189.4105375368916384
185.4778990806956926
181.3260780369629401
179.9354071984680843
180.8888331627488242
179.8664529301220512
178.4853670913928738
178.8092970427962882
185.7586129498982075
192.9393238751320894
200.3740571260197214
202.5132193382838750
204.5127325618021246
217.5259843408710196
218.0115013199704208
172.1401707614619170
209.0229350929159011
204.2440209440073033
202.4480163807166377
200.9418334888409277
203.7454267770122271
208.1418473455041465
207.6652436148780225
201.9959948574458792
196.1416392838993374
178.0020067138648585
188.2258745369063604
199.1267267114636184
201.4658087977699097
199.8939869471498127
195.0999376005377144
191.1787253086017984
187.1366011584005378
184.2114219632209711
180.1780505467174578
177.6488396768883717
176.4843549977080102
179.4644837885368815
186.4646999047870963
194.3330236015405603
200.6453714755322721
203.0139521325204726
198.6605200923060579
223.0480947967191980
224.8901743351626692
218.1163901304438753
210.5299968483171824
206.3411487926092605
203.4369374565142721
202.4905289227228309
203.1534550203456888
204.0824974478086631
203.1403565386656851
202.2342685130052473
201.2733173460042622
204.9118018617518260
207.1331777784263011
206.7584118890746367
202.4681358180445727
199.2674281977373028
194.2458041814314242
190.6226724296637940
187.8367383472705967
183.5353177156546849
178.4787492780698699
175.6625075647042706
173.5280975306168614
176.9492329048953252
183.8681949006483762
190.1433189112754860
197.5324286091090755
200.9297019588615569
192.9694419950537281
225.7600215725022679
228.2342653664424006
221.7573451081432268
213.6794076633555335
208.9730339424321528
205.7311666244214621
204.2796259919767010
200.2260032800508327
200.5528128629022149
204.5874650010528626
205.7826967472046249
206.0879276731694176
210.6207733364189210
210.9865885848113294
210.8733895652553088
206.0147936059630354
201.2938164865759632
197.2759475871821451
190.9907905117405846
187.6822237499493440
183.7218535525382777
179.1129407844981358
174.4504066409662357
170.5498524050354945
172.6935290732472481
180.1210190668429050
187.3337064554657445
194.4274637037069340
198.8023378918866229
190.4252706989147157
229.8795445809891760
230.6752308806107408
224.2761254082947744
215.8436151074837426
212.3892429956269154
208.6610778517972733
205.3317819886783013
198.7806009809268062
199.0013296000655885
205.8305826179956739
207.9125055623312619
211.3095641947844854
214.4031781297356645
216.4896570053382447
216.3301715435793540
212.0741447136947500
204.1605547447015567
200.0397710455507649
193.9916260347624757
189.4470156831087877
185.0394289568682495
180.0851397194166452
173.7467745334627409
170.4217049572137626
172.0154692351574681
176.9500052621547184
185.9299991597265205
192.5708496559460627
198.5914674515607317
190.3817676159338816
232.8106864292053046
232.1380511549301389
224.1768860900937739
218.2548099628541536
215.1160505585886824
212.0539281000661731
206.4478663312091271
200.5678225891867612
191.1948711142719617
224.5789862775521897
227.6650779617957596
159.8987823046244614
225.9395126321592784
234.1353493530318985
228.3329557406824790
220.6495988051256631
212.2473224998114461
201.7620860053941385
193.0775603562270248
187.2641757962518909
181.9807598838136187
180.4367493631405068
175.5275654110879202
173.7412662636343441
174.9001496801887185
178.9561132182519145
117.7779126621336445
157.5718681156835430
189.1077422602449474
196.0764761211779899
234.1884822724845776
232.2098187047261604
223.6974492065179163
217.1769562122870525
213.4509649853596613
211.8503297278163018
205.5295973317670644
218.6349926986579533
234.9986263790096643
232.9843568243979917
231.1926851201037323
153.9318423008705281
231.6264574761821962
240.1360340231483974
232.3620156346888166
223.3183563910408793
213.3798497341769007
204.0586876173344422
197.9768499035263005
189.3603564272304993
184.0197999876415906
179.5820740801225099
178.8137492725990967
176.2901429946241194
173.0016225808002446
216.1202881751802352
230.8951871138684453
231.2533406619496077
223.7799795770596347
167.4759530708478223
215.4482268340221935
214.6238518979133119
209.8261065593660533
206.8127042622535896
207.9977188910730774
208.5173671979984533
239.4950729262869800
239.7828165189028198
231.7108646032256729
224.7966253711852289
226.3318538270322051
146.8635852806185937
171.9443041859353514
225.0851817192290412
232.7112733283353805
225.5846251546357166
215.9952049240738177
208.9396897977197796
202.6520277858237193
194.7849692532944346
188.3307697307798492
125.5075762020716184
212.3054214792736616
174.6173314342553908
216.0837804237978617
228.8834504898397597
228.3506849017240370
222.9638465838119714
218.7637841429377659
155.3790164464095653
220.9619039742021300
219.5644670610993501
171.9900367533575150
185.9024104735908907
207.9781557228404836
238.9759440024316461
223.8226609551070965
265.8120909573994481
191.8137953729464300
223.2506031729655547
232.3909294124214284
155.9437566024293744
239.9497857443994633
251.5132683374631881
245.6267013073663463
232.7288362276911755
220.3531717737810141
212.2950097482543299
203.0340476839328687
194.3089828614253634
186.8251375641054324
180.6283518323939745
172.4181893990606795
138.5532257566085548
205.6722716349612483
220.7470326399378564
223.4292546151846466
221.2451475941099375
119.0071722155843190
164.3556681619178050
224.8887573526120320
224.1550598691163145
217.4462774193960968
217.7785449331163363
202.6619576845192796
233.6463146544571714
264.2547419818845356
265.6331069825466784
251.5311777401260542
231.4042734775980250
130.7978304810921486
243.6074034162358544
250.6903433947034046
245.0941778538717699
233.6116550918443977
223.3159002060022829
214.5812565855184744
207.0787226535761079
198.6368556355309352
193.3983641284070245
188.4256853344853084
185.5622246758418612
225.4879653954448031
226.8250496464366677
134.1177442742470021
233.1626795587986010
244.2651262786425264
122.6841053845669194
243.0568244236157511
196.0575156360982589
87.1880676943022053
83.5265675687638378
100.6881767116086621
113.1044552620845423
119.0558377474235670
121.9639780459324641
123.6257008595383695
121.2123153986804454
164.4098321771498092
106.2458912969452882
178.5087839418678755
128.2906837708917465
117.9053905226660675
116.0834281007834079
117.0685937780542929
117.4975947706268755
117.5971977565295106
119.4405048490833678
120.2507046821885837
120.9574721129790049
120.5337765890208459
120.6173415717090620
120.9304874815788367
120.8356013358551024
120.9829835598258114
174.1064610236792021
149.9352802898308141
127.2096973338970827
119.4874105231904480
135.2866336639519034
68.8723641778711340
78.2114108341534973
91.9433885449090553
100.7851270756859776
102.7733418414067614
105.2920316183737270
107.2451914584322310
81.6726764152214457
84.3598976449973321
99.0524741341880315
207.3083853137909500
106.8912731711407531
99.7985039990605571
102.1729236345003642
104.8307288659745922
106.5703371757730054
109.1668108013803646
113.1586413068686596
114.8579830438967377
115.7382259342315791
117.8220233670319885
119.0408272358152715
119.9533545569692592
123.5479963428073802
157.8931593085008842
103.6945102917950976
90.4361200519880128
202.5737484206036356
115.2827519120791635
139.1032932706040413
66.0674694301184502
71.1979138818836645
86.3499322759944903
95.1803070804201070
100.6405417411385628
102.7333249501867130
88.6852946429729911
91.6748519392337755
100.7436203025274040
220.4845475308220841
114.0927010279933285
111.5610221579162840
110.5843948327350716
104.7676254373124607
98.8647344870791187
96.6267040724639230
99.0300798650754501
103.7435510023418601
106.7673474134320202
109.1157736672901137
114.8279649730263401
119.4009625347782730
122.6787056908402462
142.9936053800295213
92.6357607554806179
88.3636090440261484
89.7577203385187232
212.8504874360963868
89.5980089214070006
152.8411697944232799
69.4569091741102511
74.8294954291334165
87.3701498629074393
96.6927535493349950
98.4877714886036983
104.1269706334678773
95.0479821372749427
97.8804822409400401
100.5856103933217582
220.8642031182554319
112.8321233076191561
106.3728243744280064
95.4749795288084186
87.2129904280825201
83.8099278727257371
87.3856348239539500
94.6980085899433277
102.0521624810865831
103.2666781799041473
107.3635282410147340
112.7345974790080163
119.6820512317195124
134.3221953802940902
92.9529380733707313
93.9923757311231043
98.2363142393058126
209.7328337973766565
86.1180186304818562
70.6942020610257345
134.9283483066096778
77.1197035738072572
79.1242111749335635
88.3531501468083320
93.4913789106826272
100.5423323259659725
85.7613828295100546
85.4561307111158186
88.6725342945296688
208.0901147518084713
112.4937896205442200
112.0217031233708411
100.5662784542348334
84.3124826717628650
81.0025236394175607
80.9467526773530324
85.1235343775937139
90.8134299269073750
94.9070782042049501
98.9952805213404758
105.4437142719180684
114.5304561911321457
124.2382882618080231
104.4974915503128727
86.7540136892438625
199.6679752292106400
136.5579606226120859
118.3422600824932545
104.8974870778753683
96.8195555237443699
128.0688600832509678
88.2228794150653783
85.1915777323288523
90.6755421425634722
95.6445915891488028
100.6902212375691050
106.2218800792682032
110.9866957973882222
113.3104211741973444
110.9733703241706166
109.2511405187120772
106.4241991082175076
97.8781330855607905
94.7641017575966345
89.6152359321496590
86.3172447796173827
90.4481014242756629
93.2975952868468852
100.1097295588127452
105.0558688382936339
111.8687686746661569
118.3008719405152078
125.9856366861068580
133.3953427955403868
140.8815535250474795
144.1590364483245708
140.8220181378577536
128.6699073764731907
113.6858499160978511
105.8920150238266444
132.5449438917226246
90.8844790830527813
86.3000059193918361
92.3063522716475831
101.6833052398219763
108.6005809096740933
111.7826800208329274
109.7907106562241779
107.0061184247982737
104.2603523991695482
102.4595928983952291
100.9432982649141195
100.3915498741509822
96.8671117725798467
96.7761474460945692
98.3279948966172554
100.1032637790460171
104.5102107652907790
108.1177011925026932
112.4710192050073942
118.2462285465489913
124.3182729959597737
130.3384401927914951
135.9037793394331857
142.8804300199215618
144.1296599169430408
139.2595399091225943
128.9474543207184922
116.7330831041868180
106.8986603259097166
126.0511888224124277
91.7667481832752827
88.3752704194446324
97.0575546481887841
105.2884930945850073
108.0347590196431895
108.8129809291298784
103.0085601212642814
100.8898984008123563
97.6995356501401631
96.8267307619486814
96.7686891865958216
99.6156690806830341
104.1122899528523220
106.1365597871406550
107.3237525099952450
111.5744724492135589
115.1236683493661559
117.1582685948937979
121.5409084126923460
125.3600983840516818
128.3288001714845734
133.2784757312152806
136.4126274863553192
139.7882255918519263
140.6544876102844057
135.6634165639217713
127.4148416986672032
119.7232000698438696
110.8186065031655545
116.6111499264328870
90.7590377027407840
92.0515888586321722
100.0021566068744505
101.9685810398168826
104.8067344324265235
100.2693234974090046
98.6417067185847287
98.0687529034285745
98.8759792945823648
94.8972246906570263
92.4486398781470768
100.1631830275879338
108.9923083241358199
113.3590688899939778
116.9537489647877351
118.3584060982468884
120.7837388157589373
122.9108212231705153
126.4231014611939656
128.7890375505330383
128.8629107666609457
129.4162741275957274
131.5255368283479811
132.7142124755683597
130.5623508103755057
127.8287025601374580
121.3727348859556940
116.3122615376877889
112.0382019906826230
106.4353660297026920
91.7879007693879458
92.7427125670737240
95.4975592438020300
97.8667060108389251
97.8610063334849940
97.3572479170909020
99.4938020545168342
103.1830900465776892
101.2918845324903288
97.2242193083288271
96.5192318674441481
102.4367187358820104
111.8698486786657895
116.8529847784408560
117.3145293031640790
115.4138145998879281
116.1867705351973683
118.1740803971911475
121.0933116334127249
121.4582990240059246
118.4693053088064403
115.3963410795650475
114.0486919595038842
115.6431131194335080
118.0436025531268314
116.5162069482946663
114.6593124100888872
111.6078343706038254
112.5168386085875909
94.0433366065488485
93.8140852411719237
95.5910020456606730
96.6328692815492332
99.1349813670122728
100.1598579243300264
104.1162970946252671
106.2548084691595420
106.6462678630566501
105.6607641793939649
102.6024158426349402
104.9970080039980758
111.5349767815899327
117.0191450604235115
117.3674808997564014
112.3518837590456627
108.5807075289158519
104.7883098062985283
106.7529886224147617
109.4658177322783388
109.2342901966429167
105.6486850100713326
102.9221876556309212
104.7557325688545120
109.6700307060211514
116.3734912118955265
117.2828416496721218
118.2676116834610127
117.2481624475088466
119.0547390318432974
87.1895852231245954
102.1643345800514169
110.2202170552191234
113.1228589831559930
113.9573092589439511
115.3266576974269526
115.8867628298523300
114.1808624168271109
111.5202993305141490
109.8837636993437172
109.7636062340910286
113.8992022162897797
119.7411541369627912
123.7330887099626580
120.4932756520539385
115.0839390322330189
110.6968646455497662
107.8586092733166169
108.6745020309403742
110.6230687429179795
110.9134088093236983
108.0899683214026084
105.9512051882154537
108.5149250969270440
115.8065909652097787
122.0159152254696551
126.2965192724815324
125.8042368969443743
127.5148970734896920
128.5564827072367962
96.1421338051356571
121.5628880538042580
131.7510729833616097
132.9362913278347662
131.8005100298241246
130.1343747494994716
127.6192293653610790
122.0034797384766136
117.6816661847746843
116.4055857607418716
115.4056444242249739
117.0523837239921079
120.1105941394296224
122.6756406162083266
121.2709769111069988
117.2248148173070490
114.3633743770449200
112.4597129635909312
115.6118207265364788
118.7126397122479204
118.1093728458590704
115.8142883167720640
114.7768224791255420
116.6317203008451742
121.3807046597855930
125.9100108420294930
129.8312825157138946
131.3945005539870010
135.7229214142779767
137.1194573242383399
118.8968688801330416
146.3673787602737377
152.9099478762032334
151.7297697981443036
146.5440266658461042
140.9932554141308572
136.3056004218457815
130.7734496487943261
124.1738293744946731
117.4627988060036614
117.1327914261529202
114.1271749665471873
125.2851062451191524
126.2048421835154954
126.1374876991697533
124.2747864272428586
120.9278896313518459
120.8350408169041970
124.3205001935781695
126.8552926149969835
129.1632872829246708
127.5718489657218129
128.3481544160874250
129.1512286929533957
132.3269598605548936
140.3004193047615331
157.1117100047649728
162.1516298554346349
161.6703616184327359
135.3338338326869916
154.6174693816699630
166.4241583031977996
164.2983881729449820
158.3774627242650581
151.2980056578176971
144.2758295348037905
142.5474594549410767
140.2444370856038631
132.1708512772359256
127.6332156498077808
122.3143844014325481
119.6111914384882482
133.2251780993839247
136.6350319649540666
135.6253118507198678
133.2596747362289875
131.7444024797724751
131.5350649570711710
132.5780402950120731
136.8698868477703456
139.5448563794520567
138.2754726671379046
139.1435390775515373
137.1009974146974173
122.5341541313748621
134.1468237652339894
146.2266200065396049
151.4515839402837685
127.7136553282131644
141.1896178481288189
174.1589712965820524
177.0979288078741263
171.4148674391365716
162.8580372529137890
154.5249413809910095
147.8186640037490065
149.9171229546673203
145.8388884791144449
138.8679645225385286
137.4896524080846234
132.8763427543526916
122.6150615336540852
142.1300272283923505
149.0333435673724125
148.4659214972366215
145.2361514153290329
141.8949839548168086
140.8941378863520129
140.0624564633923228
143.4840504604209457
144.7012574826316040
143.9892744133758242
141.0510388935652202
139.0296326892155037
148.6962869002193770
150.8739669460978234
156.0726971183652552
159.0385396753745511
125.7673133715288714
147.8872598811181831
184.2722201532647830
184.1984017550524584
177.3795773283392236
167.0092200060801702
161.6749782363617669
156.4651113921457295
152.1859800415899997
172.2970494088230282
179.3664196484998286
129.4703325250350190
143.3446457532184866
145.7295224146168948
147.3860399161310681
148.8877996441163418
150.3121550506878918
146.9936190921244759
149.2448475126039966
149.8127596562291330
149.8537825012637086
150.6539282490589358
151.5102160558428182
145.8176225791512479
140.1287983375097497
146.5387189219703146
199.5167208673571793
203.4629240090766302
200.2230669620379615
127.1604984041668729
159.4298676622504729
171.8709958855352227
183.7017126595685568
183.4594038674747480
179.3802211316778425
174.4118353597150133
171.1977911421250838
171.3509131375826655
167.6661750208694457
163.4330553532810200
164.5206316466368150
162.7731945595153036
159.4302460675063742
155.3905828703244083
160.4802772085051572
161.2597756224503769
160.7779702118611453
163.2025207618169702
163.8776936332126866
162.7750573558031988
162.2190244385130313
158.8472954035065641
154.7847437871198508
145.5100614073102747
141.8373999280150315
144.3919428602875143
146.8306005067063609
179.7716634155010240
141.7937072658279476
156.1824294676243881
167.5322256661208371
172.2210112856799924
188.8046585785419325
191.7935389242473150
190.3123483225671748
188.9197029006151638
188.5057878343922368
187.3394854305103081
185.8357049324655463
183.8479153891326519
182.5055165598425901
180.3209986388178550
177.2133058362096278
174.3964494960930267
166.7044733910780110
162.9714760893247103
163.9220431003695353
166.1472533356946713
167.3905890763440141
167.4571739208433883
166.2836531897688417
163.1289914151809910
161.9413499552995006
159.4234025513388815
160.4162049041511580
162.3372071162378631
163.0098734333147661
164.5870962528171049
167.2008955688753247
172.9690494582432336
180.0001233889250329
183.3370078778576158
202.0085919555863256
201.4871978048053336
200.4239256169508110
198.6862218220682621
195.6536490205800192
194.5069721608477664
191.3882684996980004
191.3952600112792766
191.0328675468437041
192.5105431630871067
193.6210489140278810
190.1327476150267728
182.1905145216709911
177.4161661111117496
180.4549501279755646
182.5519838189884467
184.7308184465919112
181.6559983862232173
180.3596271471147077
177.6251538342689003
175.3669516067648715
174.9047697515296704
177.0428157013006398
177.7199585384499017
175.0500188391719689
174.5973090814429725
178.7775874413246697
185.7121031065281329
192.9420961824001211
195.3562385453570585
207.3384530369119716
210.0410062311519823
209.0329590486593929
208.0897183989751227
204.3093780646502466
201.7279915808872772
199.2247340417428916
198.7984532066913061
200.2407338647145423
202.8050206230923891
202.3797202875184098
197.0611991034656967
190.1350620140658521
188.8311477422056441
192.3920377043328074
193.8607135311999059
193.8370648344917129
193.9982867857926578
191.9743576627153629
189.4770191177416621
185.9803072156826147
184.3233634795646481
182.0627233429700595
180.0601430967266197
177.9613717933106614
179.0496618720698621
182.6906004044366227
189.6524852332604212
197.3449297420550295
201.4559450171874460
205.6566078362670282
215.7358212416229435
215.0967967479782885
212.8249164952870274
207.6528903398873069
204.7460822368134075
202.3604722270374623
201.1552526628066175
204.6295334089693654
206.8047331060518559
205.0804384093336239
199.7204881541098018
195.7432212587058871
194.6728640668695789
197.3393317972600869
200.4823043242958249
200.0720920490245760
197.6766424835748239
195.7409616095233105
192.5437757708625099
188.9116716979483499
185.3682285038818804
181.5530333718471923
178.2776534005685392
174.9866371001162975
177.8494867184342070
181.8200381715592755
189.2974136572466364
197.0126905153890391
202.3796890765636363
199.1021958258598374
217.9336719636103226
218.9435697224917590
213.7593314078663127
208.7647895485573031
205.2759261013631260
204.2829358436374037
203.1304594174870317
202.0868565974177216
203.6022093275464044
203.1411884879153433
201.4829560969449176
200.0761297604148865
201.2125638907169218
203.2221144666155226
206.9613526775293053
205.4870679873676522
202.1581740038675434
198.2490367138409795
194.7782098580096317
190.2080305714008546
187.0155927316504574
181.9941708002790506
176.6258313926026062
173.3960632808500861
172.7431847462139558
177.7507631515907747
186.0318384793171731
193.3142116734118758
201.0346290234616617
192.7281384975084961
222.5651818961112554
221.3090826240735964
214.9106162977520569
209.7950729234964911
206.8722578397140524
204.8953854864578261
204.5917829472091398
201.0895074527874158
202.2631674882538277
203.4222152302817790
202.9691994123103882
202.0737463401334537
204.5553133949735525
209.6148324702055277
209.1297287450721001
210.9755261138362812
204.9864518563273066
201.3597762902716966
196.5508733131589736
193.9839558324862026
187.5119035993537295
181.3016642804219316
175.7727249782311105
171.3916371167638601
169.2585685441593171
171.9532680334729662
180.3209125372268886
190.4898993258876203
199.1100441013733189
191.9583988444298939
225.0367572401683560
224.9392357118808832
217.8490222317311122
212.4037872667917100
209.6048585327217211
208.6425931569650913
204.0068250724326049
201.4263161174043262
202.3384355976422171
203.9394926225296274
205.1411460182947337
203.1466364447931028
210.2198458262953409
213.2925187568874037
217.8184969944001068
215.9120579814913583
209.5670590301712934
203.6153469901211963
199.6933968605927419
195.0238771329666747
188.5737206374220136
183.3647985735370014
177.4184449990624159
171.2351092816569462
167.4431390371196926
170.2415508553144150
176.7259018824376540
188.6914581412176233
197.3665201948329866
193.6735064903481316
228.5984246645588485
226.3375285196390507
219.5092210471723320
212.7056412899710267
212.0474126588375157
208.8893233201784483
207.0656173735377195
204.9989095363750380
203.7037349036148726
193.1272656477306668
178.5279443489703795
210.7524086449297442
218.6736019416384238
219.3886786239150126
223.9806835428620104
220.6762300089069129
214.7277214832890309
207.7603800516026524
201.3413063650775712
194.4391652991681383
188.1252008548785284
183.7308892232775861
178.2796687793641297
173.3369347580049293
169.2378897300657741
168.9988537329464862
178.6437198302700722
128.2788330754591755
163.5939218035332487
194.8006463704894600
232.5226382597864472
229.1976272916193125
220.9268615695391418
216.0899239346938430
212.9528776060528230
211.4887741341925675
194.3634055309452719
237.5037196567112403
242.2344387555291974
238.1511278877926827
143.3854653436701767
225.3888683771937735
232.9568339568801889
230.6757406681957150
225.9563197778568906
219.5065326781444526
211.2131574914938028
205.8463883897667870
200.2924240399252938
193.2284647957753236
189.2030193906250020
185.3550354718942970
179.6436871621904743
150.2733566638475509
199.0253965351805050
213.8337325903789292
216.6712390357777736
98.6057981911413037
214.3486744271341706
181.9677817973237097
232.9519712201853281
235.3089247042666443
226.1462667320291189
220.0636781938133311
217.4672624858218626
192.4938503782687462
217.8482297517301731
242.6528716528304983
265.1913135256194209
198.2341324173980297
131.2549364690193556
230.6407848907248308
245.0440560658955462
240.5699379344879389
232.2607456105537551
224.9268487149923317
216.7914861156816926
211.1425751105346365
203.8824830007181674
195.9047373502064033
189.9351021577195979
184.1774186893587171
181.0514633521017913
230.2375694927438303
244.4341437833502937
128.2216583330348953
190.1307642593290268
95.5879348310389645
217.3653618490804433
186.1500504056416503
233.6511013175230005
231.4226193203423634
223.3587547740776245
218.9062460182301777
221.5500334014172950
230.4918134052131791
264.9798551970263816
273.9956133274262697
265.0130222494513532
127.0017971384013720
222.5705996462964720
237.0015463836284368
237.0941869585838333
231.5462786389135204
228.0598026613294280
223.7615672573377594
217.9827589801500380
210.9355057811071390
205.0744357566629503
197.9975797630159775
191.4019962940086543
185.4140847766901743
236.3412326894163868
244.2253680885860376
198.8640874448771001
232.2016887256026223
208.0555610336064092
107.0950842554162534
231.4149477800452246
176.3945749982375162
229.4574021946617961
228.1155370220159568
220.5387354275938492
220.7708377141106837
240.0138394977849998
261.5476335104755208
263.9373275167262136
256.3128028812376442
126.9114166773687487
217.9542993893209086
226.8612667913754706
228.8845617811157069
231.1661987317323508
230.3809677973829366
226.9081656290764215
224.1571574454702329
216.2842291689638614
211.2511672608385993
205.0222808486138604
199.1446013226361629
192.6982092195109431
187.1233051637216249
239.1942200435630639
232.0495278824510592
239.3706926931219243
95.0625292752468454
195.3656018471307334
216.7171061966789125
221.3507462159663248
156.1275239671503527
92.6500657181825318
93.2745001896590651
108.2980287058514506
118.7145292207878953
123.1268663833147770
122.3360237912779667
119.1651025907044641
118.1951253122917933
118.7959285984077553
119.5636588361338255
120.2436172103770105
118.8667267503346920
121.5781074247327069
121.2408720930126123
121.4218576619265946
119.9855413705776357
119.0802955143374504
118.4927455881884839
116.3134443387028796
117.4199800813362629
118.4198455078985575
119.0296639979555948
120.2497479794221960
119.8311095450751225
120.0189312808282125
120.0616658565758286
120.2441823602540723
119.2679459932899277
117.9998571945939716
128.5025753832727560
70.8288444678150313
79.6382590770270724
93.2034658305681205
102.9151836741315833
105.0958899327134475
106.5424060845958110
152.7975973173336399
141.4115674143031072
126.7063810913921316
122.1805251367882192
121.2084984285332325
121.7921402703005924
124.6374629750623910
121.0022495940456082
116.6536126045263444
110.4150328837799577
106.4429704742225482
105.9698664211606456
108.7652470827694913
110.1280038660828495
114.4292411323565659
117.0738648821463812
120.3022450812749895
122.2767300649962294
125.4108846428338921
126.6141641242699336
124.7600488167175712
121.5478371237550448
117.1838845440695422
125.4356187873976296
65.7840351991061567
75.9688781378203544
92.0003634774080297
100.2549945396212649
100.3706344725633528
102.4264439919306824
107.4620550326595492
115.4606254598370754
117.8204709108958070
117.0594961308460427
120.6076526786407612
126.0127153722138047
124.1404263916373338
113.6954997891750594
103.6790739634570997
95.6397393217856404
95.7974648488506091
99.0545189082241677
101.4627596612380245
104.8713829665551600
110.5952582970086269
116.7932044783413943
122.7395300077619851
125.5289055033062482
142.2875450530582668
170.9925166377123560
142.4213033553882042
125.7269056187187743
113.3381468351697094
123.5721711798770457
74.1016992213733374
81.0039260720446919
91.2145546721034179
96.5923151733351517
98.6318264060144685
100.8986682140944708
110.3665870172138739
117.1532511609129585
113.7069671759436460
115.1544968648548917
121.3181299322708924
124.0333885579419189
174.9368518516985773
145.1419634278438195
94.7393081066195322
83.9207767892470997
86.0286491207900781
93.4538127307947946
96.0403655910140088
102.5787580037019069
109.3981184391404469
185.1199747290717994
115.7834540484627155
184.6576710542134094
136.0945027864632095
135.1364789687992243
131.1660262274491231
116.2848928255413767
104.7830343589674129
129.7083366052364681
85.1548260939103443
215.1190686814284163
117.0710940484399600
86.5799811662887464
137.9585752017216578
110.9948642455647985
110.8007390381449397
110.8696896849305631
106.7989804611786582
109.2421650849698267
109.4892669233895219
191.8640356639951392
100.9711233499404841
206.6881663143219612
160.2390352799936579
85.2760139554331147
75.3039037241858438
75.9700619473507999
88.6303648697802231
99.9879256291747254
126.3687023635845748
82.2555371806371909
206.4046975763412206
190.8107947792733228
131.8099937905269599
124.0588541922359127
117.0809156984092709
103.6646402903553792
98.7596622251428613
140.9827202370773875
90.1031506256199890
78.4671406038310408
67.2368013222002503
110.1640060002175971
104.2017844483399074
108.0241084403733254
111.4154452882450812
108.0354988647158052
107.1349611293850899
105.0861319798536329
105.0034428720303481
138.1849272212338064
126.0197746186476309
96.8345691401637509
87.9969054447861510
84.0067828215910453
88.8543869827304889
96.4949659683904173
102.3220568993401258
108.2215725196266760
114.4397815254021964
133.1948237413214144
154.3376512107594465
142.1148423853618681
141.8825656820985444
143.5672492875992532
132.9723449662237442
121.1558290811490224
109.4360852183721420
138.3415682201764128
94.0244248264540943
87.6811684608983910
93.0218582093398538
100.5951115223020338
107.2827025340098146
110.4556679523279996
109.6904643263827666
108.6531720435110913
105.6149375833018809
104.9603254399745822
102.4190420585160552
103.0154362622350561
101.8092513174380542
98.4456632603888409
97.6079377600483298
95.3068612729122009
100.5805034958352167
105.0904393421886311
110.7930095471576095
