0.000000000000000
10.000000000000000
10.000000000000000
10.000000000000000
10.000000000000000
10.000000000000000
10.000000000000000
10.000000000000000
10.000000000000000
10.000000000000000
10.000000000000000
10.000000000000000
10.000000000000000
10.000000000000000
10.000000000000000
10.000000000000000
10.000000000000000
10.000000000000000
10.000000000000000
10.000000000000000
10.000000000000000
10.000000000000000
10.000000000000000
10.000000000000000
10.000000000000000
10.000000000000000
10.000000000000000
10.000000000000000
10.000000000000000
10.000000000000000
10.000000000000000
10.000000000000000
10.000000000000000
10.000000000000000
10.000000000000000
10.000000000000000
10.000000000000000
10.000000000000000
10.000000000000000
10.000000000000000
10.000000000000000
10.000000000000000
10.000000000000000
10.000000000000000
10.000000000000000
10.000000000000000
10.000000000000000
10.000000000000000
10.000000000000000
10.000000000000000
10.000000000000000
10.000000000000000
10.000000000000000
10.000000000000000
10.000000000000000
10.000000000000000
10.000000000000000
10.000000000000000
10.000000000000000
10.000000000000000
10.000000000000000
10.000000000000000
10.000000000000000
10.000000000000000
10.000000000000000
10.000000000000000
10.000000000000000
10.000000000000000
10.000000000000000
10.000000000000000
10.000000000000000
10.000000000000000
10.000000000000000
10.000000000000000
10.000000000000000
10.000000000000000
10.000000000000000
10.000000000000000
10.000000000000000
10.000000000000000
10.000000000000000
10.000000000000000
10.000000000000000
10.000000000000000
10.000000000000000
10.000000000000000
10.000000000000000
10.000000000000000
10.000000000000000
10.000000000000000
10.000000000000000
10.000000000000000
10.000000000000000
10.000000000000000
10.000000000000000
10.000000000000000
10.000000000000000
10.000000000000000
10.000000000000000
10.000000000000000
10.000000000000000
10.000000000000000
10.000000000000000
10.000000000000000
10.000000000000000
10.000000000000000
10.000000000000000
10.000000000000000
10.000000000000000
10.000000000000000
10.000000000000000
10.000000000000000
10.000000000000000
10.000000000000000
10.000000000000000
10.000000000000000
10.000000000000000
10.000000000000000
10.000000000000000
10.000000000000000
10.000000000000000
10.000000000000000
10.000000000000000
10.000000000000000
10.000000000000000
10.000000000000000
10.000000000000000
10.000000000000000
10.000000000000000
10.000000000000000
10.000000000000000
10.000000000000000
10.000000000000000
10.000000000000000
10.000000000000000
10.000000000000000
10.000000000000000
10.000000000000000
10.000000000000000
10.000000000000000
10.000000000000000
10.000000000000000
10.000000000000000
10.000000000000000
10.000000000000000
10.000000000000000
10.000000000000000
10.000000000000000
10.000000000000000
10.000000000000000
10.000000000000000
10.000000000000000
10.000000000000000
10.000000000000000
10.000000000000000
10.000000000000000
10.000000000000000
10.000000000000000
10.000000000000000
10.000000000000000
10.000000000000000
10.000000000000000
10.000000000000000
10.000000000000000
10.000000000000000
10.000000000000000
10.000000000000000
10.000000000000000
10.000000000000000
10.000000000000000
10.000000000000000
10.000000000000000
10.000000000000000
10.000000000000000
10.000000000000000
10.000000000000000
10.000000000000000
10.000000000000000
10.000000000000000
10.000000000000000
10.000000000000000
10.000000000000000
10.000000000000000
10.000000000000000
10.000000000000000
10.000000000000000
10.000000000000000
10.000000000000000
10.000000000000000
10.000000000000000
10.000000000000000
10.000000000000000
10.000000000000000
10.000000000000000
10.000000000000000
10.000000000000000
10.000000000000000
10.000000000000000
10.000000000000000
10.000000000000000
10.000000000000000
10.000000000000000
10.000000000000000
10.000000000000000
10.000000000000000
10.000000000000000
10.000000000000000
10.000000000000000
10.000000000000000
10.000000000000000
10.000000000000000
10.000000000000000
10.000000000000000
10.000000000000000
10.000000000000000
10.000000000000000
10.000000000000000
10.000000000000000
10.000000000000000
10.000000000000000
10.000000000000000
10.000000000000000
10.000000000000000
10.000000000000000
10.000000000000000
10.000000000000000
10.000000000000000
10.000000000000000
10.000000000000000
10.000000000000000
10.000000000000000
10.000000000000000
10.000000000000000
10.000000000000000
10.000000000000000
10.000000000000000
10.000000000000000
10.000000000000000
10.000000000000000
10.000000000000000
10.000000000000000
10.000000000000000
10.000000000000000
10.000000000000000
10.000000000000000
10.000000000000000
10.000000000000000
10.000000000000000
10.000000000000000
10.000000000000000
10.000000000000000
10.000000000000000
10.000000000000000
10.000000000000000
10.000000000000000
10.000000000000000
10.000000000000000
10.000000000000000
10.000000000000000
10.000000000000000
10.000000000000000
10.000000000000000
10.000000000000000
10.000000000000000
10.000000000000000
10.000000000000000
10.000000000000000
10.000000000000000
10.000000000000000
10.000000000000000
10.000000000000000
10.000000000000000
10.000000000000000
10.000000000000000
10.000000000000000
10.000000000000000
10.000000000000000
10.000000000000000
10.000000000000000
10.000000000000000
10.000000000000000
10.000000000000000
10.000000000000000
10.000000000000000
10.000000000000000
10.000000000000000
10.000000000000000
10.000000000000000
10.000000000000000
10.000000000000000
10.000000000000000
10.000000000000000
10.000000000000000
10.000000000000000
10.000000000000000
10.000000000000000
10.000000000000000
10.000000000000000
10.000000000000000
10.000000000000000
10.000000000000000
10.000000000000000
10.000000000000000
10.000000000000000
10.000000000000000
10.000000000000000
10.000000000000000
10.000000000000000
10.000000000000000
10.000000000000000
10.000000000000000
10.000000000000000
10.000000000000000
10.000000000000000
10.000000000000000
10.000000000000000
10.000000000000000
10.000000000000000
10.000000000000000
10.000000000000000
10.000000000000000
10.000000000000000
10.000000000000000
10.000000000000000
10.000000000000000
10.000000000000000
10.000000000000000
10.000000000000000
10.000000000000000
10.000000000000000
10.000000000000000
10.000000000000000
10.000000000000000
10.000000000000000
10.000000000000000
10.000000000000000
10.000000000000000
10.000000000000000
10.000000000000000
10.000000000000000
10.000000000000000
10.000000000000000
10.000000000000000
10.000000000000000
10.000000000000000
10.000000000000000
10.000000000000000
10.000000000000000
10.000000000000000
10.000000000000000
10.000000000000000
10.000000000000000
10.000000000000000
10.000000000000000
10.000000000000000
10.000000000000000
10.000000000000000
10.000000000000000
10.000000000000000
10.000000000000000
10.000000000000000
10.000000000000000
10.000000000000000
10.000000000000000
10.000000000000000
10.000000000000000
10.000000000000000
10.000000000000000
10.000000000000000
10.000000000000000
10.000000000000000
10.000000000000000
10.000000000000000
10.000000000000000
10.000000000000000
10.000000000000000
10.000000000000000
10.000000000000000
10.000000000000000
10.000000000000000
10.000000000000000
10.000000000000000
10.000000000000000
10.000000000000000
10.000000000000000
10.000000000000000
10.000000000000000
10.000000000000000
10.000000000000000
10.000000000000000
10.000000000000000
10.000000000000000
10.000000000000000
10.000000000000000
10.000000000000000
10.000000000000000
10.000000000000000
10.000000000000000
10.000000000000000
10.000000000000000
10.000000000000000
10.000000000000000
10.000000000000000
10.000000000000000
10.000000000000000
10.000000000000000
10.000000000000000
10.000000000000000
10.000000000000000
10.000000000000000
10.000000000000000
10.000000000000000
10.000000000000000
10.000000000000000
10.000000000000000
10.000000000000000
10.000000000000000
10.000000000000000
10.000000000000000
10.000000000000000
10.000000000000000
10.000000000000000
10.000000000000000
10.000000000000000
10.000000000000000
10.000000000000000
10.000000000000000
10.000000000000000
10.000000000000000
10.000000000000000
10.000000000000000
10.000000000000000
10.000000000000000
10.000000000000000
10.000000000000000
10.000000000000000
10.000000000000000
10.000000000000000
10.000000000000000
10.000000000000000
10.000000000000000
10.000000000000000
10.000000000000000
10.000000000000000
10.000000000000000
10.000000000000000
10.000000000000000
10.000000000000000
10.000000000000000
10.000000000000000
10.000000000000000
10.000000000000000
10.000000000000000
10.000000000000000
10.000000000000000
10.000000000000000
10.000000000000000
10.000000000000000
10.000000000000000
10.000000000000000
10.000000000000000
10.000000000000000
10.000000000000000
10.000000000000000
10.000000000000000
10.000000000000000
10.000000000000000
10.000000000000000
10.000000000000000
10.000000000000000
10.000000000000000
10.000000000000000
10.000000000000000
10.000000000000000
10.000000000000000
10.000000000000000
10.000000000000000
10.000000000000000
10.000000000000000
10.000000000000000
10.000000000000000
10.000000000000000
10.000000000000000
10.000000000000000
10.000000000000000
10.000000000000000
10.000000000000000
10.000000000000000
10.000000000000000
10.000000000000000
10.000000000000000
10.000000000000000
10.000000000000000
10.000000000000000
10.000000000000000
10.000000000000000
10.000000000000000
10.000000000000000
10.000000000000000
10.000000000000000
10.000000000000000
10.000000000000000
10.000000000000000
10.000000000000000
10.000000000000000
10.000000000000000
10.000000000000000
10.000000000000000
10.000000000000000
10.000000000000000
10.000000000000000
10.000000000000000
10.000000000000000
10.000000000000000
10.000000000000000
10.000000000000000
10.000000000000000
10.000000000000000
10.000000000000000
10.000000000000000
10.000000000000000
10.000000000000000
10.000000000000000
10.000000000000000
10.000000000000000
10.000000000000000
10.000000000000000
10.000000000000000
10.000000000000000
10.000000000000000
10.000000000000000
10.000000000000000
10.000000000000000
10.000000000000000
10.000000000000000
10.000000000000000
10.000000000000000
10.000000000000000
10.000000000000000
10.000000000000000
10.000000000000000
10.000000000000000
10.000000000000000
10.000000000000000
10.000000000000000
10.000000000000000
10.000000000000000
10.000000000000000
10.000000000000000
10.000000000000000
10.000000000000000
10.000000000000000
10.000000000000000
10.000000000000000
10.000000000000000
10.000000000000000
10.000000000000000
10.000000000000000
10.000000000000000
10.000000000000000
10.000000000000000
10.000000000000000
10.000000000000000
10.000000000000000
10.000000000000000
10.000000000000000
10.000000000000000
10.000000000000000
10.000000000000000
10.000000000000000
10.000000000000000
10.000000000000000
10.000000000000000
10.000000000000000
10.000000000000000
10.000000000000000
10.000000000000000
10.000000000000000
10.000000000000000
10.000000000000000
10.000000000000000
10.000000000000000
10.000000000000000
10.000000000000000
10.000000000000000
10.000000000000000
10.000000000000000
10.000000000000000
10.000000000000000
10.000000000000000
10.000000000000000
10.000000000000000
10.000000000000000
10.000000000000000
10.000000000000000
10.000000000000000
10.000000000000000
10.000000000000000
10.000000000000000
10.000000000000000
10.000000000000000
10.000000000000000
10.000000000000000
10.000000000000000
10.000000000000000
10.000000000000000
10.000000000000000
10.000000000000000
10.000000000000000
10.000000000000000
10.000000000000000
10.000000000000000
10.000000000000000
10.000000000000000
10.000000000000000
10.000000000000000
10.000000000000000
10.000000000000000
10.000000000000000
10.000000000000000
10.000000000000000
10.000000000000000
10.000000000000000
10.000000000000000
10.000000000000000
10.000000000000000
10.000000000000000
10.000000000000000
10.000000000000000
10.000000000000000
10.000000000000000
10.000000000000000
10.000000000000000
10.000000000000000
10.000000000000000
10.000000000000000
10.000000000000000
10.000000000000000
10.000000000000000
10.000000000000000
10.000000000000000
10.000000000000000
10.000000000000000
10.000000000000000
10.000000000000000
10.000000000000000
10.000000000000000
10.000000000000000
10.000000000000000
10.000000000000000
10.000000000000000
10.000000000000000
10.000000000000000
10.000000000000000
10.000000000000000
10.000000000000000
10.000000000000000
10.000000000000000
10.000000000000000
10.000000000000000
10.000000000000000
10.000000000000000
10.000000000000000
10.000000000000000
10.000000000000000
10.000000000000000
10.000000000000000
10.000000000000000
10.000000000000000
10.000000000000000
10.000000000000000
10.000000000000000
10.000000000000000
10.000000000000000
10.000000000000000
10.000000000000000
10.000000000000000
10.000000000000000
10.000000000000000
10.000000000000000
10.000000000000000
10.000000000000000
10.000000000000000
10.000000000000000
10.000000000000000
10.000000000000000
10.000000000000000
10.000000000000000
10.000000000000000
10.000000000000000
10.000000000000000
10.000000000000000
10.000000000000000
10.000000000000000
10.000000000000000
10.000000000000000
10.000000000000000
10.000000000000000
10.000000000000000
10.000000000000000
10.000000000000000
10.000000000000000
10.000000000000000
10.000000000000000
10.000000000000000
10.000000000000000
10.000000000000000
10.000000000000000
10.000000000000000
10.000000000000000
10.000000000000000
10.000000000000000
10.000000000000000
10.000000000000000
10.000000000000000
10.000000000000000
10.000000000000000
10.000000000000000
10.000000000000000
10.000000000000000
10.000000000000000
10.000000000000000
10.000000000000000
10.000000000000000
10.000000000000000
10.000000000000000
10.000000000000000
10.000000000000000
10.000000000000000
10.000000000000000
10.000000000000000
10.000000000000000
10.000000000000000
10.000000000000000
10.000000000000000
10.000000000000000
10.000000000000000
10.000000000000000
10.000000000000000
10.000000000000000
10.000000000000000
10.000000000000000
10.000000000000000
10.000000000000000
10.000000000000000
10.000000000000000
10.000000000000000
10.000000000000000
10.000000000000000
10.000000000000000
10.000000000000000
10.000000000000000
10.000000000000000
10.000000000000000
10.000000000000000
10.000000000000000
10.000000000000000
10.000000000000000
10.000000000000000
10.000000000000000
10.000000000000000
10.000000000000000
10.000000000000000
10.000000000000000
10.000000000000000
10.000000000000000
10.000000000000000
10.000000000000000
10.000000000000000
10.000000000000000
10.000000000000000
10.000000000000000
10.000000000000000
10.000000000000000
10.000000000000000
10.000000000000000
10.000000000000000
10.000000000000000
10.000000000000000
10.000000000000000
10.000000000000000
10.000000000000000
10.000000000000000
10.000000000000000
10.000000000000000
10.000000000000000
10.000000000000000
10.000000000000000
10.000000000000000
10.000000000000000
10.000000000000000
10.000000000000000
10.000000000000000
10.000000000000000
10.000000000000000
10.000000000000000
10.000000000000000
10.000000000000000
10.000000000000000
10.000000000000000
10.000000000000000
10.000000000000000
10.000000000000000
10.000000000000000
10.000000000000000
10.000000000000000
10.000000000000000
10.000000000000000
10.000000000000000
10.000000000000000
10.000000000000000
10.000000000000000
10.000000000000000
10.000000000000000
10.000000000000000
10.000000000000000
10.000000000000000
10.000000000000000
10.000000000000000
10.000000000000000
10.000000000000000
10.000000000000000
10.000000000000000
10.000000000000000
10.000000000000000
10.000000000000000
10.000000000000000
10.000000000000000
10.000000000000000
10.000000000000000
10.000000000000000
10.000000000000000
10.000000000000000
10.000000000000000
10.000000000000000
10.000000000000000
10.000000000000000
10.000000000000000
10.000000000000000
10.000000000000000
10.000000000000000
10.000000000000000
10.000000000000000
10.000000000000000
10.000000000000000
10.000000000000000
10.000000000000000
10.000000000000000
10.000000000000000
10.000000000000000
10.000000000000000
10.000000000000000
10.000000000000000
10.000000000000000
10.000000000000000
10.000000000000000
10.000000000000000
10.000000000000000
10.000000000000000
10.000000000000000
10.000000000000000
10.000000000000000
10.000000000000000
10.000000000000000
10.000000000000000
10.000000000000000
10.000000000000000
10.000000000000000
10.000000000000000
10.000000000000000
10.000000000000000
10.000000000000000
10.000000000000000
10.000000000000000
10.000000000000000
10.000000000000000
10.000000000000000
10.000000000000000
10.000000000000000
10.000000000000000
10.000000000000000
10.000000000000000
10.000000000000000
10.000000000000000
10.000000000000000
10.000000000000000
10.000000000000000
10.000000000000000
10.000000000000000
10.000000000000000
10.000000000000000
10.000000000000000
10.000000000000000
10.000000000000000
10.000000000000000
10.000000000000000
10.000000000000000
10.000000000000000
10.000000000000000
10.000000000000000
10.000000000000000
10.368415687587689
10.529053442577075
10.657048613760193
10.754098681823020
10.805432065664521
10.774089351553352
10.773490489905432
10.882789416266244
11.053789024905653
11.031312402196413
11.015461907612107
11.023103887829857
11.110543735080453
11.238992997746150
11.290113028422475
11.258609612580342
11.281120320786204
11.458887620275373
11.510528315127209
11.521487514340485
11.591545245550938
11.634662398279291
11.666939859058678
11.677418094547692
11.672613775275909
11.637375064398725
11.733022425409319
11.822993911154311
11.819596098514866
10.680364063875183
12.318531271302898
12.296789117091429
12.215418397064365
12.195748699506892
12.092221612884423
11.949530260615930
12.015321540530291
12.207167108407202
12.242263534409904
12.157164402376656
12.074856173699525
12.087087035395959
12.175124177708748
12.296521638317367
12.259815004902507
12.246477562966446
12.322606885704593
12.460292262141767
12.490191405684021
12.529029327057014
12.532318626583809
12.545991150264078
12.568390707604218
12.560373730129921
12.487238229209346
12.544692289368324
12.620633367789715
12.658375590953732
12.639215651407671
10.852164952635752
13.224917526495524
13.011871948052462
12.857021310767269
12.819791555265455
12.686580396055241
12.658498772094068
12.830697963696075
12.973415134582487
13.043738562210788
12.973568425590569
12.885198388943641
12.917728993856034
12.976290938459819
12.998177857711410
12.978823321752282
12.962077286363975
13.021627289207304
13.095264536565153
13.118080913564974
13.123418252799800
13.149339540830949
13.132813914104149
13.107617430169949
13.037762893503979
13.080189454668815
13.150369637265388
13.194476388416774
13.233053751160657
13.269022749165615
10.922996553407755
13.580532092010090
13.335719996700846
13.190540247427514
13.102677876040719
13.051190618793509
13.109708464519697
13.386471236620341
13.558905609496115
13.671458232132423
13.623589884523836
13.615358717002387
13.680745397708682
13.765945675286636
13.697242191596875
13.569935071695964
13.485920493003924
13.523710509664753
13.512948527906936
13.462747507556363
13.501916035533760
13.454682611115309
13.441730444164548
13.413614727708843
13.456592984377863
13.497749990227110
13.584926771904369
13.616767374196872
13.663381270954497
13.720304211194199
9.015408853832920
14.007245144627936
13.762964084845741
13.327274529810484
13.198696571193496
13.382995322474919
13.593229514590998
13.787464395805017
14.062748193871531
14.214090616108194
14.274989332149952
14.204712177119669
14.199527926072722
14.215075833239291
14.242109782202744
14.110137792757545
13.936693724464828
13.728376310477262
13.666241262572591
13.639749451644914
13.626175589371304
13.502683921564572
13.469818071516503
13.538391663059231
13.674818255125315
13.792289557693984
13.937687270886043
13.990699301196603
14.055954380829570
14.102903053730106
11.742120745859756
13.890685965346012
13.514859470817848
12.970886313476941
12.964807452222685
13.271751646659485
13.668022690926865
14.025147273780295
14.176168791283219
14.826746442887989
15.010372111589396
14.793966819059611
14.667182958069583
14.498107582142232
14.471709442307759
14.411918301274230
14.176154741235182
13.775036033227023
13.577423354036677
13.663646189276616
13.629332566988257
13.448581043747133
13.462028873896681
13.637642516768862
13.785708792436342
13.983910218768031
14.042895416918590
14.013444375264855
14.218396485667583
14.399235224599668
12.037164963724807
13.750818887458102
13.263310437669887
13.091770828168587
13.143828822412472
13.580937113372654
14.089590851435956
14.149556206393120
14.264815677864924
15.061977542435731
15.428731470609797
15.103244736118178
14.926647064562072
14.838208117325069
14.730785366459980
14.552480798570684
14.280373316599881
13.808250431470267
13.582363831169614
13.614715711069808
13.480601455922667
13.406236044301703
13.563428171360231
13.743804298440754
13.891383647309013
14.098305249572851
14.089351466374341
14.060217641049729
14.287084162027934
14.388165766083326
12.180036027836140
13.799526521165062
13.518214888791354
13.483291419004226
13.725585291232660
14.144761827239318
14.332067290387151
14.245127726639733
14.471566453398438
15.093505431339697
15.314516041023571
15.223697107967261
15.145161049625610
15.057392412185429
14.939088914854530
14.660844555523791
14.321361184345431
13.967735504556490
13.900460843113917
13.702533490331803
13.509885618151724
13.438806062420056
13.614569487097846
13.852526414908676
14.099057847961273
14.113121900463426
14.113638591655803
14.178476288630844
14.323740371943702
14.307524767884209
12.532906372893958
14.295161776145434
14.260237253789271
14.075623757312908
14.256016905105579
14.511445471369743
14.498754835490486
14.540825378387737
14.699910241513932
14.959773315322325
15.095866297870206
15.079795689519983
15.066933566776340
15.012875716573138
14.886642266060271
14.727481196258942
14.475735172745001
14.294844883229516
14.147706477251308
13.943962539442895
13.826092867465380
13.854694113646975
13.959529683741454
13.934808157686060
14.028576305800108
14.045082332060678
14.146184767286227
14.333578231816315
14.360040409746389
14.337900210604689
13.360801013379458
14.916436160057309
14.852316050328671
14.688584729268442
14.685429781724391
14.781435845209296
14.840980121844527
14.773707456301644
14.848785794418996
14.936546297031416
14.971784882189471
14.865743098412235
14.744404734917799
14.729894859070178
14.723297233182821
14.706693038387462
14.582119400576293
14.445055845600072
14.412311509487008
14.395299903506801
14.322477105900337
14.371821488098592
14.320075197805822
14.225315835688182
14.096979625372912
14.075221759625519
14.095548430101907
14.132690949198114
14.268280587709292
14.374501446574753
14.190545056926950
15.222311591494250
15.190051339027923
14.960744545720575
14.946839414232201
15.122647424354165
15.169084838170795
15.049923108870821
15.002716609464294
15.067668367933747
14.864808062992994
14.622183006970094
14.414483807665100
14.405071840866253
14.473234075336288
14.570990582811133
14.589301881209300
14.548166717608925
14.621320764391539
14.754823725053994
14.866116732190260
14.791933551155070
14.639365218396748
14.532396156743722
14.320991051691166
14.079623080748174
13.945320049311798
13.971877707827748
14.105372292775197
14.343461439174186
14.690012164128829
15.556282662133054
15.221475715951696
15.043060287622929
15.118873462094093
15.347345518816855
15.360874953463382
15.228360135950465
15.165014764289429
15.086232524350727
14.916230611587643
14.575638201045523
14.281456943270111
14.108513984131314
14.256657754483577
14.442440369427308
14.570349217275467
14.708695307140118
14.898927878811646
15.181040149160545
15.290005861112141
15.221057896303311
14.923278214197790
14.741435601811688
14.572279175212742
14.377357917811249
14.176634079951285
14.010731488599140
14.021804847537098
14.290941261367450
14.617087738039066
15.519191904143067
15.105479660887033
15.054578649944494
15.455733209027009
15.643362408833855
15.644672497947862
15.282670904091784
15.093842480174846
15.147918074974193
15.094882287791847
14.672559143823754
14.292734829792771
14.148618381651410
14.165576992124867
14.456343416573954
14.542796369496241
14.571296831138120
14.864322061659369
15.433876373192099
15.614452320153417
15.395639608122703
15.155646638978565
15.016912585107180
14.863157227321809
14.617487314168923
14.389801331809601
14.145598948792649
14.162510474306764
14.404869794110089
14.095594499501569
15.313817616911173
15.260131793751963
15.361684924515977
15.631489960657669
15.955930685019494
15.720718527711034
15.253844612333829
15.043316184857032
15.382929501000071
15.279355349152345
14.930752400491377
14.547123048038973
14.425059045712000
14.404035691840440
14.569542733590890
14.482151328522992
14.416784201707014
14.771381384607798
15.338913126140838
15.550731256794595
15.447908659088259
15.326573474192120
15.275386305426668
15.090639989578230
14.873976165218025
14.597510024580979
14.376523323973602
14.519974968274340
14.516609882754876
13.340737460010505
15.378537530557566
15.725779149970890
15.844880671621937
16.073056678935270
16.134342884418341
15.713803066138839
15.291281946516925
15.234508015668551
15.451332362507408
15.480924086441654
15.116067989523021
14.989548967977591
14.895590700586387
14.733031910679621
14.631952190745375
14.565106614946314
14.433108613768457
14.663491700462687
14.900162756204146
15.070668224057485
15.178145786803801
15.317338781107477
15.398391644867102
15.253405315687148
15.083441838086610
14.842864067706406
14.816784059006833
14.808029279917353
14.666076628226762
12.896364432262828
15.940361504086544
16.316761672739329
16.517462123743492
16.438462903284407
16.247895277966439
15.883579954718503
15.571260477986016
15.475006304346518
15.534872248648931
15.733460349340787
15.507864507892135
15.344585925750511
15.229949617310094
15.042194366243731
14.836454595314541
14.716305643773721
14.592142782060282
14.536014523732042
14.507076214676863
14.562469840019897
14.769878950536242
15.030075609811558
15.169318911492544
15.286948259717224
15.213792619070002
15.262156541598330
15.131343001298315
15.155666939692310
14.973841938990313
13.198287007287981
16.455243964953866
16.960479802469202
16.923358137101356
16.729246530986543
16.556779397958081
16.262130980482745
15.795619505861692
15.645818095180255
15.748587347012460
15.972882850975418
15.898381651345209
15.638691557799188
15.469267923312501
15.333057797941310
15.063694785184115
14.856807470994561
14.706529482934755
14.475117585513196
14.428857247143315
14.389996732151271
14.385843814922852
14.673482259998492
14.948767649680160
15.199807429783181
15.327574456591673
15.446962336050683
15.446960925860301
15.404877092237822
15.305771553223817
14.139238469890866
16.893951652385699
17.300453639983647
17.091943031683918
16.828057845229999
16.640904676453538
16.326266227474367
16.046076162873241
15.901874471712340
15.924581370356083
16.134868338996295
16.071495323703203
15.805613522475470
15.613616510657684
15.511904147841076
15.268512388787759
15.030612836304766
14.821840454063711
14.683556617326387
14.576843673236633
14.541962633496789
14.505253531381767
14.510861569304197
14.592585316695507
15.052531197811836
15.378092591287309
15.552637169631083
15.756073738672521
15.812729408507497
15.775093783279210
15.236035808700210
17.238459442201428
17.391768973031635
16.992457651157281
16.787141319272436
16.610965620556218
16.525925592679975
16.289196247842860
16.163828594669308
16.235379541386646
16.350799301732447
16.096220715584106
15.806582977289967
15.703667458083865
15.717484719080687
15.514719429019721
15.288781991326907
14.995446851643784
14.893448949533152
14.924996901278670
14.979756247164598
14.763858417976879
14.588668516819526
14.647536050949999
14.829683194650530
15.235398915610112
15.570814151485159
15.840327671593663
16.133785070015620
16.238634939952618
16.007703071966013
17.406627682230749
17.325541374348781
16.956592687902166
16.895293040374224
16.759515318035934
16.646492566823813
16.340936211434592
16.239627418074392
16.455318501976212
16.466724527147232
16.089742661143902
15.819007309935884
15.816126722509557
15.844147113020851
15.816297657239190
15.553117670432218
15.209204212699257
15.171669450285389
15.349609284589221
15.305770858065609
15.176326460111245
15.001445560590959
14.911383190128548
14.886960245464710
15.186380601222414
15.381593203201211
15.583087148529591
16.073972818677852
16.567880728798876
16.329742918939701
17.471429846397672
17.408853236481193
17.168556729187930
16.995169276788914
16.901919755545205
16.688683593304688
16.386137233536715
16.346446151285896
16.584677459111575
16.498157132389558
16.188159720064643
15.946188666544417
15.962682945458948
16.095994423894691
16.049715210288181
15.741140118674171
15.475682610665917
15.570321168541415
15.656453698107036
15.605214032377265
15.510706253404258
15.370696874317616
15.342159330429318
15.222145683851434
15.124410049021428
15.138539384953392
15.457207547628245
15.979207071640486
16.387094301162222
16.270942057451844
17.593443688176244
17.562920055743223
17.340908019423754
17.132288446125273
17.041191616049083
16.811860231378141
16.518244792745936
16.397510741060721
16.517051077076520
16.546802769451389
16.374756517413317
16.171939086944587
16.156676197609450
16.140087615770859
16.169708566831886
15.992648980995085
15.820120827804363
15.800645121940688
15.790381894811535
15.842247031990709
15.787877257706830
15.693188849505097
15.624317805556315
15.432542477422318
15.254855118351555
15.203227817258078
15.428050148352121
15.766488793703422
16.054348945174219
16.175382103859178
17.645888812115786
17.658985197388205
17.449773300206722
17.324757364354028
17.089977587600441
16.966363017786023
16.548811902613512
16.357400909708470
16.505356276554135
16.668523016233259
16.532454936249675
16.395367236348125
16.317602544773120
16.253302280847063
16.237340794810539
16.221333079738528
16.082532361244596
15.955825006358728
15.915010240908263
15.955946177298774
15.999911310963316
15.876598737952701
15.807212828156807
15.640376993377409
15.444020728613570
15.332799853246103
15.441295170516845
15.639387685911109
15.915825005208369
16.101251270145724
17.705221526708421
17.762643623445371
17.530972469374149
17.337411976444251
17.226719516276418
17.018765480281509
16.627594034213143
16.397706076603423
16.571298095970818
16.792090743579205
16.762816762746571
16.516911778993201
16.411257732659465
16.313685664067705
16.298743913621848
16.396609781661319
16.310196198561243
16.113985352273939
16.060993846014316
16.021212498456848
16.009995477181437
16.016086333347090
15.920783573391372
15.912723794309164
15.756185389448030
15.636401019801648
15.596262588965986
15.702721852832454
15.819947674982924
16.221585088859690
17.776711215257954
17.797177313366547
17.545895013692931
17.321828003003425
17.273053886595097
16.983610413497548
16.705542561488091
16.572121352810026
16.766276616613826
17.070504005097689
16.949741722817940
16.651377359866217
16.439505103531236
16.381859835931238
16.386559137848856
16.463527509690909
16.375609507509783
16.216557936527057
16.136916802087669
16.057781120149084
16.010706840394878
15.954513252119192
16.074362065685786
15.964057763949118
16.025751227909652
15.915839221351698
15.821641569391145
15.666073703666898
15.902451508750234
16.266942259706418
17.859486512024663
17.770013634662028
17.550787764825742
17.349404271237827
17.325508341166231
17.089692899085144
16.900242243440029
16.718679133056042
16.953141055103533
17.199603597658019
17.052561443022636
16.678069351696031
16.479958148598570
16.426677007752176
16.447734310236513
16.411979431061486
16.347938274013988
16.277319204575651
16.249893332464339
16.200157461594490
16.034457461529943
15.945699720183073
16.062580605244012
16.184296200134121
16.274719302358360
16.201925814267991
15.953957399050896
16.044845058914468
16.040671527655014
16.502990717987199
17.739641631017385
17.701603973448659
17.457249764844306
17.390539321628836
17.355117546993107
17.219361079646404
16.920662509264957
16.888161263462418
17.138408740285119
17.247744518041799
17.018145704063947
16.727577961098618
16.536045326526867
16.514252234926875
16.460046531551686
16.345084141575281
16.163971555578872
16.226561879699581
16.345785445600072
16.252198591778686
16.026747594077523
16.010463554560776
16.151087750283164
16.353995844124526
16.382415906677199
16.354344949448848
16.111485095646767
16.197773396094092
16.262760860251642
16.534235326089060
17.844174569574793
17.801290503586841
17.661605078714558
17.572376412503090
17.473289045860867
17.253477618897918
16.996174837622469
17.050971421976350
17.185578804636712
17.221105022282526
17.138901304322630
16.865522587355173
16.646695711008981
16.506391735543676
16.340337249481294
16.185147400892145
16.059308676859633
16.163610019564938
16.271892342887551
16.263522520358173
16.187368383390002
16.135935346076007
16.291688976843801
16.442928239070515
16.548645572039284
16.435305191703577
16.426624735483394
16.495417652553009
16.422649481025637
16.625632059959024
18.027080893708789
18.038367062652426
17.878309649908850
17.737606570645745
17.618026499008437
17.392307067340372
17.208521926336743
17.160621509092145
17.299232002217117
17.314440207528776
17.126572691636255
16.941934577133459
16.676232774235757
16.503033468625226
16.321054485083870
16.153784481088028
16.094159686306337
16.092192661957771
16.150099945049277
16.369944628382783
16.466498393548900
16.394523953133582
16.467023124173316
16.618035157434253
16.595422421549706
16.741889414214199
16.736829673922315
16.607648694196911
16.588147354257060
16.775605883638157
18.174705186983132
18.294899591996437
18.146969676943005
17.905252689862444
17.710332154215020
17.613419601507694
17.406514318299006
17.201135962863855
17.275371635584829
17.371360700407813
17.207051614152380
16.998390409788357
16.739585924462464
16.477608229734038
16.351762693098127
16.181915150888837
16.150890531668590
16.152554734387135
16.153822344358229
16.455699691550819
16.604510357445360
16.694359489316589
16.720235211094668
16.670095724611105
16.847664961188293
16.813249970273635
16.963285982095080
17.003727600029851
16.764227942446414
14.826316767878417
19.918786131449743
19.711660817207910
19.640975112708734
19.320145346084288
18.956115745251843
18.464431422692549
18.350421999908658
18.527550393382459
18.509323936140934
18.136270501533385
17.881934601298227
17.816384734182581
18.014033692772511
18.193937337937793
18.229216281181451
18.215667208075089
18.472717281253910
18.727436951149301
18.724836357564769
18.801571239578461
18.934612191815631
18.880380224575113
18.870549380340773
18.651692921623628
18.557192237490735
18.622188774942572
18.801338497338065
18.805305835583241
18.760941520943192
16.698667544382822
20.761860418665471
20.371683212899576
19.816618196431499
19.428988191783972
19.100569705772447
18.818150446724076
18.727118497361534
18.858113098126999
18.927661302487170
18.818536980522133
18.719637582608556
18.691730119102147
18.826988847713832
18.933392400540296
19.029142260129472
19.036769207454903
19.099461314637601
19.155282824606168
19.328453525126285
19.407261707226109
19.387766470512236
19.267648609534938
19.139227021165205
19.074180137927662
19.038823951216056
19.105989991130983
19.182428168037223
19.276599112556532
19.350290649071486
16.659604670357929
20.872638280203546
20.198622914937140
19.634695122042011
19.368580739277288
19.120422297619257
18.939758692423364
19.009848712836103
19.244602668937226
19.488763621531881
19.617578581434834
19.612681278157119
19.600941534689696
19.673729299545943
19.866423134200403
19.902654128061940
19.661911582013460
19.528239892881849
19.589524109909441
19.479709616295597
19.565030592633249
19.553470031238476
19.394445834378015
19.321640461433539
19.438379462270227
19.565639730900788
19.613234714889412
19.623613380588854
19.715600879892030
19.791418659163512
16.706023414148479
21.029113553496920
19.842674353058335
19.019731799212657
18.939391335451301
19.008261347909077
19.049164122419096
19.165300326632760
19.375195027264777
20.149097172526567
20.625980686936693
20.516543966435741
20.197096655629668
20.157921599829344
20.402480716395658
20.469009446946608
20.263282232783414
19.632897357681884
19.426709858985731
19.670278046097369
19.694162909047289
19.429987835137695
19.298719901748029
19.359697936204757
19.589001261964771
19.701868443821503
19.842851355852723
19.868305926173075
20.182708694226772
20.357831984674974
19.472578611786226
20.469388545466522
19.210665526464233
18.408079862525071
18.555085521897773
18.809011037445963
19.202897750177307
19.055670209353931
19.177419955125789
20.992994120130739
21.568381082112438
21.100511833479160
20.767356579328492
20.758016916384566
20.788523292345115
20.809351789722623
20.470673075192458
19.617372582623531
19.319185113479030
19.646853973501806
19.626211054533528
19.161709829059088
19.193656195725438
19.424798067741133
19.755615746322682
20.014615199343890
19.804891333089756
19.755506627096519
20.270549457185769
20.591439800250530
16.801426497450063
19.390440724244822
18.584086643914461
18.529656395456733
18.716346796569123
19.198721222209969
19.375680926046478
18.948146197983476
19.748318742614487
21.643852305399008
22.036812505851778
21.459606391391553
21.205353645289605
21.253442540520311
21.227022427141719
21.022712287652169
20.268957873681430
19.620187592310668
19.511177896310308
19.439993094416430
19.097599672685828
18.948167904028033
19.172539736578280
19.418876301848425
19.890850192722453
19.958926585691895
19.769556576173876
19.944011315016077
20.322961954457824
20.381116308225579
16.594720517282838
19.368739422470561
18.694343220508610
18.584023166537786
19.125775022313711
19.695961182440058
19.471371878125439
19.351536563397865
20.597884537148090
21.518018351692731
21.898336886548222
21.749770615301898
21.625234585637983
21.492115037348089
21.251824454647014
20.800754120656986
20.268336112790116
19.934170046773879
19.793894795533898
19.359240249737404
19.000793636397191
19.112084593384434
19.199211115182266
19.521576776849042
19.812304089072398
19.669560093094539
19.757587073777064
20.071840259325068
20.253600885195404
20.208707213638199
17.195772951053822
19.766747223828101
19.335830428213214
19.233473547005904
19.253990600716424
19.627742924879538
19.884892022168316
20.184436746484593
20.786610622051469
21.260477296888304
21.636057827618544
21.657003962102376
21.668060005258329
21.421196433057904
21.126601488023276
20.876017658403267
20.456889990178016
20.183092548309659
19.848416923356901
19.603078856333486
19.472335443603537
19.423584192199264
19.566306292266976
19.517846443359058
19.575895437867040
19.698953837736745
19.902511939753591
20.027790566074838
20.058314640114592
20.216129482026371
18.481427686155161
20.557913526159421
20.195272400970676
19.807960139343372
19.757315989163978
20.141141100849964
20.316968193928336
20.549506719262133
20.723614886562835
21.147797441758641
21.445962371498798
21.328803114101646
21.146426181096732
21.181117428397052
20.997084168770741
20.926816651658022
20.619171825276648
20.326002039474865
20.263441727587033
20.159314015266290
20.069826115915280
19.992298532299106
19.953607251590736
19.801393839444614
19.827128913699323
19.610618899821116
19.753437906334614
19.730370673387792
20.029741367254797
20.149055412547629
20.133415442569074
21.285617450661814
20.631239994182369
20.009694407453807
20.095715919097664
20.519967019003776
20.718586556642212
20.770287833918346
20.833869537776430
21.021652647642835
21.312566643366988
20.936911471906662
20.455221320970995
20.404439431081371
20.733023131557715
20.826385197162288
20.670605959092626
20.452559357802642
20.524875058408924
20.704378610938633
20.850355212867264
20.709858457925591
20.442677326513255
20.036628616928152
19.876463957548484
19.839381013071879
19.499619953818453
19.393594186677273
19.534331248067204
20.117192502851829
21.648079295631209
21.744211283619027
20.606599078053424
20.088148195705710
20.357783980738599
20.812033542202833
21.125814333751737
20.860213172334380
20.544975245498847
21.107758953294127
21.165445509165167
20.623330808147688
19.919432848817454
19.813187606957001
20.179809346551057
20.772081858328136
20.662398030897428
20.381684782711048
20.511171680255707
21.355277623779745
21.466762757896561
21.298569187462732
20.770985305278789
20.573080649450826
20.303709006692021
19.877568288927218
19.525532829161438
18.974554630825320
19.107239846679079
19.835469285662001
21.512255023724421
21.562764148165314
20.383317777897851
20.288144292315692
20.949766819679304
21.553640450408992
21.512301242947327
20.689365087761868
20.164687774640733
21.125378082008236
21.127495947942656
20.355678401534050
19.849912547301113
19.667963447608599
20.078350584735322
20.479269281620631
20.558779997859766
20.053918566964228
20.500296118621655
21.558364182915884
21.820500574041297
21.599956537717262
21.164768295484745
21.035277825264647
20.789897094182251
20.277686398670998
19.582262902313630
18.942368554494692
19.278506315606482
19.711176420866586
20.464077586952012
20.927942047679849
20.418985817750727
20.709780910441744
21.413102256649015
21.885421770356636
21.483762291180117
20.341506335083949
20.439748219119753
21.061320222720980
20.988207581659346
20.324146591017428
20.122597354404391
20.090043700375244
20.167194910215255
20.429119430922071
20.175008082786935
20.029271298460316
20.713936164842977
21.385080353154041
21.669974974217318
21.562440497130019
21.556404838477484
21.409602577232242
21.022335083801913
20.503343568265539
19.859330875544334
19.673120908244776
19.726195790258494
19.577305021794743
18.768143096669778
20.797140926565046
20.920150230959020
21.338210350576837
21.811035407358936
22.007552553336680
21.570432271686713
20.657396475527801
20.590341277805567
20.982157483758183
21.046584650123211
20.632537465409264
20.484673708403871
20.373929688310156
20.447560764182498
20.340485959605260
20.196826668829051
20.333592800018220
20.661126662845206
20.888828398868377
21.310760155297320
21.484016945430188
21.396566818537213
21.328139205849524
21.139819018440921
20.775344096860763
20.478510475800590
20.430628711866788
20.134806410452256
20.003296439352539
17.699652560129127
21.417315059017795
21.641172318899685
21.940612962115573
22.261660845073099
22.383493252527096
21.892904647283302
21.012021655891125
20.764965916246702
21.184112011932839
21.477118301511652
21.180347353628889
21.012371231632503
20.719705477938255
20.664358660616791
20.609937902609911
20.507972343900562
20.443986722982878
20.431144205308637
20.531335318509552
20.677775929512816
20.967337426687291
21.143192770881281
21.080014226528590
21.035167639914953
21.029227236537228
20.866260524593088
20.841302388559427
20.789776088764757
20.589638276091893
18.028567600491421
22.270492128262852
22.429686002756295
22.491585011100863
22.707348716495883
22.738763429789209
22.083401597282379
21.421790042714953
21.126349279845233
21.633452489794085
21.998610166358269
21.591322969556114
21.429978494847557
21.224905397631602
21.123191949796272
20.831982631686614
20.671896692882015
20.359545819888613
20.338925627972653
20.202227673458651
20.350668832900251
20.357045321927867
20.600361893249595
20.628713898604655
21.037491668865286
21.214852874195866
21.193014510728357
21.219057988155690
21.282971592784151
21.341971506078352
19.303682694508883
23.087539776512958
23.175487797193060
22.844503773097596
22.671044512399277
22.428901115188360
22.332624484973998
21.820335702274448
21.587550201083808
21.939024100532819
22.364825425370945
22.191911822772074
21.676581403902166
21.369345432454505
21.477280621828136
21.236208296793521
20.858670139709755
20.392166016940024
20.084532620040978
20.239128632920998
20.296332803309447
20.254400555919961
20.143593726256409
20.248795871345980
20.610467139840345
21.179329640937461
21.511452510438314
21.532572810691033
21.759698096820575
22.056564294233556
20.781507351200041
23.623675387407083
23.295091828449859
22.839868844676879
22.645872446119768
22.844582746933870
22.520745209033095
22.075460029570365
21.671818183751231
22.445957584472517
22.824550677829677
22.371765014384106
21.879852481109765
21.564704721411790
21.847545679145803
21.633970640953677
21.236907026128495
20.436902217027349
20.075604025830462
20.645676960245094
20.631476755456539
20.535265395654402
20.111233787071480
20.139941436811217
20.642680833969180
21.013462838751582
21.344480655460170
21.623206130678962
22.068341940103785
22.539967758558291
21.903184034248078
23.973913423512375
23.505479219858650
23.023979344284509
23.014840905658129
23.037488682349920
22.628502669788105
21.972224210991058
21.827807670119952
22.856301334702270
22.971314128111779
22.387993796490349
21.993305787234231
21.955826068334684
22.155109703992196
21.996681227360341
21.430289701743220
20.586430681408565
20.661212681397995
21.028743821854551
20.943202838966450
20.678630597485878
20.673789365431276
20.506953363850734
20.886656673642992
20.923277211050952
20.998244587702807
21.326092230810637
22.255188046485952
22.729405941206696
22.530029454587698
24.138174005256683
23.790626213938573
23.478307614004009
23.201175988823852
23.080983978376810
22.754224425432739
22.048844078093353
22.252674026132027
22.777709044419133
22.894002424351353
22.382924278180138
22.207416443939845
22.355322771819843
22.344113007123376
22.157082265303984
21.740569387917681
21.252528979467105
21.214837551825894
21.321465389727287
21.195684594162472
21.103906400645457
21.099178122348004
21.190497659334394
20.883228900635288
20.777116227579899
20.769139541446375
21.394835159482632
22.099075304849499
22.616287671363800
22.581069951222030
24.360394408594576
24.113475849840867
23.637170789078613
23.295891727349382
23.062798115708798
22.808975298385004
22.370452699266608
22.281378658559717
22.666636272303148
22.864313508407932
22.522064706152438
22.512116128017805
22.538589849528648
22.493778731544403
22.374842400700818
22.196450735559537
21.929691302762095
21.756657182264703
21.501705804960821
21.636902376200695
21.456083938086717
21.571992467715599
21.391825891807834
21.071931981290749
20.827268032878937
20.973387941139364
21.397491162628057
21.722984966034822
22.326162338570928
22.800155974301358
24.566267495854454
24.237474174135698
23.761075260115888
23.398227193351872
23.257364157320339
23.027845337892671
22.351108536203146
22.242834155290574
22.712206206451860
22.974910523710324
22.860902188464109
22.645424480208689
22.657018853068639
22.681248897696150
22.735454575922191
22.437117457487389
22.396052487868840
22.109651546343898
22.020868488804851
21.939262859336033
21.804193397959072
21.739634492322594
21.638182136931825
21.197703804780112
21.133118198487416
21.215587449534627
21.375101728089845
21.647806920222823
22.168502683230251
23.177203170403057
24.610458236890331
24.063732230897759
23.362711700579894
23.265195788469590
23.270632573778673
22.954985642549950
22.387435159281310
22.319933551574632
22.666422868609143
23.156669559995116
23.080076387989514
22.805861865090069
22.783080970902219
22.880872556348447
22.860949488891510
22.830796824140528
22.553120905253323
22.490203241725986
22.227398622536654
22.186632775219419
22.060723252888174
21.653863808242530
21.686220121486677
21.625237854581869
21.437307049541538
21.256403756372649
21.305159120969417
21.597370582730122
21.908788575197352
23.219431859999027
24.694152306953235
24.031821263055978
23.212359442474572
23.113219483027894
23.276927150412263
22.912699246081075
22.524599513793301
22.150925624951160
23.034454173066294
23.647875498348498
23.412015511149150
22.893443814293271
22.718718806014490
22.925332364957576
23.049208336926309
23.012858422271343
22.618626002674400
22.503980715300756
22.643766891282525
22.475828346591634
22.132961457913446
21.767367206339763
21.640721577233286
21.794587987722096
21.835356024656537
21.642735329659757
21.415624008698725
21.588202489875506
21.907415185207924
23.278197543934844
24.365624128828081
23.686439923903237
22.935140984420784
22.989435124089557
23.433834942429996
23.100463308375190
22.451620504562790
22.141467945608582
23.329310288768198
23.814067539203926
23.482621228122770
22.921799191678552
22.826145409990165
23.074127298604672
23.210540756573206
22.986875369609304
22.349043848948487
22.360998892912015
22.778796239944722
22.532041515190866
22.116927305461829
21.954795249863047
21.811449488026568
21.968861686375458
22.038801050795914
21.820203185750636
21.296707189797615
21.719111401284984
22.129680290437392
23.160430819604517
24.273983303280389
23.402708832815886
22.870333082816146
23.197792406285945
23.346866647321757
22.976171054897947
22.260657024419185
22.628362794161003
23.560276484149064
23.881775316233629
23.571827732238994
23.161785069825850
22.992032238423192
23.069648227994765
23.191742529077793
22.744977995467199
22.182810477750316
22.275766358630833
22.703231891659236
22.499507911249310
22.228943238344971
22.034773757230386
22.182061388657058
22.203382743520393
22.126360611296132
21.823445495089498
21.801274164247587
21.913633541400635
22.005923741437346
22.634561367329940
24.185172134753987
23.705199614515237
23.403523635111348
23.233425408729545
23.197384898394578
22.990022778820052
22.605117346007560
22.959040748976108
23.599315699256906
23.950053802517289
23.648958365121658
23.342087658336137
23.132203251290779
23.037809399952707
22.885145102772686
22.470914214928566
22.146930121525465
22.177732294448081
22.388947681333732
22.457612302692230
22.354508531038796
22.469800070417325
22.267953836912845
22.336046733308635
22.298319753087096
22.220468841822665
22.302259770330103
22.172119090754602
22.176814048174130
22.638886693209713
24.220866579625927
23.802636252356031
23.664293073541288
23.428951569432567
23.416044956683493
23.378386098708241
23.079976288164946
23.090352664225076
23.609237912517589
23.909860066218808
23.762736107180263
23.480665906685559
23.184758445815032
22.831083907681752
22.858032063025629
22.442669308238948
22.249990854977927
22.019572997419061
22.142663220497514
22.444387971116431
22.557969909102535
22.636817460203627
22.699560730021176
22.464167146062699
22.587619135344035
22.563296308337478
22.581550117923420
22.455932752995416
22.462626464359811
22.683997422822575
24.429834645189821
24.179381229351353
23.889711875408786
23.619310012303732
23.802533105253033
23.693600029238844
23.346057054562554
23.268533613380839
23.638006170285788
24.112585615424656
23.766940227123939
23.316070752738991
23.183253035431573
22.936033209418010
22.859929748527286
22.559803300078190
22.037406193303674
21.991262968617157
22.153757438801406
22.535648439256441
22.824838392035250
22.878779808696365
22.783042284585999
22.795353561554926
22.679262312385848
22.918433854786631
22.704181429964819
22.894524419014775
22.786670905346785
22.961598252754165
24.849138391803610
24.642986761432049
24.086590282202113
24.016712670368623
24.019500638808353
24.091287420247433
23.700235583875305
23.441376748075790
23.793915997896836
24.112712736240901
23.847325443913494
23.351454183179289
23.252936820372735
22.847742323112211
22.786825304081923
22.500918307814882
22.220529165640844
22.103920975904629
22.299539881814091
22.807780635076796
22.883229108552115
23.112963511841755
22.979135869630785
22.983016106504664
22.959531417102362
22.998250060725280
22.979530784275628
23.192519711551075
23.379047849414924
20.303903919475111
27.641428959127410
27.553707617794103
26.466743661054554
25.718674888751039
25.399545041048000
25.202619530460868
24.978526220553096
24.502346859841033
24.219013763829167
23.931048427002892
23.774441986685552
23.808419131813118
24.019895808063541
24.320325122871942
24.533062039313190
24.744729241421361
24.951127303649972
25.128936270781672
25.292202353095153
25.370769265380584
25.277023775799584
25.127542302758755
24.932845902746642
24.902052220452035
24.943683692567411
25.016270916690246
25.039007871540601
25.109720863328310
25.328047708937845
23.160873045505930
28.417464861128828
27.846566011347232
26.767715554574703
25.691707277404184
25.206288527882201
24.804379491018686
24.606470944280652
24.360619481396039
24.342945562180358
24.568569490241266
25.118142250220231
25.225951936065744
25.358753081828333
25.312536952778160
25.443613198821240
25.616905258950418
25.592051391993525
25.549383405993943
25.465186075380689
25.474476630394477
25.559783255059713
25.360974135640802
25.186755251682186
25.049195569693140
25.225350534417927
25.599328979454789
25.499994227782452
25.639420545333977
25.719578870676223
23.359500778953517
29.427249018475688
27.571979985240024
25.270227456704919
24.602812856073413
24.931149756763880
24.960059101158457
24.763648434682146
24.044273028787817
24.057193417249557
26.046215118687819
26.921445848901207
26.447132521936801
25.858016790234199
26.020986560883088
26.414356706572207
26.462195534729858
26.139450170222595
25.195659678407530
24.879655734244736
25.803296798959266
25.698843511128953
25.103185842236243
25.216690772173656
25.270750160947948
25.725387824193731
25.982039060843174
25.631440777680659
25.423486816385051
26.100560781760109
23.042076352941436
28.026687705209184
25.680244232253422
24.154323654867635
24.920615667214584
25.835623580745334
25.831913274439614
24.642927934551636
22.527475344963229
24.941362308439636
28.257038438595696
27.455410579131037
26.829180270203508
26.980284862501154
27.222527041444753
27.450701473480176
27.246253280138944
26.033410054562705
24.623759798885061
25.323868119358334
25.308120177100584
25.162914589653052
24.930365294749549
25.489223679906026
26.038780590643086
26.428978527667290
26.195476827525468
25.507774214600214
25.690717334945305
26.442744869894423
26.037148889093583
26.911775240535533
24.989844624354568
24.398394096016645
25.822923926753312
26.958850856034623
26.089475231259868
23.362053871538180
22.007199567617196
26.607316626508020
27.977339154131560
27.436935013280848
27.429232677656866
27.869134128828097
28.197875129619320
28.155999610758940
27.273739335536682
25.442145942487350
25.538148499055850
25.338945657925699
24.590204291931649
24.659397168383457
25.343019979752860
26.022988405818346
26.508158870086383
26.556831383204759
25.727306366880086
25.567115434340206
26.249095070320138
26.149749634310083
20.850009428889635
26.546566603546474
25.424838057669898
25.366194673582527
26.158708818343744
26.637598283117264
24.970875884124482
23.322674750144103
24.928781270850472
26.569911274515196
27.329414022376930
27.841347982024935
28.160267546172079
28.382045091368287
28.479551728564473
27.858839226433737
26.706745810536603
26.208071524905954
25.892238985343653
25.204681625694377
24.776747271430647
24.987042821471544
25.424842604365253
26.148490894092241
26.402726932563329
25.757100009777218
25.370639997923234
26.172356455816164
26.272028871494623
25.972341161725275
21.772873579741606
26.621001463854284
26.187948139019788
25.540491617643550
25.427613622031533
25.428664676074149
24.914546360703074
25.281833791886989
25.818251107995525
26.597637032793791
27.333969967127871
27.868776833894611
28.230483455548487
28.069570172411730
27.740879725753359
27.399217730792120
27.171652390061109
26.702125513601271
26.032073235928348
25.594736546705917
25.361422101282464
25.631172627193720
25.530633713443102
25.569247684817576
25.265321732209561
25.525742381020535
25.890676893474346
25.974553162811816
25.865157425663043
26.027883259793146
23.363021713863741
26.855666222351172
26.230517018277972
25.492889809783506
25.235472744944015
25.451515813290250
25.872917021870233
25.821814031640130
26.349685899020198
26.974377118475346
27.295164113265873
27.393716460781807
27.533573183013992
27.659379281723737
27.620127679352471
27.438117418399379
27.083065636418837
26.672640263825123
26.421204828385662
26.177534298290759
26.004342907615673
25.743606892821674
25.752913825993417
25.541920838279580
25.363499477703893
25.323216740523044
25.496199816080782
25.465608830378688
25.816177829895938
25.914458300229370
25.741244521548936
27.503159210662076
26.730571247420382
25.426420857518576
24.853156582532822
25.474846667852098
26.337127653410910
26.545603231972215
26.676802111464614
26.679872749061197
27.080419940477945
27.259645116387190
27.159036882924536
26.793733972504693
26.955700140533409
27.103452529386590
27.047324269244008
26.908869503781641
26.706999612428440
26.599563975750392
26.729133518356893
26.716311661626307
26.340629271809462
25.527275399032959
25.541070051737339
25.345610358649871
25.227938941775520
25.258072131017514
25.049605984252327
25.644672774392077
28.054672401625510
28.705942875552960
26.310319597606181
24.724044147044925
24.998455808544062
26.226644263228277
27.209188368228471
26.920250558636130
25.838173504352383
25.568815059185898
27.179277955412488
27.030163802993428
26.101243774659288
26.101028467756535
26.431531966154182
26.884258119287498
27.361208608409338
26.882699808645008
26.220053023071401
26.919625371485250
27.894732231996894
27.524140637903017
26.703340214730481
26.201812192395280
25.997339344959045
25.860369443936147
25.505259478152535
24.461379085225737
23.778931445157568
24.833535355787596
28.310139897986730
28.094924401538968
26.118045505878470
25.500937607343239
26.090864440907644
27.517886277919700
27.825983227374593
26.159633533449899
23.890699532316788
25.549699033302158
26.967016928035903
26.276447478637174
25.614410012381228
25.998453076397531
26.770009068807070
27.315303051360768
27.145456864414399
25.978569411072936
25.826598863377207
27.357144511034058
27.829953183643411
27.587228828217732
27.163058630469962
27.243419735564110
27.006601572538564
26.634464629820322
25.511474707769239
23.798401764656347
23.954298859538088
24.417805595474753
25.618142401315801
27.533805111544982
26.252237945281770
26.574556609317504
27.544059277906211
28.399351494389677
27.734920057950269
25.016899183627206
23.961816008938143
25.272634178914597
26.004016944584045
25.665130262562357
25.702205299008693
26.446940775328525
26.780016241524336
27.327156099189175
26.602005106445155
25.610274828709962
26.290559640576760
26.680913531853264
27.178885942120111
27.584140855739324
27.818600854645091
27.896909369140033
27.534479445468875
26.762443431536973
25.425270998164603
25.087892875789652
24.755300012522543
24.344726484909639
23.207614046098847
27.553196853033086
27.389536216925421
27.703802119278343
28.131453362331026
28.357806879493630
27.094501574137873
25.027337541766766
24.620983772593732
24.924238615947719
25.755355721826696
25.896565366588337
26.146625629348623
26.592129191397184
26.844653450504964
26.613482358232055
26.255757770138185
26.544735356658478
26.478737168195366
26.239204108634048
26.773828853981176
27.397305941072528
27.988256417743937
27.659561398543104
27.290759889692474
26.542205799685931
26.234250816561229
26.048845623003292
25.385531594190962
24.892521800092680
22.275220411713999
28.044994967075262
28.447183818626961
27.994506428564161
28.252599865136549
28.629947386488148
27.731653906068658
25.713067422545990
24.764143056080563
25.070106241529142
26.139484446035972
26.260144648674860
26.152230018241426
26.397436910492299
26.621777046002784
26.605612132457281
26.768387752364220
26.694669392944402
26.444679085625882
26.521078918513819
26.481696917077731
26.739371984673500
27.068806425673461
27.059800567129500
27.010614834174312
26.998271487031033
26.776259813889059
26.521888213933956
26.184100257663495
26.023561245501682
23.062444600766980
29.123563636014865
29.127826874131131
28.594411544715513
28.752173824482327
28.575301115713515
27.957612597819644
26.321349246881724
25.462047436417585
25.852162829301861
26.601896849064342
26.796260444320271
26.727206466931360
26.773649859941052
26.941335984106185
27.074363131835394
26.868913311438909
26.681827832291056
26.519189322627696
26.237537666081401
26.482278774025907
26.239789049444347
26.415003718159234
26.347602677074772
26.615566178555618
26.886830205756461
26.940293502265739
27.102248078284894
27.078872413425344
26.911856114732586
24.417085777995524
30.228245956697748
30.041324859718262
28.888187020065985
28.337401596012690
28.404617015542094
28.221727535970363
27.213089611101005
26.453018247171343
26.421802411672410
27.360682825719358
27.646747425690855
27.263191739073932
26.928471689615844
27.326074131434495
27.215145580746196
27.137788409832208
26.783831533405539
26.110810631957023
26.001849389728172
26.726935543566004
26.432549486999207
25.942393065412329
25.754726317760721
26.143088441872553
26.869926930702018
27.128236355799572
27.445400039985721
27.419914405248242
27.760048547056243
26.697066986030897
30.776896127477883
29.695745055694957
28.762233422278008
28.453712828197727
28.627363332244233
28.590869375594497
27.721847352340195
26.383050091563600
27.118508107253568
28.475227011641156
28.113038885460774
27.469710939418203
27.249229395648921
27.839066011783263
28.174331380272918
27.705659384791890
26.483291193957520
25.412018231617544
26.233943298977746
26.838060195071218
26.334003730071085
25.802611202154587
25.849038997857733
26.496661299976122
27.095762022922020
27.185972498697446
26.817167458402466
27.160140939128727
28.386085891270305
28.048405143610339
30.905521851158944
29.841706814501574
29.046290742157311
28.919091154417707
29.258109348852471
28.997584457196815
27.400294876851095
25.994467808681673
27.843268847749979
28.794171814780384
28.093589148229924
27.836166192953648
28.291232849358273
28.391123391027762
28.602068648814559
27.932464767214107
26.053140622171494
25.760729563951344
26.369273677190581
26.535914418147101
26.314060304320478
26.530186611569061
26.539544223772033
27.095846463032295
26.999949247193072
26.562036334955664
26.307211533414804
27.550998822161560
28.222325327545164
27.708549359282173
31.363569015781632
30.520824405145010
30.059270202114888
29.588513683088166
29.635348681227669
28.662445888093082
26.925609745409535
26.747317573341011
27.754839887505341
28.331285995234904
28.189957709413147
28.599657907442065
28.848375691051167
28.840258345659500
28.672743481411942
27.763688517746623
26.900252838833051
26.719711443139715
26.319745044023716
26.475263691971080
26.765051576430373
27.200645314912137
27.264246460231057
27.305482265455119
26.748004712916419
26.258529563496957
26.949551249866378
27.582446567956179
27.797361626039077
27.451375628807867
31.845687034541477
31.393462109338252
30.178008749994447
29.814886591563237
29.324011441517399
28.550959278346639
27.566932484060917
27.058282687702906
27.272133009013121
28.301759327691141
28.503009734472347
28.795621735572780
29.067907316402277
29.090416422308987
28.660940510096161
28.383859554575562
28.038403304338825
27.252297661673190
26.588051740054802
26.721022223222239
27.191894512768371
27.168582493474275
27.518857388845337
27.171211903683457
26.722238083905609
26.931187053870858
27.204396527512984
27.354284027262757
27.626618783104256
27.717975180548805
31.978199956918729
31.566720859467239
30.525616286892159
29.794992479182937
29.499107985730241
28.806890444990309
27.615488811199516
26.800884350121649
27.316624773832114
28.502265199337614
28.735481744688649
28.868601448639030
29.122339580451470
29.269008463412803
29.171906433073072
28.911275778949111
28.566987572989113
28.059745531410325
27.414834818725598
27.323004738987780
27.258114847129860
27.254393423882988
27.163524990729051
27.105635544529633
27.355049133296010
27.053502360407283
27.212405573656891
27.503883956044810
27.744177340845859
28.542139607174718
32.028619047993431
31.503527521819130
30.472917751550909
29.785344869442092
29.263561136286889
28.754585055577046
27.612681836193392
26.982572603487817
27.388794966945696
28.501066325891941
29.113746251448632
29.116622595333787
29.338884622714357
29.246649806196530
29.515115588859288
29.144579563799191
28.895535166493737
28.694729491893025
28.053821713871521
27.631104495826676
27.453361555468732
27.322414431489907
27.177450323704129
27.001917353729119
27.261028126687236
27.273697385329164
27.322128469714933
27.668959768921617
27.803722087139121
29.747544128500600
32.269631571619257
31.128640508520910
29.757870579846813
29.197101748304362
29.184477261073482
28.781350019231496
27.762758169112995
26.768993683230232
27.351282690542199
29.173271743168353
29.552981728994475
29.022293978650143
29.208164473609244
29.561292077985179
29.898661635507015
29.643383887338700
29.212219127535214
28.645621591218362
28.498253570368753
28.523358139478482
27.856501265162549
27.140399358386478
27.137649620414585
27.178345812201602
27.456949704531112
27.574372617649630
27.207570433519329
27.056178138004686
27.973101019073574
30.025427416815297
32.158540582056624
30.463942486112579
29.418790733202737
28.931346869046955
29.425158168563279
29.006562607701564
27.805520984211952
26.235793087595557
27.685852233675590
29.680129643746593
29.458043239476442
29.150153850342775
29.283970996710650
29.907218670913732
30.298461338584868
29.849257045762023
28.820613628810442
28.299234914026030
29.091334413570742
28.831370216440224
27.988220696215542
27.760126860234863
27.408535427242697
27.899338159096047
28.141607079385373
27.726000430245282
26.720355371075286
27.177856019050004
28.019796113928248
30.317780682480670
31.584179228235719
30.007273621152397
29.088017499359481
28.872594771053326
29.337496340835813
28.954343371762473
26.946147607589090
26.528941325366063
28.372745124669819
29.448805805922206
29.558068663347022
29.461815946069791
29.731062837349079
30.066770432257290
30.444768972867145
29.546142599571759
28.183089920919983
28.366286583972805
28.675839005580190
28.886162400493941
28.394945185800829
28.166902016421478
28.170458069599185
28.144317871718002
28.249291388727020
27.472550969749857
27.041489039091299
27.414824407805462
27.607371148343567
29.138038839011990
31.483063505912142
30.191767994994816
29.322536018434931
29.157990937122385
29.356824396583338
28.696357534788081
27.337842173538142
27.146159300341022
27.964782845599977
29.266434880422487
29.834236804213614
29.906285630182452
30.019121050236308
30.126626702314471
29.768924374980486
29.118878575209735
28.555163466259021
28.096774622143389
28.224043466992210
28.467871976231017
28.864593167334025
28.680275148366171
28.577576409242877
28.545772157030985
27.960893517145664
27.741606306764279
27.713975080642946
27.494939579960651
27.240983196368219
28.311207232345762
31.725093917387632
30.606737462204372
29.231321642968339
28.797311006066149
29.358461227805208
29.053910541255426
27.938619676172188
27.393399364213145
28.008723885532429
29.457877882741172
29.845377491102347
30.180678206487499
29.989325638897601
29.770418831333693
29.685489620639665
29.262910311716528
28.618411781941408
27.915365380073748
27.801628255707381
28.221597972089402
29.095342732369694
28.928563173285117
28.667658911786457
28.522127124020827
28.479527453999907
28.524421305143324
28.023440145011612
27.725915130983786
27.369768053477930
27.986299443691877
31.566364343060471
30.821411451100865
29.825958226955262
29.649105722527672
29.587350810631293
29.507467347710850
28.595292332270795
27.762395945176529
28.145249101955081
29.459089433891165
30.138668619370332
30.077726246423666
30.093067134236140
29.554872369917199
29.455648808683954
29.123803984127356
28.506144313535138
27.847105071294255
27.711987479020653
28.010927804494852
28.793638291155254
29.235962684167649
29.107925343726162
28.868139367955038
28.971279662542276
28.494591627951142
28.432377807558751
28.328630859225452
28.127048772725999
28.086293056142686
32.140108474360716
31.575075113443496
30.166840942951623
30.048699383468868
29.922923756414129
29.713246429590644
28.848333827519305
27.911293906538553
28.305520496122330
29.695880926825119
30.154049146162212
29.989223803287228
29.986439671658125
29.481400031398216
29.306829409107053
29.195308422418307
28.754396496969729
28.098239721982953
27.832648270986422
28.406136285027305
28.905855706698844
29.113235007525319
29.418340487777904
29.065554554804258
29.379651524914816
29.058602275015023
28.803279257572331
28.653767749389779
28.872889245175607
29.250503363356930
32.180099204707616
31.493419452469585
30.229394174097688
30.148149012975985
30.367454152372218
30.157242063603082
29.342434829223667
27.989374234779930
28.373122701835374
30.044554491422243
30.058568831674528
29.493774957413461
29.545354093768097
29.469665433920099
29.296900288217710
29.306462319828988
28.566287606529194
27.845822735061372
28.265665887412837
28.877170841532390
28.629433765670576
29.057297103645290
29.191349475348659
29.620769391862893
29.397866531993841
29.277233940876613
28.677171889848722
28.659661631815489
29.407357068097841
26.050593163132920
33.961534000784646
33.745375892961832
33.016832064082777
32.460078481156941
31.896316009176719
30.986917718425026
30.300641044852007
29.934849353638597
29.658816474449544
29.641097964341057
29.429246098162118
29.522639523139823
30.554563091678041
31.025666082289977
31.142072638278961
31.040982765844689
31.205990418719367
31.616877794677674
31.675317690177064
31.452534438813959
31.059188775491592
31.063935051189034
31.211510784129704
31.194052195800118
31.238312974596347
31.122856860512805
31.226202864227147
31.766895251054187
31.645404031736565
29.036952547732902
36.734265983262027
36.231270330874267
33.586481195299953
31.400210350753525
30.182397860945148
30.007792321642956
30.084034281193070
29.928206626331825
28.980490965249381
28.566142034679469
31.232341168091036
32.684764604311788
32.078638528460075
31.507145591277460
31.926944831189381
32.222852595293922
32.443746741114744
31.819948180827669
30.618976869465257
30.644043034340939
31.387873348645538
31.550892277456146
30.994800737954332
30.992438859620545
31.399922454410145
31.978845423977887
32.100434438269126
31.736133482104758
31.257012775293624
28.804370765640737
38.484734367538934
34.092131102617699
30.900458781448204
29.996714494118123
31.438677692591163
32.390563720227604
32.067620338387719
29.177760750602800
25.874186919656328
30.653253701594902
33.184901846816096
32.727322743828850
32.568671891860539
33.006641151836078
33.523555844123287
34.072437171958029
33.158187623078256
30.714506156960095
30.184896944025503
31.206942710268038
30.823733360089186
30.511660497541705
31.037555980977423
31.867102733903145
32.734951492624873
32.917527690259654
32.051632797935078
30.754093481303613
31.834654125455053
26.372872405430222
35.993714557123354
32.390474153297312
31.001089565154349
31.850073891369618
35.129387027407873
35.561471178521209
31.599655191910035
25.694426198754023
28.139601046343049
31.838957041141718
32.546645161595713
33.036349932689390
34.096732968378674
34.821603859887034
35.746364967132692
35.149166311131950
32.567346433296592
31.133501234187825
31.302659466122954
30.438117393062498
30.086820897293155
30.818773095550590
32.162113388633628
33.536166781457652
34.141252001562421
32.922268285424558
31.080973504663124
32.038504767207378
32.136232529093448
31.245220443007607
34.934197570801260
33.067339643472557
33.055450788187997
34.526103937908935
36.232917260330211
33.874911359042478
28.607182610392833
27.572353114790690
30.272619888502970
31.484902503643831
32.787671092671495
34.070804964190593
35.096093906238877
36.172312118082118
36.184875753920686
34.229496031451191
32.703686843414523
32.813808961254580
31.406716799094134
30.703881967145037
31.110432110868675
32.037096248202836
33.008693670018836
33.899565101664088
33.550499438662264
32.053334167631611
32.378301751408848
32.420810276770148
31.891242437295286
26.384454154559027
36.691973360042965
35.407209240127301
34.439240213196385
34.588132189115605
33.905235615059965
31.443076742838336
30.423212921824501
30.276957115024693
30.816752594932268
31.981634163125072
32.972507182026412
34.254913858657801
35.327806007445744
35.476718055867281
34.676312428985227
34.075279447566004
33.957142054956556
32.732080469358223
31.919007057418298
31.744294058760161
32.001491625325251
32.782464590795414
32.980900786692956
32.526151775389515
31.749373272823949
32.649135103787188
32.765792533638709
31.858999414860349
31.867481407438227
28.871287811976952
36.032168267245964
34.983374680429677
33.358744948405352
32.508551825372798
32.622238046454051
32.255913355611376
31.324346000162244
31.179931635338924
31.774673702744568
32.328511601830485
32.722692629711034
33.313511990194762
33.920042455636896
33.932870748066264
34.270049021327338
34.234566722174371
33.596053681951254
33.159575779494588
32.915269264066232
32.758193099826030
32.649566221874636
32.077332973249000
31.652670236411193
31.855660588519090
31.851237895899139
31.823025792670055
31.853753131588256
31.578995450272288
31.701642579079152
31.115150906958412
34.578397360012019
34.023858968288707
32.738202749398241
32.125726125665189
31.827719903795785
31.979364258821626
32.036461796972951
32.164479077730483
32.057780036562782
31.920389153764635
31.565439895085227
32.660953512079502
33.344891998313898
33.242254307559371
33.291470322032907
33.495024776063204
33.653980856260929
33.563752654607498
33.480523864050753
33.042386785258969
33.078214587914601
32.552061137441243
31.932591198030511
31.271069693132862
31.137240558588665
30.992771488673668
31.047805728734009
30.929431897910177
31.181661895196953
32.003601529766868
35.387581322280326
33.733193574570684
31.279257215300138
30.555863257316041
31.653073939522603
32.646407637946588
32.864720085021077
32.173477631923234
30.626740421542724
31.229921654933484
32.454941046445583
32.183396337867663
32.033291392487499
32.524444431603705
32.802647972153977
33.636572843825363
33.946598191581366
33.233304682292825
32.779271637972464
33.668596312477916
33.824118092520010
32.987608044241355
31.747945982945044
31.622018513329031
31.533135705826318
31.484074332667504
30.769946731202850
29.474782161078139
29.709602096947101
32.380543202315039
35.347858987506044
32.587754242094846
30.677554544270901
31.154899340037183
32.836778727693940
34.099262103487831
33.127160221329142
29.763228636057431
28.264714094440727
31.437434475980648
31.798567145813497
31.093957577327075
31.936690576490527
32.525399940813870
33.832100855367621
34.249029329229174
33.511935479690038
31.481916663939462
32.894386156239165
33.574376971809031
33.467940672653221
33.026431497715905
33.261141548954697
32.922036712573430
32.853332586554167
32.313584317313527
30.047870472838710
28.570692754092445
29.277108405500240
29.503890021105693
34.504332039335821
32.942920565323419
31.779299245365586
33.355545042668531
35.405791515456194
35.290671460773112
31.704430511172067
26.764635545432281
28.645277316419801
29.522485682353576
30.402702965649194
31.008549093403261
32.334367407174334
33.805062064817818
34.714628917580953
33.893810280105178
31.681293675843957
31.816459545205038
32.446535867200183
32.262579782948436
33.008554574071503
33.602978055973495
34.249248848809430
34.340726002272838
33.925577907566563
31.962604207490358
29.924580223821369
30.366193248448884
29.143507494299612
26.031752447932977
35.603539942939108
34.690661393356372
34.429752846910176
35.432810639768768
36.245098695783398
34.287982865197442
29.721395542766107
28.170731490879085
27.567806592397215
28.361032206830515
30.276606852138165
31.694908649819013
32.823057729656973
34.119144637446510
34.096536237648436
32.633912769228246
32.380124114729185
32.632086051513809
31.898363723448426
31.956006476495986
32.784001266752959
33.825334761361518
34.719181777826968
34.657362923060163
33.408779561816658
31.724525174757105
32.043955997214759
30.995873441277698
29.923093239836586
25.966769560030492
36.686067921810697
36.451062275944906
35.936959618965403
35.719335255943022
35.209087934395690
34.056558523910688
30.850940545646257
28.536750986897207
27.743507343212094
29.012631944472258
30.691285915559696
31.919288542502422
32.660415625583155
33.318685701731845
33.374696021517103
33.586359559679195
33.232950615955048
32.486967061750015
32.113482962206071
32.248369233931925
32.482760240620173
33.222012671155134
33.587577240045050
33.389698644117118
33.221310294898920
33.109809692057070
32.484356480749369
31.880248007512336
31.399814858987451
27.780991554094289
37.783053538584383
37.258001841697421
35.848277114821514
35.915493656889431
35.839523985168526
34.386162683522116
31.365930934891519
29.226846150224414
29.029787618583935
29.881533062963243
30.615668109398683
31.338479978416494
32.312043555034727
33.220170139204669
33.652751490053454
33.769473976437475
33.466773065621787
33.156926660646576
32.665941041310596
32.380067136112920
32.024756361570446
32.006434603815045
32.343207706576571
32.663689716567056
32.995442510550149
33.205898398761363
32.817754065247755
32.851194667308100
32.703346818746382
30.060480513505141
38.432840943438904
37.911751038145553
36.519937658896360
35.557047949002751
34.920124155495117
34.291194102400311
32.461842961476918
30.981036574426309
30.413928763531132
30.498225333965692
31.097260489004569
31.882458924803665
32.385106754733044
32.799591093589086
33.458500866683330
33.950204554897809
33.870641408907126
33.341545789012926
32.695169414528422
32.367296993105192
32.576720814616955
31.938379282661010
31.416900495290324
31.561438250343016
32.410238730156763
33.089445946673081
33.285422515597006
33.313344826367377
33.171762839878895
31.990373494643389
39.565844910562703
37.757534414572120
35.440459389962065
35.035212302147059
35.078404231419682
34.708515152176624
33.833079851494489
31.951804222058403
30.638334809331671
32.150086035755848
32.545375560730932
32.060906631518115
32.318842991224507
33.193617155105642
34.113582841531183
34.334669651149582
33.979025983118639
32.513042961435758
32.354090598923904
33.252441581310229
32.749962224630778
31.921424573391935
31.539184107178784
31.409517194373333
32.287788752572531
33.137859016847493
33.029462440343195
32.338028836262303
33.638239171358236
33.570457412302837
39.062809237380819
37.261573363575081
35.432555928271547
35.101298934649044
35.962319860242673
35.828054569267771
34.194096898904434
30.945964895370654
31.509547998986871
32.616319460737309
32.468178319328075
32.405927445033257
33.522923899388033
34.231280037084126
35.120640201451288
34.932788953023355
33.143472815632954
31.612334021751476
32.797835514555558
32.729240213739473
32.922855230753044
32.631776742753608
32.522478685549686
32.596027663590995
33.177113037623648
33.059468949213944
31.341816981429645
32.036119104002175
33.487292783362975
32.746929709252392
39.319344085359333
37.879910701454918
36.504738349108948
36.194406372309842
36.796033835806213
36.132948321312284
32.545746900143151
31.251369033625867
31.697875488251224
32.113514242636242
32.940655245424296
33.644095704589994
34.536865675624767
35.504485708018336
35.688802907176672
34.508672027116390
32.627650945771087
32.639956227842937
32.407390811643964
32.306987231527337
32.996778870840622
33.381923202751402
33.742314667125051
34.224606931138077
33.522627879162528
32.110128983308677
31.647247501663873
32.569732629629542
32.817042134042950
31.736123142443748
40.366430581161978
39.026577316301442
37.254286566216976
36.888788111424034
36.730019309355022
34.791089325006823
33.176662185321547
31.741766507015640
30.956813822521120
31.864770394623498
33.614074977941371
34.477653600620357
35.548820316114679
35.838130659447032
35.126555139774020
34.562322537179895
34.031579322647332
33.037167871448986
32.318563834207872
32.275907189344174
33.009959675312999
33.889221057388653
34.263392779079176
33.958762436317912
33.187477237863646
32.933676868762205
32.734391692272510
32.669072986815642
32.670043303651937
32.272429084489445
40.582172275608393
39.524634644984040
37.612862883340767
36.637109732865397
36.327602167266491
35.421235817566973
33.391623689376900
31.109128064143125
30.572235280221690
32.270311798324315
33.892481235225176
34.525680763370573
35.366819785939150
35.470629531489834
35.573669807943524
35.432904325174476
34.979674731401808
33.838128209914188
32.858195375058301
32.610796739564258
32.738947786058283
33.538254047434307
33.653857801366101
33.676750864009001
33.826327853958944
33.456608172921349
33.123322713562757
33.094032677942828
33.116632457550431
33.014528843547239
40.285394171786649
39.719058492745077
38.134854843688899
36.922296113443956
36.527098343558244
35.142320016927435
33.170219346199538
31.420878328731732
30.922203472503806
32.023646660138127
33.740262840258396
34.830423311186919
35.652361755116118
35.932779394732421
35.857693144937315
35.736642953098936
35.286562613075859
34.796291700515894
33.748750106644628
32.923471225357176
32.807408540914864
32.936057608828882
33.269624733694613
33.602890103568086
33.422693527163744
33.650474088765762
33.627320822390821
33.567056894735927
33.508882093733661
34.439782277305824
40.799949807161909
39.772241061416835
37.462271748751803
36.499927519452065
35.932761934270559
34.946550892005021
33.004261075026349
31.417539533982069
30.894615676635663
32.175724393191565
34.278904573315067
35.006271658285577
35.387050496881258
35.899046538807731
36.147531294714106
36.346937999725327
36.032963789236533
35.381052390877414
34.244771803648604
33.838599190467313
33.178288130444194
32.677996458468741
32.621493227003889
32.814354916788893
33.736040144321841
33.881558362744663
33.855972731237813
33.418673091925768
33.615915247562540
36.068309949724252
40.789095256365016
38.795513876267982
36.562228095655179
36.023511125203292
35.698098371259917
35.343117847583535
33.474131582579403
31.361477831603043
30.569520806051560
33.157740482435287
34.149902200407837
34.459036629583537
35.304618302744508
36.369177854974069
37.098481863883713
36.713663033322618
35.910617050588726
34.655148428918025
35.043686787619365
34.784989443580727
33.589198434509910
32.862760886443773
32.588842387516543
33.345612651824680
33.948610385729815
34.226117384428299
33.205635785238542
32.570886645427201
33.942783187465182
36.390049252231087
40.243519418557696
38.205087522170935
36.302558513192253
35.675015320999002
36.042545281667202
35.613397264549988
32.844343530535518
30.287785239272363
32.010558294760720
33.388587797010921
33.903973427785090
34.548673418196437
35.828155262908844
37.267228257474528
37.646908096864628
36.841900900076567
34.726685146933924
34.564756224298911
35.154048841795117
34.669471346370067
34.366007672587408
33.706665032398384
33.678352672104253
34.031599925771047
34.242890056607948
33.623784434006787
32.265097924890185
33.007160029071400
33.544657340099533
35.581691412966364
40.324911450602052
38.532090508730022
36.485424270068798
35.830807423685805
35.963970933024605
35.022284404738450
32.395323120678498
31.437933240062815
32.013379189657286
32.938677534801300
34.293476157518619
35.369630186313792
36.637410036008681
37.443098908535831
37.388757736964813
35.843210242652503
34.744890864186075
34.787057123978954
34.474186405946213
34.749834226051412
35.177610853697750
34.864437431756222
34.452745904787427
34.748041764558202
34.246837618733728
33.010366124758256
33.208113360522844
32.874160986248071
32.746872939561328
34.608482915562085
40.675387297142208
38.724804763845697
36.508332619934244
35.762107900430117
35.618083369297736
35.173072295223903
33.250007648630685
31.607644327141454
31.441646187345285
33.081453154481572
34.867445202792645
35.763402994332282
36.610568100815598
36.784933105671186
36.531680885012250
36.156152241084136
35.339857556346082
34.252689289855709
34.158441331846610
34.672617134892519
35.479050711336903
35.510603631984495
35.231904334433942
34.562370560312019
34.243918158990397
34.056556991265033
33.684709002327047
32.989443351648816
32.493830714846460
33.696821436462315
40.484107821356801
38.936257534035526
36.377823362508174
35.816920506300285
36.172404932213198
35.840342183469289
33.807681970493547
31.608934230198571
31.431494332292850
32.986620392266552
34.890090550922750
35.631793560236261
36.288067323557819
36.552759366007116
36.474777138067324
36.217868213662314
35.328246383720305
34.327166877491344
33.971033153047799
34.350171164484856
35.108247939888074
35.483786992896682
35.503393212157903
35.242453997236268
34.936805867339686
34.393506349012704
33.875689828612586
33.516189553585612
32.914026019328865
33.561744665981713
40.216665404096943
39.006031313842350
37.208960702490394
36.398252695135199
36.218335425550066
35.853770226380462
34.246986739165223
32.235454761258239
31.365224676655139
32.785658626139877
34.791115895390327
35.647550762815378
36.167168843430368
36.104017578432355
36.165503794206977
36.088837317420015
35.666757789884649
34.770241279627733
33.796332962318317
33.920169194753832
34.763034397589188
35.514030589169813
35.736806159217743
35.473266946632215
35.085401727436839
34.867154875142297
34.471569450916277
33.943031478585290
33.578936700463458
33.717527723599837
40.648271169440335
39.317828121672271
37.685257165564572
36.729966435155234
36.927029983779590
36.318649150716816
34.608656508492750
32.126057579015054
31.346607338245317
33.174585957908008
35.026869662454651
35.273512580725310
35.617740858939662
35.556866194287132
35.975334319625418
36.176479098564599
35.841506204847576
34.627537036888377
33.808480826007099
34.562690599389356
34.460794287328675
34.920036323185649
35.673531809704393
35.609822784593923
35.564802007201216
35.641916523830183
34.770224536227524
33.797189839504099
34.209243414312034
34.581203816874577
40.233780862255990
39.018021564144249
37.464906039634769
37.535683214455467
37.522930191473115
36.793730293892423
34.565776923578369
31.554041544998089
31.720709527977501
33.845282416189065
34.348233396084169
34.592574667254794
35.374019137111723
35.945331120102566
36.290630331372171
36.384934812987495
35.418733643445115
34.164165231661663
34.822113583474305
34.615136191474740
34.392904457759599
34.693956315178426
35.572295843055329
36.037419377036230
36.353424879708200
35.400222456189120
34.145149471845656
34.048798041225176
34.845978780329084
32.230892599105893
39.843788607917631
40.240553551773026
39.919953172433139
38.727197469937600
36.851298393647113
35.623202675515898
35.279872670889219
35.271464161521273
35.337943750158004
34.799698594629973
34.648544047240541
36.111732182715919
37.500238932653829
37.628798439957535
37.333185819646239
37.688946919587423
38.066173264987931
37.921670399727759
37.555433456989597
36.748680054050368
36.352523812488315
36.993945460632375
37.307088920595810
37.083084858174153
37.069234436839821
37.610126956366756
37.926950872470059
38.234792540716860
38.138900676215080
33.693605826486689
46.455139061505591
44.573855627404875
39.625224671384281
36.865620559666240
35.545501517940828
35.932682273481710
37.340630562649189
36.491364009932454
33.118415913809017
31.768805394308284
36.419481578788648
38.360909739813231
38.163493012510230
38.180968199449076
38.773940790513308
39.465448577388088
39.610820063829145
38.233749107357127
35.990899514040194
35.937595306905372
36.525383391094934
36.118934619220681
36.295901418051145
37.120429090970397
38.462648716372556
39.213031255464244
38.910081620494758
37.521744877625565
36.988651157754177
31.923438080637418
46.953248316979384
41.176622127105134
37.964124176913415
36.816074366277554
38.767519024387447
41.990777876677058
40.876278368412549
34.632518167074466
29.319992706864376
34.801426786974872
36.008710676022815
37.369754232507582
39.103281715145648
40.537859782330315
41.389229212959599
41.978046562700293
40.738740356919450
37.215296721694514
37.409989318138692
36.475034605027666
35.870924379278513
35.997377516267598
37.304335924320753
38.928791229353841
39.991722330791532
40.576216193477350
38.527541821457234
36.886590251889004
38.100381990194279
29.439193706336315
46.986636635644913
41.870446716226020
39.551359800883446
40.552065093045115
43.936463106001568
44.570813847068720
38.879718334574136
31.858482427179414
34.684266638931248
34.710362720313093
36.391776796294067
38.405474826032616
40.699531013338010
42.705880706125157
43.532567214192397
42.926043468156401
39.721623188520745
39.202251544900861
38.097188341067344
36.972985427133871
36.825757956881596
37.981577137729296
39.303027509804764
40.831641479541730
41.052262705763326
39.905598893532755
38.132752695658411
39.052385799299920
37.849334049195036
36.300006206980335
45.494387614407614
43.145350055504579
41.720355494871086
42.796450973499262
44.144354435443809
41.520843910934772
36.498414412848277
36.360720516048445
35.851549781341937
35.704921077033525
37.700261027464933
39.300820012529122
42.181015368583772
43.944703387390241
42.991991557425536
40.928108571385053
41.054813828874494
40.032188903697701
38.790779006824138
38.611434882328652
38.792117808598945
39.563705831268365
40.384745262108503
40.746746010720734
39.967124055390258
38.804654684524621
40.148689877997526
38.934945837957265
38.212608723048000
35.232049612399017
47.438282032678771
45.274800990226680
42.991218966141901
42.476768175818421
41.825067181791340
40.953061684843263
38.651280586356442
36.934788936523972
36.871594264587181
37.260563260382163
37.627873225888678
39.300521788586700
41.219635417296516
41.848571539056174
40.913477019565654
41.742757651282226
41.236021564847434
40.533429956607918
40.111168827967525
40.090178382020611
40.190278935559832
40.313632794128480
39.803689853495591
39.177336145174202
39.319793582024786
39.495007988915219
38.948165955781249
38.541356354417942
38.506749583476335
37.856185461089254
45.238118424487439
43.350544177035530
41.092660272067072
41.519075753167954
41.684684028514546
40.366055874575444
38.671700751666975
38.007236255614472
38.061197649876334
37.492048458552851
36.973436120623084
37.407749570004469
38.946533479847346
40.017115657229184
40.058056334777163
40.551069412885141
40.538045916804606
41.169202881059704
41.200091157165588
41.030084847760847
40.491061465116530
39.809367534195047
39.223211015240196
38.788616114453781
38.387360315881523
38.096287926231234
37.999333571824650
37.935607277096608
37.999742341188082
38.222143734447357
42.493325969949112
42.177889749046834
40.463990226662347
39.417493911334361
39.532483289239138
39.880563004350748
39.395655331325365
39.008476450917449
37.436438402555353
36.161830527598987
36.159178576703802
36.935935917443224
37.565021457259625
37.903213037573011
38.553161838509126
39.718102599695825
40.783459042371256
41.079060663715964
40.926324272355679
40.570980765343592
40.839224530359516
39.869212772845074
38.731978139804042
38.124731826725579
37.447810943951168
37.629905423901356
37.304470345441082
36.883921729339235
36.356514404005807
35.895620279464310
42.899699226784371
40.545876201582217
37.905084492138329
37.891021213518130
39.222312281167305
40.560507472095466
40.453580452217366
38.272885260417262
34.268008566375187
35.374163161029792
36.536975895903751
36.163317499132951
36.172256126326147
37.604068251697001
38.562782960279748
40.163204451757572
40.700433267069684
39.671444721962516
39.209522483217413
40.648220125800549
40.195542338161893
39.805633413742243
39.105624507867077
38.911632948240708
38.683863487885048
38.331967780309675
37.052742477017432
34.650468213389054
35.361737142003655
32.995877549447719
41.582000077107452
39.290051443864499
38.039358148272150
38.504376687974698
40.815854234785277
41.777154039820708
40.263809484205154
34.253424043006028
32.617809121566331
34.403334044464827
34.965346305758317
35.729523042237943
37.211740264444067
38.994394643469541
40.444368653005228
41.057104324214230
39.101991755199663
37.123018350892252
39.018790155000843
38.998293071450476
39.219438414526692
39.740075008001433
40.159234061385462
40.669801786017700
40.564864838883885
39.169269217389548
36.098231652869906
35.463663457946076
35.130822855156339
28.290375458637012
43.238078228456899
41.226011558077218
39.370165127965727
41.077888342454600
43.074265868042076
42.468177926052945
36.690993588130858
33.111806829942473
32.214322257380736
32.218337870524984
34.172863732783384
36.427948343773480
38.826128920488287
40.873403768236955
41.976798995242817
40.310719931633251
37.299501148744717
38.443016891724852
37.831683543230994
37.766585586201373
38.691487511567644
31.169417146995979
34.439879532347604
40.441183934189453
40.868490060973222
38.619276321147701
38.042674569244099
37.339239525519716
35.992089294454154
28.423531275615588
45.258656238598604
44.282156754576036
42.858928736305131
43.150757900298061
43.795060626787304
40.648964392029072
36.915600298596381
34.057048891673517
31.288012836490161
32.098849975339036
34.531489788896522
37.574389798121871
39.864311894767091
41.283071762734188
40.572244430827453
39.202438900061438
39.961599663643277
38.905397349803437
38.198986153229562
38.129299748028700
38.656524254046410
39.625528714129558
40.805725435545611
40.890508376858506
39.632304813434708
39.666743856968388
38.983412133599096
37.803409240249159
37.035564861593251
31.759259476140681
47.135915516862639
46.041883267730213
43.796583181151263
42.750025292199751
43.151972506174353
41.655567986949421
38.102596952892874
34.326455204782683
32.538625110515405
33.058428238303520
35.151685753403100
36.811396630969590
38.488985459821166
39.809105142264265
40.874469608964908
40.974902722803584
40.277941140701039
39.451241077838887
38.748894674435206
38.630817591744531
38.671475160158074
38.865205064240847
38.976299655855328
39.330426483936989
39.807775255067469
39.504432433784565
39.164423635120656
39.039287050097350
38.701405230273352
35.642823122057528
47.708028102122761
46.202159754518064
44.499532136652562
43.309702431530155
42.809221263609658
41.369615145862269
38.528586143722194
36.029999390284772
34.643887651497536
34.759231109162087
34.779370112714680
35.870379904670216
38.046960562532433
39.699050533817790
40.237691325422347
40.704483603832117
41.038697824631136
40.375341201107794
39.877677315677673
38.793347581990574
38.543187984868304
38.589823903311355
38.310912580498581
38.011903574664579
38.524669667729206
39.166419841856118
39.670887859737576
39.906069468503468
39.541254567164771
38.070001031823537
48.695165335246543
47.336104533448804
44.370890142517382
42.851403695078240
42.459002185754059
41.986814852183215
39.656296906671720
38.442502033074668
36.378712337145728
35.031680874461188
35.944882688017991
36.066314572249119
36.750925092178392
38.870553690238296
40.473870073788724
41.070325795624008
41.369341434828208
40.742856117102463
39.463940708549174
39.765589655932672
39.516490922418051
38.490425614884131
37.596163575446766
37.515592086242506
37.873873639594812
38.933677457515316
39.717719423124251
39.340134913071090
39.167507679322547
39.645465527447485
48.268564339678605
45.739501561148863
43.173639609849573
42.360819041537688
42.725256616202714
42.679083115620536
41.309309817620097
38.562816952477519
36.220458878296355
37.016236308099515
36.289338892380329
35.921898530916877
37.291218746293033
39.096944687567131
40.630775985384489
41.633382390311084
41.164580776850585
39.341823461615249
40.007780304414013
40.377979484183506
39.741588844081022
39.225882094714876
38.314731527253159
38.388041129924169
38.982764157584036
39.208400372297532
38.142002242274557
37.516739742620402
39.521608959987816
38.789160926205135
47.571563240966242
45.570588102476400
42.905561909939465
38.291255591795796
41.822729014242711
43.234951732121026
40.824282856138694
37.400531194442834
37.545890147907478
36.493849392070295
36.606653887355662
37.096335547661901
38.722547923316000
40.515728428600916
41.748471581121592
41.846089186403724
39.651413775675408
39.259303772765641
40.225744588054475
39.879435084695288
40.108619248010669
39.955451467039175
40.054024349653858
40.288033814844987
39.881498906892553
38.726691364100049
36.755081084332943
38.140542898852573
38.567590223363013
36.929967687899705
48.374526413461872
46.768490740564090
44.540237307743524
43.879924800796715
44.617810433771808
43.033013430191204
39.297642325109329
38.275823543800868
36.222987470421941
36.273822741409667
37.362573671729614
38.665887636719113
40.314614786679883
41.893482079267216
42.032674294343011
40.342126649882559
39.902049713244580
40.052462374930151
39.430702676598230
39.571698312682720
40.061099210745823
40.959372359811127
41.493054879937667
41.715333016878006
40.453128967567302
38.164986111441515
38.324550331188092
38.037423944008125
37.978464329651857
35.927386884782877
49.394588751049170
47.829508098276072
45.366643420358997
44.254663580881640
43.807005399246371
42.315077451646886
40.265148940989491
37.035332272925245
35.857321618335135
35.820891108124982
38.010769154336081
39.703340940092467
41.367842766635576
41.661294591383587
41.218428196161412
41.251294085117976
41.277740091091303
40.178698924399178
39.335017076794855
39.573314146885409
39.804804101903464
40.874534031521335
41.255451608044929
40.889003471745994
40.705535894318530
40.164689941923513
39.213447137161332
38.301856584950528
38.376654707471978
36.642095177565992
49.499889868308472
47.957111524649555
45.299575298407106
44.324031660743245
44.376631357005309
42.618901505919581
39.681390967548623
36.760749581087673
35.455316587031056
36.257739602526470
38.190311279122255
39.928674111211549
40.999748635648430
41.992249510714188
42.249245739802404
42.055341601609399
41.566704690972756
40.733677193185677
40.011993676735059
39.456564682704681
39.328124005059195
39.687551602002436
40.288757725823046
40.974628594552101
40.893839956707048
40.850190476754996
39.980944023424101
39.374838757137972
39.164451456374316
38.247933287738526
49.546714159168360
48.714969764749632
46.335147920289302
44.562983993836745
43.845115955268440
42.372223745231352
39.299734225773854
36.853212605796301
35.872745488885421
35.860557035654153
37.679046030074772
39.885058086271968
41.257234056244670
41.876638772452573
42.283591156839179
42.270615280537363
42.494484833107379
41.939029133977542
40.748437308464617
39.462373866294463
39.342032488235816
39.159940999708759
39.284436442888484
39.985724960855741
40.621449301550868
41.004628159843406
40.799998268353193
40.059977079555701
39.431765002632595
39.441584202301748
50.435488290869806
48.493081546850689
45.570450917153508
43.743087249390967
43.613054250418841
41.933122538350972
39.417877150438649
36.945840112120194
34.910380974903184
36.389756986158652
38.308844660618874
39.331604058005290
40.501996835168676
42.152737993797757
42.976476837631964
43.238056792424572
42.931142634374595
41.792817629827042
40.837358834199236
40.695575475336149
39.437530856941009
38.714741949749325
38.709656101030120
39.391746694570962
40.440042854779364
41.312142318046838
40.892535620943960
39.707877346792372
39.883263794147872
41.373166305805412
49.590167397677803
46.991647780829588
46.084455255521448
39.416782747287591
41.330294149597350
42.128223980410930
39.669036671870991
35.995991451813374
36.058797460107272
37.100562761977670
37.638944234853774
38.923581257867276
36.334894980814951
34.873139356104033
42.545438549550148
43.636143426459626
42.598509552339038
41.141256407929674
42.001781349115248
41.358248133262173
40.181896958508652
35.366407525261039
49.982293892865115
25.958028238492197
39.779154177479725
41.497164550961315
40.543209805250534
40.705213813900016
41.669328847715121
41.185501455836487
49.683277455624825
47.543047877528856
44.806481883806882
43.682847155289949
43.822779595862443
42.719855589102920
39.418382884580019
36.646792833658090
36.682572408185649
36.848362318915328
37.733230590269045
39.283011182534764
41.661836430931004
43.667561916775526
44.672708117194730
43.282519276774472
40.939944546425572
41.269643436053570
41.487078079805947
41.294118404962660
51.552840490802225
53.379067164904541
27.730187120138332
40.200703872315927
41.685452567168085
40.501564502203657
40.218682601092539
40.848775236280225
40.178346331270639
40.333982275726079
49.917756940376265
47.997370677431192
44.664025240564875
43.642382372070678
43.465930182715184
41.906967998408604
39.849860028460981
37.732840352907203
36.392149297518813
36.776490285234146
38.471655069625299
40.343115524351205
42.277196148549109
43.823831330171146
43.518040632315738
42.262517274269612
41.921009053911710
41.426339266797420
41.062642324360787
41.586563001105716
42.106379040818318
42.473249946930366
41.918561594788706
41.069706601128566
39.963895129094354
39.433198906305144
39.609587476357788
39.170635130145499
38.722012176093592
39.928295664370431
49.937469944910418
47.557767571565321
44.306598114786638
43.046214299619692
42.905477919843243
43.038469868184372
40.644025122078276
37.301767005219993
36.250504274309108
37.295935679526799
39.024462602409315
40.445672335703989
41.842776172361340
42.621589361559785
43.108964094363316
42.978100808021935
42.231724435630419
41.193449062369595
41.063479239203161
41.690558042692629
42.291683443207702
42.474936124281776
42.432823361723933
41.501829039809287
40.810371537238993
40.307566640497086
39.669355527827420
39.088230276493121
38.755446398744041
39.425899015286973
49.391452575250760
47.199632626072585
44.397862336289244
43.629753482207178
43.872096736762913
43.173280426886379
40.660969537629562
37.493277997385235
36.500671540231636
37.001009545321487
38.630320385093967
40.219066324099508
41.472453635967014
42.453292273148293
42.769956984787221
42.834458536608160
42.305463133538233
41.476180108630771
40.916957990721059
41.108093531247675
41.721687094607688
42.430765185283576
42.669785783474559
42.130075143020562
41.358872935652009
40.704844487035672
40.132530535991705
39.568308526807002
38.962297936228197
38.870308612822171
49.228862973301041
47.767956590093270
44.982005426875844
43.880199655713234
44.236167630454588
43.481627649386112
40.813131106888541
37.903204101402522
36.356299450161799
36.469974352292482
38.771047419998709
39.933241616779924
40.590799480076178
41.568003749742289
42.505242201911031
42.783093606918094
42.679893708954651
42.015454952083125
40.821854123083710
40.872182330080697
41.464451220081536
41.941036542881065
42.189278257321419
42.469846707783240
41.831984806866743
41.561008292483358
40.736420947262118
39.603312619273609
39.004641722965140
39.183868343163070
49.431902640842772
47.306842506313131
44.837247058911899
44.162096961094385
44.787823628240822
43.745839402778010
41.729326039245414
37.520516610322069
35.485590926779274
37.081838323749579
38.412005557277851
39.135096265242360
40.028854488470074
47.272426779612417
35.142026544470212
41.309482847167764
42.462638493727347
41.286140790947833
41.256892032656566
41.527550619361143
41.196353820993167
41.545580628933429
42.179168724469449
42.622789317970167
42.659209827910615
42.336145278741370
40.516240718789561
39.202651900916251
39.959717040406673
39.413176622219126
48.671597146544499
47.290354928163993
47.575456766585532
47.924070215334488
35.897705366203127
41.594685640645302
40.636285275165122
36.822877990741148
36.996512304132608
37.300600315911801
38.170605388911241
39.407819076070112
40.653267952031470
42.246163569827161
42.995318256399955
43.140073252162708
41.593550310886968
41.030541202070133
41.746439125019080
41.180328866470106
40.873150575624365
43.393846812065263
35.220286466386604
41.731166019407851
43.298723784523318
42.614761311120894
40.366361806999116
40.764977096262264
40.814402855637596
38.168499938920533
45.679919674478320
47.489177100537916
45.454579936338455
43.172223892158101
40.828262694691801
40.839073454794168
41.142644363389927
42.128406786075061
41.483756436778542
40.054559378182049
40.607238824497585
42.982858787839731
43.714936689319373
43.431380386113496
43.705235487646775
44.329298032754316
44.699056855487648
44.488177871616983
43.060271554955712
41.822639103936623
42.644284269798405
42.988579695533822
42.804591065810833
42.675706505192920
43.279787031928421
44.492007153116887
44.782096739357996
44.584397727367538
43.459654043262660
37.288059644969373
55.607601495910856
51.028799489901644
44.945970723619361
42.258851179769081
41.926766840655631
44.282621614070727
45.746076134434965
43.430536598616847
37.428917624968413
38.195229608019481
41.515718965190295
42.159272753996007
43.494179680906441
44.724890817049236
46.012934112011635
47.088335259395748
46.902321776493046
44.358261108498340
42.095668858080771
42.794247216839231
42.029051917586699
41.857150205463483
42.362446621883691
43.464882429164994
45.380984383033962
45.933117956547648
45.627021900504758
43.069084426699511
43.436518976779304
34.544194766020162
56.203545840850680
49.869254306277675
45.379986721154353
44.689328344939071
47.718461320857919
50.484413218456631
48.892531485315402
40.741003407973643
38.518773590161175
39.725797484534020
40.663711828973852
42.225560256704220
44.280726784153785
46.834211047302617
49.233380512323919
49.964808634923969
47.348544433824841
44.137034415862558
44.730767176105552
43.366091239455557
42.610239077557559
43.408957491657837
44.699900105726698
45.977686260539869
47.424251939579179
47.064331537487242
44.531245767890709
44.468617086871681
44.347992982829169
36.119015996613619
58.611368370190107
52.995292662213373
48.421946384505887
49.436591546560351
51.922706112664443
52.110602978262051
45.459497389453389
42.767232522609845
41.465511734806384
40.851083825224556
41.525127893715137
43.299610362509064
46.313395735259498
49.678555019220184
51.139720989723898
49.289805751262826
46.699811920243327
47.282423494191761
46.022976599997335
44.718516815285810
45.278883718447716
45.990539008465447
47.194052507375439
48.328964354339156
48.075714848658968
45.886175229167293
45.649315715142379
45.798846143755455
44.647784894790746
43.548452984028117
55.499679691745413
52.847281530321482
50.901355267122796
51.507855270340322
51.759628308971799
49.246269906714197
47.205550402507114
45.222440566168942
42.782328996540272
42.444904215760815
42.763924027061606
44.009083944870724
47.141440358887934
49.871273472522603
49.393197627530384
47.556200499149440
48.458105092614190
48.034928931237019
47.071207129069364
47.332071858318642
47.429676875717853
48.141911124185270
48.293035374880020
47.751906350054142
46.322183886080069
46.904246271686290
46.442149930668833
45.108888367742892
45.104950195519699
44.848008689270735
56.685110413019473
53.746072035545652
51.236550438047033
50.594806565104207
51.541915844970532
50.091316069228448
48.109833478229120
45.650197422270317
44.655558625051370
43.364084368086068
43.133932180627788
43.754587275350644
45.272785200056887
46.594708175593325
47.900337272797515
48.011540011470046
48.306286588380829
48.418698917413117
48.991974434258992
48.885020207325809
49.029921307308697
48.199750667330875
47.510452666431291
47.102450957765967
46.678073047187659
46.070957601562938
45.725424398848169
45.014372873781632
44.792344853631029
44.850283676190664
53.372585482989322
51.138475404983822
49.902672021738859
50.580382489977865
50.089074297496815
48.966583054113570
48.075147145553053
46.770815759090695
44.742169743939343
42.825499176973793
41.734454782950124
41.971400266819316
43.482364859433950
44.852356914826515
45.708308518206181
46.313899856603946
47.905848765016636
48.834551451727705
49.337709201504595
49.369333999588079
48.710168021189531
48.285465889935260
47.165856586794831
46.110919800736255
45.550699190379731
44.939783204557379
44.787739905073799
44.717456103879556
44.531361824647192
41.328194598137515
51.066523844953274
50.095001124521225
47.918484199757266
47.758702194490752
48.378125302342610
48.959416076481929
48.354695350893053
47.169637064575078
44.319173293874314
41.499226515695462
41.903520276892905
41.833232241819253
41.424402750683086
42.572342994531013
44.623222350497272
46.060639140150414
47.360930319401120
48.013565498310868
47.874553145189878
48.619490460164556
48.931429681695811
47.684506176384261
46.730463267321369
45.944211695226272
45.353148202050946
44.661289346442089
44.556227557144808
43.228302633605047
42.771860212570978
37.190868958827707
50.097679120355792
47.082522430425470
45.581643518321677
46.354551074929823
47.417840898739655
49.089707887613415
47.983433465524243
44.330659845241023
40.806969652284003
42.149558432221170
41.192097614986629
40.704317426878653
41.473552523056483
43.069562058821326
45.124145795859093
46.806398201647866
46.600757840031903
45.232246775787530
46.205644290745859
47.541997942901631
47.150098849524795
47.220814643866241
47.128888529765632
46.918421019158345
46.810681200769949
45.862905486792073
43.735279590612642
41.701089807892259
42.623699795094815
32.164456104823479
48.793367221395826
47.006184697497055
45.655676665041170
46.695727203208733
40.366492469177061
47.007989575122252
45.494522530014365
39.742548316636636
40.275560308627448
39.520843447110323
40.234696111910850
41.404620718924434
39.468286887251935
34.144080945532330
44.949592253009541
47.050441248822040
44.452126105120975
43.540221089718621
45.104779429236316
45.413623763713872
45.854239874973828
44.570526724758942
39.399893349421710
47.119267403569978
48.055266353184010
46.510482329131577
43.630280893649640
43.795015666292102
42.348430962749958
29.329504023840251
52.677572074516746
49.990718439611712
47.375424911145892
49.291522132715102
50.303604309241848
48.878321052292449
43.609534378251176
41.315311964978193
38.697635336227073
37.957242379332904
39.981760205340436
42.453064997660107
45.536739036378385
47.713766533753798
48.341685145138825
45.995832704579861
44.963053928597731
45.011287798815424
44.065307818416919
44.279720435885508
45.124086995575780
46.336222927139112
47.601762532079405
48.650652855413156
47.821145112910173
45.980521751906508
45.608846699016922
44.509672557318190
43.010671764711176
32.078891605412593
55.901397472099219
53.405202284887736
50.928099663840086
50.570680471303866
50.031774290623844
47.886549685846795
44.960523956760468
40.680197882793074
38.431511062421691
38.628021722090971
40.634196509074215
43.227544307704250
45.989013179517890
47.057112238241729
47.235214353893440
47.456234352754812
46.875366208452782
45.488344512217125
45.056803376219591
44.634364964420236
45.183634141079935
45.662826773259482
46.837657159446870
46.413099534451035
46.648024967963124
47.138838358658383
46.341078416273419
45.487265532983763
45.031040254580979
38.039568726495524
57.558656538522712
55.325758537103596
51.868573329212140
50.944807288435996
51.111267530071693
48.821426178350215
45.325232188142039
42.045836071530047
40.136387919128119
39.918132596220261
40.675648116021875
41.990290571385039
43.679403861829272
46.788977750786842
47.805027250590058
48.068552218373881
47.413932474935365
46.874227656113135
46.086016848463608
45.792105506232318
45.280624561736026
45.355944929891606
45.428856807391632
45.854766381198864
46.078648396301077
46.069290355833907
46.407268665479030
46.640658621453468
46.161833835622240
43.220421817384882
57.156993988276540
55.632894282889289
52.994301863486136
51.283114986916580
50.442956472381354
49.323574646170876
46.713344450140852
44.378238432624237
42.335346572992279
41.379302378439661
40.351773871644887
41.468622373707696
43.122077775159802
45.171769318822250
46.978495446111474
48.080849875026374
48.323264839156245
47.912995300039924
47.182489231072218
46.187313701511442
46.274080720825644
45.822739195349278
45.072902710517383
44.534777376726289
44.756137107482374
45.338845396117783
46.059542369411687
46.477798844283001
46.621891433371019
45.502238563196109
57.908109555776498
55.306997970406698
51.778843263014160
50.451174214379208
50.255194960380777
49.673304955938271
48.677228360348344
46.203181085217480
43.163031103642538
42.279377135099466
41.646032519219432
40.648367430380127
41.494313287362736
44.371080987813073
46.898744722430692
48.300397364202297
49.016244197083957
47.890665055895440
46.956450240265227
48.066259658866571
47.174595935730551
46.183935417373377
45.176983615704543
44.682734570358292
44.781362094702381
45.290977106276124
45.362297739126411
45.000801689566700
45.973669334633328
45.980180086087600
56.304271935223426
53.902148953230018
51.569646362359862
55.559663989674718
43.807232930516648
49.313560674621954
48.862275616359469
45.528049238189865
44.023104824047422
43.064201408670208
41.344107337454474
40.787269994299052
46.696938933511355
33.076216901478574
44.967537123013116
48.475173757901835
48.270308555926960
46.329141317913034
48.552055506575861
48.488321656892396
48.035151758538831
46.900662998558602
60.374326746354441
30.017470923444343
45.046846302120848
46.570631454028423
44.925313715825830
45.414432722914995
46.798492349310024
43.026390314364228
56.657594837097960
54.411382329270708
57.397956488316538
41.203780152018453
49.524790153408759
50.719407449741460
48.239213378619837
45.226098994486655
44.344638440160374
42.349132057054803
41.801550316259579
42.354808401241314
43.852755651534252
46.134789096473206
48.415034436684678
48.301363911109021
46.259964995572325
47.455353026214830
47.762076524239873
47.795510414319210
48.303578469101268
48.305207706476637
48.261818913699805
48.039015329044929
47.118078667587497
45.230753236240844
43.874799791376319
44.376230949723265
44.101971412232707
40.407182526274291
57.195096522280124
55.213744287915290
52.261833764222445
52.025688383975137
52.043051092465120
50.214663269662040
47.785629860915634
45.568973602575070
43.061869595290680
42.171763236212712
42.824713865258417
43.806512378195791
45.632878827726771
47.213356973726306
47.883388892012711
46.846038303925255
47.383142893002855
47.327105364303272
47.164595637260106
47.349822704609693
48.188505328620501
48.814935185461827
49.269767019575816
48.618541591934310
47.174050082170922
46.281837183533817
45.558360773765557
44.174709085615298
44.212080966190740
39.447927371220587
58.029028792351369
55.949811925703543
52.937042582038700
51.546419931889929
51.305353922612859
50.509555870343085
48.047840087898749
44.388618893222954
42.300135684774858
42.163650188469582
43.345897184046052
44.561366678822203
46.247692546447787
46.971501986822048
47.968950492576326
48.070676733967076
47.675879636971636
47.496524850663789
47.096586556784729
47.240682548793529
47.515892342063253
48.431563847598724
48.319141347254657
48.473273369513485
48.385926999830396
47.436670309575888
46.479581931392175
45.354720627394983
44.801270836136020
40.612927187552046
58.098101723276002
55.693353857653705
52.758777765857012
52.126867562038903
51.795218136465103
50.086851306219685
47.521443877052761
43.881783563244852
42.236905085118551
41.845021177422076
43.161575868696730
44.812461984349142
46.236277170889231
47.806275636235057
48.445242786708477
48.638291393164380
48.357403662039175
47.935934760115437
47.409906175804373
46.723752618369360
46.722390685131785
47.000824139823735
47.906309748265564
47.829586136135575
48.234807499394101
47.848869781885078
47.626409416795596
46.634683748831478
45.603573886128274
42.109656566989784
58.993059349525389
56.642245484430070
53.276429253678543
51.531782812356148
50.809258610732968
49.546861353545864
47.159259694878756
44.090949599915781
42.083760894290563
41.731533656465437
43.222476677038038
44.697869830973424
45.937977148648876
47.605061473901387
48.959453452157589
49.194145206976600
48.961456688398414
48.113243268393290
47.472733921678511
47.033636567513973
46.958128505496916
46.240331366406366
46.380615796800249
46.987099054363647
47.645485652255374
48.329138547259944
48.057598552717181
47.719447787084377
46.255649137232496
43.714831476478295
59.708405003384613
56.121378031943564
52.759555982340544
47.755913883685920
44.492704112721526
47.479072026377459
46.280764536004078
43.862645212503800
41.188722492517087
43.242656852319328
43.307228832057902
44.190810970582270
45.616144098625092
47.976812717609036
49.745265919446155
50.338657256078257
49.397000697289791
47.531597475517884
47.445227968841166
47.849250605646503
46.620874470653298
46.141919917501021
46.138787938135664
46.708225564351167
47.564480478741835
48.370563685464504
47.753322508555314
46.632405874974403
47.415221817777613
44.811363826025769
58.290380817291592
55.139748269413616
59.002344722359226
45.763066268909128
49.023292426016070
49.545239088808010
46.931158300662176
43.112322276300382
43.248096581354815
42.699685545929682
43.035304294999449
43.485116875908176
61.981530260983988
28.910905337943262
51.669728019534986
52.343691379418303
49.328056470778343
48.133753270513594
49.318557287361394
48.688901299681135
47.756590325697729
47.352383059340625
61.858364538417483
30.044513948797441
47.124524688550324
47.944966048242762
47.240911768484800
48.466022389265319
48.472497518789325
44.712688076760344
58.512176057572304
55.904908403688509
52.590889043193954
51.077296339678441
51.212261822795405
50.254900745913865
46.853351275957046
44.944607740078759
43.464279693753113
42.691501476368700
43.161394617866861
54.368906043535318
35.640249452454071
47.682073039879711
51.282839106253334
49.865569267808084
47.908865342956702
48.532738719464660
48.444674954216957
48.617613368641429
57.638556998534888
39.464388768971389
47.294553411710240
48.098501646911174
47.752527977999257
46.014542092801435
46.794664738686585
46.758901277687876
46.421926554851161
44.334790284734680
58.496296220913194
56.256933068123288
52.369790357182040
51.266670255946636
50.566167757123871
50.034931429805866
48.322755209076838
44.775951762606702
43.086297872641154
43.200258156874462
43.620067374663350
45.235916136768253
47.294266341020268
48.859488493102489
49.308178538408754
49.036850730313361
48.732209906100934
48.029026872756681
48.063131028658489
48.717044120730193
49.425426892578905
50.058997181008010
49.494656513029696
48.040493717713360
47.182084025773726
46.471082408043209
46.298735979733777
45.578042506387597
45.405825475854456
44.163089525567798
58.109257921273802
55.766338866110139
52.328527742569264
50.974968500688171
51.668255933637298
50.735619209121850
48.098568570028995
44.987372766539551
43.494948942831847
43.364292966443927
43.994821538430934
45.256346419422350
46.242434269003681
48.042120524137246
49.664101694210878
49.631809093619211
48.918999395656826
48.458744768522706
48.352311216516810
49.031496669245413
49.512408606410467
49.954839485450400
49.576421723631654
48.948664912420590
48.120655050259359
46.620571400402909
46.245213082286313
45.453208750082510
45.534009362062804
44.129493042570687
57.335627285924915
55.479020845281973
52.397584753844839
51.465298051027247
51.632612888926630
51.380401482773749
48.892285439283071
45.038174579815980
43.386821221209921
42.931258390250640
43.592027068790010
44.601428926456073
45.901005864883608
47.003092614476778
48.779375145265867
49.332261914830298
49.374808232608771
49.192127331242432
48.394120683405291
48.375231724390169
49.266194228893156
49.739109462976543
49.862661032557668
49.518625468387498
48.627641334089560
47.375586258679817
46.951320164245573
45.878784410672992
45.281542238687720
43.160450490344594
57.643204267026277
55.626269326473967
52.510391821106026
51.686962841257397
51.761090353251106
50.881993964205670
49.080652192817020
45.490973572774728
42.930337596474615
42.708364682551931
43.557806493551567
44.111146144601022
44.775477668083951
46.525738350813548
48.483347563239093
49.637339933643240
49.689209819294476
48.970929464441639
47.911780960857413
48.591382820446157
49.001472107640438
49.051309665139470
49.523006940161878
49.612738012108551
49.314365542497981
48.453284642215209
46.898590689918159
45.590889805104986
45.365611919509433
43.499079207027101
57.242107203207169
55.078705823358113
52.381374145366323
52.476271247735362
52.144836225545141
51.533048585525371
49.191889703082694
44.388215995855241
42.506959971613512
43.310964614197104
42.891142465980550
43.130667343392822
44.836715521757597
46.364078235001081
48.515946876033624
49.741772891907111
49.164074428794152
47.601065659215912
48.520450367532625
48.828329291220925
48.503077814793002
39.865151499609645
40.771819483600787
48.904003935713995
50.038457414616531
49.396292692429824
47.599096457179108
46.251509611624101
46.612588604825625
43.540077484944220
57.301769508082707
56.143431767021099
58.253946064822934
47.468824592749421
51.047204360895719
50.933682291822876
47.677447503760916
44.496656136795693
43.490504149968530
42.620440814883437
43.028803060758989
50.348306075953872
59.067157290487700
27.570076567855185
49.125627189759058
50.865444461578612
48.855830620786008
50.312330802677742
50.399271308810725
49.920584213253775
49.390546780664494
62.617431495761295
35.048574379373797
50.320347192713200
51.487190530922440
50.547850343657927
49.219418133498159
48.730212317760198
47.441735487397075
43.400335627407749
52.297704786422820
52.769801797545618
50.156546334410976
46.557427619636194
45.873079326012984
47.475531498489360
48.866949924948287
49.345102891626510
47.608192065947726
45.362631559204402
47.741910160129088
49.553682625282278
49.114476463179074
49.694662978092794
50.140838748955105
50.884440173864242
51.125915475209233
50.483908772582794
48.390817122981971
48.177838318421266
49.115150882525626
48.456277549205467
48.504413727192052
49.021164864045730
49.971415037404711
50.846076951042832
51.428347362342365
50.629723219692274
49.327792223815820
41.150190996802607
62.385073341820501
56.514570414814969
51.061107663509446
48.774112098518884
49.229437865850912
52.290656950953746
53.295484167350196
49.587432295335603
44.061266309513897
46.598043596765464
47.024649317347738
47.552798580642481
48.987607255148589
50.346841355405630
52.303917493165727
53.834076423494821
53.577333455596992
50.136718641277355
49.480281203141047
49.489703032556470
48.491006774395515
48.553099822717648
49.259475178190385
50.774612420969966
52.214508654474045
52.817177652148651
51.318669849963626
49.285376756853097
50.259481253981292
38.794885821531103
66.453699637908684
58.564907461831190
53.462870327673549
53.044981550533421
55.966565355146891
57.978502369379221
54.800026652182822
47.876137337071910
47.576429505906006
47.096845551652592
46.801475718007964
47.875915585707119
49.071583842742974
52.475835847984193
55.871463354585948
56.423143971454721
53.226828207832270
51.944607596653704
51.826205024100041
50.872007799843786
50.676622558864850
51.463095513763832
52.598985622884413
53.743743004731265
54.193993612334467
53.042685179135368
51.347488596373708
51.784872732215916
50.411737296966763
43.275224248139850
67.865934437570360
62.136365473073624
57.171869908464132
57.427013285783744
59.273357649106678
58.628761549809838
53.673747031329142
52.224948132076896
50.456719174697710
48.481637660188511
48.505863170356214
48.286368628669102
50.964469337966428
54.480643865904085
56.121696535910473
54.978349756929617
54.200891111428163
54.376218120345158
53.700862750051321
53.809776033914069
54.225200220944224
54.603698929890712
55.086173923240452
55.171824942493714
53.953346777573458
52.805814735004013
53.491017266931976
52.119839518732107
51.294747939138269
54.781214229496513
63.623932045007500
60.717681898579130
58.436934455763740
58.399114122100542
58.242078778239460
57.305259782075225
56.819628634043845
53.824099824813736
52.289737973939111
50.540364016556531
49.126293493575503
48.831865629723637
50.885764112765969
52.691104991819415
53.756587328424921
55.540703161155072
55.028565365914886
55.162011236020305
55.351817298963240
56.058485305662586
56.681074320616020
56.556137418860899
56.251065892139017
54.901143082290048
54.165659382775360
53.735415706331572
52.892865529846468
52.268967009492762
51.859647554532444
49.828937583904157
64.178703892235234
60.872957834862746
58.531696060893381
59.160049217293775
60.346750224778759
59.156782829198221
57.324999983083231
55.541275277836746
53.452373919134935
51.344036637953252
48.792065900572112
48.000153084017342
49.113063517256997
50.874301058069008
53.149066640280935
54.655303544005747
54.735216775308004
55.894544376371002
56.880755667776796
57.683211854935593
57.316318232656087
56.613670513709629
55.801967466119258
55.152145468495519
54.085924534217696
53.190577278616885
52.575414087624324
52.127861860081609
52.016421991450876
46.988073380027330
59.772732589086388
59.375944021000329
58.231240357138034
58.326691372931435
58.132366300877848
57.805089095081158
58.124032206586399
56.422613887768641
54.043824328108670
50.364560181594122
48.149612699380384
47.803202709748390
47.617500439593194
48.572394514183415
50.918791205310463
53.441493432992431
54.938691869669611
55.994096661861121
56.513278178087191
57.152799024883144
57.328172022483898
56.970584812149845
55.322147436882666
54.388981021802167
53.557202536209743
52.928275927816451
51.855790514175673
51.425050749931827
51.251757927524714
42.291703966427463
59.938574083109465
57.466273568942505
55.826966860311011
56.239057752449675
57.046398595941291
57.678551611573972
57.982844957202090
55.314703708253603
51.327488000110392
50.013316769122866
49.124052393203286
47.006638752260997
46.576236205731988
48.079946188200360
50.210155433420468
52.915984748393996
54.335665326449586
54.307330156395295
54.318668928507108
56.490265604191265
56.487049565352848
55.749703556764459
55.080938744060695
54.640857259739526
53.841704366448944
52.862969041090906
51.576163037131977
50.001991713031771
50.207322754416907
38.272028927907719
57.280742367257389
54.968789686950053
51.702544792888347
45.318635299694030
53.371735441788800
56.543128466779145
55.988007420701479
51.723081798607744
49.698028990865836
49.215171563125821
47.814944469272930
47.109433613071808
47.865773885307526
49.714294407319002
51.951070234797029
53.700258107669249
53.165883495771347
50.643600713949070
52.798424187597902
53.655218809040825
54.286938718851928
54.990326916283827
52.143905080474973
46.144416223084448
53.208823190666180
53.387571828736654
51.023845832122731
50.411052482547440
50.618873520999770
33.220971899606454
58.243328564548889
56.064735365513727
53.755085256178461
53.960468436240717
55.748997688417809
56.682177473506613
53.966941887550291
50.047715697782813
48.904877585562261
47.429245214000893
47.332694017647412
48.279214216634330
44.350154575287114
39.528863679937622
51.366627974131418
52.686813537014160
50.339546938025535
51.210759745928570
51.192808244537765
51.533937167017555
55.906712208023073
43.101333646577991
54.182571337594659
55.955352996046301
55.692289425949994
53.878500605920053
52.453712003564164
51.735448176514190
49.988589696094373
33.027852626058134
61.960390484184870
58.581514062923411
55.875545977230047
56.766791530511533
56.702424306277727
54.527657099985547
52.408022954507466
50.419103817162487
47.407848368879968
46.641749292707821
47.629799073265474
49.548488774656427
51.901095470954658
53.840654338209454
53.748700815681865
52.757239872574807
52.824959014553571
51.915575922702665
50.712673020027054
51.067632608634831
51.786901797456139
53.029304453713102
54.535718916453078
55.186282636877252
54.564051902087954
53.486423675503488
53.587734720013465
52.098052775008078
51.210601504363673
37.719277310855041
64.705318441662754
61.563948284318656
58.440612151211639
57.199938793599578
56.621620067707227
55.750841733587215
53.025798956192993
49.467701028174282
47.452281172703302
47.499841875541762
48.132500746482691
49.722230737760228
51.429655676852491
52.480796664400096
54.208538062468861
54.532287849894672
53.959261871547220
52.589145231418989
51.600842069998990
51.720270908766594
51.578177315714079
52.722065214964076
52.588799836273125
53.152926211430042
53.682911287667245
53.665952520138255
53.552238543953727
53.496378545354311
52.820135074678070
44.792689946878824
65.666983982315088
63.177759226676415
59.705118656798462
58.522999210722404
58.035056643032760
56.129646271922368
53.509046261963093
50.901023250703012
49.598949249873350
48.350371617592906
48.133475703151532
48.077495331242936
49.886969548520277
51.810468081392877
53.940920868765978
54.685809932491793
54.635841234509556
54.168656464253210
53.518283199016075
52.640200935594123
52.215323233465760
52.337352012268695
52.619734530896494
51.946555391472884
52.267554352112811
52.779703053409847
53.511736849028260
53.657237567978889
53.665110390916098
53.356891766445038
64.234324018526905
62.271329466678701
58.475005476381568
57.597010864742444
58.283550873804678
57.327254429883183
55.590102374583132
53.185822378340809
50.965775296060158
49.309538648590134
48.218337171294479
47.444827872276278
47.910918464200485
50.108517453723294
53.292576750306509
55.127640625289999
55.614897729186936
55.261427735114282
53.962258972287160
54.318178667530759
54.269284692928231
52.870196976152307
52.439018085612936
51.957271951106293
51.806150321582670
51.941152789651369
52.482919047906520
52.930158852611683
53.218864224136730
51.009028916374703
65.200165127005022
62.081930961309773
59.264236868536756
58.634639224068408
58.763458945239243
57.970027433843406
56.834772511947421
54.378626898787509
50.979358195292576
50.936711667756470
48.566287996780545
46.488202525234577
47.045567926941033
49.419902492826019
52.499919729630989
55.096996077098638
55.649145846256381
54.532106917545242
55.180192440718315
56.394020717225175
55.108787375883765
54.181023419884738
53.336259650301841
52.792683234756531
52.398673750962487
52.004118514856508
51.402638444174599
50.830027394805533
52.545004056134744
49.791649859975415
63.305939455119571
61.142113492295195
59.606408313726760
51.354166195802605
57.397164171354525
58.660615448415712
56.696810689082014
53.171677624185911
52.921522244514733
50.552702869460518
48.169999886143934
47.080872877471990
55.164209330369673
36.151895002832845
50.734470120536130
55.522573380288947
54.711028826637062
53.835716009978725
56.455649899636072
56.596373784924111
56.407757508912240
55.930984773859478
56.917424748247271
44.251014192894957
51.807401473191689
52.275197929432871
50.155567369893689
51.237478144832565
51.647211576414826
45.870188612045155
64.567758785677157
62.611357188578552
59.771836508345459
59.287795399720650
59.756887014928381
58.895189916420279
55.891972941759349
54.480459631569758
51.874209770174630
50.199226679179787
48.374837891746068
48.532064459332126
48.848038263870002
51.678653202824705
53.780138056512214
54.122783519692121
53.231460772134987
55.254461006602909
55.433926658356647
55.640265362866572
56.436035855974211
56.806786726449182
56.648610984793827
55.719577348308121
54.840833345155275
52.270810722175277
51.968461973735877
51.177106957243694
50.030036685599988
42.776260421503231
65.738631891303129
63.268352071680034
59.897624316380544
59.425815639691088
59.081706820630828
57.805889466503828
57.105756970960783
53.774509650606298
50.846954058604098
50.008231132546456
49.252350949349832
49.752239967288943
50.498162599262237
51.917074449982493
53.236983106256965
54.042007093235682
54.600422273807617
54.193831817894193
54.436614788734893
55.405393538756499
56.229519545503813
57.078196778127541
57.033429440203854
56.009414562865715
54.907601012714423
54.332550730176379
53.440742342504819
51.293970240509580
50.467410540284718
42.197547703372813
65.984508319192443
63.044286479317080
59.754180300087015
59.108828842857704
59.208603188301836
58.430037606918532
56.357299347508985
53.240677395528394
50.380224360374775
50.203215136283482
49.732177295621661
50.207632185253232
50.933358381187617
52.390408649139069
53.854170509579092
54.868742145365253
54.320726892996078
54.163534429719562
54.575749823660253
55.049562460064394
55.426790801365634
55.647673120585054
56.153768230807884
56.195055069377588
56.009358190710188
54.752046424756571
53.604648028795026
52.669215358873700
51.766704677978197
43.140644309911949
66.132717241762435
63.322039053323728
60.361819383894698
59.425261248850461
58.261815226714695
57.692810894838196
55.888384699295969
53.383004592287350
50.688691980216767
49.321345583486874
49.761733171213095
50.338476368877679
51.599618679140782
52.460176101015520
53.800440542617039
54.900630844711827
54.797612733112743
54.510212172552428
54.372486613105856
54.326617978478083
54.326381220651015
55.102452151604005
55.410235087896609
55.455427622340032
55.671709140514935
55.622971482783626
55.009771080226059
54.295625197948183
52.877364346085756
44.300374107070411
67.561371985268920
64.192118165090108
60.278196511873745
58.766519464045935
58.186049973483847
57.236058655451686
55.420837108784220
53.021969491049617
49.595406249861533
50.082151583209232
50.475269153450107
50.083351419355225
50.698490336375720
52.976675793200627
54.674673582440960
55.731091265470667
55.671085668973681
54.571284406217899
53.864870768411834
54.230021564879621
54.288089280947709
53.833874115849127
54.215633910830263
54.937573714928639
55.279951012850958
55.835355608164441
55.485026788008675
54.374994608111287
53.931091886911858
46.715484006534034
66.186125024655155
62.859697089098660
59.680241810409704
58.614605862438154
57.817019124194175
57.289811266561401
55.645667601573493
52.829626757463402
50.280241252951619
50.694514757530030
49.720499995314285
49.830191210617102
50.973868178612058
53.440674619498694
55.737584471249548
56.312134847471540
55.749813121398873
53.293105948054475
54.404083310227890
54.805346726173859
54.048564303049588
45.764557142899932
63.487560560039498
35.451336847679833
54.879875831156554
56.167546832332519
55.334218426207869
55.357542163389091
55.575666707291774
48.170867625067515
65.462284282240290
63.366697013771379
60.642515679474961
57.997991331524005
50.149141817542130
55.103579044872887
54.434937548958146
52.035876039126542
52.107907420084899
50.515046874830105
49.980394173925248
42.859102007660567
38.828564910433386
52.916935365951204
56.679581488651671
57.011682511919915
54.364394554937576
54.750029668038003
54.820070757285805
55.018036538232536
55.430900991268018
55.136395156124991
54.794948512253526
55.126904383008338
54.984124011407822
54.000450929902456
53.695753708054824
54.510401167779690
53.895154346287605
47.093343336403606
66.426358004198335
63.778495314165824
59.745248635623952
58.313851978717494
58.127999277854940
57.085024428635492
55.170326369103925
54.345056366797522
51.646714336206131
50.746786646799642
50.355396233866273
51.114686410521230
52.101573973844921
54.442337343544054
56.159333598930118
55.138911267995660
55.526661011408201
54.525655577749703
54.478852140783857
55.698635129939163
56.337838169801429
56.687418071197172
56.303433779766820
55.178591825801746
54.089109861512213
53.697995815840258
53.840729816566707
53.218435568015394
53.305482578468734
47.362096842691862
65.950670546329263
63.509208518166020
59.822319199886827
58.482985436870166
58.274681598439003
58.759705949165188
56.582272475882810
53.950543039022541
51.313315462025876
50.860481622197319
51.235297142385740
51.029694771668026
52.058374926861504
54.024932646878085
55.050798356779730
55.985188954896394
55.948440942182387
54.910822693953918
55.012838570807290
55.837898967167838
56.839606830735690
57.543828380602179
56.868538737824046
55.470139526618411
55.006408043634778
53.906091143109371
53.021270543822027
52.622939669505669
52.808197975667881
47.561994134477089
65.325083938193075
63.086573959329712
59.807486359188339
58.840324466100085
59.032845903387141
58.870426946772895
56.519798429389368
53.655862501950942
51.513450486499046
51.417576135415295
50.739871870836595
50.287847342596535
51.626549813385004
52.944264710222853
55.458805695847019
55.633655078933465
55.888796352933028
55.884681574457474
55.304815617471590
55.977253545227995
56.732823553058353
57.453926243672754
57.273751548388091
56.347572101838516
55.311167084342955
54.332176420207148
53.248638437635542
52.916318409245456
52.590613509869883
46.989185187767596
65.519073808731861
63.678124359656110
60.280247933106935
59.205212798016838
59.346184561719554
59.048711619695496
57.354758759931130
54.620928651247866
51.553433493842576
50.544739822740482
50.798001711711940
50.550881937022403
50.716682506853545
52.107486389011655
54.409942681908376
56.216756624583709
56.743000552135115
56.014616551396941
55.329879538035513
55.727329957428964
56.540115216741690
56.996752005391564
57.229966629075840
57.084641816616163
56.096833276011459
54.748789118962350
53.735821145769719
52.860398874075521
51.983521527472831
46.994411508878642
65.778914595312372
63.366487695614722
59.912261466453970
59.086690195403776
59.736601759187394
59.183383036345688
57.613717959954613
53.748611234122990
51.251447539172659
51.100388561389302
50.122598804167602
49.405816788686224
49.861854049795106
51.645260631832258
54.216516852486706
56.229545477041228
56.459537809006072
55.334307342949813
55.676549072689184
56.048993859657344
56.429670211186242
56.599296327866540
44.866541575353622
47.462813049270849
55.490372429925564
55.971345680622299
54.006901441798355
52.481439237230973
52.799962346204538
47.273445984219343
65.268561679053391
63.001716262671856
60.581807506590565
60.317411712207516
60.228577635260393
59.621403059590122
56.849923411997935
53.054037711103646
51.848373093881229
50.719833820454383
49.796235430495173
49.405066051055698
54.203227878276820
38.613214150136351
51.898574080787860
56.248404620114805
55.507047149191862
54.731687184073039
56.352279183126612
56.726832277305505
56.610629501012845
56.881580953878895
56.794442303004949
57.335178065223474
57.248410660748036
55.807106523131893
53.533101453721606
52.945258812071224
52.493147029581593
46.192149657192317
65.853150018611615
67.699861082473120
56.708977244759197
59.388072537078727
59.758830619993589
58.920733028929064
55.509688746724450
54.283844776754869
52.344186246869498
50.636979633468378
50.485272417866483
49.744824774936959
50.681402610000376
52.548646722412556
54.626592327527320
55.121313074617632
54.208524998394239
55.544387969061603
55.720704232412871
56.220267189749904
63.030603976131943
46.220272565400307
56.526565865731158
57.568991477586181
57.327978892188263
55.782684551573652
55.300176487856369
54.114499941242173
52.637354789280700
48.215016256535982
57.573268754967273
57.009442031939457
53.675426282870838
51.796844190799632
52.966116860374640
55.529530048115021
55.913820238878536
55.194079576623160
52.339936222532423
53.590597043868456
55.462483193213721
55.274675462597884
55.555209302043025
56.222256083299087
56.417744381107582
57.066648509694190
57.309799846689756
55.468247549880232
54.246931683969947
55.215873665416254
55.210821155027091
54.550278860281068
54.885070814287808
55.978473878417205
57.174700830873803
57.822976278515924
57.268861783507283
55.525528708902812
55.737217308386647
45.069031750396434
68.483041471269956
62.153153850513220
57.522296147465639
55.081281276339595
57.565406583990942
59.999923117471695
60.481682435861593
55.249239356747616
52.974813857775139
54.846978902134211
53.855374603001714
54.143036314800440
54.839783888602312
55.936083697621697
58.124411548953091
59.781403228558638
58.933921022022808
56.126679769960880
57.028152947487207
56.230801633030474
55.534968932061908
56.290866726766630
57.108848918018992
58.207740358672986
59.326998189196544
59.073029791549097
56.771225729335697
56.229831815720303
56.324188145814070
45.461689345816232
73.892167013824604
66.732747543897787
60.381682461447241
61.229041203500067
63.869230345966244
64.715464375005865
60.968638478257972
57.056711481992352
57.042569113218150
55.668718910290011
54.380387733260719
54.120345904494791
54.764529136873549
57.271373694971651
60.336087861449599
60.704076660177968
58.458865787478828
59.772920583875319
59.093459599162451
58.584494960153535
59.059463942868661
60.168400616693233
60.621233857749289
61.352864529170660
60.523159853197050
58.891991718778648
58.564797791310006
58.317839678121878
56.379951378919188
50.131153303122417
74.767537682656368
69.025135421935744
64.633602336061301
65.280052503753865
66.815442584129869
65.666925079829952
62.990048033369135
61.906590269051591
59.294064721669834
56.819909533446989
56.237959890203271
54.734808601012169
55.354777345998905
57.741538345781031
58.900644777442551
59.508094242352527
61.712276524625082
61.365662007824454
60.974476085835079
61.804521819643405
62.766250433392443
63.222384739892100
63.152540003186473
62.763554173304648
61.022940306268659
60.582607562967972
60.130867429288983
58.718536915457761
58.105720657570757
57.364316464562727
71.742835898605648
69.695057904707511
66.840254549767806
66.262612460333997
66.229504737375564
66.368426080024307
67.005933522319907
64.368717701840552
62.216326033929064
59.308548523270630
56.581707846054080
54.815997501146150
54.049591113765295
55.767303822782061
57.811534290305303
60.746441694721938
62.086181527834853
61.953108478874697
63.509541263807783
64.084801482898897
64.985739009275761
64.970124724738042
63.778886946189289
63.033316891274602
62.147641595871022
61.373849250371912
59.811850214033782
59.285686150390532
58.708332964906148
50.687165917963078
69.599986948266633
67.773484946272944
66.879117120156849
68.075165307492412
68.083016003733263
67.008349011245187
66.862525843054613
66.381263254090783
63.502823802781023
60.147527781111542
55.805768918092852
54.405452008941346
53.250795414239384
54.260153696529265
56.997804976255125
59.662105439254283
62.042207795690246
63.323129578734253
64.219376402049974
65.182345591050023
65.627379650498639
65.334137165613441
64.205594226293996
63.201527879193506
62.080764516856796
60.689305273490405
60.056891344298066
59.839531221845881
59.294423058319616
46.600255816039130
68.744607410565820
67.808417113553659
66.502526935458874
66.746879783099445
66.126623464006173
67.312161086084188
67.368646695913839
65.917210869215438
62.971305841381721
58.748708860479731
57.600454782412115
54.574833802885031
53.063995737466222
52.915152444784411
56.018899544203038
58.827181615338809
61.788279891533151
63.153044912587177
63.823322202837197
64.875927289232607
65.700456714035340
64.955827366287949
63.988713870602162
63.011075643333669
62.496586213818404
60.958074475304279
59.547720681080108
58.745367346827990
58.801165169544475
43.800220350107992
67.970288077194027
65.307400033502745
64.151437667816566
64.305185286136663
65.516838124837648
66.593706024224545
67.070949160263680
64.418942859949709
60.351943522616267
60.344816663204242
57.530427762655158
54.348743604246728
53.322772792115408
54.359438476025730
56.416059347718345
59.094986898354911
60.711185612521682
60.303836490821517
61.905936273727370
63.242674096745510
63.706727498593480
63.590524917140854
63.731805656237803
63.262306118800808
62.579003057448446
61.476917181066732
59.465696136763938
58.325423486526624
58.705303231554709
39.427470064071450
66.329893923151630
63.726038378594957
63.163494886729296
62.240349735602067
64.307432664022443
65.893916360616913
64.389865547268130
60.708780288996763
60.593020454204598
58.459248386629604
56.520509825830779
55.100068281664363
55.476697377751876
56.476270272855061
58.361167776790474
59.385161411842724
58.201549810520532
58.410448480546073
59.903522997170654
59.990840751232284
61.213416742344791
62.515640486801274
63.400226224456731
63.611326472089438
63.300600839708025
61.697826835958153
59.161448723492477
59.394985834126260
58.023798953261718
36.405988495629060
68.262200853358479
65.158172628936200
62.068903760312253
61.642902230759461
63.758437600747058
64.103459092957806
61.270748189992304
60.695071614750319
58.486343628142166
56.833198165619102
56.109408532555399
56.807602797975655
57.713219427322784
59.440890520092218
59.565748575419228
58.827017465558313
58.186570194236296
58.749903000409084
57.753477293546652
57.914318180409396
59.424241184969439
60.863439622808883
62.239005991537134
63.099093152143631
62.551783590350233
60.976998271612167
61.055468837578466
59.853430758665880
58.436123434347891
37.585926660909749
70.873961787374924
67.020435372134656
63.854958630285374
63.112597550222439
63.284604336160236
62.703955488954051
61.885785685230012
59.387374189370803
57.193130738778777
56.560482695357095
56.846739979418246
57.335465552142992
58.041085051296342
59.346225374142008
59.396353455098605
60.098603884447357
59.852063464223846
58.455761987798908
57.642823084825082
57.823231081399570
58.204728642947110
59.349846747539900
60.631447191590297
61.016602607990919
61.617456477417541
61.846487900653450
61.456542362082359
60.482900134854312
59.423370134567868
43.381625458105958
72.121263165455375
69.098911028736055
65.125802743676786
64.132659178934546
64.174993338394273
63.536273562386590
61.920163504120708
58.856619506714381
57.419398160180769
56.830242319502275
56.618700099518932
56.877308602706051
57.562946918964613
58.640108666020993
60.136313205164626
61.085911230155233
60.331591172536612
59.697800145294863
58.915690661383522
58.418741622292735
58.594297249511129
58.545371342775994
59.461868459467489
59.962548472822363
60.395380629116644
60.706163650372318
60.739937996498547
61.071849671025575
60.650935891710361
50.132148216731963
71.896948262761228
70.421373415159209
67.006154259827284
64.844276866175150
64.576602042132052
63.813525573995882
62.870356666985565
60.776544430193091
58.989504029115807
57.900653583896329
56.433806185961181
55.541504107050983
56.719504168026091
57.690950793446532
59.275392627123466
60.881281767496489
61.659372999589166
61.616950540407075
60.964837733627924
59.896902506634220
59.665398534042907
59.804917314898937
59.489817653029448
59.005927658398974
59.193231011686670
59.748370399094334
60.139487668244890
60.567705366376060
60.791424523396529
59.050382731360436
70.555111558806288
68.065380282319154
65.141108608448818
64.992821275984170
65.164149073260063
64.714270663620027
63.941078214700653
62.162768390394945
59.569472423290165
58.799028521237503
56.486769079141432
54.147387471330575
53.855758068145171
55.930640281110804
59.025402502703145
61.244913777859779
62.530184091056910
62.397569162901540
61.365053784142575
62.804382143796971
62.133654360680204
60.798427952158420
60.064180332209759
59.327938023253253
58.790101449946967
59.070155833533903
59.144691196116540
58.967043536334813
60.006845568406895
55.562022772364017
70.485092340241408
68.224143428885014
66.079969012853368
66.469536329782144
66.362255247666994
66.101639831468418
65.589746743386911
62.095813138560501
61.019250172560582
59.422132653327694
55.872286222198440
53.873337925770265
53.562495492358124
55.463424061030466
58.375020505870431
61.197040964280170
61.641222673176962
61.362826931660578
63.739013614957329
63.647335651539201
63.335388215854053
62.705689608829658
61.574220224234118
60.942864680725137
60.243832351717806
58.962531606714968
57.182834545453652
57.422240863631146
59.206811762905225
52.647502947597445
69.539270862714815
68.054689955221846
67.042630802866626
66.702107471371534
67.680517625501594
67.386032298829647
64.521811800925491
62.083837065992604
61.535035913395774
58.433552533597890
56.192604646234770
54.469264826492633
53.757168977064850
56.077562693123895
58.520381610906320
60.857614969590841
60.426730556350769
62.207431619510061
63.338207293666649
63.735058582581246
64.445076126659288
64.634375359158639
63.699214976362704
62.826640996708335
61.301751133337262
59.145181171066596
57.785167957696906
57.882361645047993
57.178583099418020
48.093562193579821
71.628019568404824
69.979045394506471
67.264557743452954
67.269000590266643
67.251066574586588
66.265775810783495
64.083601985449874
63.480928554535637
60.489822961705507
58.209747107906963
57.072483638560570
55.851572981531987
55.184638174267882
56.785685303165607
58.246399833385226
59.265076488820910
60.989367046294674
62.116966498835339
62.191285333194855
63.558381304335484
64.593779458291976
65.105446593036262
64.913481959741318
63.840215313414433
62.006123743785004
60.578484375096792
59.652873294350087
57.976901944321199
56.757599857528490
44.887645461953497
73.386578859125564
70.615388150428885
67.785627526909053
66.652215864904193
66.351310967340439
66.487789310681805
64.863270940624403
61.925281865550893
60.517502084261181
58.425944038204086
57.492841718826746
55.719456622575535
56.102878026903241
56.266477490835754
58.408106036601076
59.882711611638442
61.166370032592027
61.138625970664755
61.460823806873861
63.205123626310680
64.125298681804651
64.932694095089388
64.898249451051811
64.423085801805769
63.706322217809237
62.197255919879652
60.476902876344369
59.138658580511468
57.406345471846507
43.922573959371071
73.684701324660438
70.719327110879703
67.161756652393606
66.823943340332505
66.530122012890274
66.493987191558119
64.855238509625309
61.892029374988340
59.926270411039781
58.747716914482446
57.004136941363626
56.471864511387608
56.104270828495018
57.135007017233654
58.372719423800575
59.861460203952404
60.947642281142095
61.128189198837958
61.431298068670017
62.132121236366736
62.556518916330923
63.467373323286822
64.230253225208628
64.135548819597958
63.753192896994463
62.763459583641762
61.596001692324961
60.413912895818598
59.130396748684262
45.212653390295444
73.844975002156133
71.509993352396322
68.392903775984962
66.255399822704703
65.835579210750211
66.165340175237162
65.118147967762894
62.142592124646029
59.723560082945752
58.175898404493978
57.975276387749879
56.743257949201578
56.472018779926117
57.353095313985008
58.710375026223559
60.535512005537065
61.338447065422642
61.126896883864418
60.770355460324922
61.192360202310027
62.306056231833317
62.726128642756379
63.180889342963269
63.896684858513659
63.479537239450408
63.284379010861770
62.946908492889634
61.471765735568844
60.476067756138804
47.130524768177686
74.331141258829760
71.567269000963933
67.269409892905870
65.504548479863914
65.957642503714155
65.532879135011640
64.994946598548552
62.529957120358425
59.248450325679848
59.681751681046514
57.941565874132522
56.577692442162444
56.370088567928775
57.855218651535104
59.440806205685647
60.431842371230339
61.447227024734808
60.475671603844660
60.278510629145131
61.559394365319818
61.788918697456801
61.582653489611744
62.392465166790387
62.940259133667972
63.127968245699222
63.154917829502693
63.177448528106986
61.691092218201035
62.001804946333081
49.812416412003856
71.955313342821540
70.203554463145196
66.920588875221469
65.698688075176349
65.682699581602137
65.598543588432008
64.595906518163119
61.706426441998211
61.575281721308386
59.464346538832622
57.331764518368324
57.019250596307735
57.471510318743022
58.857724520771583
60.745875115402406
61.589853743774555
60.919388290142905
59.678133730494103
61.444342900690856
61.168794629970193
61.625900037157820
62.176639821041590
62.595281091558206
62.718357855771437
63.379512694054384
62.455527112247267
61.327050564895693
62.002247057595923
61.601637445111486
50.291068997782659
71.715849879656091
70.057730914255728
67.450049066785226
65.470767918362071
65.563452665592465
65.161425213609292
63.666548517619482
62.415386202714615
61.675100205238238
59.718857842986630
57.774837822895968
57.115888131516286
57.981652442361224
59.817272144794735
60.906304967190330
61.198071316312834
60.220314487859753
60.949977476513780
61.478492014196746
61.371724078398806
62.559873117252344
62.908770169995066
62.964739800383001
62.607999093262919
62.177498648327436
61.218651605604549
61.629296309544500
61.483517051092321
61.161587394206009
50.048347522555375
72.529913050364755
71.053730812762339
67.235286259393476
65.490158558894109
65.895029338836764
65.836510408773705
64.593182548444034
63.595856198372680
61.106133256255873
59.736581319999260
59.240404574236919
57.863173481103644
58.396974608941655
59.673554398741658
60.722198724088763
61.635680105887303
61.853993601987341
61.796260662969189
61.448538632766869
62.313436480541185
63.500488290820186
63.976062440942087
63.680221583873809
62.907976597541733
62.023283927913191
61.389285112165787
60.971414697658872
60.937720199799514
61.043358477523697
49.404405341023157
72.743950374688509
70.869801045172963
67.188935591495351
66.056279618989009
66.797842997768782
66.865294599877501
65.091278259846916
63.208587992558392
61.124088925006717
59.770325336273707
59.022681176217482
57.838760266073393
57.781514319513967
59.061594620703389
60.671778460563708
61.924972513571298
62.095505480369177
62.294853253802707
62.212259162243981
62.735811318000479
63.502981202069165
64.385765971568276
64.105282982539080
63.412698360541320
62.585238640927564
61.565419496840832
60.773996954940202
60.165934235224270
60.490963945844143
49.623577476287963
72.468363476192778
70.796214802233919
67.723154203908706
66.853851914184503
67.163379891055570
66.713937329335451
64.841780685994294
63.415012295593925
60.766450863007975
59.846926294927655
58.637269855236035
57.792403607919319
57.554449746312123
58.741315825797976
59.761798391089634
61.889537379391996
63.176300564998499
62.858100497265156
62.644762274696149
62.772805722586575
63.866311510249972
64.649004421043159
64.313645051079689
63.685514682391194
63.142449088874223
61.776845035562047
61.012357972552060
60.056904896121651
59.478510771933507
50.043453690529986
73.446246988910687
71.571384113994881
68.031448010839696
67.316309937843982
67.703733365806272
67.305065527455966
65.627133146402343
63.583924669900725
61.392000689660321
60.132461587717678
58.401458871438329
57.710444338295176
56.598978216723310
57.936836103544714
59.655906682726652
62.064329060332625
63.305764848055730
62.782204654642001
62.653461226639685
63.718037271380290
63.647054991035994
63.866852851192633
64.395022389119362
64.473650382229550
63.625296449958924
62.468623911929470
61.350438025777201
59.510468134807368
59.649559752642787
50.762289018040462
72.716457614548631
70.142181336949264
67.939579979710800
67.341222482136189
67.675369401790121
66.969575315390856
65.872665318365520
63.310247478038981
61.065837187151473
60.062215634241802
58.363776576728583
56.715055664824717
56.377188366823482
57.324568959153382
59.701892834205822
62.377921832016902
62.604445296559902
62.166904454828064
63.325922313456829
63.904284295112070
63.057766272402802
63.795987757031980
64.668281351783293
65.018057695961602
64.101938706492732
62.969426944623351
61.098919055742073
60.447119171392750
59.979224001986111
50.224573360448574
72.543776104510371
70.780368036575922
44.195595279564067
59.971710128100639
65.793631697199743
66.197818285112845
65.084713688252606
62.625262191540465
61.984931692577291
59.606065871559736
58.509273010269027
56.858610078058994
56.409184203928355
57.827390023902041
59.796690032801543
61.350519113038168
61.332351356901775
62.132263169839462
63.183764630437672
63.548240074743724
63.551770450967624
64.030440420007309
64.574385175842181
65.079829406235163
64.784143023540253
62.430760314203567
61.017151614033281
60.647779487468370
59.528323278133023
49.433755018342140
73.754882931075997
71.982402955951969
69.777471027985143
67.982162381259741
67.479885697915051
66.460847312919213
64.269580583735689
63.388498463522978
61.921740688089628
59.927398434526580
58.322469277404885
57.107233810341612
57.123910478623415
58.177610299373562
59.794685729675010
60.362907376109113
61.691515070714232
62.456918126852486
62.475763479903328
63.335479038025852
63.920780609701644
64.026687281000278
64.825726706925749
64.473065857058643
63.908849796336298
63.051836446781408
62.034244240546656
60.535188729549112
59.526808634699229
51.806922511689358
62.187602935097907
61.865437075979052
59.010399920950363
58.667027695411463
61.009487758289424
62.809303252702890
62.525965123026104
60.427867044104715
59.485318889127001
62.017273590859119
62.354811337407838
61.475885616397605
61.849270064573176
61.960874228661098
62.807156335416160
62.895561717288757
62.402245460418555
60.427983052527566
61.032156655883192
61.922977527797720
61.022129962674576
61.178884971809694
62.394462300334133
63.022412565453905
63.815406693790337
63.719933673617852
62.739931094422921
61.919066010020671
62.368878602074901
50.443155449432851
74.616349953006051
68.785411683373297
64.303875086274545
62.342158955110470
64.689837757768004
67.388465853527578
66.303350669667111
62.369730902750327
62.942080532069198
62.802414530979561
61.241397941408863
60.840972092307545
60.588423437099607
61.364268826407312
62.782148347861110
63.956532432363588
62.641108614859860
63.138830969959088
63.641149734306460
63.138882183008256
62.939979633928736
63.838835272910814
64.829958105786773
65.582132201044288
65.839418416491057
64.370970524612318
63.088713977558641
63.256477565060564
62.062679334385216
52.371386783993380
79.002222695623971
73.136120542495590
67.535159864234615
68.445867039708318
70.785780439636397
71.246278628439029
67.954382312514213
67.526877255071980
65.899647900760030
63.577598495018279
62.509064749427736
60.916618012940653
60.161933184270154
61.749811115967191
63.562388770480581
63.574583186782291
64.818948937568223
66.154101717402710
66.035108226700515
65.697280030875362
67.020875489689175
67.852347525799146
68.524716643245739
68.025249321598267
67.303693326666021
65.667984019922145
65.664669572288858
64.665735573931101
62.945350669112912
54.783516272261998
78.254781263159558
74.033807153072459
71.138017283533159
72.553941829506485
73.687371723625631
72.894340744982571
72.417108325611892
71.698641242912203
68.806765345988111
67.040188071163698
64.203931329194091
61.572947277994082
60.037480748189985
60.971861579521374
62.467654593629078
64.942522683146265
66.939393705944923
67.926659706271266
68.870002935712577
69.198023758256070
70.838060789535973
71.163937039973064
70.554979633366926
69.505481661028483
68.369616031282874
67.723826893456831
67.238086878581015
65.808550022195959
64.534383039324737
60.298576471036071
77.175951047955493
76.385670304507698
74.097202168297486
73.912272204627399
73.771068230702269
74.371718693975168
74.559547393066509
74.541111133679877
72.244344289251188
68.413905975026410
64.656088338087642
61.006514111338014
59.378273699586160
59.215441145613596
61.490204084013335
64.271087560916072
67.521560892696755
70.054885099887272
70.934969589342842
71.647779082653059
72.460485780136139
72.469971792349625
71.840360158694622
70.651386949753913
70.230807388155995
68.739911100379175
68.021785513650372
67.079156820262384
66.488676611631121
49.773967232106941
76.254136423831341
75.750989685896656
75.051244122168569
75.710056894039724
75.650288382164533
75.625364266443867
75.466250658826254
75.743264585931485
73.651102124169256
68.983475586942191
66.106133759434556
62.409690775173416
59.986556954803717
59.282464192461077
60.530981585301717
64.419457545139551
68.107071398370209
70.723438856683615
72.088638318878481
72.847219822873242
73.344242549016514
72.898140282078927
71.925893828854385
71.225747239714380
70.539451483469804
69.622098318359491
68.633140416676483
67.456537145331083
66.876764402165833
47.208842809225409
76.776280301660051
76.126462032019163
75.019056796635709
74.720067808962511
75.423606868696723
75.569022528668924
76.120156955515569
75.431772290597152
72.775715482196318
70.395245815466879
67.333927953906581
63.268911407883252
59.994489615625852
59.722804968570593
61.340510040651608
63.962253624036499
67.440174473964305
68.838974738539719
71.518517914296197
73.419233629771242
72.464791172805576
72.544657797459323
72.293833026416948
72.259744355677924
70.690764910238499
69.835638870950277
68.422193284357803
67.293187427941916
67.145124636400737
45.673746003340703
75.763952989403137
74.556872507089906
73.111869600067635
72.988198175585310
73.717261500621277
75.418766641657825
74.998015913400437
72.702449070772474
72.589043496116105
70.200070145271226
66.892298688264532
63.665313548391950
61.585460690200549
61.397600084383271
62.538887381768745
63.992251489002498
65.084750485462294
66.544894168926760
69.179093281628155
70.571779432501557
70.451336841346816
71.518814421895357
72.172874527236587
72.259570251715189
71.423647580028813
70.004469409832922
68.036303323660803
67.480658014063195
67.377341186350975
42.370069379044054
75.332497382663021
74.482740048003919
71.715343575460750
70.801414266010397
72.444480698027704
73.687095961793332
72.719362706924130
71.359693436893664
71.078902998157901
68.447717813755077
66.316901494737195
64.840862785120038
63.939477335963915
64.096491705503638
64.559545021486656
64.537023709255863
63.586226444803017
65.689516959796379
66.261861667998488
66.895190257192880
67.622060462883667
70.029488069516077
70.831382489931968
71.237875461772560
70.830586230854266
69.465898192413945
68.936035242112624
68.084906903930062
66.601220939554480
40.516699022881802
77.445671644255526
75.074939269001732
69.836042112781030
69.534748853402789
71.287769185083860
71.707038282531784
71.378122042739449
70.047792320964533
68.324391490692491
66.936294017349482
65.820474188424242
65.477700137194745
65.332170022128963
65.190788362940935
65.200918743197761
64.442770312756835
65.080080375547183
64.991173218215195
65.018210429130733
64.983077466391080
65.821644783889226
67.235561806528082
69.132268905253369
70.192310468955867
70.000495906828391
69.750822677809850
69.695085382031905
68.453682177869098
67.277308968402750
43.386610183361142
78.550798749156286
75.492124348020937
70.966349510632952
69.947621409694307
71.293068551604563
71.963269017223624
71.593026333360271
68.769319829047433
67.670775532429076
66.664754698569126
65.638538495323630
65.608830696428171
65.173871903490067
65.199495593415790
66.023436726315708
65.962871837368823
66.286208593605650
65.296952956038211
64.954076153595565
64.738944709619872
64.944392593625835
65.826594613235670
66.733766793008684
67.949649842972107
68.832667770161464
69.464376625614506
69.205181210713789
68.685032086578246
68.123994259880234
49.485618627337459
78.777647529335667
76.710422388652347
72.434856263330573
71.071250046110350
71.285512885724614
71.594853353370667
70.949653068093667
68.615457934615733
67.564807997654071
66.570446987974123
65.817636293733344
64.142880171779950
63.956249077519374
65.051857655440870
65.874739915385646
66.914472916864582
67.073293397770911
66.872740271439014
66.631369811455613
65.670784957222438
65.402156089940874
65.135654675443533
66.118075176077184
66.521045049974987
67.070725209149487
67.951985354280239
68.235890461265114
68.869127945760894
69.033199441124836
55.826327438219835
77.988096496429506
77.059666642465260
72.940205511864121
71.701798201246575
72.433608740892041
72.789182673570252
71.203855777244655
70.473658152622079
68.656626316292588
67.572165495841759
65.277010473410073
63.645380833481937
62.555094588399733
63.508542652594741
65.227604572050168
67.046596849652190
67.994050438649623
67.974105160868689
68.551275033999943
68.202394812367956
67.669485430417240
67.042817156544700
66.281508365593083
65.918698163009779
66.094560432572734
66.489994300883751
67.304464789046122
67.654767043584570
68.339745668403509
64.522969587533481
75.430138025842865
73.563417674898091
71.367406840099989
71.919290924687999
71.969869950276447
72.882195472667064
72.102567882475199
70.866475991563732
69.853943404725186
68.490260291228111
65.045522522350723
61.934834722144103
61.218464015956933
62.237682691650321
64.737528721011202
67.185363675778092
67.967334432019186
68.791144581327202
70.078198401406354
70.704798981596255
69.862275438042388
69.170574225910542
67.353456334759770
66.661643065254538
66.204578348859854
65.803966181009216
65.321717352318785
65.938625997009453
67.704245074736662
59.207140721186143
74.792018893398932
73.607991623440896
72.970925006209626
73.654047599521988
73.994651335371415
74.679000251096795
72.624099442366202
70.577383924149757
70.665717329770573
68.423990020561291
64.692040407599393
62.209596228146694
60.748564985176252
61.653487957004145
63.968394059772109
66.273473805209903
67.308669329752718
69.002684413147463
71.421543091238803
71.443932763958060
71.379555643678216
71.094179149122027
69.780049460741012
68.706811077549347
67.231588605235203
65.670990101427122
64.259464904551436
65.190452677296449
65.401642822750773
55.125374466077808
74.876237429593473
74.736207716623625
74.379574330055590
74.096668793461276
74.256132041252357
73.868685167227127
71.958389243585998
71.709543205254704
70.524236941054227
67.776942591308298
65.255727133537434
63.020432596727453
61.566052186573870
61.641132413171192
63.331491340190645
65.152161898963868
67.170552436903009
69.682303001422824
70.527358725727026
71.120586250772334
71.694143736272480
72.213676498887040
71.849692961771723
70.520119888534225
69.244584747140109
66.593124693479780
66.067176737429364
65.105102207794232
63.782704959828983
49.630489155007709
77.656385920986196
76.880138634221353
74.437292515455354
74.032576505848510
74.088992671236156
73.444507539125055
73.614740048597255
71.016780305654635
69.637210716132614
67.183704632989844
66.267528592692429
64.084027358646068
61.973505612129443
61.775928585004124
62.932038505436168
64.677174318792765
67.702365867576049
68.598677658191676
69.728486722701589
70.172687134011568
72.151113626615199
72.761148741618740
72.523512074178740
71.667654831656364
70.181642349360416
69.128006180873399
67.171312345430749
65.186475457225981
64.122915452001450
46.359381903795665
79.988039896968928
77.829974725960028
74.753643475316082
74.164524810194337
73.603259085533978
73.985935570354243
72.966086890195371
71.069989291646621
68.759885163383998
68.184428504325126
65.722357831843880
63.876023283363594
61.967987344080811
62.268957874397316
63.137863452460891
65.208958538339090
66.541690327296891
67.880815012065881
68.511984249846265
69.531379108906492
70.973788062072245
71.775690196885265
72.037710894629754
72.133876193159836
71.110156735593748
70.307477941361611
68.803298827696040
66.545779267313776
65.305410971017807
45.201198559570109
80.713274720614606
78.920183120165035
75.463474932221089
73.671588947655721
73.648671583673917
74.322344028327080
73.693022634094092
71.201667156836010
69.340161079368272
68.348558560120068
65.738012081718608
64.364305564258970
62.734929130158953
62.576954911703524
62.985557714157395
64.988663284095978
66.819435801099502
67.523148199563153
68.166665555316314
69.025470380317799
69.504940155334126
71.017545514473127
71.790611403736762
71.894109445935840
71.704002792207632
70.933022022053933
69.724716027172889
68.543886326399729
66.733128704119764
47.265531682392293
80.960947026781497
79.974295075894048
75.005618371139803
72.861438901353921
74.077638684596707
74.755588226713115
74.235789865724485
71.393057811120514
69.878941320483975
68.514578285165257
66.444397837819821
64.543854971021915
62.477577719456903
62.513965393561328
63.681575985464093
64.881884774532637
66.215000869033105
66.877959768580141
67.819942971264751
68.415982507182733
69.280483571504291
69.820866569527453
70.765647988412141
71.165077152235781
71.476494006667807
71.206476558762461
70.598896190367469
69.254687932951910
68.397762283294441
51.418509074051094
79.372647498960902
77.558720160587200
74.284736265329116
73.100383985976777
74.047102524630091
74.128855039806638
73.451511960925799
71.444934762963470
70.861787802090518
69.637789345689754
66.346416183052483
64.050056122977892
63.531981943260035
63.400858593255009
64.969582323743111
65.440681950672825
65.809114422195279
66.252189930293994
68.520004773560117
68.524837373038665
68.425977780851838
69.365545065299173
69.975477974006566
70.805861783427019
71.171601139541394
70.742506277029449
69.840383477965958
69.906601420225684
69.802707043687576
53.595257201197740
77.983652591185418
77.207966550907500
74.246431434681170
72.939078807778429
74.058055109417765
74.168178142442358
73.024130393962736
71.699557873445272
71.391310783132099
68.974261266749011
66.583065047555380
64.676838954912782
63.847092188629645
64.724286460046812
65.332532847276852
65.712737109784513
65.133564455830211
66.863769075268181
68.100481956055916
67.925388625001574
69.025745502820214
69.841245883944126
70.121553790298037
70.488555851361838
70.213402944530841
69.620172027944761
69.820473143601077
69.889191024679036
69.818970485954452
53.681211812797287
78.049737536152705
77.002270127898839
75.090997871976441
72.703904398165960
73.237448357600982
74.321319881238935
73.026913392672938
72.268409223839370
71.244467034221060
69.107192933644285
67.294146085377122
65.462142851925236
65.049157063977475
64.638271732080881
65.708757148072863
65.565202271352220
66.037821550709751
67.753026261686173
68.059636266521920
68.936194672565136
69.649679409441831
70.772715749141398
70.381444972068721
70.262159398522670
69.691929181353046
69.296343205854683
69.176981259543908
69.348725838744727
69.064837840640408
53.005280632982966
78.714205544903379
78.137452912095284
74.694762994957870
73.505451114583039
74.087262832014190
74.274606575785299
73.938321706052250
71.767347669230546
71.474823441075401
69.301943453136602
67.395528309040870
65.638001413945361
64.552119882617049
64.697760777505167
65.698203794265140
66.928705802120191
67.305330830662456
67.566130257281202
68.426629908672311
69.681328466411671
70.028108469115665
70.863258109885692
70.546254273969168
70.539411854493608
69.930398179902042
69.562269271486429
69.358937527621833
68.391220013403512
68.285019764892837
53.199407616051928
78.606133953056883
78.445532115446213
74.733831329747048
74.109816006944058
74.783806868679946
74.989267929127848
74.135408630573124
72.843105170945108
71.069074110960884
69.309325757591381
67.480934842194387
65.865119304276561
64.310175114040433
64.703729566398806
65.656958258533535
67.579862687756531
68.006565912337351
68.898093487063690
69.085482491226855
69.370788330033349
70.429400378466852
70.811652003627529
70.920432747242671
70.695267072452012
70.176732351852834
69.485937791196221
68.424740603688122
68.420089903776358
68.243698172480435
53.023212375141959
79.289163563962589
79.021912963988868
75.538429679758167
74.812201024865885
75.234079864012415
75.093227804570390
74.069898265762674
72.262467193271235
70.871704347977413
69.849680297110851
68.105910520616590
66.119006899147593
64.130034265272045
64.373515959599899
65.861858316386275
67.123152306170525
68.635199040802931
69.457558820670315
69.412813717622328
70.057023725403297
70.560369982934219
71.151650217404793
70.932841259883745
70.897624337666628
70.502640806621741
69.503418551656324
68.997289892781083
68.173229870394863
68.081076140633257
53.630276184977376
79.741103632181137
78.611706425117603
75.508488769487457
74.872517393922152
75.856984322518457
75.937750227010724
74.380889098034856
72.692791739010715
71.079328290700602
70.158081783489365
67.711381404760800
64.997112952161999
63.734617071087690
64.047313721017247
65.042653245098904
67.570258642614448
68.648623828883487
69.301653638861623
70.025134851218269
70.996097549185109
70.525685085431121
70.884547991796268
71.536374981577438
71.615246245507237
71.035576951724636
70.294436686531114
68.846504324573701
68.083708752506723
68.294677848708076
53.947135860328338
79.076455169927272
77.760432098136661
75.751574259510406
75.226881139981543
75.791089776159509
75.718661005960712
74.110038248402191
71.522085143944977
72.163798969377424
69.460126394358340
67.699389058367132
65.348844137713698
63.481690244389135
64.113437087972301
65.715240093760343
67.125745536415323
68.073484723721691
69.323611481751442
70.643722315679298
70.704690082321832
70.493234123941235
70.943962251380867
71.505843017038643
71.725763498050725
71.486711662704948
69.784790021728199
68.197642009359924
68.055169764615727
68.049388243267515
54.387727520854590
79.397549098329520
78.193049465559895
76.685508559315508
75.347115418369697
75.276238520363080
74.927722808535805
73.020421538904372
73.078662893808769
71.772945871572219
68.979495611495821
67.260204101901252
65.383685823147985
63.752226951056421
64.381919006550802
65.348546659180897
66.337731484995743
67.463136341142445
69.660557217389126
70.559375285250454
70.509312911586363
70.686977421401025
70.952022453461453
71.874504565930948
72.132317680922469
71.284055480075125
70.327741863749537
68.979328715174120
68.240428427509983
67.558816584369012
53.270013044342839
80.142402236780882
79.831367172101750
77.272803337820633
74.961726058892765
74.671225195237284
74.833831823015700
74.158097196407056
72.604120089883665
70.731022099892101
69.603655117433519
67.914546661655010
65.742456274359654
64.578566221838287
64.095607171523341
64.937466741303311
66.345024763078214
67.990071898773607
68.854401602824638
69.503633457223742
70.225746278286664
71.789820603419685
72.364812495782360
71.718643158776246
71.151985053053892
71.256508358828668
71.072668393611735
69.757103236284280
68.375556671464864
67.595308975818838
55.320789657210852
67.551425880540634
66.883934239585045
65.595373327975295
66.079946137027306
69.017640513315300
68.472498478388843
67.230623847811358
65.876622958321960
68.330997911280534
69.365272259223985
69.077142518600667
68.524899675527976
68.180909529429414
67.885150271544035
68.124997173337817
67.652421263701484
66.770122209573501
67.177193349673715
67.863741736246851
68.079503549374238
67.839825050529541
68.313531920758820
69.228300037298624
69.882547169808831
70.014166837297438
69.243968164538444
68.215847138525049
68.103579204073895
68.205402852274105
56.682769057873713
80.339636546029638
75.507860708587813
70.413392466420589
68.504611080457522
71.883118295892984
73.820191670961250
72.721228005477300
70.725812252305133
71.085476626108431
70.449024657943198
69.273078821082251
67.833909358917438
66.697448572728689
66.508877438816697
67.089325283842356
67.822681258624456
67.691328082509884
69.458836496780322
69.801199563352597
69.861573131737899
70.315086928550812
71.523922387151032
72.319361506031200
72.460830287669836
71.516305928394090
70.284506709450127
69.972971098943987
70.077933715895085
68.445299948522319
57.555541742566184
82.361896042729853
78.295787105648628
73.843653975904331
74.454879773538877
76.992573101265918
77.923523673200776
76.951811851411662
75.665101565851600
74.663617999291219
72.929088212248558
70.821130118357701
67.657675653533104
66.253399301400663
65.701442833680943
67.152556257757652
68.348237561624970
69.767489427971753
71.644261209670361
72.718672352845488
73.217722780212966
74.429926632069993
75.514938894613763
75.286406580190828
74.703038808155142
73.963112254940611
72.623006650551844
72.466666964134944
71.378932213800013
70.365295674415250
57.185341789675995
80.572691296509674
79.355269059972429
77.583908026791065
79.088691490923736
81.442854645963109
80.903038345142207
80.150959154582125
79.555401992321123
79.328256460964056
76.340236638558224
72.544396862571929
68.833676847735063
66.231297836579415
64.698519615582711
65.789783670208394
67.758323364103731
70.872090688474145
73.799403144081765
75.954141125803545
77.102547238617120
77.782348487388674
78.029256516017654
77.777947157694371
76.851290088836080
75.517304956165219
75.207075535604588
74.324630473462378
73.157914067658197
72.662231352789377
62.225357347600749
82.322009021750233
83.621241018036642
81.448747932804963
80.968069562005070
80.117074222380410
81.543651331400298
82.275006200903320
82.806180813480253
81.932714493316311
77.918766111557971
73.940590160130569
70.505264174130502
66.356820902614444
65.158402162900074
65.841879389494281
68.455168363596258
71.742475416860259
75.546213417543925
78.216685830142978
79.692267632789907
79.401852598556928
79.339801392935783
79.390352739081067
78.998954623385501
78.072639082813765
76.745380079696417
75.781022884394730
75.184279640946130
74.137657781761348
50.393336678849408
81.599213601497965
83.080807963390399
83.034520340132531
83.915826351377902
83.183805658042161
84.269205605833065
84.781484496103204
84.114952647930323
83.000518688122654
80.257091242371018
76.028785253339876
72.680977439748801
68.473720047174268
65.607574147519088
66.497618657136641
68.813707233723690
72.479164801315136
75.345414598330350
79.537759218997323
80.578867454751361
80.303729576183670
79.664182805370572
79.427827729191364
79.862230940187004
79.233296448673443
77.802284157669064
77.344148412600248
75.993200649049115
75.889734028400653
49.221648731807683
83.138110715436483
84.185633009366015
83.368149147356235
82.689891773937831
83.507729529968842
84.645070370125097
84.385127290382400
84.271934775255460
83.557552939885056
82.303713034549077
77.617362635690597
72.448051837403455
69.041545823295081
67.575921567883000
67.608344603650266
68.448678533206873
70.681338904932076
73.767462209909041
77.736757057888468
79.467079898682087
79.987835895767589
79.803900996175344
79.739672145007276
80.189164065955310
79.836743021870632
78.512607320889074
76.800378560038865
76.553274923603510
76.657152986506176
48.375924507794323
82.956208310952547
84.289090501117641
81.586386300934123
81.004017861497772
82.641816174217752
83.172816908732784
82.508708464505418
83.208148418334389
83.294417052774264
81.319856083551372
78.122148942678550
74.133347945968410
71.545788219491357
70.009836740097811
69.377745344668696
69.392422892363101
69.287732923435868
72.525391150721731
74.718709871302693
76.664720337314520
77.887477480377513
78.787595616487664
80.029512741479380
79.808616396540302
79.759032027310937
78.166944854724051
77.846923354879280
77.456672677450740
75.677886258445085
46.819468898248061
83.978519248335203
83.708870012176021
80.075398193501613
78.729724918030385
80.059322868351757
81.273788936869295
82.442334315799911
81.815015119560456
80.599754119596525
79.697373678048407
77.268889600335100
74.792754933765366
73.019658881096575
71.281144593973494
69.912901434300892
69.402206200285818
69.627943537283471
70.956592180318978
71.976873929816875
73.223336520700514
75.233968647231961
77.051435553550107
77.832571141966369
78.766065329743299
78.678713009690682
78.016868328043003
77.793127665553669
77.106142220198137
76.192038092710519
47.344400172006260
85.374732689578650
83.596638655367315
78.600626369048499
77.783324456940818
79.739111306477923
80.400563147234351
81.580513779845148
80.107958672069344
78.877703483878946
77.419210576036960
76.929603749244691
75.210443363850601
73.708499913239422
72.056298804103434
71.252849671259710
70.878365683592335
70.867305914275462
71.000792162965240
71.139566734076240
71.681700886904238
72.970428030235851
74.217094806638144
75.479890024903568
76.746441480898113
77.805295946427435
77.957953160065074
77.921993273287484
77.597277696525083
76.779642785902212
50.982907844853528
85.083784587269847
84.062957710247389
79.061818760472363
77.687011840867797
78.783343698665306
80.483419197652665
80.630582601884100
79.889936002522859
78.652314093187002
77.417210683286854
75.579240660935113
74.591766798140156
73.032957227623243
72.045674827985351
71.695903692622707
72.164868308688924
71.634407763163182
71.901359221941604
71.996549669563294
71.916975027165861
72.136961985751185
72.760397047277323
73.655199894249307
74.427382469028160
76.067551283582958
76.597538506961001
76.766828004445145
77.395805937342018
76.747584558883020
57.625914631764466
84.145414354441385
83.123217825102429
79.634057617032909
77.970822538314025
78.936673197441507
80.378371885050541
80.664597737547851
79.272675784975903
78.086605778531009
76.994598885231028
75.750670243465251
73.183867255411116
71.815703430637129
71.511106324332502
72.251024811451103
72.848617985992803
73.024064955329976
73.232369675746995
73.401908866764430
72.977939990766444
72.897073558086987
73.265777586067827
73.098590903136696
72.918906980774310
74.068051258204520
74.666810852295100
75.813126351668174
76.503759699530036
76.849876561096579
63.497963936009484
82.489400090933188
81.024301904735481
78.591633045736629
77.834599836411812
79.998420320714871
80.950371772354089
80.372461204148905
80.259426123691384
79.243814803334843
78.016528861854439
74.777872686822434
71.531223974452246
70.325343402138500
70.175276583070499
71.320114745956914
72.641460485177191
73.674100796826878
74.287872383620439
75.652327828632778
76.035038666937794
75.116377120870752
74.610708909110727
74.020184255068045
73.236382725986076
72.859975484542844
73.193753349009981
73.691569496086032
74.681842263348727
76.243753061583533
69.189210434876884
79.732725334560996
78.509770123747359
77.142372817320805
77.410136077729106
78.919158341131876
80.411567478397060
79.743934122349955
79.362759181017495
79.895362898395604
77.546723511275928
73.731600629250153
70.415364003397684
69.495226731398532
69.518981742911521
70.741578290828002
71.911486414640081
73.174960575469441
75.832809182109244
78.138953100429191
77.878416834744399
77.643078366743296
76.896578311170515
75.623279703046080
74.129919909080812
73.370039029681678
72.887187350709212
72.029322130797297
73.075737633606195
74.370267514998602
63.149188498278576
79.047162670154862
79.557318237911588
79.692896938313368
80.715245969778067
81.750291569115831
81.440182494624707
80.165540718508680
80.340336259622376
80.413541528728089
77.558990163448442
74.892926707168201
70.746475161028698
69.113071275466979
68.607887275999644
69.428829854944851
71.292303350291789
73.359725524667027
76.400377217421976
77.953960262303923
78.851740213762909
78.997781418673526
78.853893823385846
77.687632114136960
76.129596635040514
74.501688941978074
72.923256859093115
72.362721718254960
72.512320193817587
71.812318388260096
57.850456560808915
79.533940765950518
80.659960622288395
80.841249573525815
81.291666398358757
81.578379469046638
81.101502858949900
80.919660628328486
80.611990643113813
79.324708618274741
77.356450203917717
74.733022471166493
71.704820818489665
69.102280262823413
67.825241917183149
68.294496853716964
70.248787067740921
73.301693181951904
75.939593641042677
76.963404388948717
78.390212049356904
79.329945385646809
79.578677867493667
78.988374444232903
77.767566210093321
76.406005952494340
74.586445512540948
73.493472898958984
72.014108703982501
71.201135616860839
52.092959058598311
82.162475403936099
83.243465300915048
81.689285543267744
80.848571705401554
80.310283303977045
81.232165451035868
81.142705483298585
80.194101367165956
79.157459617559951
77.011851823479518
74.103585625530911
72.541282545202279
69.213926531775741
67.509478281349644
68.218175857974899
70.145905316056613
72.871042911117570
74.664139548068405
76.208593192839629
77.758611929173114
79.121101583979168
80.090533423488154
79.899690459417528
79.026255195698837
78.122665340631954
76.752479768403830
74.764729278667062
73.040803259551367
71.376525677796010
48.877291852952773
84.559200461918692
84.969184218948755
82.756734728633688
80.673402643347842
80.873285754815953
81.421576109691642
81.607586705324323
80.134942660732733
79.002613486970461
77.236571461307520
74.764733943375248
72.450592738753429
69.229850320583239
68.203436497595135
67.956155911220904
69.508143076392301
71.554987158788364
73.614908709737620
75.341312299504935
76.493482633455613
77.820925210750318
78.871739222210977
79.710331317092383
79.970001549151547
78.864596469837579
77.904676928007987
76.926651981266090
74.943346565227756
72.681086570608969
48.963177784745724
85.518118904927420
86.277489529200523
82.592275618969779
80.514304994736278
81.591257264557584
82.948812018852252
82.236836964076758
81.215195635954188
78.672736664132330
77.475606595073103
75.310552025064339
73.209650427820492
69.682479819426476
68.089579559974908
68.440356829589859
69.519770253335153
70.947794649095812
72.840622731449002
74.515865338856486
75.884556922039337
76.916905158634108
77.689580390211745
78.799027739919453
79.809757998340558
79.267579307445857
79.131908106204065
77.610476251628114
76.662591439088672
74.906471828522200
51.343074377236960
84.820922336405090
85.474189056826546
81.523406849878995
80.629867529238126
82.506410330686975
83.223133223484524
82.712063192372199
81.305140573262207
79.345198419535990
78.052030422206883
75.839287355920533
72.460403874913311
70.361724368813100
68.776264868863805
69.092949272375208
69.482866299589162
70.441514075471659
71.812086653390537
74.733440719694215
75.756738329105531
75.801464044606348
75.929193674384535
78.164121198325887
79.379996630436040
79.243420708465820
78.893292498240626
77.705221738106744
78.032433182367683
76.706080941953331
55.602564658094963
84.299631629596291
84.100056417921124
81.445218566295850
81.200454968272396
82.406336128550805
82.823990988621446
82.354729598099425
81.044051956870916
80.473886644578059
78.037556749433833
75.480032786972828
72.753102306668467
70.957659638927112
69.525770210933231
70.082663908580543
69.408922209214666
69.905267198137722
71.743346061696542
74.155292599791494
75.452734862064744
75.746750468526130
76.418840110999554
77.660014597542755
78.156708591669229
78.496062320515691
78.464184343872461
78.118382819741271
78.341635168635548
77.659516448670558
57.409686933287311
83.428447279860208
84.317756984437978
81.808070584816790
81.574884481674758
81.915073024610422
82.486885480982622
81.902361569660698
82.704239035221221
81.564481290329297
79.119641286375469
75.884522620523256
72.929328752165333
71.634894282460905
70.916665076393897
70.563761362960804
70.170579510875911
70.076672546269606
71.756233935500234
74.213182779273026
75.401170135206002
76.449091165900370
76.711755307521599
76.801409866699572
77.619509723786493
77.538295351256252
77.604902461628186
77.541466813778044
78.107763267192922
77.116527727577846
57.850548451115230
83.777398247998931
84.771894131778964
82.458153553659315
80.895192546942241
81.810310241096602
82.943792538356689
82.136851725047975
81.986951454424954
80.894230808623036
79.264291085641986
76.317183010330524
74.046176593810799
71.964889160690703
71.040777778751760
70.538855400366131
71.021337849990488
71.844966209563225
72.625264132744533
74.511724086650517
75.551405957971951
76.763000654171677
77.331291937522792
77.138427537716126
77.064475950936540
76.641447071227617
77.294637846234338
77.279102195699238
77.451194928303849
77.640754429103367
57.398414237135206
84.049395991616990
85.216572883278957
82.666181181251545
81.444822737919694
82.153384303505590
82.878629122161882
82.384061583754260
82.510044364543305
80.311589612128316
79.341155593865722
77.113617253261779
74.474105126806535
71.897862974014558
70.963939418292739
70.980582784550279
71.578595469829153
72.300939193813676
73.847703504840553
74.564192103132314
76.067133911984470
77.050912151389610
77.716643736686109
77.328233100689175
77.203506603385122
77.344981338645752
77.179000036572148
76.527210979295972
76.641583580368234
76.810422155304622
57.160424375498977
84.688015326856231
85.591000050131996
83.238124756269997
82.324609725767644
82.849709893138382
83.658637120400584
83.041756439724594
82.068587554238306
81.324208098982155
79.977359413988921
77.477801309317471
74.606165018160510
71.850959896600074
71.095367387406256
71.260766585749494
72.291661246254165
73.341458750625577
74.404310063858802
75.216730613638461
76.067069458003360
77.148664790308757
77.603774583169525
77.817885678181284
77.716888509176343
77.295923210999874
76.926704266432665
77.020434883813920
76.251348482106209
76.574553996727559
57.789449098652668
85.029793993662537
85.750006548994179
83.429668259965823
82.679645650556012
83.724807634112935
83.516848345312340
82.686454853046712
82.047409217263677
81.000249672234688
80.194382764740070
77.196302760494603
74.436196419017534
72.337405967212320
71.086462366190318
71.684598006727711
72.467976495317799
73.737367609030230
75.015682563076652
76.553617755934596
76.894185509245659
76.924489652497073
77.097457559924337
78.085088417406538
78.276309282346020
77.738976066906872
76.908120440366702
76.165410152701980
76.404353487220703
76.505168265546814
58.643999083687170
85.394119270186877
85.128620066472308
83.005277117312701
82.812180969039872
83.321694150725989
83.604681090586084
82.864538390721449
81.758727757652778
81.200251877854143
79.736356062627877
77.522219112557451
74.309967725532772
72.203679283658388
71.116806134480058
71.273152922777498
72.702275716938402
73.826525436808211
75.601039953769430
77.544965847722537
77.342417841825196
76.907114377391821
77.475195848028577
77.986179937535894
78.403096822974987
77.897834052205610
77.254346731246557
76.175376044169838
76.512314047032632
76.158900832551396
59.296959395788058
84.832263543602835
85.117306951182812
83.263140598887489
82.987419637496288
82.954064857707976
83.234756305721362
82.486847683719873
82.106095459714552
81.562258284983216
80.084499065876486
77.095101854307302
74.460033540870342
72.107178664038059
71.053690079855585
71.868470759277429
72.477422190021386
73.724946976887651
76.373936939560991
76.891626601752563
77.704755842067271
77.368794596752352
77.593720366908656
78.441668928115917
78.663419935987818
78.247506508313336
77.179431199867835
76.916319607248965
76.579092271592444
75.865495114247850
58.798403110100054
85.579887822265363
86.656719837568062
84.069378118032660
83.210073290445237
82.881680467125619
83.005986979886060
82.645596694165320
81.981461499392509
81.851679423197297
79.713231834254969
76.992570512060283
74.907764387061349
72.005511917251951
71.235262038076129
71.323042541307672
72.072848698612376
73.794555231212868
75.960325615766209
76.895021046794668
77.654336915165516
77.922650146094014
78.159228381417591
78.621892040961001
78.834567665212489
78.070991574252204
77.924676823653385
77.143481410697149
76.482612413543933
75.590048476592429
57.870743799577681
86.216928223831076
87.122307312472145
84.599123618279748
82.612066193675815
82.841621687565464
82.835151437929483
83.559818519243009
82.378107317421851
81.123707725643115
79.297489847862209
77.360396469261588
74.568184547991990
72.501350758545087
71.465006108932570
70.997384730479070
72.113556520858097
73.872792036475417
75.091475266778545
76.549009928365194
78.065293157091361
78.678060493809681
79.024531529160072
78.544335557386461
78.408149973357339
78.347235269548847
78.141561770881097
77.529226681527476
76.361389690942659
75.724163569550413
58.215301308759180
73.490206720407755
73.113252255503909
73.033826428284399
74.216725885263500
74.454115144584961
73.043472870861024
72.776527613931620
74.654721761502955
75.905007140790531
76.162211540320286
75.867364859257037
74.883182810411512
74.200968810949234
73.397887915004574
73.112849704339709
72.442757748977357
72.502581419172728
73.850883029053776
73.753210668090816
74.356048395776597
74.712244087639135
75.729765160566757
76.343165273671019
76.185133437816006
75.558178784127023
74.720922693955558
74.618132280438914
74.604779498057098
74.000433774880150
64.270804850926879
85.178246190920675
81.772652892593683
76.319792127177010
76.455727360069517
78.146029887796786
79.769969573763504
80.224922521026372
79.194845943158185
78.848456480870581
78.581422428207745
77.025420065422850
74.447703518828391
72.985342620134659
71.550102429641441
71.080786948073765
71.981352545938762
73.266982264320063
74.577041545288708
76.421570346310858
77.015813859257491
77.804196871603494
78.625728771898451
79.117597218804576
78.540257108340285
77.097617636885957
76.945216590405209
76.230419758662919
75.676836945688393
74.932837001771418
62.167421375011131
84.122852208990508
81.907629077108638
79.281897384902095
81.780349564582508
84.024219338188743
85.544058518119016
84.041841976036650
83.411865767427557
83.332840293863171
81.945249075235949
78.425257535406885
75.456672548164505
72.888998095324297
70.914116180972940
70.696786446078377
71.413186340456591
73.849007515295284
76.396350731042773
79.245120365336675
80.854624476344640
81.527010972309085
82.359582057283674
82.570147809192548
80.952975780742918
80.092692285647871
79.004748910034124
79.044492085958098
78.259342967347521
77.859717268459235
59.047094628599282
82.365782230565912
83.031967368394930
83.956389684018376
86.673533891274332
88.844283576185916
87.732712467784395
87.974146501722430
87.622928439131883
88.129449233924845
85.053885668790826
80.514563487181505
76.883829164171146
74.530530597528795
70.983734377960374
69.967637220553144
71.574421705102381
74.385100578827107
78.673008728230002
82.204760070152105
83.535513066835932
84.897263693970075
84.747331731803655
84.810579308552832
84.471192330575334
83.665459287432583
82.729104659021857
81.107505249231821
80.345226324941848
80.312588749175177
65.659377456158737
86.387882853545435
87.704422042143761
87.342073642623376
86.867331581292461
87.229867020205091
89.810633082162511
91.161781761079993
91.334540794040521
91.187852235864028
87.464338758534950
83.365945840974490
79.308055738874771
76.620813726071418
73.151820854184393
72.088323676120154
72.591831038646234
75.185751636238635
79.956941898108809
83.541951332909633
85.681852930058525
86.234371201574987
86.448607732589949
86.255687447215877
86.805524267545735
86.025627589758557
84.684250129003630
83.519071701478154
83.628540674185459
83.395480909778456
51.158545414205669
86.936423537382680
89.336353829464599
90.599776697954809
91.405735201650515
91.263705173526091
92.478889541183435
92.105158968680016
93.290515467022544
92.861542927856192
90.190336509648887
86.436728822870805
82.606658903721524
78.630396959979223
74.921273945195196
73.478928619496855
73.563508036539659
76.219434585920766
80.023926059290332
84.160019418591787
86.076392033966187
86.805290411236555
87.674465431564187
88.283133600665664
87.539658779609098
87.526371402224754
86.118509098837123
85.604660215179322
85.552882051073553
84.983129914924419
50.979475450491101
88.978704006585389
93.210601043819025
91.620093214610449
90.689475586886985
90.853438439199039
91.764531912102342
92.755334641481440
93.606084570671484
94.007027384723358
91.755595217203179
87.802114995906692
84.521819189585656
80.329809843879261
77.175643504148766
75.427831405420221
74.362579229647750
75.539835458090792
79.099977152029680
82.329590229046616
84.617967588979511
86.208428672910443
88.166309257970269
88.099151789772307
88.181396115323906
86.986026442229232
86.711494891135942
86.204668026598682
85.853769991628894
84.636849054909774
51.879165864695516
90.534174333663813
92.654226150662424
90.212271286932037
89.425126159000669
89.860146540292732
91.324237951795908
92.343775506027328
93.404908984351195
92.723563266745032
91.361563774584383
89.022651319802023
84.796196945327793
81.882938155629247
78.671010156232597
76.740268729598682
74.942722446798172
75.496675772117172
77.034416198894661
78.978038898674370
81.435000167799856
84.148901369058080
86.290911617355789
87.730194543206636
87.093776816888237
87.287059411175392
86.855892380093337
86.904411975515103
85.829455208645669
85.139239209339379
53.415920293678070
91.036569497438364
92.533771643648848
89.696662077585586
87.522467895023311
89.179946938640910
91.053490210215102
92.334366167119398
91.297747688104835
92.222138972623327
90.743719868639232
87.947253544126511
85.164502117084453
83.222697803483896
80.061571180172251
77.351832214889299
75.791595473578639
75.780711582982207
76.092188473056765
77.361781857634099
79.516300148580967
80.972110390643351
83.667284290474285
85.207046431031628
85.705127505018794
86.481404152220236
86.236416670403372
86.535328693678167
86.049916057189108
85.964877413535419
55.621323179590888
92.760678446304695
91.753336496008984
87.713892464583097
87.102225549141565
87.878777149560065
90.149046048933570
90.386844621186725
90.425929888849083
90.930945379231488
88.918275987701961
86.832817929250837
84.798122134546659
83.347352811801869
80.301920360932542
78.276730188555590
77.216940027281481
75.951363037647155
76.501887443559298
77.150474968786369
77.700610315856807
79.073314713605100
80.831381771904816
82.501831751329760
83.833045214728955
84.438258011684908
85.058642310806036
86.008326033704492
86.162723854188442
86.012033008654214
61.382898348629702
91.800982688401874
90.548907680751014
86.962411851390016
85.932444130856084
87.312847491040614
89.275439788741863
89.714010981343890
90.041061568519851
89.606183617345096
88.675587305612169
85.082403792705549
83.624852636720917
81.749457119795906
80.613895870130733
78.914442454299575
78.176811165024475
77.227219334521422
77.817217813941994
78.257940938099324
78.590053362480177
78.840632096898318
79.140719747538512
80.562752880368208
81.867469528322061
82.616332384997307
83.739904672953458
84.794720613911153
85.954201603103058
85.924524404634582
67.558149250394848
89.943742015288166
88.592334994675994
85.773263770297760
85.648119419394277
87.818223723968430
89.539331592422002
89.074212548149035
90.158052527135339
88.762071677637977
87.308014787580291
84.776915346002028
81.645640117980037
80.324639673311069
79.694897871912275
78.785579953307490
78.515435418330810
78.244437000897477
79.110654322097190
80.142087119353732
80.202747617914568
80.135650875723641
80.084235639092256
80.330954810396491
80.979532714265076
80.896918634129904
81.502242029741637
82.329816029212765
83.977276577975630
85.002162077428750
70.911055364783010
86.661027714475182
86.433919189807611
84.168492422977280
85.150120187625589
87.801972812374146
88.711195575074186
89.184496114030509
90.097371954932711
89.661045178400698
86.697846005341347
83.635440462922759
80.497878059304767
79.226692695835766
78.489062132802644
77.933538862846646
77.830730658576684
79.036954651313224
80.797263232902253
82.563736818479981
82.531848707276168
82.218484170771717
81.826556578198378
81.218115971750592
80.914852500509880
80.593305375468290
79.893000094432779
80.654520315189529
82.320722626625326
83.087665222995525
73.910670187941534
84.181133554358709
83.165575343738254
82.697261352937645
83.894572472672493
85.312495901424839
86.687219117396481
87.933047423645107
89.344748538290219
89.955686504098210
87.019084887643686
82.313095772457956
80.358497412735190
77.863548368754351
76.474674863243081
76.337488260562182
77.496395332933403
79.151574490556357
81.730215093133950
83.981752773826457
85.004968023909498
84.205022301925894
84.023821040626018
82.714185277927839
82.166669755898226
81.031220889268340
79.444177364088418
79.683584970630221
80.389639618849301
80.937060687737556
66.689696627194081
82.217083511898508
84.392829827751740
85.430450872019151
87.189273033374761
88.218822802187958
88.845181663500455
90.085474500416581
88.983284588775035
88.943385753299921
86.908305521250384
83.452812660023739
80.362000879102652
77.386277987812008
74.991137613166003
74.877244875471419
76.678682025785818
78.637519914470062
82.012406421925803
84.233975013405711
85.483902335487343
85.680515669846102
85.786017285987867
85.318581486908769
83.185228087550200
82.057457493938244
80.168344113181931
79.688063904849571
78.926493549285794
78.858057312921545
60.699936489013602
82.881736622356300
85.880382867161757
87.158779092979486
88.028237706825720
88.223124280112359
89.468024451523036
89.242612210383541
89.249370052259948
89.055873293711201
86.952471538671972
84.310239365800115
80.256748189697475
77.324187288619541
74.586640317154036
74.776067461162313
75.710280440665031
77.593010564350124
80.649364891131569
83.194845936201915
85.000526389274171
86.076828217538690
86.684611879040119
86.556347562471956
85.509417615316352
83.449985790803623
82.061367612142362
80.522359231507679
79.793413901052958
78.548303035434827
55.035909957677539
85.544230278126150
88.248468636243544
87.749714327488093
87.287771224672127
88.097403143526535
89.252731615608823
89.844770979964025
89.213990223498584
88.476019568651850
86.748246029886502
83.993146378634975
79.946981665437363
77.191935241218346
74.683533656395355
73.647931748967210
73.967239558252331
76.385251382999655
79.188054589019970
82.508241925639993
84.316000722885462
85.170152612634439
86.625690318855106
87.333460779326103
87.034836606421266
85.414798547312373
84.244655084743727
82.181511259567159
81.111467917256320
79.369403205921188
52.382670012292856
87.977778789124244
90.658258040552425
87.961495920926239
87.187720254999704
88.850131134337460
89.755952273380245
90.093920859682271
89.762344864438859
89.257347599026275
87.198300020423972
84.086854532167635
80.609405772158610
77.601413496704382
75.270515663065922
73.412563274386642
73.497641386264419
75.090618722354350
78.567389977517365
81.210282472597896
83.191192379536545
84.529890035796768
85.411026103633787
87.260589336599935
87.807255684833848
87.255989863431395
86.068245727690766
84.167158977817934
82.495245232434314
80.961423685113047
53.128874875067154
88.645704743354543
90.753012357829391
88.468135008524371
88.317689724409519
89.854894101514560
90.776637731010595
90.648686182788182
90.436848334677393
89.631054697367034
87.621279415722938
84.362861194615192
80.721158902429096
78.100284205416713
75.246735374829171
73.972277140736793
73.620861297984618
74.448467025129275
77.234149190322341
80.992673644093358
82.214128398574459
82.836712054780435
84.481759474185253
85.867030279309063
87.367129940543606
87.041601837140433
86.159288051555208
85.137136133175005
84.925332357080393
83.096645279079098
55.958753965650445
88.830632306315394
90.869686614216974
88.821651057025548
89.329091675234309
90.335154199521753
91.124527814673343
91.094688777984146
90.978716346788048
90.229330605165359
87.541000280542903
84.495548115537829
81.411040107178138
78.981595031381318
76.543994677032856
75.267514232236749
74.014459453415185
74.001366009303936
77.309511390313958
79.842938827403827
81.618327738256838
82.855175322663655
83.932729359481286
85.198023465822018
86.309293866693920
87.060814215905651
86.018335096905048
86.403364719816338
86.395308016562694
84.823134732457206
58.745390466944883
89.057530355812261
91.208992811387972
89.180037812353135
89.158274833146876
90.242518649868899
91.158200078563155
91.477701803160500
91.811369688162884
89.900053275055086
87.598603899878853
84.550470541916297
81.631181251612873
80.141057800923448
77.547408570396342
75.691333705948708
74.782272610277047
75.125009317586219
76.960679132405289
79.681472962393883
81.534642817125274
82.590524021729735
83.146334884360442
84.479476129790669
85.059320037954791
85.528326054356711
86.166796015015393
86.084765974176932
86.095614459985427
85.696636771581353
61.297550948104849
88.718826078471025
91.084177486090951
89.451588616988076
89.201499413935323
90.227442044458485
91.392851862799574
91.863650450237756
91.440505250083490
90.876849369729712
88.783495537425154
84.988973965950606
82.681126016151197
80.319033602409263
78.154950707166535
75.755061827799395
75.688646103552983
75.409555868587390
76.877826914258037
79.698786880206853
81.329576716469546
83.061450330591683
83.782497151058891
84.272889427776619
84.492804460396968
84.998146560777940
85.412494423566656
85.688765800680599
85.853809987540302
86.075230135010315
62.403691036429990
89.172925510187909
91.867164307850231
91.018315615880582
90.547578095067010
90.603882805891146
91.641627391418666
91.289278992719161
92.293381558474238
91.040051964533234
89.579206497344671
85.766380033711940
82.599250835255930
80.889621493057447
78.246198667514278
76.827162746706563
76.581863199154810
76.780794591630666
77.647540589143972
79.866251851939708
82.006514357864560
83.115479489505944
84.046550728309057
84.369942108863881
83.769597566971399
84.695515692636974
84.793672948781236
84.691287014261036
85.094319246190906
86.094751712613970
63.201942413040179
89.442801842532532
92.244681238383365
90.997443656995742
90.152750656847275
91.134087753823650
92.074671163112768
92.022759220903623
91.683404139891081
90.395663615836568
89.954109805148477
87.131219819686351
83.536137726181465
80.905011891193283
77.863371871629383
76.941203730558613
77.115218186006274
77.478896922215313
78.687589706926317
80.001021834353963
82.317577706658881
83.601590206772386
84.071509608440493
84.690665571188504
84.305938420252417
84.075773544388326
84.282787742997641
84.273252177724444
84.987643153225321
85.239604154464473
63.789335701559182
89.798189426466706
91.491537688567988
90.485231598423155
90.583543547959351
91.410876792608576
92.058025836821230
91.950561450822079
91.383137661687982
91.472727706410097
89.525662808049304
87.310343336267522
83.641632357461845
81.532940574224511
79.107882206570181
77.638548686637307
77.275408531317439
78.272442130690692
79.977755987256799
81.378616710284376
82.064351564221781
82.476994143417357
84.140841564335801
85.138738751297566
85.090718379655286
84.752630038947672
84.138290443447943
83.855584278559022
85.453417465484620
84.967205812107238
63.691593671322067
90.031426392748131
91.931841037331324
90.788479205694557
91.188858955262873
91.632465007903292
91.564161357442572
91.871606488055832
91.658815227810592
91.468113284470917
89.656423925808781
86.621830151241852
84.255752220362922
81.281742015564561
79.648148539364740
78.385410824530695
77.398071654801271
78.719388982988661
80.410925143107349
82.577472083316792
82.987734399559059
82.808109544213281
83.932372249518750
85.189481506878224
85.583207448437435
84.638979510668847
83.531168288444178
83.578242061018557
84.375398800960241
84.629699119882616
64.531192129093100
90.801733006241719
92.088219035284510
91.096362031201267
91.253625805434552
91.230841958834134
92.122985524320171
91.578555381104877
92.396733338186436
91.254235818154427
89.491107312772527
86.265995591787856
84.182826712555908
82.133830915867179
79.044450384204595
77.598594909346389
78.364718858343792
79.198295156639489
81.158200641659278
83.509911324611139
83.169054920919180
84.002857909094729
83.980788027854402
85.222486652898027
85.160341283597973
84.779589175410166
84.283293663812572
83.889668735254332
84.789855071148594
84.172708463408327
64.535868477480321
91.092546355389871
92.683760577537925
91.398136847324338
90.559238530741098
91.008912230897252
91.684689497549385
92.651900948351468
91.916956665358342
91.383067924527708
89.083922362453308
86.623192924894582
84.155778074233297
81.152594508351399
79.593991757435191
78.252310149187110
77.663979335982916
79.632753728269478
81.362705292544547
83.153465466857398
83.904545330513855
83.869587414840993
84.115604374004093
85.230644368717066
85.441855024554982
85.675381213207260
84.951791155605179
84.228747408507374
84.687987397294222
83.752325011655799
63.932972805181045
91.803259993154128
93.880631657005196
91.421750872940066
90.445296211031064
90.829691294682078
91.433878456669802
92.274653985060127
91.728930897592051
91.305884664942113
89.758807336623718
86.928878529876243
84.455677723561848
81.457917447710969
79.092169582289785
77.715102918108030
78.501620230463701
79.164287744166359
81.286018102806707
83.387558525787568
84.166578212202268
84.811253737590263
85.301260882758342
85.561760539578003
85.506162990175028
85.626435320747802
85.453157750663394
84.745292977124166
84.225131373998494
84.168987274497624
64.076249771461249
91.417840770505421
93.660580206524060
91.499247369602784
90.367384050753145
91.159915232115750
91.680648351882866
92.414847978072174
91.973580128737950
91.604671057171259
90.007820737650803
86.741924869796463
83.735708036672747
81.551647706335729
79.064625009883997
77.934377028212879
78.340613646534024
78.709378561370130
81.186200767815635
83.397197181776633
84.417412580517166
85.818620798939619
85.654331231557506
85.725682408390838
85.487968910741728
85.581667196727494
84.962434761871179
84.837365777794659
84.972369335856854
84.286564982267038
61.995286026017325
80.150020246921770
81.315067663107513
80.269386339951993
79.943246656458058
78.385530807356318
78.460406085745447
80.177822682870058
81.577489695743779
82.843433217581406
83.140585489708513
82.579616987284325
81.468560103412827
79.627413590908532
78.636248433437217
78.626297096093907
78.483057137534587
79.006251120745077
79.776354237160632
80.282657119639779
81.346542968089736
81.982972127422798
82.901126097012295
82.447321711945420
82.141398902866200
81.654829963949538
81.011883158655763
80.413424613421284
80.050916081085447
80.162319579095978
71.746746915656303
89.861442016561000
87.710037944935237
83.398975162637754
82.596897027564168
85.524050662704710
87.597883447095867
87.288672174901208
86.487355704351401
86.524709031801606
86.670037556082917
84.957552389381846
81.419269816759041
79.462781417549806
77.415879948003180
76.453664304465235
76.597766861457728
77.718138139087245
79.609677809871101
82.031377942840550
83.692905605833772
85.173454174561058
85.654441491325827
85.175435279524976
84.944241823638308
83.824719859388509
82.745024068660527
81.688005776739288
81.841897156953735
81.118934104528137
67.548714896534406
87.779824596209281
86.865528862988086
84.648121351494225
87.270028424664588
90.710160032800985
92.690657400624360
91.078248368455348
91.146055675686611
91.116286060082956
90.953376311073029
87.691200985498753
83.121682376109348
79.864167495240494
78.363953741512489
77.006490910284285
76.470886058484197
77.852760436759937
80.083704766435261
84.607881801042396
87.752714595132204
88.639352565007158
88.179414203967724
88.002257305468333
87.707609010016341
87.807766226756456
86.351177286277490
84.564341233655000
84.090911692177826
84.049379065703036
60.954375875542802
86.150187168211886
86.721688707118858
88.053077176450572
93.099834586209738
95.820023706596785
95.373982091216178
95.134738105052548
95.140699572246561
97.016235569629742
94.759328891172316
90.128485392172578
85.338289289354790
83.505577309150212
80.745407413857023
78.255688500219208
77.723122357133391
77.713155927272581
81.844822874488116
87.493037124855476
89.817082823251212
90.912694282095771
90.948246604971814
91.237404335019889
90.951760125452807
90.883659064689951
89.487698281185061
88.425250677662262
87.559580190073262
88.770950136059682
69.544982540698271
89.713098721025929
90.901763314133632
91.749892787658482
92.576232197575109
94.428229431961185
96.310422415914431
97.538082870113584
99.673464501192768
100.116179929307876
96.687451170449350
92.162060672341156
88.917111398727826
86.928529505471914
83.189698868708888
81.453090256650796
79.057958701198004
79.205978876801865
84.073077117484218
89.398090088710234
90.932555429070732
92.071071423653279
92.708396183375640
93.823977153258312
93.897173468319892
93.111112783868407
92.145536485456901
91.238283303320401
91.923314048423990
91.882510663803430
50.924379402302279
91.420217223547297
96.576856508681388
99.323338672539847
99.167179160527638
98.371436082625223
98.810895463642282
98.824989018690843
101.941728281685783
101.486196360189950
98.644432153548593
96.153776220227499
92.793199302516228
89.468866458866870
86.417076422250375
82.419755467619467
79.856120999908740
80.509905283639085
85.042633255321959
87.693134143398794
89.973538541607795
92.050174761530116
94.368843907088007
95.387566230582422
95.045758315739306
94.409548121201581
94.331547553890601
93.940274543040644
93.475607546053652
93.278608108691571
51.751666937699568
94.407784141197425
101.583514876270527
100.621143713771048
99.242956798260337
98.890406956543814
99.771899666452285
101.640651920786283
103.639555352474531
103.397786827478669
100.678167106495366
97.378476859947341
94.603256719054741
90.958670557186110
87.510239203777274
83.209186756997241
81.129094463280424
81.808366504580448
82.896259826309262
85.694426435602367
88.460319125575296
91.735920808375283
93.483696111450215
95.050365898566383
95.784970332145363
95.499486250841201
95.574021400920202
95.407332254595161
94.721245244358713
93.698236130631614
55.443132065860318
97.059937822506086
101.757955719104032
99.904498639112461
98.363256239603189
98.810891439251520
100.225704105592484
101.542707510387473
103.210637745839989
103.835982230314059
102.735586552386806
98.708336733127666
95.325669929413039
92.335947140060242
89.261623453759526
85.162524249473961
83.049643238096436
81.300224760796425
81.991815201270597
83.264066116270072
86.490930094142385
89.242730871588591
91.896216844972159
94.268644209811058
95.669540175852319
95.937117622994236
95.369981153545694
95.464528337829563
94.680120328331569
93.905839609305914
60.792895551690719
98.407618589007129
101.290904475061893
98.683383513259585
97.136637164885869
97.714803020661748
99.984716812614977
101.685615245848652
102.642519302580908
102.970840256156919
100.738765897394572
99.454261464171793
95.911893358890069
92.242116980386285
90.255803329698182
86.420546156123280
83.200216840980261
81.622451198910554
81.642680808963775
82.612300698018686
84.463998793455914
86.564494970952268
89.096713774770876
91.514391081740840
94.052293185977504
94.706965801161701
95.018559691094183
95.824458923781364
95.364783744561606
95.211006238055205
66.735242383504129
100.250736774354934
100.225491442659788
96.576107975351832
95.221789459326516
97.489737472929477
99.526503185459561
100.752259135636052
101.271776484837716
100.646810706346884
100.378973170937755
97.504238265854895
93.539575597960877
91.878415623495357
90.262723271378604
87.565086829066445
84.696084294082468
82.708974696356293
81.994626116393789
82.761699753412614
84.607726484420652
85.311561394109305
86.462950487377697
88.592351650811253
91.014986634633431
93.205085668990350
93.463013143336511
94.062441875922531
94.687406591271724
94.961704598499992
73.551479670513515
98.708461583552264
97.567613673499608
94.116709463003190
94.651791141427893
96.634471228085417
98.909263173239594
98.459872399805050
98.747457542200593
101.963741658845819
99.021648684287527
95.842769604265996
92.614185598140764
90.681487435307616
89.583245108725023
87.907057374690368
85.328973683550089
82.779266823884313
82.890339838732132
85.001662650995769
85.057251621073490
84.973469488240227
85.936194684164576
87.876041593839489
88.809347650816022
90.483658578768001
90.978651900866339
90.981519425218991
93.942145719739472
94.480859592654696
76.827036248220310
95.219600344198014
94.435890412782470
92.847283258666479
93.480053166897633
95.858782502392728
97.473380360132907
97.602444518433302
98.801717837930696
100.624292749725001
97.063899670489633
94.122416087977257
90.983306614997332
89.722751154327895
89.183656213407488
87.232398629690920
84.758046096863467
83.133042143114992
85.003484686710721
87.552333440864288
86.524708500708954
86.677713108327083
87.046131755695342
87.417673062366589
88.114725029885918
88.180929867268674
88.189791022266462
89.289467431468609
91.133427284975483
92.969979284550362
76.804203001276363
91.232413262330439
92.076278324766591
90.780543661601584
92.584820170934705
95.229670079785649
96.626156476806216
97.232706692886708
99.263608179887342
99.767436118361957
96.106562136270455
92.598064939727223
90.195227956939149
88.213408403119843
86.969661467274136
85.095617714066762
83.764674399699842
84.260136590726404
86.952333225464884
87.547850173619594
88.759822210035324
89.042904196270243
89.250796462043468
88.528138120118030
87.590093062600090
86.847143145229992
87.058436506679982
88.092164311714001
88.589810780948440
89.543827515489426
78.499616943092789
87.901667462420519
87.252321919518096
87.299667196552946
88.585868186060992
91.087294566753172
94.158918654337100
97.338981965869863
98.723012552608367
98.085416019068504
95.694258806316270
91.391175686073723
89.456108130208520
86.477147603554016
84.469661173649243
83.192646316047984
83.011703715469395
84.600826865376064
86.711584225254711
88.762328162270549
90.696199698941086
90.697139860131983
90.591043655368466
89.717432464405761
88.731417199466662
88.228862916382255
87.802393906278539
86.907294328602802
86.734557007140523
87.198485532919904
68.883179864013286
86.289365735139768
89.663420928358732
91.613152468134629
94.655907867888658
96.067308587168327
96.927523513817931
98.096520837574786
97.796304980856235
98.189789928310475
95.962981626707801
92.323499625971408
89.007047762761232
85.421920465245734
82.958601795452580
81.031431143214590
81.662524943380518
83.797026899247314
85.915638084425169
89.412852320741834
91.156140232614035
92.148929940386054
92.035583809305621
91.817981103844019
90.839957341293882
89.460291858048961
88.126546575783436
87.340746508597903
85.781497009126284
85.824393487647825
62.996314400865288
85.781386135172099
90.791539419857230
92.522120991309663
94.063947546616731
95.400314002521412
97.034625982670704
97.775938494481579
97.362472096090556
97.609257697579096
96.864828226952937
92.952649069122387
88.850922137668206
85.223990430714551
81.928358903383625
80.581663732088387
80.284800597674803
81.899353570997633
85.429399064622515
88.210391176187471
90.775780715419103
92.928673193308526
92.921041807547070
92.893811744945637
92.878051098157954
91.466707224910905
89.750560684033587
87.766151140543556
86.507225366335120
85.770554961978249
58.627242671234136
88.140909198533365
92.685615772013492
92.061629868027325
93.177523337621906
95.960493897809712
97.545775429754883
98.430523446174931
98.121999401023487
98.098147734420394
97.545921055873634
93.173272678666052
88.551671833453980
85.353793731634369
82.352805796722464
80.011690821852653
78.969378710961394
79.787467780263626
82.837178182056533
87.154522375901479
90.451105889844229
91.738363870169820
92.690736020288384
93.600945122944211
93.850393772116888
93.464854651552514
91.405782019424620
89.466932794349702
88.216919459799911
87.179687794331045
56.899532011731992
89.513821449873177
93.706407314612136
92.647277012223526
94.279584722463682
96.870800966929266
97.585425429480793
98.149011332212709
97.909470649460587
99.173283626111640
96.741213223350385
93.149468003015059
88.559668575756916
85.959409411498143
82.687489561903305
80.182995156030913
78.287543142368804
78.037191618179619
81.785594586584281
87.484123153011168
88.786731850364703
90.474920599578866
91.971292907120798
93.894148836998099
94.513144770554945
94.892545214731456
92.734455918639028
90.658332696769961
90.646267294154100
89.272831572769505
56.577893138411170
91.005770527774956
95.868387022273993
94.923815210503975
96.275634074173723
97.618808357303323
97.696788298745219
98.227281378167362
99.638629040696713
99.095867765198960
96.265622322781397
93.283180708964380
89.532419342865936
86.470237392788917
84.095294950818598
80.556462576538976
78.062783633288888
78.266221951280656
81.535886552878281
86.046752122983023
87.564125876952829
89.449945500282581
91.287151825842301
92.671445393998710
93.917508274870414
94.139868878134109
93.242068758812621
92.677090193927441
92.434296874128194
90.806772076815008
59.312604053555816
93.380121846432601
97.106774120718384
96.126910956982712
96.471396826179316
97.432719626081948
97.768687331323605
99.500560554513442
100.959572955477057
99.898759631472501
95.922432085949595
93.002843531154667
90.722473005972887
87.292957120797951
84.495978410901600
81.579933015973026
78.683681536194300
79.663479991980665
81.468908502504206
84.416010693285870
87.004239275011670
89.477251084622935
91.499958570168957
91.884011371272592
92.841687442368965
93.456778608687443
94.315757699866523
93.997356014636040
93.366602984649731
92.476771912104880
61.945958125425221
94.369678701536429
98.244409083342447
97.264134494572858
97.383461659426899
98.508242483161538
99.255317511403220
100.415726095607965
100.149416313371702
99.808323034221502
96.213772555216764
94.282717597932077
90.542228065813362
87.473084701246052
85.026868487143588
82.173953714275967
80.680961324762791
80.017039842346961
81.402351694964651
84.257431707300299
87.122618675847889
88.928431382759712
90.684471680686727
91.229894429383634
91.730273716028222
92.647463571263927
92.877493070093621
93.445905236926222
93.825215892136967
93.763710103310999
65.452678265401815
94.194339823587484
98.352878040454101
98.452567181660257
98.255138651999033
99.233928691996553
100.013908749564393
100.635818535061560
100.580761604997107
100.361383588285378
97.902280406744666
94.737467623705570
91.488136646363500
88.776920246169112
86.525926655471835
83.085070525966955
81.436788336436109
80.968707431415922
81.644979809567189
84.326587817552735
87.465264726334752
88.962574071048664
90.435067292483538
91.040358276421273
91.520511477617845
91.968007740580433
92.436153449003896
93.507530786509477
94.314068867037179
94.959840054561795
67.565372940374203
95.126596561676877
98.839665386994582
98.045029398839361
98.412150097421758
99.874669639304855
101.752057712937159
100.841089618358438
101.073260777434683
100.415663229320685
99.099457861480204
95.380464360051619
92.269928015161341
89.619845327218087
86.998009632986310
84.357041247407238
82.860947619562623
81.635641201388765
82.949498295415196
84.543943663529902
87.830172474743847
89.134105338406812
89.515590651953076
90.689181646625457
90.983432195958457
91.964448593359478
92.437438198647939
92.082940396794243
93.336440518471335
94.539743928961315
69.266342940993823
95.143107551658915
98.414791648019715
98.192377506272720
98.728137045443589
100.382377515472626
100.883232618433027
100.866846117305641
100.517766827620790
100.959521670466131
99.553605698602979
95.639402080739870
92.062453298424217
89.505849139526063
87.490679123076617
85.945284836599356
83.681369085992614
82.218776912258619
83.223223545144336
86.406794899339332
88.483755178257439
89.046141484090583
89.613759296023929
90.940909354845843
91.475380306337073
91.996950603028878
91.223698026655711
91.177476899303940
92.767908089367054
93.948108555471109
69.857074313632197
95.300478761734254
97.918445276241812
98.091392471382790
99.474529513755868
100.627304728113558
100.729924103717849
99.877356609170164
100.458744778796074
101.269370959989601
99.768738382017503
95.970775472109608
92.494756946689051
90.513540704340727
88.098980220808272
85.953158923038842
84.363433282579621
82.636147685968567
85.530323294769602
87.082756008479706
88.024458391834273
88.612867431679362
90.253004670121499
91.141675788115563
92.560780283833509
91.928248614633631
90.489223959690861
90.626471105809884
92.632672395201240
93.256967625666320
69.394155701332195
95.966259839077011
98.889633748464092
98.213249020287151
99.647525118036896
99.858282992998681
99.222141577933854
99.775265567690269
101.189988781659835
101.770794018793055
99.211179269243345
96.631306611518028
93.161025462369537
90.521344360221974
87.879612706495664
86.342787393690955
84.376173889102475
83.703293959560568
86.307949958483732
87.656283778785408
88.277647423900703
88.947639468943123
90.511613686247472
91.685957282142496
92.287269525227501
91.646272952158029
90.999427462446107
91.194899822732808
92.076890097659202
92.314220463046652
68.389147639815079
96.340218039296332
99.945180694803597
99.221390749398878
98.692800933764786
99.296138177790027
99.662180001025291
99.536109642958365
101.891475090040942
101.683589852617587
98.753546535861034
95.966593109615872
92.916821213992804
90.573341685653546
88.119146424140183
85.761664388241371
84.663190853098655
85.097835352397098
86.312404741182405
87.852472432914993
89.257619971117478
89.755770769293491
90.737786063260458
91.814934387431435
92.037633393599720
92.422118867331761
91.870065176381303
91.837721511538774
92.038870861527272
91.835194371803752
68.012527668922914
97.499207460222692
100.877862808399911
99.855520305275093
98.824144473313666
98.795990401399138
99.705788188895042
100.673961018881897
101.754599274316504
101.154437091682738
99.108382722515202
96.384763995297604
93.506476098950642
90.466403151931075
88.389643495685533
85.900622450094659
84.777974743302266
84.958335886017963
86.473828578380989
88.856866145940032
89.653262471474392
90.583668185518206
91.023489352373957
91.400299887803527
92.334243929228194
91.888160712718260
92.665167270058618
91.782517120069201
91.755397050709576
92.328788147944522
68.727472291977293
97.652689847390405
101.171846211993682
99.026557471860869
98.678306202004322
98.585734850048112
100.039038126130151
100.804861417002428
100.428890351590695
101.978490051542906
98.990894061037295
96.130940012944649
93.475552701406144
90.513857692543752
88.187539013535201
85.905796390400312
84.646510575424870
85.603368946030912
86.215568853135011
88.753369754783961
90.312650264299734
91.548508372082495
91.430345130735674
91.434085050490580
92.297944870586150
93.353434899644526
92.972311858608222
92.330635854494176
92.618778545494237
91.814588639790145
70.243642543734964
97.060173235270042
99.964314123418077
98.199173447921225
97.738907110179753
99.358364953624573
100.967402864741231
101.301608452919524
101.573403034665986
100.872539613647319
100.179765927572376
96.698039037982852
92.770772752260442
90.361308459660876
88.663433114717350
86.199947457270923
85.049701820565019
84.699020003469471
85.909403962553682
89.318756742052329
90.542914911881354
91.030195671817069
91.579706668114738
91.936106383651946
93.412877485575819
93.384432971534039
92.884035717699689
92.636177497479622
92.698847732026309
92.466730582465587
67.748239509408847
86.594217769683553
88.902823257479355
86.580046522355687
85.188178485914818
83.964923214303710
84.952546905210284
86.374114194509787
88.319719407424245
89.438319066600300
90.140748608212590
89.228426024452972
87.342328769473141
85.813363224644760
85.227391740237124
84.811744187825184
84.951677506240472
85.292776151245334
85.378942280793211
87.180355337959512
88.413671925176175
88.601278049346206
89.212084938425193
89.060691663195897
88.757756346896343
87.789670963850199
86.770538396457255
86.319388829591702
86.756139595861072
86.374756263892863
77.681161423966870
95.066608262035061
94.829542749646535
91.333762216409966
89.880703487700117
91.388758791632029
94.631137056305249
94.970315794273205
93.728075599035520
93.405977577919202
93.367734357678344
92.407835008001612
89.671907832906044
86.377901265177826
84.295054609832818
83.513653085486666
82.627286567959331
83.846366850086483
85.167119460702878
87.631218639668191
90.167127073337781
91.794236154915581
92.262128698069262
91.030877840101638
90.419707670678577
90.207662917573273
89.222214217970844
88.460966211905586
87.578006190044178
87.261566765751269
70.324921659616180
94.588872364216456
91.499663993268072
88.427589976622073
92.981316471548453
98.974692868041302
99.683881445192924
98.963874882563886
97.079570471605948
97.436733440086911
100.373200592262734
96.458094016950383
91.434474346503066
88.007814271272821
86.797498237299379
85.625882189773947
84.511198911344053
83.876232523385909
83.857215663021563
87.843035411538153
94.534555582054978
94.826344145508614
94.441241823828989
94.091521977073711
93.938479938513581
93.956101315358481
93.715059532904917
91.843418549583291
89.678620072647760
91.486509806879866
61.541417081709255
88.523542325239958
89.575843608091247
94.083855253261206
100.485471947597034
103.129877171966200
102.612826968244747
100.359754470589394
100.206973372446811
105.103934570898716
104.083006736263329
99.268668181330440
94.811983882205908
92.216097481646003
90.533363378820312
88.875622972088649
87.333216220371042
82.971425831351524
83.920485946375948
92.353643823715657
95.294522008764687
95.654793495996515
96.695821914069370
97.631444029405202
98.579095280470312
98.141667203739701
96.670551506861216
94.650403603719838
94.063366614238404
95.528096287355041
72.004256874458250
91.946983739135391
95.840988601422254
96.540499884899390
97.079175966560285
99.741543037884156
101.916220398623580
101.147729931311332
106.641305270744084
110.158726553599578
106.217544408238808
102.323601518769664
98.641263313077303
96.333026769606690
94.698587892400411
92.404211589214398
87.765171159518843
83.767284850307576
88.809664038172428
92.159807536168557
94.789367262288209
96.934871515658330
99.481403674696111
101.040531154004526
101.112206925148627
100.911064303342371
98.069200350894846
98.247794050413347
99.644965729524372
98.181548363447973
48.622422404493122
96.176230044640988
106.064875429336425
108.966764416867292
106.382755734673566
104.548522877888331
103.527006057957493
106.837356948039329
109.489696869595704
111.147569876564873
108.032833557831609
105.144312944482152
102.773775106903685
99.719888901545687
96.120394788137389
91.859359355736643
88.110543087623398
87.645306081406090
88.488456460414483
90.503262229170588
93.424286130707799
96.424484330954527
99.445948525675007
101.062629918794130
102.155587312392242
101.401980388789127
101.560544524147673
102.414668056045230
101.461968027139690
100.581047118973615
52.067031517493810
101.764611588398452
110.235966367858751
109.449221049970760
106.189849663275879
105.572271803443712
107.070485811004488
110.291569005353466
111.846751571143145
111.735089967030561
110.447914470110334
108.933967754023200
105.408675349004639
101.544115662670819
97.180430952428111
94.573624813880784
91.060500087455196
88.227646765513242
88.398181730850197
90.042421032848239
93.314530740648763
96.150294735727897
98.474098811463151
100.484560378649348
102.056325981859146
103.437741598377571
103.867129858094458
102.431938267415376
102.734544591280212
102.554042560842760
58.694594895040879
104.347530329243966
111.308038116333620
109.940132271702353
107.976496656997796
107.612308495353034
108.570800136552933
110.310943454884097
112.686757550993860
113.489486190925433
111.416178977560079
109.942149427379135
106.651230338779726
102.997296777476635
98.776491132279673
94.907737949213924
91.619603112595286
88.949588589747151
88.533975171413132
89.053048315715657
90.596882833818555
93.558581934085680
96.670219877290123
100.260361644579447
102.188802279419519
103.381474929627899
104.484408830427853
104.380429120867376
104.393121038814172
103.891656121104774
68.054792496387648
107.009654200565350
110.793262537911914
107.377343262149878
105.070319803944898
106.232575181601320
109.135904580561629
111.399085816600447
111.699248195301465
111.713514021740224
113.276190077483207
110.358430956324767
106.341215477411964
102.125087989117333
99.666793710580635
97.011782002203461
93.296161048047168
90.074980936692711
87.311996476365394
86.938823420502246
90.371890909940447
92.760422947725260
93.840159683710198
96.620925758957270
99.791180808980812
102.786352379088129
103.794234917585328
103.835954750229234
103.328729734138591
104.471816198335873
77.546257955261950
107.983856143853970
107.593670148342511
103.343258907471721
103.186804390731652
105.837016271667835
108.593162800894021
109.519336024232302
110.183533863805422
111.600509619682754
111.975931753086130
108.237754578830305
103.955840760571178
101.290675607466980
99.167956919440542
97.830067369667290
94.770618407192387
90.296724754586052
85.827719034583566
88.645523268295122
90.295600215491689
90.740487140268613
91.867046393536455
94.363592165116884
97.808120868841712
100.348942302940969
100.839976640181590
101.185278040580243
102.179013312594904
105.114716451706585
83.258136389326779
104.937753570878371
104.691168812882779
102.431414090366573
102.529959218836552
106.013625471295654
107.450629532274988
106.664214882628599
107.166467437602591
112.295517673244802
109.972165147957185
106.298695614838536
102.861137000853859
101.026918299658021
99.611894976144683
98.722526488522348
93.987997148825940
88.508786215710401
88.393433385960705
90.283484640497093
90.908247756630914
90.899974485486268
92.681244106788839
94.808607772595309
95.974163974988684
97.121535677030181
97.447565407460900
97.472346584948951
100.664149354767588
102.377072199884424
83.649102378475447
101.915844337468059
102.437772326339683
100.444876934876859
101.288369783387267
103.988673599174348
105.375616327218921
104.948504462366685
108.105539321329502
110.147594809849409
107.170022243627955
104.673443160817499
101.544836737340574
99.419603720570635
98.228292506889289
96.395521564830460
91.248487865354278
89.269982126085367
90.241658372218836
90.591042719128353
92.128028964626125
93.455717367845352
94.304742607167384
94.888987487124382
95.570549475034312
94.825481453212319
94.748487300468227
96.897416493049803
97.583663121891817
98.543792446826686
80.635017580793843
98.295168775441695
99.370080929894641
98.988108309303399
100.541283520370669
102.168856397246145
103.538268740529674
105.986884673293048
107.900574900166703
108.037145514495421
105.772085793352005
103.109150815901700
100.062940186336647
97.920847420637003
94.824386180678957
92.458920514988620
90.663862317317225
90.355663553261806
90.395894987971644
91.812861174991099
93.340034434805418
94.986556391558707
95.825963967884832
95.306139447474337
94.201187287875484
94.138470037676200
94.493034015830432
94.947294366609043
94.222165998558609
95.508746240202314
83.367049838648825
92.444237374096872
91.384726050948814
92.090819614231961
93.661692399142069
98.231874832645332
101.866041110013711
105.866664761709899
107.426438059377631
107.926664651209805
104.498434342515452
101.764058070690993
98.749442881891781
95.126306025971019
92.413854152398343
90.984601246017533
90.249302145902391
89.227905188135566
90.780898739522385
92.763667792076802
95.190185901301064
96.187712513500145
96.767404321899704
96.713232425927117
95.714763090102238
95.174813437249725
94.458973338439108
93.395168792144375
93.533693938083104
93.774170600731196
70.638378510459631
90.134478618032972
95.753899773224560
97.703026499062645
100.381152839836602
102.295783341282231
104.494093441757727
105.405827010404579
106.577898920088842
106.497102871616875
104.908556171928197
101.446627724260452
98.031534148772863
93.983419182928301
90.583870931453703
88.137599900053090
87.542576771903171
88.343952308020121
89.670651415195721
92.901188307528628
95.515014249633225
97.817265522692011
97.885398630714548
97.834483362703338
97.219773706592463
96.347385853465013
94.870652743898916
94.153712900731350
93.161491038471354
92.348224375989673
64.081027213576832
91.241248957130423
95.747194324535286
96.656907054041596
99.434562789910117
102.430481374601101
104.396079680157285
105.695631262573187
106.520389326950607
105.983186475226788
106.184733386219605
102.088421027775283
97.000335144906714
92.785622157261116
89.318006364833238
87.210105443120199
86.262132205504969
86.112088877681217
87.514295564388945
91.635096121104922
96.671210640892184
98.094393646740158
98.575232272093174
99.046143819291132
98.981861000295822
98.737591585648460
97.319611583746592
94.282181487615830
92.896680389782944
92.911858505401440
61.975359096303123
91.184474471864846
95.720129853810192
83.804356028837361
103.861479236493778
78.887544955178541
98.551887838702910
104.659015664021481
106.380772810113044
109.771640951009744
106.896117732395695
102.181518369333588
53.391600848410718
88.824289878498604
93.769044227588125
54.227243203867488
81.206858411070357
86.807510260748273
89.579483387869729
96.608449473289284
99.119303142271718
98.865945416239370
71.323383016665957
115.803991835679412
72.441139310217409
94.952740218229820
97.837386372643977
96.829676105276491
95.973086553984743
95.456431586158573
59.838602518284524
93.561062975183518
90.346189800578628
107.556370818295491
82.002329002296563
98.284489696512736
105.242977796718876
107.036981994587833
108.566623372448717
110.435776204525865
106.826279963399728
78.687929050645238
101.909547621912736
99.442158787956942
57.129910489003564
83.494861285596784
85.704675947238641
84.718670438695980
88.761103528401776
92.792829226865919
95.600021727004759
79.837203670851466
119.636461085933433
70.072372454233118
97.751486814858339
101.407127260290025
100.222648261881460
98.529046631583554
97.654478911957170
96.005181856029878
58.889904275731226
95.909788618576101
102.337627678415828
103.014649272963226
103.207848453536812
104.367589841526524
104.266659399967267
104.686419500269807
107.120711662624345
107.491963760960346
105.927294102245298
102.307333004849397
98.596644987324567
95.032541661358280
92.599242373541870
89.373743559525096
84.673697530099034
83.713909795483403
84.947394202780387
88.168231764897882
92.839119010640943
95.642610266608770
98.362866837050547
99.776997043463197
100.478681702249361
99.763129848854845
99.885905621996955
100.359146309476415
99.557351232596886
97.157057217996680
60.061542009413373
98.703868041559730
105.182033108261919
104.505229393929397
104.034439838977690
104.635990009825264
105.420270683509813
106.461766650802360
107.481602897923636
108.836567052192805
106.180585778772127
102.566479278784044
99.832376203293279
95.610387568471367
92.323918117149134
90.152110686140531
86.736154989630691
84.714084827050456
84.750348123046365
87.542385031350975
92.306292825714806
95.342686213194980
97.325245794816368
98.609328201801858
98.874737810551196
99.999569563949450
100.506122876474961
101.535733050956011
100.027153852716026
99.525979465341308
64.314236175739509
100.348351717452445
107.185022729232500
106.160859069959031
105.607459687450046
106.319216056915948
107.558128640035392
107.950114163984537
108.639191673555615
108.878106819772682
106.184805636005876
103.199209898476127
100.334109119453302
96.418115782760509
93.440919248748472
91.252069096395473
88.212595298266166
86.018086358459897
85.725467303880791
88.275180769217002
91.624545060317871
94.653347509812221
96.101642334196285
97.551562306277305
98.278075981041752
99.132011057617447
99.966448119052288
101.281011176435754
101.828577403006022
101.879075095900504
67.855464325859629
101.361331904910458
107.178805012504455
107.004060730171162
105.718869014067778
106.838277558855509
107.642575344813878
109.586437966041274
109.114026122296565
108.913165751865876
107.276300831143601
103.889907548818641
100.641364446436967
97.758372043996701
94.163103482152934
91.840948070099259
89.464647258123932
87.852560623068527
87.041898975750058
88.733001449943202
91.715199637911553
94.022956791314954
95.536145133071571
97.224456699001877
97.700165095738512
98.813284384258665
99.483654083789347
100.818917405621818
101.682664648145547
102.686067335029108
71.616164196330146
102.977137944759846
105.976396636255686
105.297350595061971
85.951713622985181
105.884165587809690
88.960628472775397
106.004444754770660
109.011480388393053
110.466639789297034
108.631561330780116
105.294667670717928
100.700817213873762
98.044441880755372
95.552131334953430
93.179073951627018
91.396465404962811
88.675278773124177
86.939712100034640
90.329551445737110
93.325808316057902
93.850202089744428
95.241341553897456
95.331139687826138
81.099494313184607
94.265371167681195
98.497705608290644
99.464898447931631
100.268725370774348
102.796918106811290
74.684179901681944
101.514989169413568
104.602086523988532
112.805956235389289
115.225410739198566
89.968177758413276
105.778025604965450
109.034018049353847
109.634197795425038
112.232623405207107
109.199233436169422
104.847817501878325
60.459701112455797
101.133222478667420
69.265813673291319
91.174672338476242
91.623623145437392
89.232521587438669
90.091506961628454
92.963723223184303
94.528569635925578
70.822724443021002
113.450094093886406
118.851967660777930
51.398222565416525
95.975590471878704
99.582307337563350
99.753189828785963
102.230281119734485
103.543186438208494
73.602639715215602
102.133108861350848
97.026526178180262
110.045741973635558
92.619315414754595
106.318939116701245
109.755721819374457
109.040515636475362
111.120101882987711
112.387824386255943
109.905908926678592
72.314505718554102
102.975152567432232
73.846069973910545
93.538944073664808
95.103649854874362
91.636684821639861
89.789076593992718
91.088809551598729
92.095117896659644
93.662615120128820
90.039409177606558
116.632395135548805
63.215790427068164
92.762073836607271
97.401837263071812
98.254127267625705
97.698934517422487
99.661534194755859
100.449647790601716
105.595315115335410
106.217854776394887
103.471760435391502
103.245339192999666
104.811463250051702
105.328435798174397
105.744217042103145
106.098915429539659
109.233715852598422
109.519546227873406
108.210385371726090
105.925975463125567
103.323848790151274
99.352656506913632
96.888873159949640
94.044741355810288
92.048144124982855
91.066788797623744
90.291765224254860
92.099379775163200
93.507200645235059
95.184165130885759
96.829978957199231
97.845112979813806
98.281591401152866
98.185081801442379
98.276579893276420
98.647284691506854
98.394924175855110
99.717024779968369
72.304043630561111
103.332568438679914
108.027852991270066
108.144908423847312
107.788761564702099
106.915161503012371
108.060559205018109
108.169273224741517
109.639327091077064
111.188374304041588
108.929049720313458
106.879042591127472
103.131934127467503
100.133003277726317
97.558132968086170
94.836543749163127
92.619885237254039
90.858725510587419
91.174041459194740
92.278868458175637
94.673776325784331
96.092415857309391
96.703273002075207
97.932233166892743
98.642222080786553
99.206334436117430
98.958255875091027
98.845610897121290
98.344898272743009
99.710002255580775
72.670386992551556
103.867509450910617
110.402963988854410
109.180816902717027
107.037088970811766
106.670087482781369
108.108002912472045
108.293971773954212
109.857004992495717
110.900309493682457
109.227924495405603
106.134816471092620
103.810405258494498
99.752065474007978
97.451772845712171
95.336527759077427
92.632618784479092
91.756240422932848
92.297592793265622
92.602657759098221
94.755529630193138
96.379757584560252
97.208458519014201
97.969656927025412
98.137921563837551
99.234580433616827
99.953989503480230
100.074962849081572
99.267554228907400
99.196612297374642
73.302633888032517
104.906828464806040
109.699133743531718
106.749878067083642
105.175868276299781
106.305020063595180
108.470501709251408
109.211713668451139
110.342182976458190
109.686360954020003
109.982514605849431
106.778859851679897
102.711656316592467
99.990121728183169
97.098956330803887
95.654923847981820
93.137374305813680
91.373764755193861
91.291318922752453
93.107486342622479
96.963539835221809
96.845536896121416
97.055427045141300
98.090314188840807
98.855818768652455
98.916191822559455
100.491664004974837
100.227646299233456
99.661575611093966
99.934837816722478
75.615508524747042
104.004094452600015
106.544078278424450
104.520049876386693
79.965676740509323
103.658758717820419
86.776485156339589
103.181464802259114
109.494083143699953
112.140983137815368
110.366648976180755
106.421513222423798
69.376875743526099
106.528521555644218
109.000983987259872
59.514404152573043
91.014642976160474
94.563024987435028
94.457376022309774
98.609349350819059
99.680450965224622
99.103211861301219
64.311383972774721
111.573445597728551
68.348553107475993
96.415566972348245
101.090748405797854
101.056320973649662
101.949929209432753
101.999092619562788
75.294834463268288
93.141579553240874
96.329704629333833
94.745018716515744
91.194565023082788
89.980695881841214
90.351829173636986
92.671691453394232
95.666718993906187
96.961230814222574
95.887548773432243
94.385712824117491
93.517078216975406
93.508812818137599
92.254241478377509
91.129365602397016
90.662987112156685
91.584901873425537
92.778745255548571
93.809950174439024
94.073326260242894
95.001779608086864
95.969569628225003
95.686745586410950
93.985489528876101
93.140130950689354
92.942003392495138
92.832027567363497
92.660790794326516
93.068820782821845
81.900255133010617
104.396839796428267
104.434981829148768
97.869859198170658
95.449037180264128
98.753434281596952
101.878219544616684
101.224828481663934
100.247893328544336
98.262030025168031
98.670769725657522
101.010291179728014
97.413240794194394
93.781681621324111
91.582415022003104
91.324572690325866
91.953334037613402
91.602848025976726
91.301931595714393
90.817649893668715
94.759777012437112
99.075188637964885
97.656245696008583
96.784463020309275
96.489708375410117
96.529751824669773
96.583727238181069
95.784868111542934
93.760591009426918
92.885197589828394
71.663695473695100
101.763859136959269
95.565420095395027
95.458942701680257
99.321037457554809
105.347373270072694
107.162858969825862
104.851581952720665
100.688776460730793
100.176583060674886
108.042935401730062
105.157611013905409
100.365551532108270
97.630871505156904
96.081225564349083
96.150220410448782
95.382867422498350
91.999953702320440
87.206705383028478
90.368342068378723
97.683491863791673
99.749695725855958
99.738824549865114
101.074845854105661
101.341283508686558
102.266773457736704
101.283317843822260
98.682421642043792
96.082589410636231
97.825760563144328
58.422960385101341
94.684613999976079
96.473412328153216
100.835928569449322
106.384733331557584
111.394730060422006
109.616686620664581
103.981080319561585
101.497942256058053
111.531395365942956
112.340647001847060
108.187353568877512
105.385780329292515
103.289714018510892
101.292913428663340
99.735088570325232
97.349544563571044
88.885590540297045
88.333975562887304
94.131135482719174
97.276810938274849
100.126785847956597
103.070059372729190
104.942699150951569
105.980103688710116
106.554533805775677
103.974488773351226
100.299468518527647
102.144616689104353
100.221720979343218
72.001631127379426
97.097592553477611
100.362319300114279
103.449403703735285
104.611982612001142
107.322409748703336
106.628098429351297
104.834974941365061
112.006412786737883
114.991193490792085
115.016770578842824
112.203733184102958
109.755342614124885
107.892531127706974
104.802063359071212
102.539658271099213
97.106955330340668
91.446798148564426
92.602714417035941
93.073118212590416
97.136157642867460
102.185201358446307
104.267487519142421
106.988694528013525
108.385164303600149
106.817304526226110
105.007504054359913
105.939646919164687
105.919817799020151
104.239625202189430
48.856023114265859
106.998649140891146
116.579016036827312
116.925883727367747
113.633369600445860
109.599775451845929
108.910808565716493
113.144278817382286
116.022497555038115
117.756744481706292
117.883913218489312
116.454444654480767
113.430217820408956
110.338410423789156
105.642080521402960
102.039132923682757
98.332583236884034
96.667687181307599
93.406808571963893
94.173045294096113
97.216119543329881
101.279055099513656
103.828282840115818
106.311112764901878
107.689489398753992
108.400546484915282
109.370331764147210
109.300821938948275
107.877757675706107
108.118382432849657
54.088584774181683
110.700517368411738
119.334566305338541
116.994700650618370
113.106233870957197
113.384826063051548
114.265129664309157
116.600416722593820
118.941951209931574
120.457900304451499
120.005644346015785
118.208766660281498
114.688021669313301
111.583929761144589
108.562121493003048
104.272660178567733
100.408264168865628
96.055567796737932
95.028973799922795
95.261222777294506
96.385446799723766
99.530860876199100
101.998065859188117
105.685311817657691
108.415474778217032
109.838979400625263
110.950363020654436
111.169198028227470
110.782682929238291
111.556098351079285
64.622157351408987
111.656282469064124
121.449109890978519
119.732336898839662
115.250205957587781
113.819972703579367
115.295124037192920
118.359466468050158
120.730187433338060
123.054054407472535
121.596840687955819
119.730965011394503
116.951120193099911
113.842008089215881
109.387526866126024
104.877667112812560
101.967630037173691
98.740799899618651
95.675641211003310
94.303644338127071
94.234979444484594
98.381482471016866
101.171982556089034
104.263562034577490
106.503408668302512
109.983068122370327
112.114245797996261
112.947172370646385
112.378256452228030
111.987590193831977
74.882610940411539
116.531832895073791
118.903624996425521
113.824645459644302
111.524787413578849
113.528883392613238
117.133061455350344
119.312043945860054
120.799202848386997
119.339876229734784
123.212692258187403
121.751947370028091
116.044736405933918
112.420095455584473
110.079349049063211
107.243817596677061
103.723961823792038
99.496931416306595
94.407683471395799
92.033724357516036
95.792093340761255
97.335338201925126
97.954473706369583
101.185955691227804
104.995136928714118
108.994673455419118
111.179271827438711
111.999900489523043
110.892487885330183
112.746428887161869
84.490627022247793
115.058293083958205
114.125336693732891
111.027852035916268
111.597382764561956
113.958006385560850
117.029971861923215
118.602572890667830
114.818004096240458
119.881044870069587
123.549598568670575
119.176633692899415
115.239179761754031
86.506520489588709
96.023490280526161
105.204128175163788
105.372230557414582
98.011062176231377
92.203909611788873
93.579983102354518
94.931256003686187
95.995556621706271
97.461439707422869
100.963131186119597
103.914208676144682
107.898382793539298
108.161091119178224
106.578095568547212
108.995002460555952
111.893067152713002
88.699801035751847
112.995547929550739
113.027345752944228
110.527280290908735
111.006805969417655
113.883928760830543
115.173017548192632
112.134233994383450
113.907178240970239
119.795288913879148
119.907559205881384
116.989030183614034
114.547763502328124
111.783461031374742
110.313153764306080
108.109302703167629
103.775198333924365
95.134425009386618
93.704474383589584
93.312535171042299
94.271498446917889
96.823089021508451
99.001081029604038
101.422752693592372
104.020600669243478
104.207745625315710
103.245614723905049
104.305826957876363
107.263805104173187
107.720495230111169
87.749040208421903
111.760157904341312
110.971307164842941
108.613147848980532
110.745506372279806
112.306706089001977
112.811157818296650
112.184771095155227
114.245126572887230
117.465542878616134
117.824911226678381
114.585563267705837
112.289742801191124
109.721483372438712
107.988940108230437
105.019778744164583
99.648768394778415
97.109207239835200
94.517571036369276
93.151405605579441
95.601748134412716
98.877677474136974
100.713556215849550
102.555113396276681
102.359784913973044
101.526634095620622
101.694744058938142
103.356931266742038
103.177707768645206
103.746260846185905
84.529373809974118
108.482421756202342
108.243391712853196
106.340556900508105
107.641086504803084
110.386846591705165
112.192272907664574
112.172467103483797
112.815787419311931
115.904603156099355
116.512532357692251
113.598648441204531
110.219181756051654
106.840193458102164
103.281515238315677
101.959103355815728
100.009395972449141
96.171252501907773
94.359033469115047
94.998413985032030
97.689661926025664
100.488690328129337
101.180695444535786
101.351838810161311
101.734810992818822
101.739326910985056
101.549187204141631
100.633096570812512
100.755335179159729
102.207230053863611
85.053808146097396
102.165376233379646
103.384634347886831
104.611892910421147
107.230186106077895
108.327934009778758
108.673670308749706
110.118148008100277
112.600961857717820
113.997830784292219
113.300030044240202
110.161958801695803
107.304213537670080
104.267378501633630
101.373285948533550
98.317401489785482
96.680681736588710
94.695556844324386
94.631172446615651
95.752157097971264
98.791606121981104
100.509295218888695
102.157315007212617
102.521444407274359
102.847748871415305
101.550130392993069
101.110207551687736
100.667256659474006
99.889724819325423
100.229769556237272
71.956627895767411
98.262869875480234
102.726895694499788
103.725876512630109
106.252915982058582
109.399170737756265
111.036608669468578
112.435022959941591
114.078650160776107
113.403115903327716
112.281024732205253
110.677205357056948
107.066241138065791
102.305541402372256
97.989583320397514
95.545593814447813
94.226356671398008
93.448454345985127
93.684963136422070
95.023529302774406
98.404201378683297
102.265872073787961
103.279144922409657
102.806755005082778
103.522062006337848
103.109634817234223
102.535956079815321
100.860064779314442
99.419082664602172
98.649115537516053
66.964164451297279
97.644585034081075
100.256011233045385
86.508462707946293
110.944983450248444
120.859985980344732
75.708575260215540
105.300135512248829
113.246131360643560
117.045763303479504
115.567588252583064
110.495782048217222
104.855429881627330
73.811335708578710
99.702484413967966
103.374131688665813
56.791889916798432
86.531283056670588
92.541015054275306
98.776665138909962
103.405856145969864
104.672541635692127
66.994113864010046
118.068648164517825
122.218241893226121
63.858070759726729
97.276195753313971
101.364975246403219
100.780175056537487
101.622710388735314
64.791484843389682
97.393984986165520
100.644224582028386
114.967529003626510
119.930886610038428
121.641236982643193
72.190355492985276
107.245916756234948
118.179809629919390
121.457711337555111
115.912267782772233
77.063576446063138
105.802574584463940
106.236303890562908
102.836528586718089
55.622367608480047
89.899550861758044
93.380346934937222
96.314283030016583
99.026086442455721
100.843282644877689
71.346895175021004
121.722055190513700
126.979503747109277
124.729106004582917
57.765053948586562
103.221175988409186
106.267692406976309
106.158197212474562
102.516940383267610
61.064347479561931
96.369885404409075
111.869630256554970
115.968762930374155
84.431832310309403
108.820243894894162
114.967089491639399
115.882265938356923
117.244055252747216
115.877034207943865
115.471814740365431
79.443302840710814
108.368323172447390
108.399041453061841
64.240881524495549
90.528617242997157
92.109019000840945
90.222650372830543
91.376604886677612
92.811238483006093
76.866122338612271
122.674272497624926
127.045687737455438
61.292326844315085
107.545259820676094
109.212527305367232
108.275619789239656
107.596097957893775
103.950301871709883
101.294116646842724
59.212444212286769
103.174436768412335
100.901930945272611
110.213587784580113
111.408568127272616
112.423133793883522
111.809207834620992
113.292771899378252
112.522983431719396
114.243729931765415
115.075220814996214
88.487676256124715
95.047063627243929
102.047947484775875
100.508282295234935
96.999125639637583
94.047065290115910
90.507470844570605
88.569597410805187
90.136709542096668
110.082305815832427
79.927446293172082
100.603389842222640
105.939140452515105
106.071941155848521
105.903945010592025
107.053063319341561
106.434722744687434
105.028384075580746
103.743466504626440
63.355965251440594
107.240644554327588
113.357825425148832
112.184968104362753
111.286353537192866
111.910614823260104
112.231898721214776
112.312049845415558
113.290394728445008
114.655096727211259
115.866249647874326
112.309739481595813
109.427417963934474
105.177751890737284
102.115393907017676
98.936037463084602
95.565771618185238
91.482191509873900
89.444491875961688
91.150287674736603
95.463823063097607
99.629830007986840
102.585717289425205
104.501379982352219
106.386381978866126
106.142489690387137
106.658683479743559
107.199035217618516
107.418754393533504
106.636771678715249
66.862328808391268
108.986913883690249
115.659478589830513
114.794119915891756
113.549646953585807
113.808036321650590
114.705635218297616
114.772077487694403
114.419832646019685
116.704328412020189
115.882644294738313
112.765026794295835
109.618458749425471
106.305051564011563
102.778877429112498
99.585086200161754
96.510383679867729
94.037378246078703
91.715237269415269
92.152385285838420
95.014069268216701
98.281316110231515
101.413038915862899
103.387914359513758
104.446714746674644
105.345410926082508
107.203613212261871
108.047164866090043
108.827606222259220
109.418619438515890
70.969125235708830
111.650282083749588
115.614389708743246
113.558418277425744
81.742199048193172
114.625487197931307
93.983723711019650
111.040208818069843
117.134161229338318
118.546043701806383
116.578463579834789
114.589219887264989
109.674803694891779
106.172405216539659
67.367868940019136
84.342330615343229
93.183038394160292
95.112465329775944
92.720500517812880
92.496596513468489
97.007025027050958
99.240512628518843
100.140990707094574
78.796597300773897
119.473108989188276
71.302988152986600
101.654975998168339
107.938507703274169
109.028982406867755
110.436001900102411
77.904395712846394
110.626382072346090
110.802801438300150
122.256277045065858
123.672661871661802
121.688602723156379
86.337134160451726
115.891817717968621
123.567655143769713
123.409050751576871
119.187923734534237
114.621607457778708
73.437452430291700
111.291459980029828
98.394387380091089
62.999946198971472
96.697308073748175
98.018238197154673
96.414301294535889
98.388508223412359
98.795762881143446
71.197670034707329
117.378923639845510
124.664912470959763
122.555646444024518
49.073634502796537
109.798955139625988
114.231042744083595
115.758184003840597
114.330913564203826
75.555078937637958
109.391787879432911
105.600956529164577
117.809199233519934
121.943289747809160
92.378217163449690
114.953809157553835
119.312980696869715
119.645259282421080
120.125522323710541
118.397197995783102
76.290023517118556
109.766132817918503
110.230306140564849
107.979881397855806
60.890200686100677
98.392021198938892
101.988406592690623
101.982457838839707
99.172629447864438
99.223644627240873
71.580167716033941
96.986464792204742
115.764875273191393
58.113521882956242
102.629919266920538
106.883843595301855
107.634223906629785
109.322250804410530
109.559522259098230
75.708843926948376
96.350261896904883
114.372537202769493
117.440029481015259
100.020282060349729
119.112137610733782
121.829907562823763
120.179758862936296
120.540565955034012
120.079257104481485
85.108125845533365
118.362405913674323
116.526615973055030
74.604451492719633
102.069846070626397
103.429576043750444
100.469951204382411
97.726610452042820
95.958827989753956
94.845804485068243
85.046404664490652
119.426924729337131
123.919184278602842
54.036006438371672
102.108043689287172
106.420751600473437
107.388212844326503
107.509027788993464
105.426376818541684
105.621441594883635
79.461633717448137
100.208634769406373
101.765030074434890
104.188397052030908
108.186903273071678
110.136634676141483
112.243637522966964
112.492447252735772
114.465182147988969
117.207047255682795
119.080263885684644
117.567344516244177
114.004680535387479
110.713422943047519
107.139021907950024
104.898487348780606
102.716465051825082
98.690576683019970
95.211998176334802
95.851233217543623
98.267757369762350
101.185418595590733
103.175439449079548
103.752825825966212
104.555373354423097
105.011038475366576
105.556998783546618
105.422806566631522
104.793411766283469
105.920201376930777
76.514054867762738
111.795373901267283
117.033195657188429
115.586193042207100
115.111596636758378
114.813710797764628
115.076579568326792
114.558370137028732
115.701985539351597
118.965784405018994
119.024366711964845
117.395586145424573
113.861119581235329
110.077156882279979
107.150366926102450
104.571992882540499
101.724219256719465
98.988617916054977
97.360914201598149
96.233678448499461
98.303609418386088
101.063265697909486
102.378054072786597
104.335392927304881
104.997411199003380
106.349488242221611
106.090919106236967
105.972706843247295
106.066558398316360
106.462811003424591
76.053386587663681
113.258601333405551
119.789221789397033
116.849654561206719
114.461460149331941
113.589465818002793
114.583632755285464
116.037954785656410
116.374929338020110
118.467078236562941
118.430817035689145
117.728062203780595
113.935375676585238
110.031723548350342
105.951676776122895
104.468513222736618
102.243973400162247
99.038620907220889
97.639464526316672
97.237958007567855
98.973624821109098
102.053652945476998
102.682245313381983
103.264845714094264
104.861398700628612
106.183989477295896
106.864149311606695
106.822970528356407
106.729242890878837
106.101408932796176
77.749435161661182
113.535657815486204
117.088978081739128
114.188513630778004
83.385899211726908
112.963855380012205
92.319693984229062
110.126005765744026
116.880408523404640
120.406788089065998
120.404721014182883
116.627576374223167
112.616832551325473
73.104652770344202
116.905665590142604
120.817605335358792
63.309859680671202
96.750335088296893
100.451348214597886
101.728572129961620
103.619101106160869
103.633778947687716
62.753205659315071
113.920811772613888
121.263148514740323
60.085371572710883
108.925171737875957
111.290122231066476
108.992337195447604
108.559551422125466
78.308657681909608
112.351436734835886
105.654395745886006
99.595449596315177
114.010420109275245
119.592061082852894
84.135228270528799
112.234336358225931
122.374893245002710
124.840117693145402
120.482122014898053
83.072991761960054
112.883399691931828
114.703372912829096
110.741109272907067
60.998867244971017
99.438622243457985
104.329470803664719
104.000775267413616
102.699740410586386
102.910911242048556
72.293446941026914
119.238988304972509
124.225768876930516
121.785641362408683
53.316373724953884
111.785638743462783
115.469821979733211
113.932464811065444
109.517322968976956
83.877324247051106
99.867914362773078
104.746897558789357
101.744396135212995
96.347419251803345
95.295591136068566
96.673898926942996
100.478787392796264
103.099415028784648
103.136548477731864
100.683904311342559
99.638762994735657
101.048612028122449
99.992288505363504
98.584962296594256
98.551833962914145
98.925217166741675
97.963338775713893
99.778246840408045
99.686047139941579
98.732337074933099
100.593786616094036
101.839796404579531
101.322095597363543
99.552769277649872
98.578638585176847
99.175666710496984
100.387787594765967
100.184373678023860
98.553786284820163
83.531265972776154
116.400690263501659
111.644705530864982
104.490778836489142
102.372307013621764
106.068630886489814
108.613835131094490
108.532845000054849
105.800488779894877
99.986054058247632
103.237586519358842
108.171900485089822
104.947539158224714
101.829115215227304
100.424800140316336
100.830881427934145
101.315043046189999
100.498492633580298
97.605277973533489
93.542471363859590
98.746770299648091
101.994293653584492
102.405837981077525
102.048378209514951
103.202075010449207
104.594764746825362
104.555414957101462
103.305820144996574
99.390649453582796
98.694411046490103
70.957290641869079
110.069234548504937
103.360669738270090
101.650238501213863
107.347554389426250
113.321373728058290
114.595917491400797
111.887153195743537
102.314982810499004
103.074515097825980
113.067989961959540
111.888140175747779
109.754858064907040
108.453696709629611
106.742316640369495
106.670919404824275
106.318809576652086
100.787229813973568
92.148619907765493
95.592652034096886
98.040571749582568
100.958323252025892
105.237963753154531
106.872560363993429
109.114304086177896
111.027856835037653
109.161092967425077
104.539461112293992
103.433036650468054
104.372114922449640
55.875881182284061
108.050327223292527
105.639804219173499
109.578093840100536
115.798831764650075
120.198191590100194
116.077196456308386
106.797945878391772
105.236748347452050
113.380639540603084
117.871034215007995
117.401333118103338
116.148373028566155
113.996626873447951
112.700465055443175
111.272734325549294
105.862254578091225
98.554070637355693
96.919551461014237
96.067680924599330
98.123966252618999
103.264228840658660
108.304663746299241
111.001651285990050
113.661853362179897
114.260517001896886
110.449729277265419
108.086769299046324
109.356411407650796
107.467154107772203
71.883592589792727
105.239263388750942
110.179056987288050
110.207288717454190
111.388581658030120
112.415216281511135
109.008299706601605
110.615301458013832
114.308236621264001
119.172743016439981
121.820764267439046
122.402664899226622
120.623931386519672
119.440721138510980
115.753922582382174
111.362301288919198
106.117269461183952
104.547179291857489
98.858771672502940
96.739830601587272
99.337272454392092
104.856746101631174
109.220004527235147
112.517691380124234
114.332420966264920
112.944107317281635
113.814559144140475
113.817487783270053
112.324611906518555
111.092811204099576
54.122454994211893
116.869778117206437
124.424497561895720
124.114110577719231
119.533823720322886
114.965251924897657
116.064550657329761
117.706420366207965
119.744388555493700
123.848312702656443
127.141744570688900
127.133843596734550
124.795725009092337
120.708626181959175
115.610095536425533
112.596152315922353
109.207566443570386
105.114352041910706
101.174361997311792
99.274896060897987
101.378513422274040
104.344297368780133
108.030432120530946
110.046877512530585
112.338525598536165
114.883120605574135
116.766016774048680
116.395644868222035
115.985889721065263
116.030276241840312
61.652193994026149
116.640489786718163
124.197921260517433
123.725629148646391
120.190450267745291
119.167395259362252
119.166403287589048
121.269722083313894
125.681190828089001
127.357896567884822
130.394054159270638
128.349090223361486
124.939626108622377
121.259718123334409
118.268007089169942
113.976402074464758
110.837607723126624
107.456883326007443
103.956506205228578
101.644550268511537
101.131107944970893
102.086350151214901
105.816446944849659
109.711184253469625
112.515465208742953
114.302743081909142
117.084049329549543
118.808231466171449
119.239868169741911
119.242881653651708
71.484457052206778
119.575902722691211
128.588327677949223
125.274599845059882
119.479358412905697
119.146979028696506
121.906102794136970
125.728594578972547
127.942304496107965
129.634821932191471
129.348238401105760
130.347412813368976
127.958708652377538
123.483942679017403
118.716576047751289
115.316556083734241
111.959321044623707
109.281293362315225
105.207714004869288
99.985000363930965
99.581026260651740
102.568207623085769
104.326595147376949
106.818126210393956
111.413612634219490
115.574647147194653
118.517583254543467
119.959272627304330
120.321765923372297
118.822596292732783
81.579151170640074
122.590098325995001
122.865962658296240
117.672569849908996
117.215863056086931
120.885564551880336
123.959035936697305
128.013967807863366
127.241542540972432
126.152713745214214
131.246892738994887
132.312410059765256
128.474969736256071
118.510951593922030
128.479479559627976
90.913771938242974
110.006052115256864
109.938639417627314
102.292886381953139
100.235083981111245
100.247124544330759
101.289199038865718
103.039830367980443
107.037971847711262
110.892172607392681
115.438669404795917
118.858975763948337
119.245856387023210
117.214081318542583
119.958833166679838
89.020489553563465
121.299643645722000
121.199943701836617
118.396091660145757
86.297804037765275
109.823748990545170
120.630476184684099
125.007073798373185
121.195271720041831
127.508377182696222
131.547557406005012
130.803507038353644
127.598394487585594
124.019275659070331
122.097278357823427
119.099781029937390
115.597430341256597
106.506512003127867
99.914077541615129
98.783329586595016
97.381452123870758
99.918949430836008
92.482105122391246
85.100285116472890
105.091013154469920
113.075798159310935
113.920699039056245
112.363314744243667
115.633999386394123
117.925469820654499
91.450237457862926
122.944912832402977
122.259712852250402
118.435833734603023
119.372043435374451
122.806059705959413
123.833941513472155
118.785056647573271
120.677980252979651
124.343252351055611
129.157945696226818
128.449493707870488
126.192774487215871
124.124223728056549
121.132330278170343
117.725585347341948
112.262235735452691
105.621854059965329
101.456156087453238
96.141302335526603
96.906933392020974
100.766703088602839
104.823887150131370
107.841373968720447
110.854144888242217
111.322016673159567
109.645822011819888
111.578468660828662
113.105151706604403
113.321485923682431
91.208010815995550
122.403421385331683
120.736768318503735
118.451836472817291
119.001752711234502
119.698916882635615
119.525956954635234
119.698538776905352
120.369004456007474
122.530043921371828
126.851017318619284
127.226986051572794
123.389591271120509
120.937835560107274
118.544885812825484
113.945368625793492
110.016035339622505
106.064252367612525
99.952542866249757
97.510990053394792
98.602720031576823
102.056334554536335
106.567250233093546
108.257129783315875
108.837656650159147
108.791808666547126
110.100792943326965
109.535919881818515
109.517452697289386
110.603310029880717
89.261105467653678
118.315658561192762
117.118350996744326
115.220181691078125
116.307094955160636
120.493544123304375
119.805146284575969
119.380346488317315
119.131857194732163
121.620256431724641
124.047049956601285
123.797912288945525
120.457766729127769
116.382790054728900
113.852587429311782
110.756340187706257
106.876892287024617
103.418608503627752
100.036386686876938
98.560935902301466
99.502120384209988
102.969250551873245
105.472865734158034
107.291287098381417
108.664744572451653
109.282328456169040
108.606038265962127
107.562554476129307
107.515122457600640
108.315552797264459
97.328871645348372
105.228784257114427
103.637946432291088
104.124473599853218
105.857394621959529
108.070926202042244
111.928151624582028
114.667590390210052
118.894826351929538
120.866442394667132
123.037556323629374
120.821104025252112
117.335298468543968
113.851025082101259
110.218635666506401
106.326429439613833
104.221094035201475
102.064136538493557
100.544114532132369
99.170888281604292
99.622217488128484
103.699676518124107
106.765551647119906
108.398361031956625
108.287173880051725
108.530227721110037
108.141376271578082
107.605648508883064
106.749025981007364
105.786714169879303
76.464892224246043
109.238712893702200
110.486569071999909
110.671441478086578
87.556311022643072
120.040861127964419
127.185338860518556
77.735242097406967
114.316182449182293
121.816288872182525
122.529901174630083
119.176967944604712
113.883071754731873
109.948710478398539
80.018129431726948
106.318805537343906
69.868281582794850
93.222187243455409
97.171914075294453
97.300538699384944
102.159082694927491
105.085591968091080
107.143332907518243
78.938524201545704
125.095298241843807
129.125574696215011
60.366582098491513
101.517307734499340
105.272825410355210
106.165827405047111
71.669263519362730
106.535494201610376
105.949211590991723
100.144869458157359
116.725519888736954
122.050247296716236
75.217240541742768
115.068091933976120
123.865323446230747
125.431252866598413
122.487623127459500
116.710706686400272
83.691042182774197
106.537319418821198
98.102228261303907
105.282933550620925
57.150250333842109
96.403203847865484
101.835364099466801
105.026613078596782
106.141651996884406
64.569090401598714
126.829391804753740
103.456888477019845
122.057428913493084
60.368230213563152
110.671640618207306
113.421701405977274
112.590796682937366
109.824034994465066
65.085009254574302
107.284028396018812
113.390195593981673
113.027517038827483
119.680534952767715
82.026361813878637
117.734544733779728
123.298013670983778
124.486643833903372
123.587157065036777
121.205262433905716
86.540258467813160
110.475625252132318
102.104892875274786
110.043305923089434
60.226524617271181
96.660620262551106
98.901082379269297
99.530315517686759
98.556589852036126
71.976148701455941
127.932469630167645
120.792894999444329
123.848760392721616
122.429612933058849
61.680544616460338
117.549112896594124
122.108534511915593
117.067950832255491
108.761663501754470
104.269373389377179
121.569495828179100
119.033801373293713
117.294341538504682
103.240480674526339
129.445853291132437
134.467555431043451
131.425465161756051
122.856842979401932
118.517453073995767
82.202417600954064
121.639440306811537
121.592927023880577
116.294366566017118
71.410883805983346
102.751510162356951
104.898239856962405
102.450085153181533
97.322348456619693
63.882585208809672
124.263249487648579
129.009318974564366
125.752195903820962
59.789586317897275
123.617457186328636
126.885763784166613
123.448562585701723
118.934976879813277
111.361561047674314
74.341502111106308
66.471213943609953
90.006672013145803
116.892701221470418
120.173042702107722
120.176178961854745
120.035815709635941
119.856368491737513
116.774326159241468
114.068093607972457
116.849411629687609
108.276368265856846
107.223610160013692
117.281492653908273
114.686428223069456
110.385520565007354
107.279979248535497
103.896537297626324
99.079718207657564
94.297305871091140
93.433805360490922
97.666683778204600
104.383232027752783
109.955798095001555
111.076599743008416
112.971529894598120
113.937547255125367
114.235704060154092
113.165153167668620
111.380467785238366
111.391973244198056
68.209321660695366
115.453067826334419
120.207788163623206
119.912518035948452
119.440430655749253
119.322603801863011
118.662288435186710
117.492055032050615
117.451809444000219
118.877595657891362
122.297318866068935
121.318464827867231
118.574242468630729
115.619686130190928
112.521655046919349
108.354539160322346
104.857517444002411
100.525079664379831
96.659769827652894
94.991304727939323
98.007344345954849
102.174673733619954
106.448291185798738
110.071898072749008
112.034487799633411
113.108550774134073
113.554661309156927
114.032756575247248
114.210970372418913
113.953237981415199
69.371718391330333
102.038381211136254
111.084855778428278
110.336593007982927
111.853608700847587
111.829030970455790
108.450940512106911
98.403445470232228
114.810516881159643
122.286103994003099
123.585322119909023
122.691021383898942
120.680946070137566
116.083884485665678
113.388039030459794
73.154070931218484
89.442523687210368
98.596185151966225
98.328478573880119
96.246708160189911
97.483160772820852
102.452525596926975
105.356602030594033
107.762624563805232
110.080411036981346
112.516635707979276
114.177934700953983
114.794808387888963
115.738070009121401
115.431977175779679
76.963689125442357
119.507352642705186
121.319821954969314
109.661240931742526
126.311216627733970
130.334576703917037
129.900358388521170
79.877642973322338
122.264499172496755
130.775156124303464
129.310973546377738
122.792004755735874
119.039726549601696
91.298581240125358
124.088093004623360
124.664281455471425
63.805920187233511
100.194359038539005
103.281943739192215
101.215989398243295
102.020364236557953
103.419211215169298
69.753664349982813
126.776360020278219
134.623575150199343
131.678936647529071
56.912840839557440
122.734965500457946
126.579769775941799
125.183032589293404
79.618164001940698
116.796284011684193
114.723112786136866
125.715083436595947
105.737948568706244
119.708292535524322
90.303105453374783
121.716547264133538
128.900929282690555
129.446878902151070
125.728015823733784
89.249042452436910
122.317419238587973
121.329433385684553
117.594579607306088
65.499751270241660
109.663983029540162
110.777283025012281
107.387860097752394
104.116547200690988
102.085476492488368
74.628637747507156
106.517328690725307
133.676536622149968
116.772280946024040
55.036160992326685
116.843152040108379
121.573344433586698
123.364058436701953
120.845486259441373
78.263883829351826
103.882819203006761
119.603457365188149
122.317886743128611
124.939208651233884
100.466953347321606
125.624244355109710
129.203337458980343
128.534721332921720
126.638462371173205
126.234323193893658
88.479041771319459
123.142575183774852
123.463775393792019
77.834722883518396
110.494182548465957
110.166632342543465
106.678165401205590
104.387047049560323
100.471700925244036
75.286505863593661
125.567535217090779
135.767932994741471
121.920373978197532
52.734365455804621
114.338665982661880
121.349872720731952
120.321399398325511
117.943116712211108
75.093492374524573
100.861307375346712
119.382117981932097
120.523456688162952
115.380970242270095
134.270261733650244
139.334916018571050
135.834770632839991
130.092705400404157
122.941406426315183
121.806085868126132
94.132116163575091
128.059139496561158
126.610290822396422
87.129959247826733
114.486444115251231
116.133070926369840
113.047414668971300
108.530116085790922
102.671011668089733
74.693662366671262
124.340994588505566
128.333618217756168
56.339579759675139
111.604184351691316
116.942139102373147
117.147919052154251
117.501471656167254
114.850664449359016
111.833246477251549
86.395270098687476
85.408730809666451
108.861729610023588
108.952863074961783
111.068424228225410
114.886113171599874
118.326913578715534
119.685599755094785
117.856230634077633
119.011891273433378
123.993945846506307
128.014122985472682
128.200400421733690
124.660868503037619
120.233862316918319
118.264589022494675
114.994635924841987
112.036577989794836
107.308930817901825
103.082352805258495
100.829596786262869
102.175979295912214
105.159296536596472
108.120235004138763
109.348533340011400
110.928537634376340
112.086800267347300
112.355891628829355
112.759846854044497
112.174727603399447
112.525874184446039
82.067755884206250
122.085992667275676
124.564566123388005
124.041635564375056
124.129918992431755
122.715452109669229
121.498898215961106
122.185214744286469
121.129258492093271
124.245567923795164
127.588919744425993
126.031389222249146
123.965585931944332
121.671463398969735
116.544778772760907
114.413622897087180
112.194958352487333
108.528479091523934
104.030274488582677
102.187660752258950
101.541363682396451
104.983535535534060
108.326432293032937
109.239637718113144
110.669387041158785
112.433173195394204
112.963004253819122
113.172166122835506
113.281354758239900
113.012346027270283
81.270055839236647
124.089582985355435
126.553251857524543
123.615069865993661
104.207827332745595
130.301631008575328
137.403743503337182
85.276700701005581
118.760130854205286
126.937072790895400
129.262955317868119
126.382787161498243
122.951493985381148
78.745243319448377
126.872293103527426
128.538609653505375
69.317720779062554
106.066408376311102
107.095656580015856
104.510321206191151
105.160631728048529
106.695253914880595
108.274662567930434
80.885170793969735
125.345261636073488
133.056563961973836
63.922223484101430
112.006398143643040
114.922522015500732
114.346780280309929
82.390138004357482
121.958276719151655
114.625892524162055
125.453159168075757
127.319742778057901
128.572319009798491
88.780828070443221
118.912526617469808
127.082825814597413
131.486316500714111
128.988572757711552
124.965474010561593
90.147005403652059
121.729226273074588
112.802913765035015
106.985711145934914
65.836444870733374
108.644654852584324
111.556041350840658
109.575126924095187
106.496492342463583
69.599714908182733
123.261728044742711
130.960824210934732
127.196371368100330
123.860614337381421
56.944997379626074
123.396256248808669
128.930777594072225
122.380424951737126
76.264771978654451
109.838815643090612
121.601277465851354
88.426770300459793
126.089548179213608
103.610182779171353
92.994985463360578
120.974891416740618
131.179086364549022
130.964910304712703
128.837804377047320
88.925851196259330
119.358366033422072
138.328731964863778
93.610852155357193
71.702853371250725
110.890696405259860
113.216077053362397
109.908620542976450
105.674841644859981
74.377390781921051
80.426229177666229
126.384926988578883
127.735445223653528
125.236677632679076
57.161108783340616
124.523821796029821
131.175453280651709
125.767719998162505
117.615858117277185
91.392124577469957
107.641983307089504
112.272556017516223
106.099554585496321
100.600527185852314
100.549938057398620
104.919892708820754
108.662539764981759
110.282753451900760
107.714099760923148
103.330487454901615
105.721592987698358
108.358825809112176
106.240769934293368
105.201717734746509
105.657434749453330
106.216433214103219
107.258169636876687
107.103471593156911
104.318120731711886
102.854596637392859
106.131713421048886
106.382495562502484
105.423860653105621
106.119718240241212
106.128337088099343
106.538553120087627
107.433227183415113
106.400215648344727
103.953941697719017
85.594715996848990
126.570871435112792
118.171170741111496
111.687277235549558
110.594667922202063
113.881406030564222
116.613433274909681
115.788657644213018
110.105140764399408
101.292024033755709
108.212830876748896
111.850451659693519
111.442057608205488
110.103537208474265
110.522859791845804
110.533669980483467
110.904709180336113
109.356454970637174
102.834588578338668
99.348728536752319
102.809937145797505
103.348088250489255
105.455996476583309
108.164425688401479
110.224925201127490
112.121691482029775
112.458372559433982
110.376908999711858
105.205656269488514
106.483350069082647
69.867055381193680
120.557376685116694
114.090207689310290
110.635414452053411
115.889741358208781
122.465453619336117
123.520686160905882
116.176086512301481
104.179551778445969
108.056991848260267
114.096821224984097
118.061616391316136
118.583712909154258
118.051235713946241
117.673055734253552
117.978281656082032
116.169623446484664
109.425342990345683
102.332498829618032
101.729882072380121
100.004562048028731
102.646104400197643
108.222651151215572
113.609545737215740
116.393499243774272
117.628113109022166
115.885287750015593
110.698050010411663
111.728801969659344
110.418914579890469
59.868626843872214
123.509145181935210
117.488919937992961
118.250571627262801
124.962999550450689
128.821710382408355
121.777667591834259
111.636345894324165
110.157158520011819
115.262001636767394
120.837850722185991
125.375348358651394
126.274847338277254
124.979860173109387
124.018582288776344
121.646573967273468
61.299781105087185
127.074784550998302
120.180463326978639
107.117130204841800
101.417996460987297
105.446834717259435
112.520032943020709
118.873305928570616
121.044262368968205
121.177234847529206
117.191234036568602
102.066670078826959
131.723478270836893
128.936974095484317
75.418799105523561
117.167637506486898
118.231904393283259
118.391452970705984
120.858664705326390
120.004134975306584
116.102705708848674
118.311262410951969
117.758369985990328
121.305385744099027
127.758176560979294
131.803979670069879
130.654684277418141
130.066082526623347
127.245059858558733
121.827676878525125
116.874578498130418
115.102392694359182
108.477091894559919
103.709363526145694
104.511627807089809
107.389616781403191
113.009882425253636
117.741536761999456
118.487300763198874
118.840504024853644
121.955385438211380
121.337468359526497
120.003146775283298
119.371809729935777
64.998630374076953
126.101698808183642
130.748326878986632
128.916509272216899
125.381011830193614
122.261341694520269
122.228997781229310
120.497000193183951
122.792557428004088
128.372851625772171
133.687162864708114
136.060700816294116
133.579086473346962
130.354743641106950
128.515982623240063
123.326743683796991
118.670424809782133
115.734835840218551
111.544931142163136
107.514225277696283
106.200686120722821
107.704569639756585
110.079562314645472
113.402935622319021
118.358178922702749
121.348409586093766
121.344313617906778
123.774053818349358
123.947119436504977
124.140187332181966
73.483337331605725
122.896429076320658
129.832712150328092
129.867706424265918
126.282075470972245
123.508631408680913
123.930733004394355
126.090444182171609
129.426151963685754
133.575662261142611
135.806012532205955
136.459345846622881
135.749147568067798
133.500002694339514
129.849929345549810
124.210081221882689
119.932703575069979
117.099425008407977
112.553896887866202
109.449678160180611
106.732670717377388
106.310758254234344
108.926820166364536
112.805399304709510
116.308326425134823
120.557343253889613
123.442822350465519
126.029439005090467
126.861157132192886
126.788363578407399
80.073945677792253
128.251359883758511
131.792990976889485
126.144423703591968
123.109059200158811
124.847969895915156
128.095533767896825
131.433201488533001
134.567222488648667
134.589907687774996
136.601075045786274
140.721821755323106
138.359106858259281
134.850876074054412
131.887324229134208
126.507524256193747
124.061815240187784
119.214011306022485
113.914661031737680
107.488382105333017
106.797890236298144
106.124469572868733
106.900461776041539
109.883002726239539
114.920927208223560
120.217759069052761
124.626745339694011
126.417241976625533
125.264895686755153
126.276334497922591
89.336562389264571
127.286055021937187
126.490402878991560
101.649175940334331
111.496070266316650
123.019297321764540
130.880558802838749
135.339375461020609
133.048301787752735
132.547694833358463
139.916531207762091
140.859875971569380
138.982598282298483
98.144417816474942
118.769021224490132
124.811239810508113
124.195064608719548
118.177135872398679
110.843423612529890
107.830949876127079
104.746063366094830
103.915590193191832
106.129039984137080
110.651676469283814
116.050031026274979
120.495359336490026
125.051817404870860
123.423052918428738
123.158110325845001
126.235499053115490
93.475559398675713
129.020841336750834
129.204819899373376
116.889270616605629
137.155768857528727
103.326450789644653
125.064743548279097
129.637876408493128
130.286016427487652
135.779835108136410
138.205473141173769
140.391902940338042
128.616358274667618
121.912469620547682
129.417696892531154
128.249680482013673
123.850717363036566
115.428679411762559
110.879125094409758
105.121116211131948
101.442548615073946
102.161106533913994
108.113091756627625
135.373360119171537
72.058063098482890
113.238442634785798
118.668922635055083
119.673603522347264
123.654605513461775
123.946769566555503
94.376313022014017
133.368299520178311
131.622346748872673
127.259773535474864
128.438149790022294
131.005948906398032
130.380851033343959
127.860230699496540
128.010593880561231
130.387646261585672
133.698556270730990
139.493296314669607
139.444943137083271
135.382183030238735
132.729419366665866
127.199233764876936
120.201246155798970
115.874550611742734
109.317824026462560
102.732679735958015
100.261056911521990
103.016221718358565
108.138928941903544
114.305896036625057
117.456827832513738
117.340778039966580
116.629267685644464
118.896547749604807
118.551724185307251
119.142634555665552
96.886129724299138
130.883253312424131
129.594801550376644
127.509565568055166
127.656628834907650
128.712590393716027
128.943499855244681
127.908974170887404
125.286913689030726
126.592061452471341
134.177738736789365
137.378085298016572
134.627302234868694
131.061090056201522
128.155577338929135
123.582982147098249
119.386398405638261
114.004044886783390
107.466609491553612
102.694547458213549
100.878362055810385
103.942643906335377
109.734329866931333
113.313043510330147
114.763254033322980
116.159458452603758
117.049190686515757
116.445414933127381
116.100592486103437
117.477995424999662
95.996491730642362
126.999451904765010
125.337710084556988
123.334813957753994
126.677399237909484
128.905200964933982
128.331267203288178
125.904327673125948
123.476077138536454
126.932666971686558
130.422078087382545
133.094022604238432
129.222670988389439
126.478581340702121
123.110007316770123
120.008431913035338
115.693155905817221
111.513160020199280
107.528459250805810
103.903737988396898
103.034568928972959
104.038686861647818
107.674177664944068
112.335706751393403
114.994654729008914
114.882916274070908
115.174896816906937
115.488119456594376
114.905874305442651
115.068891229176074
103.679779875673077
113.908276880962859
113.337771178506614
112.783374043972898
114.745784570519561
117.614249576595910
98.612091798475191
100.827629993700185
119.333420118470229
126.805133788066257
128.225917485327898
130.357137797378925
127.479851158701521
123.216987334916027
118.824518729795301
115.701436071113989
85.994059202946332
90.413508753742576
102.013443794970314
102.604436256798948
103.102262850952130
106.132489057144596
108.727498636155218
111.564840134250701
113.629449000935068
109.088229056670059
95.003543060587063
109.121664978022153
113.025878137360479
112.073964813578002
84.843534254186267
120.507392901248181
117.870453846570143
123.930834331004959
134.628972353018469
133.995589307320330
82.388754292520233
121.534323055576607
125.424731522366159
125.824369181768020
128.061430087161114
126.362720875582454
94.575873936701996
129.691628256550786
127.615512295248976
120.729474714518815
60.388716910907618
108.212420989705677
109.022031695733503
108.106024337345957
107.619572768642669
107.111755386638904
69.383809862400582
136.768917523173457
138.927934032766814
132.478696975644112
57.301552898650513
116.275154103746218
121.139919205069361
119.254620069180092
77.170050027687509
115.672463607963778
109.965529001175554
99.294920861899413
130.066578144154960
105.353652794230868
77.581043564084965
123.744783969169475
127.338913687512530
128.514796445072420
125.774818696891700
98.028103311530288
124.276462874706709
114.012952380871610
104.694795417946239
64.541324173089805
107.334723133977477
109.651700872571908
106.846139319835714
106.702143626791653
104.510649547499355
81.406467205774860
97.738577579812841
140.777040498895929
129.075076050261487
58.849911929799880
121.351826552203264
123.666392098459369
121.432657643608934
116.972721622746491
68.693799028783090
112.229244140336732
126.601257905889412
114.109295421156503
124.708452344135154
86.209829829041439
122.775739015468417
125.325636961452417
126.966641635429312
125.249160527853462
124.289507228600058
99.731085570151478
125.789344235895740
126.189389744061273
121.726145071719088
65.147344810760018
103.538835802178028
108.250787307460470
107.518732977333812
101.692722392623892
69.545533504506878
137.309346606516073
147.748806866750272
126.421366773471149
61.687694860621690
129.855462576975640
130.087547056768301
126.822670831634980
120.593246133542650
114.154341840258184
118.148562702277161
128.814372768060309
125.260190091510381
107.079302269727876
134.517920377146766
138.688042473259827
138.322875316291857
133.274824945877384
125.022670694282823
119.456489657995434
100.838551923058077
137.033095175243716
133.277456434843572
85.808405267908299
117.039967474587485
116.895946895210216
113.539851480872585
109.210797517089304
103.129541967447977
98.508812482261249
101.359418246215640
140.866034420710605
141.225595375939747
63.160951911731892
122.105815715411850
126.094268516005329
125.690313993724146
123.372249993179551
118.914223054439958
78.072127827436375
75.959595616518158
129.688217701228808
131.471460899637520
127.825445638815737
125.403749398943205
125.101480145224500
124.745328354372958
119.844984320605988
116.878905633583713
119.998163533523154
126.729584778676440
129.027577924962628
128.224514120698586
123.525428759604878
119.728030696879642
117.077351696123984
113.413579459913336
107.731075779474139
103.288556955758779
100.480393975882436
101.011174207898506
105.965037190875620
111.946894830657669
115.633711827013968
118.743099956175172
120.251153380050553
120.013779461608934
120.093977707520281
119.038517392005076
118.866891192522871
75.470736553996090
124.502677279396849
129.252244503831633
127.428460195017749
126.865707603853451
125.881411573068348
125.102909509629399
123.139224849839039
120.811514672107975
123.030571313395370
126.840631493149502
129.018940052978053
128.437979734448220
125.465906458233661
121.312339760707459
117.378274697901489
113.695831782877931
110.449287346773630
105.565031942021548
101.905567692703826
100.652188680775637
103.115633687222697
109.014459452959898
114.204252054045639
116.993737293399008
118.994842536539835
121.274273334596515
122.315823188132754
121.538478734631411
121.488718632789244
83.675360449357044
115.579639981366313
119.682346622402250
115.740826119593095
114.827570619460289
120.491967080408699
143.073160260645665
87.263583122568917
120.654816194739539
129.335596059366821
131.051612497665843
133.305820541432183
129.452183641601863
125.340537643705289
82.303945414934034
127.702969030585066
82.782210178096506
106.492610869908106
107.305329922991220
103.761398577314026
103.048623681259130
104.735163707827468
106.871198145328833
111.454464305679323
107.020497129157818
141.439199984400773
82.143201322647727
118.104845899848755
123.067351824062683
122.773487267097437
87.759703637426341
126.362393790175446
127.878417175266407
128.578451806943491
134.771976600890298
136.132585492694346
92.304557298479523
124.645613005885536
128.506569711235784
130.018782009334018
133.217902801722005
129.485846833134531
104.650016185006763
133.514031440932484
133.119404157280570
127.668466206212656
67.761295153259240
111.057534328614310
114.516458758497365
112.227465548361749
108.135030843046366
65.269302119747010
129.202406157527037
135.474646029464225
133.632362325815876
60.453140823729903
128.761997628328459
134.512279887109059
133.822759758659060
129.734662651828955
81.596353022386921
117.298131179609982
126.649372535970784
96.664788790337894
133.960256814453771
102.095364165094722
97.240136884055246
129.449927699426041
137.928201288124654
135.040911769445245
132.009599672391431
95.737852551587736
113.916397876846077
74.260234150966525
99.747078939198261
74.111327441637115
119.334606838048543
119.916181574899269
116.377705058973248
110.157016093863220
76.924844781794420
132.146685002146370
104.503851686253654
124.043349115545922
58.447500356964426
126.697528140225828
134.841110082216801
132.219737912019070
129.651762332654727
124.321215829230368
81.685861732410416
113.231323738206243
125.981853559700198
129.225878193986034
111.390582014041655
128.197358507007380
133.039012061798786
130.593661615765228
130.210240501256493
128.023786633774364
89.803945801392203
135.729648014061127
134.335104395580686
130.293614226085481
81.235829576211543
124.913683423369164
124.218382728009544
120.358207965355376
113.053491023406337
106.860151866836034
85.448008715712490
131.799760051363137
134.627760994862172
59.077813276719816
119.635370859222007
125.156796402906835
124.494632613817899
124.857095490527030
121.710090592150721
78.460266405226420
103.161396555401097
123.756546885035192
117.651345068671731
139.236082261177586
142.959419220535068
140.794862080179428
137.367196280298344
131.774577551694193
125.482975074317977
126.669066560384408
111.735761699754974
118.256363759882902
134.983435734964303
130.910452095017234
128.088274987354964
124.631966922484622
121.118406684127507
116.493148047782810
110.729418544320907
97.519901198747164
82.063601970809316
105.973716013055338
112.311793445049048
114.420180215210380
117.060333075951007
118.365301671349997
119.770939274242266
119.508773121971444
118.972976478916266
117.052448571131919
94.366843496999991
116.319149242185148
117.167664051785323
119.053775908875650
122.458758404033929
124.694051896400993
124.810298818811503
122.998854505770197
123.906634926770835
129.685942248365365
134.906451552777071
136.870743028508969
134.246700438592256
131.827246145940677
129.488777055139508
125.792881775158463
121.605134382541863
116.328807842543625
112.391904612841984
108.788454193984776
106.814821960685123
108.223825556968166
111.502283851814994
114.179534322834698
116.577885288687000
118.624342083380498
119.078925421181154
120.499579817966890
119.773717629652992
120.252482559687905
88.863138751696710
132.281104321046627
132.358323370500699
131.002973972305597
130.904235235830015
129.921429473504645
119.615082246992159
112.391402924250698
123.353126759211108
128.490108586557767
133.012034022083867
136.489653529064469
134.048679573033553
131.232491315187161
126.277333989042489
92.456074327240174
103.514006395482781
113.907444650503010
112.654704192662621
108.777349722919652
106.254661459001738
108.959393160709368
111.889535323710078
114.169695462940041
116.325326915975978
118.850385592854408
119.986405294740763
121.225637467858590
120.133133969262687
120.070870927054969
89.108843472629559
132.989252996529274
132.520163032267305
115.687549306744614
139.428561312868766
144.557141199132104
140.471179156289168
81.816070686668155
125.809879996021948
133.841852748350107
138.816372591158029
135.795622087244340
132.499523788598765
107.295545123711591
142.610994061441090
140.319045624622674
76.715995803492106
115.102470878876659
115.884716219385624
111.112741790568421
108.194482835839835
108.837446661310423
75.503946270275563
132.628506188292675
141.355769371267968
138.536466259535530
55.729408684213965
127.261115321318556
129.332996008850557
126.456999925622029
84.506280460664399
129.554188290406728
126.028865101833347
114.154334460210436
138.300574826427010
113.465633165866237
90.992348360651874
124.849916181277564
131.876724338355729
135.282282852349965
136.122230312430588
104.831722190765106
135.297943756065763
105.283246104316987
117.097031409725815
122.492715561810599
73.055039146970756
119.615366074784319
124.703718031121355
116.862278069078343
109.301436416201653
76.534920854642920
94.959780574796980
127.666959771969260
131.168387260679481
60.851840696380663
131.193937315507071
134.236472569514802
131.888976239894902
125.110917580387536
83.587684926702110
116.861576949349342
133.780554154170375
135.065481535644011
107.389610061742061
104.608777693670135
127.234617421725261
132.153787787371982
133.744112767150568
133.270433319912911
132.776552499059108
108.810115380387671
114.904904970067349
120.990013642434079
128.242647729910402
79.211595077294362
118.943409442853778
121.579809827344221
117.250021978896029
109.698407411221694
77.777311587072234
134.433498572151024
136.573966944100846
131.906085767931501
57.916815709178721
131.471369039767637
135.775807152482287
133.462633338557453
127.880345123268725
68.245864178022316
70.673545036349353
102.978911729790596
115.983355866464308
112.645223984646748
111.507471973918271
114.980177311058171
118.480561696534167
118.814800313339930
116.728473468283028
111.781706504236922
108.611354183196951
112.082759027511827
113.058776143446181
112.163067656547099
112.088410681757850
113.389942880107711
114.599276950680576
114.705076581319901
112.139235927133612
108.775874580220886
109.625812762400926
110.808644453603236
109.567238748181026
110.173501957796859
111.706986326845154
113.256338652073879
114.693312297692472
114.114036456774699
111.460981432368158
110.068537709406939
88.019957047369672
133.656067108044340
127.167703574649437
119.568663691265243
118.839979599130416
121.205116268745186
124.131064240622607
122.414451122363147
113.202340279174479
106.596412119637378
112.385298267891955
113.560035413245600
131.362193626230777
136.149505465734308
133.461953273007452
129.418445428560119
63.224166577029060
119.295794463199087
123.785198139074495
120.006960569446193
110.448608911784731
105.313766445366070
107.213136576359673
113.563457828555926
118.130344511349534
120.978021642493076
119.954695218413619
116.609083326644352
114.245336508680268
114.810601715767987
70.576106975751827
134.568139612211183
125.735992820041943
120.463624926852503
123.554108027306455
131.675611337817401
130.746329404443941
120.733050139678227
109.185966975248135
100.373851314793384
149.959286823695777
148.298026144186451
142.490127090363359
136.685883624967801
133.805733250500026
129.903629743042615
81.470587166964194
134.428621560497845
129.343305290707633
111.336712540415988
104.659763977897654
106.144631619719334
112.729970409087628
118.774669633861564
124.754359918746388
125.977486805860906
123.060916157286528
119.656913441419320
104.739295670851718
134.724926430692250
87.014161877095447
144.677960558192893
137.854309999625286
133.766569685297611
135.331369977646631
134.645410754272689
127.393371678874487
119.191135148617121
140.876348625610404
131.862964637165646
132.490373074638285
137.801353671444588
141.208938296516010
140.174642669146095
135.790958447402176
90.842427311130550
139.627990811036909
127.312253025615163
115.516994754841804
109.111626038285905
108.155607637736949
112.003322040118277
116.489370572618412
122.258370614540809
126.273410171773264
125.795214581512411
115.968080819592643
143.310828932841787
141.372626279282770
134.743766907339648
83.967823910662062
128.414153177028481
128.180840781338389
126.111786667130929
126.607171651191933
127.308790436750144
126.210337550663880
126.262451999984322
122.683606865427947
124.473181746070622
131.403788076888532
137.516768786559339
140.697851969167317
139.028132144295000
136.870922524016351
132.325789701252233
129.179909995898726
124.278943418697409
119.403520338852474
115.368106251291266
111.446595684231653
111.651601946319971
114.348489809786628
118.565850043038580
122.223727791253765
126.605657154354972
128.363695919316399
127.915658026842522
127.865493265086513
128.492775475548626
79.342983617630551
135.695144973627606
138.207950380117722
134.705187088016146
133.477730710033057
131.656414121078569
129.108122419799145
126.140844683224287
128.339745033111171
133.349802743400289
138.178895320318503
140.960203786635702
143.218884268316430
141.444245082073081
139.526182001626580
134.351750802175360
130.256394716639591
125.605814192344596
122.005757605939920
118.046761177553847
113.920844760751123
111.324412144131557
112.938530777542482
116.817129229263145
121.282177202697198
125.370921027584146
127.170278067362602
130.332194050475124
132.248720246289338
132.339924220832728
86.139425149282246
133.152161032322738
138.659114611771173
135.071424533492007
131.302352039062498
129.163228003119428
130.452771028756132
131.463324820892780
136.199187078624902
139.417405692871853
141.361339864698692
144.893462638117825
147.976803673325946
145.321550675573548
139.319926752665907
135.428259787832843
131.837602597307409
127.779735923668511
123.628086825209408
118.519763113873069
114.007966899867895
112.070727427796342
112.574513785571767
113.076593282405213
117.671088710290292
124.215708054052868
128.876006112579148
131.662502505203634
133.636450545732373
133.599961669072513
92.113699375663472
134.657919033435718
134.739355843524208
129.260263099224744
127.340406734863933
130.050177356462711
133.322016765679223
136.580425131145830
138.644899734395665
140.622023034397387
144.218649820118742
147.840523582188155
148.402059976623491
145.762892724659935
142.494171924685475
138.313466812164393
133.838209238857644
128.409331140126937
121.477532397106955
116.780084149737050
115.054798653522525
110.775019851322384
109.848040725158043
112.315540042722347
118.263910228978119
124.392235257828872
128.939591139212951
131.350196608209984
131.233960256828027
133.655610874821889
96.167748057390298
133.270901477997484
131.875759515367122
128.403053319703531
101.461032798769182
116.149394844780048
131.020231433271448
137.329084311444376
138.106265439078925
142.237461238139815
146.456776328899650
149.382382765837519
149.024896548189759
148.174335445281514
143.981995236887428
138.621499888107934
134.133580785845027
126.362161872758108
119.237019446006244
116.915985169775951
109.508598773819600
107.508168309195995
109.556964508435655
113.639449445770495
120.167489201593526
125.492784860157286
128.555916068159320
128.021677139423787
129.782113201348579
132.266539774714317
97.967100975885373
137.238397432742062
136.500807148342517
131.399683033184914
131.638495680201345
136.628342289668012
138.215826405883831
137.029994739964110
135.721745318728750
138.428329325999073
144.143780780971042
147.704383572007686
151.192462001688824
148.397739861388487
144.140257079241877
138.286606131648455
132.515429653841522
125.030999022026450
120.122794170427255
112.381227730980839
106.396774788503379
106.576950124224680
109.650350974028086
115.837231688224307
122.308190196123547
125.265100990344621
125.234199021991571
126.651779629816957
128.454186800916602
128.845493417604786
100.211142265008391
140.945957406659915
139.166139159159883
135.283755229660443
135.051240515390020
137.267931742015833
137.439329045599152
135.965403490056985
134.677688983072358
135.591223462678727
140.921828971094499
146.739391901927547
148.975936128014098
147.218100038083207
141.992917272327759
136.203166081668087
131.063644464856452
125.116044097891773
117.812539003422017
109.636825196851504
105.805831999905323
105.656050591757008
110.746052501664792
117.258400147499032
121.057360377889609
122.356342869405722
125.129029056590184
125.882607079146339
125.843487133155577
126.376198622914643
103.902675522344495
140.334077431160267
138.343016428805669
134.990229198625229
135.242162049203927
137.792446493520544
140.086804845248395
134.922762636186462
131.232216391170823
134.061993520619183
138.073004448830943
144.309870960726812
144.807059969850002
142.238022039312227
137.270701946233885
132.948369788541186
127.897611384134819
122.269869049378826
116.291352770351807
109.951232628940744
106.980238707251928
106.656623598062367
110.157935025590746
114.957013746571022
120.188205785321514
123.448539123386269
123.766121891880559
123.621208129152365
123.568670238030393
124.015688641832682
104.649681352330674
136.392828404092768
134.912181687440579
133.749616027033852
135.175989396453673
137.317926893914233
136.418752927136154
132.590937295739622
130.860155967803024
133.253591700128055
134.481515855647217
138.194944182612261
139.274505752258250
135.853988776655058
132.171986464110319
128.102484911342430
124.216699767325991
119.403941459665475
115.258886915823837
111.470084882314623
106.895610091071120
107.676211530924363
110.756132625471309
114.670521180741844
118.873863734517798
120.604965166528430
122.345659667124281
122.387238167453660
122.278719037699929
122.741571175322079
109.648531842865879
123.738172720739414
123.156529070477248
120.568585595864789
123.025741867425026
100.512663777256861
140.737767610601878
88.032327721913006
124.510074478765631
131.689131808675569
135.936448667213455
137.683154207300277
135.801161495952329
132.105347593939570
126.956757450776635
104.428622100174096
102.903299568173082
112.474648240036288
112.667000578672074
109.869783857177566
109.392273104308600
110.211528818073930
110.539676631386612
84.127475308141968
91.274251852464715
145.978967751909607
94.730479141731720
116.350645624075838
119.086695018396142
120.004421727629321
97.793158029292584
130.921750322842854
128.349303431383561
130.308052903999339
105.438185744718410
126.648526123922778
86.705382645029289
129.443947031874416
128.991731502530371
129.037139268425619
132.522774715182152
131.003902151776600
104.967113784035277
133.092841028965722
133.293314878936798
127.663297048886761
63.662696625740935
113.273439506484479
115.880258693243746
116.060363149980674
112.194977635154430
61.204186248508719
143.638694612109560
143.742635503757157
136.251364876337306
55.088036260610778
134.198075844468633
136.931094765362417
132.198661040880779
127.560649992702849
86.142868706236342
118.666930836167978
127.892454200303490
134.402353420079351
112.359726472313142
126.239141905984326
85.404916760398251
128.726723306327131
133.330719162444865
132.789317341788319
129.689913210835698
90.578200031006446
134.104621529904847
108.234130529000041
115.789799993447787
68.754524300868198
116.278740385739923
117.548093289558039
117.076661244921411
113.029445758716363
65.545833661346848
147.548706232507726
145.187048262567146
138.109895064219756
132.498877087843908
64.711039600275825
140.349590998038707
145.097892119731824
138.331490968802626
125.481800017306512
76.888244515836675
118.920725967538857
130.609219766858757
133.665869138730727
101.065482606161027
125.507652671334299
130.069692852367979
129.192958532669053
128.327325929161162
125.036884508401499
125.908931443074323
97.880510182393706
135.694448276676667
136.172879062443343
80.251248348088239
117.778725521771477
117.353259961818964
115.738692057451885
113.176583583015884
108.610344706002834
84.350952625498834
147.994140887769674
151.454422112499060
59.516793293119648
126.307217550420660
132.335518286768121
130.816337236027550
128.794662706593385
124.465615255606622
72.027125307410742
81.497404613879539
137.303904014242448
137.315377296887618
132.581600976420646
131.296599331128704
130.898577433128480
128.833266657648210
125.393734747022123
122.544317296856008
121.535009985039508
126.531321505314949
131.583207150361773
132.700046006468710
130.089208788675705
127.608245166590791
123.479758695746796
119.399614305293994
116.240960890882533
109.999383724862810
107.497016019297263
107.108021766799084
110.240837594473476
116.061428130368029
120.080294089104640
122.172748292201021
124.919856876886186
125.415497277628219
125.307155031098318
123.876407777995794
123.401383379968564
79.099613445425121
133.317479004802408
136.050314337839069
132.121694237706151
131.581950359991538
131.244518965511162
130.371874069288509
126.822192075767930
123.319433956443476
123.834884206743709
128.351337123079134
132.747332315600829
133.855790596448543
132.325775094982674
129.708629570706648
125.625158123514467
121.595867455088822
117.414512058895042
112.194023642511439
108.556444336918929
106.681733083601316
107.920068493262505
111.978819932181523
118.106178926446859
122.428401694094390
125.467966249099362
125.976044113303772
126.669799164494862
125.933485771532006
125.813482159043602
84.863493639651963
134.428243745878092
138.234677353743905
134.970350604083848
132.593025738169132
132.495448838903400
131.014852957034748
127.894637906015745
125.613991968666738
126.490732563520993
129.357691821599218
135.660431664137292
137.725680362934071
134.744771338479268
130.737790984961464
127.005187770879374
123.421575553757293
119.358182642882468
115.420039763144942
109.287531409038834
106.048546960504495
106.595232481141139
110.474783124267802
115.746217321003030
120.824535354260604
124.956137629537182
128.036955303636830
128.921820797238468
129.125657132443848
127.683971378739699
87.422131785177982
122.833976043134868
124.470637138787311
121.265660662297819
123.396433374407692
143.584568133477148
147.441973054700668
76.244022727484975
127.016966771446832
136.810122587060789
140.394556426251029
140.490615733025976
138.640870130196163
95.035333401233643
141.931088954107622
145.500962907708526
78.473894415500808
116.265888147202915
118.128617853334021
114.368806006573124
111.411299302566277
108.063101110301091
81.787411544979889
142.824795980047043
151.865876176854044
63.567671060479782
133.319703982550379
136.720854522071306
135.523713060573670
135.032701731629373
94.656536378029685
135.175256970263206
129.552534457262084
134.347372873756626
128.651435115198467
121.789055278693553
93.148988684012892
129.911320591875921
135.573331335518048
137.038599296868227
136.454873012083851
103.484899042333367
144.518753290194468
142.914892619132985
136.476491076589014
132.863287921219239
74.945462185892779
124.408759209747899
129.441219681714557
123.822267484514811
113.678205456053149
74.217176773664420
135.610240273185667
139.945182755621857
137.248857708816900
63.109744220936150
140.960671412551250
146.586300449873278
144.781841940165009
138.230586252684134
89.002191216680401
123.392922198167923
131.076752209550648
131.786760451554301
132.959020439701646
107.979307973512405
134.710694846928561
137.813059393341860
137.265324882613100
133.741966588448008
134.433059311282591
97.218037722294468
145.001051640911442
142.998530585693175
92.145363830217278
133.928309586739005
131.243686964596321
127.252892761667525
122.852773370344806
116.927677811158134
78.616644158218634
141.345968450119699
142.818752420578647
135.953295096450034
57.789183891736577
133.639233192965946
141.761618771488088
140.969476473454336
136.184322203909261
131.305178080734549
91.969725574435486
114.890742737713566
128.093227641192072
127.526031932540207
134.007892723705595
137.147294797761845
138.220456466996808
134.963337048176072
132.760386237769694
131.568545191348107
135.061943630422945
104.160315431144738
140.094553445321765
107.094301876029306
138.036418882461305
135.651795197703052
129.723302779143580
126.875714613303757
121.291791773699572
80.639826037311707
144.396224643573817
145.396734732163566
136.161549977400909
59.310051601738863
131.674417204050144
138.276454282156038
138.848237891657732
134.392467569855967
129.857370516901426
77.453379500862653
97.865503622675817
142.335967553284320
141.605845931193130
136.619965309844872
135.294360592127134
136.900238720798143
135.332237161267642
131.750065774809201
129.125689467668934
130.717115316514565
136.893523449795566
141.431106702441696
142.788822478687990
140.233742161670023
137.249142486071122
134.256266561588973
131.727897394951924
127.156312778351065
120.559056535615724
116.984484881022510
113.431895188586054
113.984460954743696
115.244404640545113
117.086098630745283
120.846289896916645
123.274915438580166
125.001834157033642
125.509608324904164
125.296517201140304
127.949165767007145
99.500342992910674
122.003960797112796
124.363081219624419
125.917704583705941
130.469855746374179
131.666299267480156
130.356556404508950
129.286146878652346
130.441775103130595
135.201217603334214
139.504513984470265
142.002209336996913
144.111697206434712
142.815864985819474
139.549735760526801
136.491083593280450
131.268640149856367
127.369678833730887
121.884250420217853
118.441185477076303
114.028207357745259
113.143792646140980
114.185441071455244
118.076223813460743
120.453189464432953
122.653870803176289
124.836385958762094
126.266097356304357
127.290174268353127
127.380180295687012
97.741480120653932
143.145280013531959
141.971067417315055
137.018490092647681
136.550651949615201
124.039772707292258
148.563219408559320
101.856793898817301
129.045708560480506
134.207453451499276
138.748492529124377
144.715363569804026
144.719641386034709
140.724762461719990
105.071207002591734
116.285049226655858
128.178655414819190
127.010898340464337
122.131494494801558
117.318597466024684
113.838982946510384
112.789603036023280
114.052070044169938
116.792293517409092
119.724659564082941
124.129093016312723
126.225131889015586
127.375822575836992
127.694662420034746
127.786020548343089
99.721737364314848
142.238314317051277
139.476844432452424
137.871619503222007
148.218915944742889
150.277759547774849
96.349301242187991
129.513158132051984
133.452833062935554
136.032605239606170
142.042383990143662
143.860408793636168
122.296991250405796
155.820992213893192
155.064618966620998
146.481441887118223
79.856858622546724
127.732736260517271
128.523501667781574
122.201415496512851
115.731962780014825
111.579166796633558
86.097091234953268
141.245260234412115
147.543319201800642
64.300794267022695
130.570119064423409
132.983974293169126
133.104595760693513
132.170896003340403
95.103694058588374
140.056343171151667
127.593889701428978
135.806787264500883
136.752202034866997
139.136589798642888
94.125082606055045
131.846714820091762
136.107844148235984
140.165999613437407
140.279244565081854
105.457115431300025
148.428072072003630
132.091862096754369
131.483791320208041
85.887363966588097
129.324132181432446
132.622401569683092
128.104054078780507
119.712759009752205
73.758290101272650
138.666061951235605
140.436090863783278
107.253389970384035
59.914576619956591
138.332470232293502
143.806172694743282
142.299175816145521
136.648813007584067
131.173428949377410
92.234306532331985
112.226226114316489
128.289331183495278
133.213797907020989
133.505917110712062
109.185789650494428
132.209255160926944
137.146574265081085
137.570944045263104
137.614906651161419
95.314719544037274
146.786252203368406
147.052025474103317
143.525204126462796
95.351545202123759
134.732383443627043
135.547307974772451
131.429964009102548
123.688533805788808
114.868129982172221
87.740543614265974
139.771254968953912
141.550352488433361
57.602246492260640
130.414592305403829
137.796741574688866
135.835806543670572
134.602269664877099
131.049014872405905
80.061279461286176
58.933650912656304
126.849993317749153
130.063743896417037
127.118621193257042
125.907157807058979
127.836245639758232
127.009052430675013
125.022727623314736
120.450103789306340
114.446462365365505
116.138608550548298
117.430636172491063
116.774634693933621
118.452897151512900
113.018488356603370
101.727345490526289
116.243973655021279
119.137079710995550
117.572568286300438
115.974904430218970
116.768464241312898
114.919473802242990
114.622237199327756
115.099115230397189
118.408588205972521
120.332323975152136
120.822354164845848
119.676648036387931
117.380784567310144
118.644506455129658
91.347221074846516
143.782150086284872
135.805561304191485
129.194139340624673
126.315692678849899
129.369704976766684
131.556791538242663
127.302761214225427
117.106519543356171
114.851061362004003
116.002841462380687
136.774426935603316
150.057777361635971
147.889030829888497
143.288008564149891
69.285279034106054
128.495624954466081
131.259138823769405
129.135544960381708
123.554037687963117
114.086466624339891
110.173213512052598
112.014124862253652
116.533449315962386
122.015017241329090
125.455448214209326
125.481429105146034
122.527662485096613
122.729575279832176
110.397976971434645
85.422685309637174
152.166828825921556
141.551789697421810
132.996452718813259
133.587058425038123
137.599532670644976
135.944315306279520
125.733825051372946
120.065675820714162
147.105847396805814
142.933397368852354
140.095104733972931
140.607560248636531
141.890779011039683
140.331203895117710
97.684130064777790
146.521782852546608
142.326729754866392
130.042750296587144
117.561852816316218
112.874357012521529
113.605952187785192
116.934014876931599
122.175918162445015
127.023988196957504
129.623288687686511
128.638788198134904
114.304223713198951
144.885213591619163
142.859050246910556
113.431940384245621
153.628820860778148
147.880270864772598
142.044059616176924
139.962921923129528
137.873291187369205
131.819397748470465
132.717576619885932
144.766160467866882
136.318176781611697
135.130642186944385
140.707113649686164
145.429271184670313
147.784790834519981
143.499308818179713
98.788487970469035
154.074346431764923
141.769938627877025
126.393045708577759
120.366591205338423
117.698023056345136
118.350619761318001
119.499359939987357
122.432802353569599
127.300686798706153
129.796641251593485
119.718588697975576
150.339281611462866
148.656525212247175
144.121514128381619
95.101752717389573
139.440416971990146
136.047191865608568
131.574443479361037
132.437718378821160
135.234363380751688
135.630323607294287
132.494697155730819
128.716037901785285
129.014588109774138
133.837635661555623
141.132311341407444
145.825887659808529
148.587723805946496
145.966369609128350
143.853939144567903
139.829811306508532
134.555110127264328
130.271686689456828
125.755264488260465
121.748958772042300
118.080796476413042
117.106606047144766
119.343945596671517
123.515496415180934
129.100585969583477
132.598104033232971
134.827156427593081
135.903415861170259
137.076248649261970
94.168186254119561
146.009505629641183
146.590341964302439
143.588260575493933
140.299973707501806
136.971248412778692
135.385205668066419
133.514892728915100
134.720438136945859
137.478987347487617
141.039685980233969
146.424540254741743
151.873223725808941
152.264556747712874
149.056857315541976
144.814238462147785
141.323704770960802
136.724991889199146
131.714266715189467
127.886501925951265
123.354789621569481
119.478087762660564
117.317011511476665
118.474415618225166
121.709157840258797
127.484435901745513
133.758679902013057
136.465491987035591
138.129970292863334
140.155546836273572
99.462828663685883
144.773049412775208
145.334231011732243
140.311878614177459
135.735132643006523
135.077677351657115
137.338248217518185
139.178598811486211
140.815713693809130
142.024587832375516
146.583171808549992
152.696445378593182
155.781646739734697
154.671281634253376
151.029508595101447
147.155243213193330
143.620628917349535
137.963052274930192
131.528913915081461
127.830064494881896
124.415897122122800
120.108647291739572
115.853638717952762
115.682845828703108
119.695729471311893
126.198220598520052
131.919498193664737
135.917487194803016
138.583567457651412
141.471565252874143
104.833672024928191
140.794589536446011
139.283459782596850
133.589831737362232
132.717519595590232
134.952187718359653
139.385895292017835
141.918630131994917
142.684677560665477
145.041966079465482
153.058096851024743
154.738664153560535
157.222472467258740
155.856982391629913
152.579927802977522
148.341270424278207
143.981041813144884
137.886980763943740
130.877513996475074
126.076130400116881
121.889569358700044
116.474567421498932
114.177436020472484
115.683910527246013
119.980640550797972
127.076856915994426
132.556937474404151
133.757176402751924
136.957077929734879
140.305214597635370
105.411443295424633
139.705209981444739
138.396602392643956
134.026433382801798
133.870126041129254
137.650988560174824
142.986828845262892
143.037749170395443
142.852688928324483
149.182532196611618
150.746651617533615
156.244613680063082
158.500975981154369
157.320135346136226
154.888158180567757
149.046372901515383
142.980931234991061
135.041461007009076
129.547720835361758
123.227735924547233
117.466072300786834
113.600522169070942
113.090284394038747
116.933451879006924
122.570914918730040
128.646776834397656
130.558017685260239
132.420530018028813
136.463024663280748
137.007826053564713
105.702075925115707
144.919209064465917
142.440771901474875
137.663309705317545
138.325473050916855
142.058763080151238
143.594446130778977
142.982123742856004
144.815753262447600
145.228861531189921
148.421801626956750
154.530850058224985
158.634490271055171
157.548230255107171
153.611565864039903
148.388232424610237
140.301245701383692
135.954459853640486
128.555111875666967
120.400808260884446
114.247797871231796
110.704047435170352
112.251957854621438
118.286642061307319
123.811186449757543
127.935512828756188
130.407294027850867
133.201955683432232
134.897937323754377
134.942622292333454
107.527893700770548
148.223412287407371
145.475538875042275
140.307634568044563
141.506317506414291
143.852352871721621
156.732951943786560
126.981972954572285
140.251579748423751
143.254881985640054
147.425113527585665
153.205983548699464
157.727253204480775
156.093881749024774
150.319320522788075
145.302714398011261
114.180195208003255
115.971202119837315
123.073747491953753
117.477334892702473
112.249802026058632
110.297922962727981
112.076423880035776
117.802053850143835
122.541964065313465
127.904739204656977
126.468294940051592
108.470769115186457
128.170399066618728
132.906969732982134
113.505010631496148
147.586572263197269
145.834956482789607
149.688205994853661
160.085518557619423
162.947513800573006
105.006557834809186
142.132239151003915
142.032571699879412
140.335963329003732
144.084727555762470
148.212452272535302
151.976518681825439
149.319720484454763
135.289224340302582
151.411525306276332
104.301295676504992
126.539171379664481
124.158096813381349
118.426822536375283
113.295929394471329
110.929399277446890
112.243713372365292
116.860277329574828
122.512501827181694
127.722802819194328
151.511975242103006
151.011222441735072
71.304375972717793
131.414806195664767
116.647179865475124
145.997716421589985
145.978158324368792
149.472969682822338
131.250255030458163
142.208239750274856
146.074735924037526
142.015056374287525
138.857181463969113
136.165578775627210
139.091191026184759
141.567373359457207
143.745110734218287
143.017676960778033
139.663620355901145
136.447970452180613
133.402661056890963
128.449689033970060
123.304646659004945
118.517499525539932
115.256068430963794
112.821198564615614
114.184973645876028
116.543257337124260
120.821052040158776
125.223351250039372
128.043755544174303
129.254840544545488
130.006268513341354
129.988302314846919
116.654991084121605
132.695450510902333
131.180387183832295
128.109796414198712
111.711887883627981
113.391555355701755
130.679172302676420
136.547476620131306
136.676893500454980
133.584800271851122
138.660328812064591
139.409424256769057
138.156271565917024
138.210031994630299
127.774787985591672
113.625460832709095
124.319219729431040
123.784689366299517
120.595796084597424
118.726011328974138
118.410704894589088
115.416564734858468
115.202772745764548
99.714074151868900
149.910083650934723
72.417369339031282
123.707561189300222
128.025215090821462
128.401006051592361
130.337195278514031
110.476543572447909
142.485855856585090
132.723530438186145
139.947422651064443
142.617071397175721
142.516856914169409
88.772947583877681
135.343164427814884
137.275853797883059
137.082799368062297
134.832177251280825
133.417371735239527
104.051388198896234
143.631338474221167
143.507461659211060
76.922390498584605
122.128801375057108
122.282237585230462
121.658916224353419
121.710950167478018
119.350519199550391
70.381641538819238
153.828319373871949
153.232873450509260
144.302906482216088
55.789791942552093
139.266746482505596
146.164238180458852
142.892773755843677
136.495915700755774
99.379745069109248
140.564987172139894
118.477021491700285
134.194121927062042
139.141512518610284
96.900052634475145
132.220959855589285
134.155055679688388
131.957461056766135
131.298695808791365
129.795350635080013
97.407632800779822
141.722912982747800
142.251935863255483
78.841524643611507
128.137309521594347
126.531805166419304
124.338039379701570
122.956483049434169
119.399523641983890
73.895845143898896
157.495351447457779
155.279316492508542
144.261908680423375
57.191940849461815
141.080811647859889
145.791157664138836
142.118605119647526
135.749393238549288
129.447138226954877
90.104316237215485
117.871631316295804
133.850849685141441
121.788582972171170
132.069784200154686
137.117743942904156
136.175832242083629
135.399594160741032
130.700775165040881
127.107419057028778
128.861612931444625
106.427322224290350
110.535847911692230
132.002920432007642
132.963829144937705
129.671363402658898
126.126730242723994
124.055946088562507
120.660210060291689
116.352895016411935
115.507873172223867
117.517613929133034
119.914226905160874
121.924713500066886
124.942018333037709
126.284329381832578
128.232174438932077
129.529732454067613
128.413046875582069
128.560714408327016
86.665317654208678
142.125675518653878
142.542559109359530
137.279242653087749
135.710478198018905
136.827854402802586
135.621660744350436
132.515664181878634
128.309968561544821
125.762819176325280
129.346447911374639
132.545880043223661
136.882024912192179
135.876568281161411
134.142637923052376
131.973051076264028
129.506556040736143
125.062349716615842
119.578456119027450
116.396477286572562
114.891277313631520
115.388415551986554
117.131145951732805
121.306209188027765
125.453953904446720
127.590857696692467
130.127125093355801
131.061462611269320
130.545054840545930
131.287429431417479
88.745191431681803
142.212680766978110
144.068748375791017
139.677198589750788
137.647916101979234
137.771259857251152
136.195968163388130
133.193118174522283
129.216961224339315
127.769773976516632
131.248735474098936
135.853168348013298
138.653055009560234
140.092646281866507
137.087321596369208
134.024545034053887
132.033023446383226
127.194670280572183
121.807995030565436
117.155744687891428
113.803913317575919
112.145538372475897
114.591305341786523
119.403784801464951
125.552588458987117
129.078547058583126
132.037520812913300
133.613531657913171
133.976274177287536
132.833388160449914
93.733465235327927
144.943900513255272
146.751355483626469
141.406143027681253
138.552264256282058
138.821850799412971
138.721217776056818
135.158976780138460
131.466505221426246
129.540895831903782
132.615679913055715
139.350584719491195
142.026597056808214
141.916659130349046
139.961894577343003
136.653165650923938
133.114151758546882
129.249900879263038
123.878051749207941
118.261739801613174
114.627213803259110
112.589312692417991
111.848930660948824
116.901983327778765
123.340310516372099
128.544576784208601
133.724631631348871
134.986684111262264
135.035518005816755
135.707396900786222
84.898521500941740
128.099996776517457
130.083209585053282
99.567575115777089
139.232359733399591
153.243073336632619
74.964473897825457
127.443856708883700
139.212011039824120
141.858937530034609
144.339256645691705
144.939823937786514
145.041469643817550
100.223312547946890
158.404117465754922
158.627393417929369
89.275265454553448
125.185615440095816
126.580679274573981
123.340398735695601
119.177756575217046
113.303059448946584
78.762656166987739
148.546952872680720
157.841206933968863
63.084575049837255
140.830372723697366
144.985288386196885
144.128739379724294
144.215416198119698
103.745592621384091
143.842288052032416
137.344313214624577
140.496624284920557
141.772200617586833
107.768751687940863
136.566730712307788
139.038003269538905
137.392018940515584
137.748625960471003
138.628973180995388
141.801071845888544
113.543388811252100
151.570460785644940
107.649673421258342
139.313873099653108
137.461324036465498
131.740217908633838
129.404857106025759
125.171622717918282
118.457425862068575
95.771892375132396
152.018899979037712
155.680977975586359
57.836956526908921
135.539248795712950
140.628041459536178
141.428323633116577
142.581020743794085
141.152424059042147
104.860596915684795
129.995626994899226
135.509708296400930
136.493339766786988
122.682491748509449
139.459837100095342
142.974057897787077
141.421450184070693
138.969604411585408
138.208382122580645
139.468097689261185
141.707221847321591
108.605226929717773
149.117833377350649
110.480574607307219
142.106041028723439
138.102407983109174
133.446658564162988
130.678704156454529
125.824686974382573
120.199736856661147
102.358850001397300
151.922355009233854
69.085486558436799
118.211122132253564
128.423388179690079
131.853994428006075
134.903999636126116
136.614761880578669
137.469323322109261
104.809829345623442
149.025550713086233
149.061200910731770
143.622158053975568
141.896104942005309
141.844065506336335
141.645160252892254
138.911373404174952
137.423154717231370
136.126571103142027
138.467134288154341
142.699826543726743
147.779885413871000
149.224172073206091
146.620424049707793
143.227302866277796
140.084468132507538
134.641985639590189
129.057754987620541
125.454554684950580
122.192541830297358
119.457584266170215
118.765999248415767
119.565563663616814
121.944597641103627
125.286126101768645
130.146358704611060
132.166845688244337
132.735599625372970
135.011185242482526
107.092650409594796
150.510848715336749
149.028141933125994
143.644054312315347
142.416314208148549
143.001348999903826
143.172098268423014
140.869361148473104
136.903664491003212
136.314611923747634
140.547852253296355
144.814526902207461
148.783008897498689
149.534721096215208
148.030274643204478
145.309810447332751
141.804066003762443
136.220914141082886
131.163237744842121
125.787976524144000
123.899389571093366
120.495209315643820
118.958513232297278
120.299171299048112
122.834643493541876
126.572503117480778
129.481371184615881
131.405274324260148
133.440166095807058
134.968568144347387
103.142629418823788
128.099957599001243
132.670317809041990
133.407122551235972
135.014852451147590
138.203511110492741
138.194372475898376
138.760795762701321
137.253681030949195
140.392322336885059
143.260047552293202
147.238421613673523
151.299635835862460
151.985439286964606
148.977149240584623
146.354755457610310
142.746047469135249
137.254859939350069
131.497752279455000
127.500050261997870
123.664022492861122
120.063092180522446
119.143054229188820
120.084095964761929
122.589596348389108
125.931117569579754
130.270331188773696
132.692225131861278
133.872051406172545
134.397661307497685
109.382889417370464
153.021053006442742
149.193625765966772
143.539165803041897
103.391408939297122
149.534623064558104
109.614247856473256
135.997253836722393
136.854181006430764
138.099642059078491
144.119115991903129
150.344070329488460
152.253604022498138
149.928595358399690
147.692460952014841
146.838347859066545
142.024912410541589
137.986257322534641
131.901951504644472
128.055420250982792
123.309901727236763
118.778151563120417
117.669231684446089
119.676555480331388
109.388312253137727
99.875533938377956
124.723266432474333
131.821719861546995
133.952015590142082
135.436438263803637
110.396778650110889
150.700929132004262
148.022686935277193
160.162674450739985
159.914025320824351
155.505626236024625
99.484378728152421
134.601566762289963
139.977032048845501
141.749267660477727
146.501488470861233
149.649884695523099
108.240882740325588
160.959127839905761
161.381586063391154
99.991067646554640
140.470176220485030
140.385729742556947
134.106922073463124
128.517832169771935
122.462722823290903
116.805487089954767
101.742311815827463
150.812036153650297
156.727732531549123
61.944012405886966
133.602714975650997
140.173884685574251
141.003128177525781
140.807653921722533
105.711529243075461
135.506105083003348
145.093009315907807
142.154279894829131
142.041985228785052
113.537396487460455
140.358632075052867
145.958986917162065
144.410279327830153
142.419678395549084
143.900394522597367
110.073078302689794
156.632878824006639
156.487711433802701
105.760321813158640
145.673932720546617
144.212251275430020
139.834392369272109
134.707075007058080
126.782728660059831
80.259839255537798
147.969523209720307
149.293568661962524
141.737674992408500
60.014773443656885
144.427686015245655
150.807559233636994
150.399806129804944
143.809284674278217
139.348118282664814
103.041636145843768
151.126740949256941
150.551096874883626
145.698263990093466
142.350229440497174
141.649269489799281
140.983257823184118
140.637784524149026
140.356692215750599
139.237142880701469
143.198004665658232
149.774931462908341
151.812769370749862
153.045943809895107
148.335623439799690
142.514727953402883
137.905173191458971
133.490401809359525
128.526001007167110
122.916629841740260
155.884849421491253
159.327081811158848
68.067265918488346
117.814217986583316
125.252438286242452
130.205262494936022
134.551175467098687
135.727152992513396
134.486728395252044
133.430487031492817
60.055052837018074
140.524973090402483
140.318837335711919
136.971936648101973
135.570169959056102
133.212895151076395
132.556967879128024
129.894639766447170
124.483228340694680
122.097688528800461
123.529631211869628
122.429583917040190
122.156942007342096
124.755235488191545
126.798954270067071
128.585940475876242
127.914240491775885
125.943222738864321
123.251720869708407
123.036941011888032
122.694788244787702
120.868841341835193
120.614868915784399
122.502572092062337
124.294592900394292
126.334833213683282
126.175080191653109
124.589719054994148
125.143515736739374
125.897528772031549
96.435226007849963
152.718935555700483
144.682129093633222
138.574111551829844
134.513324552226237
136.131308002080374
138.313681160231141
131.655937672057661
125.033441161264250
122.910501860839190
129.439173747292273
135.362481927465296
139.071816968156213
141.729219513197677
142.677516353692226
82.040655036719883
144.385872479345920
148.533376642727092
143.503871198855137
132.622500662218869
122.153176545687444
117.932794794555790
118.560399808999236
122.566722893273521
127.007854806877333
129.574997061912825
128.936002405305743
129.844369507948301
131.211009000952771
113.659098590221603
97.517955266182909
163.015822499150374
152.794026266680220
141.888395343454590
140.586738485762396
142.608808811704137
140.129509575917211
133.345372253087305
127.912002465527721
155.573853856841225
149.923570470061549
145.516954619954106
143.917119841297648
146.789050127726568
147.287827200460697
104.693212765324276
158.137991289703280
155.495816437766450
140.922197152754052
129.531915980310742
124.460331593543913
121.700133264382316
122.589515479255510
124.554658550782477
128.350223742167316
130.836847565522191
132.511748421730431
117.389818786057219
151.774235390302039
151.662704578471335
124.577276790735098
160.340107711056675
154.611544518091307
147.207022585892361
145.100264329788700
142.318368417579421
134.910168519169957
156.481094743754454
150.838962813688141
138.569076427173087
137.532626239158219
141.747630342834782
147.411240681912375
150.868753056526259
108.178477368989050
163.516567117870409
157.938808373246900
145.442954289950194
138.723571016599749
133.311472150374215
130.086833521196638
127.115955134827374
125.037651707731001
125.591808943507374
127.260035318684302
131.135859079141113
119.753504885570010
156.063219364805946
157.126201853689565
153.151347138692586
107.200019281749036
149.442649923739907
145.101999686736121
138.480231303140670
139.651255170389106
143.576111835508215
145.108298618086081
140.033215156272206
134.762685046996609
134.989610610889969
138.020927480869432
143.006989516336091
149.063914426346571
154.740803282072534
155.822110123510868
153.414605086704995
151.338129025327817
145.971966440907067
141.085261752971263
136.423268982176239
132.520939116723810
128.347734147719763
123.999558006977452
123.321264039203555
124.050720525258143
124.964803719203601
103.480727229273299
135.692151713653885
143.096503956741032
143.336265084246065
107.302276484517208
156.318984397706998
156.992853378430993
149.834029626171002
144.932630537950388
143.511436271184948
142.519717326788424
141.156026373380968
141.267560033068889
143.572596702527107
145.084854333028204
150.444643766873980
156.194493027864496
161.479221063549289
159.436969100597821
156.351744098134390
152.643428015377452
147.429085640791357
142.618125688017699
137.758305285030531
133.330217910485487
128.669478628746901
123.936027722150342
120.564628775204099
122.771810801957827
128.104455606252827
135.386440358327008
141.380941567822106
145.141300694672822
146.668463842222025
113.957050704231278
151.400506165330000
151.122753287988644
144.724920055313305
142.038595997059531
142.487058425649366
142.795279162402210
143.578119618850678
144.628683057724118
148.835316894285540
153.875509870622068
156.605651289359059
160.879577143721974
164.012405268245431
161.372944405890024
157.632105303087201
153.544760937967993
147.721724123175704
141.732190083812100
137.552726745427464
134.406347228398829
127.305031843880045
122.183722620455768
118.938106254729789
121.782564585935489
127.094049437688653
133.711551593447268
138.960187188319622
144.823334027267748
147.913556311157322
116.985784206968447
147.708143146737200
145.262292653447076
140.557928830898476
138.890750661430758
140.232891510055282
143.553563050438356
145.236809000155603
146.630827926636584
154.334653611982731
157.742986841349733
160.702057418378615
162.521631571406431
164.653175980998952
163.444080653187598
158.094790279408812
152.703586280674557
147.183412540369716
140.702535141679903
135.485027272788699
128.543374050928350
123.926008593913309
120.407348910810015
119.813530742948018
122.983518529047714
127.585215553299577
133.209566978900995
137.166375214759341
143.020210261101568
145.443507116610249
113.657717479643424
146.471174905254202
145.357261677334492
139.117380470632810
138.344082855505917
142.024955242104255
147.487137354126844
148.785531547768869
150.352189789480263
154.291989593166022
158.623659107237671
161.982944895634489
165.561482206616461
165.976997592815479
164.564353555179139
158.120077242655583
151.543814311141205
144.366287976248032
138.442528457017175
131.061890341299204
125.378304408362936
120.220314513784530
117.505274023754964
120.308879171661005
124.656579564212905
129.145361704446884
133.115956743031063
137.691202447582384
141.468306177242169
142.287279320445862
112.433583202914065
150.044109955372193
147.638588550230878
141.000665686672278
141.556229662075623
145.422276145895182
150.920104509962812
150.946315185392109
151.341427457845953
152.508739382412529
155.645310451970715
160.556618394612570
165.665494798058830
165.824825036968633
162.045487350685221
154.985234602244986
149.879209408111933
143.592147438246286
137.193248011925817
128.411541650367809
121.889458070234070
117.768027907708912
116.274876407825147
120.004121237685823
124.801970126301555
130.852039642452922
135.018267658963623
138.581716448059524
139.654390467330018
140.315150189284253
113.981371106318250
153.101987340804897
151.338286611955311
145.085656499503358
156.723407092775460
170.109498918196465
119.698571853092631
147.489773776805748
149.011497577370307
150.384320717862295
152.760862643453180
159.095431151991050
162.915035259786634
161.760637878229005
158.831351898321117
148.821315732267323
162.244546539775797
108.594719156128846
129.149611855230148
126.812601624672993
120.390038870808652
116.284491475366849
115.540455366212981
119.522935877802965
124.230615152700040
130.796786938691071
145.084310354002241
163.271298558704899
92.531098623186381
137.455954959768235
123.301460674706547
154.143919691645635
153.074627514076354
149.999300872522838
158.463620930408638
137.641201245013747
150.093141045712230
151.062526968264251
147.549301751782622
146.830138163339541
149.460322710122966
152.471697075226189
155.709074095639238
155.210414698252436
152.194950511982768
159.703280302110187
113.803590680128593
134.754136594104267
131.826707053448558
128.387161991637385
122.237722314091229
117.504644196930258
116.373413320956445
119.531848433216993
123.504994361997049
141.003504716333339
164.389224744296484
88.239132205453359
134.208484015572822
138.746270487159620
123.910910314857517
157.009752120139751
156.405926697272776
151.714759956408642
150.931358577260454
152.069355604223801
153.871362241183562
150.805210498884719
146.724692010405988
142.738430620448469
144.890799776292226
146.376681963746080
146.907743553716614
147.274360620485027
147.996795100567795
145.002589457145689
140.383724709688579
136.710478378247785
132.480763640767123
128.014585612140792
124.649967844687154
121.144816151504941
119.184049645421823
119.754996488418200
122.436910073336279
126.718642682731897
131.498198384770149
135.280735013580340
135.955072229911309
138.318724395476579
122.590373983589160
139.999771048169492
139.282228872694958
137.477388212705279
109.757129863096779
122.177833053162573
140.199724268271865
143.195232245703579
143.210651683710154
142.662504109839233
142.955765925214308
140.637797652629331
140.597857492733311
141.861437155567614
112.843849832681059
120.931356683760853
132.082543304492020
131.820183133465093
128.535285623468610
129.643167882083446
127.322993727962967
124.358212941812994
121.429592390812473
121.576270202353356
122.309618011470718
125.813747081745078
128.822217164442009
131.233012043616100
134.653011621422792
137.851486015308581
122.927347830084969
152.720970771085376
149.328978813006586
144.004423591422693
131.841939377263515
142.903854830316845
146.075641162083144
143.169097886430620
140.067125235391018
138.965681563446196
136.366834020461852
134.310838113955526
135.838268252044401
111.645471811368594
134.777691016724361
136.273161387973005
134.115293136450362
129.846456082055084
130.393517137141373
129.277157763509592
127.962709130420322
126.028912581684025
125.002672300054570
123.054107885569920
124.330959971336199
126.089417339610748
126.916165354914327
129.766403258364505
134.579631487943345
135.793534673887308
111.779762094405314
150.692047254690863
149.044150055869352
145.483042326319861
145.145905309519776
145.555334032388714
143.284108734548624
140.495525793868751
137.741831050409189
135.205316503188016
132.529502228542555
131.652045603712793
134.454070978013931
135.855181780919565
136.259938604655133
135.905148596781544
132.980940541434762
131.005531717375277
130.129410449400268
128.166185351661795
127.019346843401124
126.044103742997990
125.766207199956568
124.747402002044737
125.744915850270360
125.187917291512150
127.873146162477823
130.977962774354893
133.635402746996647
133.741184039681798
103.272892133268627
151.465744728091352
150.657016372615857
144.283656351567515
142.829808564625409
143.526361618187678
142.363349013652481
139.853539397468325
135.561007487853004
130.523025972819028
131.227478049831149
133.182379298237464
135.828038830838665
137.677769282939721
136.473317415645027
136.997611370214599
134.590964248205523
133.143198196176343
129.359948390522362
126.934889338502217
125.242085090767034
125.055051264490032
124.387549772705555
124.765188128242272
125.917607439686989
128.304956793266626
131.097915075341518
133.139978001540811
134.080867355620711
135.506936355886864
99.342244591855859
151.461739815589027
150.656430343859569
144.352260307047089
142.119287512317527
142.117029943890827
141.005206979082914
138.419971798221724
134.082732820390675
131.466658430523069
131.839610245796280
135.209798415812202
139.448842145332719
140.652276470427182
139.831680755191513
138.990727472111303
137.338672035129150
134.113722047923375
130.102008495405869
126.034967059225806
122.803365626536021
121.409554708949983
121.855346098671248
122.782597110174237
126.515471674431936
129.784278415106911
133.457888600324480
136.323851686090990
136.664312635244414
136.701874110370511
99.557919696076681
151.864445595033146
151.967675387468262
145.594241145172674
143.256087076618343
143.257172113682913
142.495954040537981
138.582518329125520
134.006566913117183
132.174206737226086
133.451291029114032
139.017608862048974
142.728381908620918
144.337026745238688
144.155319666169106
142.816641640706848
139.819943074080527
135.923498738141944
131.609730091083748
126.826219866790382
121.852879257694525
119.976671269309236
118.120441984598486
120.994135940686505
126.392424962985331
131.071569307052300
135.666449799330962
138.065844252194381
139.249633701895789
139.335188474566024
105.721838024618393
153.097641282076381
152.322178372639485
146.740880811747729
143.905859787227001
144.452658067276985
143.401460427019174
139.781948445056173
135.727901059696279
135.876416458216738
138.223882423481655
142.520835468486155
144.978395663074821
147.660823647716768
146.439400022714949
145.690895721876018
142.988028514035733
137.900507767646900
132.311138572450261
128.356611471782287
123.510748652442601
119.051122310621395
116.842350993076337
118.591316180863956
124.211193004275671
131.812030613349890
135.844115738873910
138.681744445890331
140.930228045015241
142.478832949525497
87.973158001609960
132.995711387904976
136.278398174516667
140.927741209718590
114.203856531806196
131.372893987375079
138.877109326867128
140.344165657291654
139.962681016719330
142.688155201763607
144.104402157181369
145.264435830813596
96.426115725922358
163.279933730025220
111.948763307376836
147.003669088397345
144.883333276108544
140.146333611316891
136.654007905597155
132.753196029868434
126.021963310793652
120.514664192098550
101.573850506353835
155.143049295567238
69.773484224751655
127.917398698814537
137.405643068238902
142.911894689229598
146.124086599551958
146.204634977901065
116.096889163853561
152.972310435675610
128.988547789818540
140.047330649920639
125.944155697008199
142.846315264725888
146.078642409002725
143.964219660219925
142.733013763184630
141.770172845292336
142.513109254909409
145.178909480452887
148.627319579479206
152.836881531843574
153.410616144211190
149.843725626160165
144.712691354154089
140.963677560484371
137.225197994958023
132.774335870068512
127.179603499038535
123.326284062651723
120.578580018208982
120.713262372416992
124.192324827882331
128.370226031058081
133.229444269955053
138.601756391212319
142.148578504388382
143.833147855171319
117.553531582654898
154.898184952726069
155.074650359378154
150.044274968700563
147.058749881912121
147.599451185507178
146.703664724436891
144.696165465415646
143.153473501527657
142.299439318741975
144.137063749100719
145.579485026467836
149.206948821537225
153.815745882277099
153.971559290288440
151.101239577309883
146.792418841577273
143.411507251152955
139.290709040709118
134.082184730405004
130.144090652159605
126.333468023407931
123.859464630541737
121.737302205609780
123.820849023389258
127.547418908248886
133.676005710326166
137.569915042754559
140.041798868575597
142.276843692853220
118.645019904073791
157.536910639183702
156.913598785407459
150.178423255058192
147.236162571226458
147.527429766598203
148.285267676069395
146.646751350077153
143.368488143673375
142.781868974175268
143.775435569709828
147.807797634886384
151.534030301271002
154.710755578334357
156.855454913970050
153.845090435684028
151.062245239932025
144.563320099988402
139.420288074179666
135.696898401357686
131.681321310421765
128.446071602979657
124.863994540982134
123.056257119191486
123.964599087664539
127.100359545988326
132.300689931526108
136.408446996434805
139.452186045335026
140.950820960795056
118.448689391562880
159.175147926888542
157.785398053352708
151.023422182853608
147.382054213148024
149.494135306211433
148.992301915952993
146.789283169719596
144.200478462457966
142.933448432057702
144.592579160398003
149.746107619306656
153.146725798911575
156.343825878723038
156.016994878997082
154.903237616562393
152.060850774136640
147.999967113043795
140.980261777202429
136.668954132697309
132.641072600574944
128.541689043184505
126.042604675381241
123.911668844981051
125.381841951469454
127.739450717375647
132.010289430900229
136.152471125063414
139.659132869091536
141.606077027206368
108.198665708248512
135.802562973252321
138.553963578876619
138.776490466695066
141.099037142264478
144.560247920043480
146.194307376112931
146.667455902891561
144.831484224731355
144.917986066476203
148.854281271131555
151.352146349878552
155.080810582541801
157.918348189659923
158.455514173962314
156.772819591060909
153.292718543781632
147.503078024753819
142.638280999462552
136.304699568128882
133.042508701074070
129.018983398340879
124.501492187176865
123.316259796912931
124.997680273507441
127.757098419282329
132.764048282037891
136.414155889573124
138.685647948429221
141.034868932193945
122.986070412596405
160.084206986310306
156.191540459096473
149.795490691378632
148.216585672408371
149.697672288505117
149.043808373665399
146.571642685012932
143.683434350659667
145.179448250669395
147.245009381753192
152.133250561689664
156.504428644634544
157.489444708501139
157.461321484066161
155.794589313348354
153.306234432759481
147.133754205754713
142.379878128518101
137.646901298056093
131.245327058230487
126.822268188592773
123.389708512249854
122.974929935606070
124.748355919998644
129.996251377388944
133.313882026527551
136.312491800083222
140.509328294076511
142.720023830819684
122.488695285535329
158.123149765300496
155.160068791127003
149.831007227183306
148.721397789165110
148.636693499112141
148.893432089600793
144.782094599370225
143.651775671625188
146.600086717281613
148.748064453184838
153.054983966141918
135.719268651620041
137.301525165078942
156.801669799442834
156.602230422704423
151.659386862300437
146.991765431068103
142.712623859884957
136.923568762806099
130.016144730064894
125.210171467488010
121.550402812187031
122.664658428228961
124.989456305137040
130.801235152516853
133.852111863347289
136.940260041287388
140.729879245105110
142.364657342296141
121.044149219981279
156.104179487054182
154.826188812865752
149.879855275998324
148.036321546113641
148.849752135894590
147.554189674103839
147.250315748807992
145.799101900940798
145.983027775910102
149.731413314270867
153.775366275336694
156.400914324424207
158.530777404476396
156.834006125057215
154.498974328187018
148.885661553231671
144.179286278900634
139.837768142382970
133.530289832297456
127.819811625857653
124.012069537679167
121.535894209708246
122.841725035363936
125.553271393148620
129.789736019675900
134.112291292653168
138.402042218827603
140.637179798914815
141.350031086962787
117.948791035515256
155.646771723190852
155.948017198464299
150.263272073409723
148.086361902326985
147.014970424841692
148.723605873461452
147.180444522128766
146.617725481611444
147.146534399697998
149.323237135190084
152.842868830148859
156.916468611479672
157.979751746051335
155.703330181207605
151.544414770530381
147.184117324331879
143.372469725890710
137.180384620113500
130.714883627693268
126.687514018481721
123.641479695698308
121.016058835599793
122.304593262374908
126.151967939655037
130.618280491852147
135.945141669938721
138.594328325364529
140.536807471054487
140.486443554108632
70.936222043101850
151.024164710692247
152.307510320007168
148.054543104337597
142.801602052115300
139.049183959289621
137.379706810913746
133.332795921339709
130.802301692708426
129.923703845073760
129.094312763214731
128.543757662153126
122.709772285190070
108.902998196678013
127.000060333516558
132.363171131120083
133.066664183786315
131.875673429919175
132.108969122271162
131.179377240124438
129.736604785187296
127.449182429289252
127.452060370322997
128.388182111913750
130.223964790060478
130.668742751216001
130.606300788038169
131.822428849262707
132.709622132000874
132.265758385304849
105.821581953479154
162.200332260188560
155.766641542020011
146.852675092996151
140.490045009308290
141.668756279893330
143.151754520136535
138.845698309180364
133.532328485833432
152.700020036267404
162.179598231939622
153.482313522259119
144.969074200652983
142.650942752712382
143.487219861925212
98.465020050834951
156.641462684039652
161.250729767185504
152.549891608625671
139.556642773834625
131.769231971548720
127.933440793821262
127.773584637855464
128.874057761193399
129.783233583066504
132.567569247901616
134.623913524751742
136.661591950210493
111.170933562275238
151.642201760877185
123.309029451204410
170.924891475165509
159.899360049250333
149.796571477722296
147.560857461019509
148.178232943305602
145.142084523151539
139.537076172177478
131.304898080745090
152.986925250095823
150.147766393317823
147.121584443250583
146.274019584634743
148.686130345713480
150.618740306666240
108.571316893231398
166.897877313961999
167.090902027684194
153.299970310801939
141.616378180214753
136.060413253264244
133.085791030549899
131.569316411601079
129.871993697322182
129.931481758423701
132.657336564347275
135.995766712604592
124.506125880684351
156.848298376842394
158.440041578171758
129.722150971887118
165.251404930877243
158.716182830468654
152.537699810618960
149.375100952881667
147.854850582843483
137.430140591016254
159.200778961200740
157.771455010708564
148.697344376592980
145.297719990626263
145.554565473850573
149.773894861002304
153.535197766658200
110.409257303003315
172.977093989991772
169.187465349184180
157.528378684014768
148.943791340845110
144.617976564170590
139.570068457062860
136.535998807858761
133.456077046858184
130.645759379338188
129.271060488433761
123.186741195371269
154.972899573697703
161.226075798589108
159.202181857962501
156.004917155860738
119.437203577750054
157.595555561229475
153.559777386211806
145.652840386230963
146.668202752092412
150.763146717634555
151.770649883157830
147.567514634688479
143.144681435673647
142.259851318378480
142.796707380579306
144.210309461392029
152.021477167363486
159.744151766205135
164.280333326566790
163.686699685721663
160.483989798021753
157.070757388702759
153.452681029427424
148.567330619149374
143.307351460566167
138.762826472146429
134.231618915699130
128.915769467650648
126.949751097106628
129.387098037482019
134.948960937050884
142.362931744259271
148.695081626137267
151.884116879547037
122.077593832730912
162.068037585526042
160.852060227298779
154.269323829976400
150.750954229509006
150.480324883043352
149.636553833033190
148.337798057082750
150.194974495609955
149.996384577793322
150.247109707156426
153.346086441393084
160.575499742077454
164.753231051239482
168.777692276050686
167.127357490585183
162.137372915132261
159.083738682283865
153.584603000920140
150.257168022289392
143.656104291953653
138.570822196420522
132.953118483662735
127.577673239374946
125.868952078800476
128.057972548645694
133.498475208763750
141.328141411693963
149.948643062295417
153.860630564273777
126.850061217944813
157.026108674245279
155.747196839358423
150.148682995219588
148.547456720992614
149.227356628182093
149.226331180391327
150.664970049630199
150.924804703110254
154.372122869480961
159.057742885827793
161.328772519276299
165.114802386775210
170.066413914953614
171.182701167052755
167.352222891614332
163.495954229484710
157.841588833927631
153.654190235980053
148.233131106734106
142.779623201425153
135.977154586647771
130.288702576195476
126.657162941453819
125.131677674861706
128.054067477696265
133.247812962047647
140.153430130863939
148.002542061016868
153.133621652844937
126.773261245580727
154.229617577184371
152.310348528438254
147.037144759093735
144.731086462113893
146.007400090490933
148.057736068706646
151.338442481675600
156.589210327889305
159.494405567339243
161.461267064963295
166.319557256628826
167.796571259961951
171.915623982153875
171.658346771872687
166.998423803234402
162.262542733338051
156.710292578492158
150.484427011446314
144.623609043954417
137.018354409527916
132.374235207404666
128.337420986769700
125.724769925961169
125.555712078962557
128.584180159175048
133.303878004798719
139.700579292340421
146.501164045809986
149.251333318242274
122.456241695190329
153.036454540178454
150.700488706173644
143.369947988079389
142.004309094324412
146.527812200300502
151.639911452920273
154.591388157563870
157.136671310893064
160.707952605484309
162.657338442293280
168.295653787786080
171.140901572217274
173.297606076354157
170.905253953128295
164.155992082137544
161.465036970518497
153.967125077751632
147.075659738223465
139.341211032133174
132.755631085307982
127.915584824817159
125.154613715850871
123.829394394744867
126.326517258240017
130.472139206035479
135.051999890363646
140.877667372383712
145.216592538273517
147.103467225703582
120.101351918802735
153.908341200458949
151.872414183796707
144.541243684834228
145.006253655284610
151.152752471568590
157.008208266896986
157.136577809321494
159.686300628162826
158.045376266437245
163.165463254310509
165.977896532202351
169.546801931886421
170.875390521836636
168.880690296616081
164.266645593868873
157.474812431056733
151.596048650211031
143.712110965216482
137.292859790008976
130.371012436388469
124.709170819671684
121.933342529955553
122.628366112926741
126.079008390406599
131.998894866363827
137.114182483484285
141.079133116827506
143.323091079970141
145.973137027858144
122.444526401861168
155.904565720303623
154.378400848849282
149.605809452931169
162.845385745672161
138.370542156328725
153.664895100837867
157.528512767358706
157.888215589488112
156.258531856879046
157.611309429808728
163.109322642397558
166.706824500031303
166.368443087849244
164.223079726945400
159.910389547135821
139.190027234650017
144.521224709724237
142.002064484182085
136.002319121777930
129.611871485405999
124.214013817036772
121.745148202829640
121.618515942858807
126.031062244505250
131.518054832532641
161.484794570578401
114.713325686580305
137.542979281816855
144.176918005760513
128.828822211416934
159.268720016664020
158.246877537892885
163.581388963007640
142.625531459607203
153.512364860103787
160.311687035234115
160.042649703286003
155.661167576574314
155.165721678873126
154.169810672059981
155.787394313193147
157.800618236820753
158.715496197904713
158.691409741122129
138.560769627706009
149.195865131557383
145.352788416535304
141.880747173990699
136.352786181538761
131.964047876862509
126.418459120807967
123.292401940245668
123.244549552538871
126.103895522635639
153.558724274071551
107.579543722454360
133.354376454146603
142.948068233499498
145.850217851653042
136.021886606627675
161.840835207407224
160.329035089875589
156.247689589621416
156.675439110642515
159.404310789227878
159.214308900816548
156.254519233229530
153.529563013631702
152.342945243834777
150.848627849931461
148.338104384140678
149.143820355538139
149.983179826801148
151.979087506687534
150.680162539544654
147.731705830900069
143.636540931405079
140.454530802775452
137.952605644755977
133.856525374788930
129.588139550627005
127.976691645583529
125.246710924073909
125.709519676799374
128.625910217207974
132.657625402570403
137.356093745768618
142.990011023918584
146.195936971932127
127.011030738525193
144.822854189534553
146.461171534169182
145.405749564265363
146.259372610332917
149.951124303259093
152.779916542881267
151.958955514489304
151.507171270445440
151.240373690719423
147.029864155051428
143.197162914693990
141.953446290128426
143.176218945144512
147.167250882822884
145.733202115397717
143.251421804622510
141.152341365174493
140.266984024602692
139.276809047880420
136.697301062534365
133.428334786180471
131.648083772449553
128.400534756482131
126.345666902158712
127.470255067306837
129.165587311295354
134.129913594919458
140.595046939842348
144.212129781759927
135.631718575022461
161.438102987440629
158.325883342718043
155.524888420668162
154.106301510190946
154.940274832028081
153.404041110287181
150.552915493641081
147.539044452890380
145.617891368781670
140.666489861851915
136.895851642636245
135.934549135784835
138.237253371601838
141.128826671592890
140.651623474886890
140.568600119800521
139.337249099666280
139.015044409790164
139.048890553616104
137.652895410359832
136.267092821405754
133.132941191617874
130.676990072618224
127.882461562229537
126.672217161981166
128.420990484950948
132.676838740992395
139.317217582581407
142.726050195608622
125.090898124650977
160.443367109675080
158.512148855677822
154.461166500698369
151.642643173435914
151.478051801777411
150.358910160856425
148.109675024032924
144.754509014397883
140.990663279053535
135.896970330409658
134.049539138811014
135.187947683750480
137.306458524287336
139.500876901563402
139.581056873411370
141.251307488685711
140.912432391723769
139.598389187557217
137.695229404287318
136.820995545790140
134.999412639277466
133.799245526785654
131.203280922931270
127.878226904971811
127.439536000717013
129.858845357379948
133.834754811704101
137.641443281846136
140.957015705583984
116.333811281761314
160.141330465470617
159.300844403070641
152.379664344023581
149.270403126478925
149.278272414075587
148.340728133885449
145.845653750170698
140.493364134710276
137.596387054665911
134.356571301987628
134.434210947285010
136.880775013482378
139.087096426421425
141.028375348024525
142.473628443237772
142.283584406588943
141.402034336296424
139.625041396833410
136.642577238299481
134.827817337127897
132.670458963913518
131.505199728674995
129.245442848301138
128.368921520268771
129.328779866265563
131.919425745760037
135.429434600870735
139.999791630082711
141.245094137885616
111.440762676316425
158.439330996993306
158.237218050545493
151.619651887502584
147.616160153919964
148.769317038742457
146.994673937947169
144.463204941578908
139.308660695414062
137.355621021558477
135.646311319432414
137.047274745326774
140.133553858792197
142.837942651833430
145.182744423202195
145.625216396866534
145.549274954111098
143.851064710076912
140.281576427526801
136.355022893815175
132.873741110076509
129.762365486590170
128.320475241713069
127.493521287759947
128.980467934074682
131.218740040271058
135.552933392118916
138.724055519461956
141.116598153268711
142.400543767794943
112.064518076743781
157.473968776710649
157.515816696232548
150.863806482519010
147.900295646713630
148.373671898826416
146.998895680576084
143.603516806733069
141.060588033090255
138.013235830465817
138.564635414270015
139.743646388781684
144.183426013343791
147.737140428612122
149.885821850709988
149.643659856045957
148.153466064172818
145.116758241890579
141.472338295117424
137.153823414683984
131.451826699456262
127.368180884082562
125.546800103714375
125.587975898315975
129.041392075908107
132.870810498031119
137.762193788137665
140.191076204057254
144.561180782924680
146.355307855763328
115.424660834637933
157.046236593022144
156.989604494685921
151.351263564047088
148.978016567611547
149.714231285956402
148.456456446288968
145.213775503395567
142.980609428685739
141.684814541398453
141.873545635332249
144.396062668758930
147.763855743177260
152.603179335234870
153.285962610631003
152.391660147784137
151.538536583211311
147.246351052068235
142.514552880580567
138.760037494410511
132.632662009726317
126.928966196377161
124.506661824675177
123.881366245216356
127.909663811965814
132.650156619818546
137.186987815521576
142.080779028487967
146.476119577607108
148.468549808155416
90.210518818929188
137.262084242178247
142.101308172688420
141.379043024965824
142.244878184644620
144.029688402458362
145.985717641137569
146.250993086516502
147.918083737263657
148.239931493595435
147.978358001014442
147.416049091120044
150.805921293379242
155.442035172457594
156.486822779835876
155.082040483426169
152.410018706637373
149.563540514227498
144.572835334837237
140.650482149399579
134.958347502541500
128.939595866415232
125.915498985898935
124.776380524367113
127.264432441057096
130.915785667358080
136.845942809269332
142.836812442242802
147.515792099492245
150.194303144721630
126.702766977261831
159.642430329606213
159.095448763201404
154.624440624486738
152.160716316027930
151.373563246656602
151.186025833486667
148.083493684315442
147.894472945340453
148.160770045331986
147.596392473864910
149.327363756437762
151.598368558360164
155.505386863461638
159.216921794656855
156.758267254718476
154.141587391835799
151.198171033040495
147.243833817743763
142.832966456571228
138.091656979043591
132.882622547907459
128.863727861093139
126.351120044835469
126.280428622582178
130.058605771474447
135.874370404887685
141.988913011257750
146.900276794427299
149.927905767268413
128.351169403702301
161.177631442661237
161.483849286420792
156.443682917486797
152.480060560392531
152.486143129176924
153.614225784560261
151.601149795122296
150.176404264556027
149.833766142777961
149.668321952960923
150.634494132639162
152.815974970923776
157.901177947435002
160.701729654768087
160.677987604959640
156.104601890204293
153.261057658586196
148.707344393278191
144.568319194631101
140.575316939594558
136.058424751908092
131.627242523323503
128.314456223400498
126.810256839548629
129.776559658629367
134.606099487378174
140.139653630877149
146.430528761094109
149.315383714893983
128.653030465483198
164.059173653352218
163.297576514714109
157.678531952667583
153.968831512881934
154.118100162130133
155.254041595328431
153.829210833042822
151.534599804848426
149.534133681165429
149.372755075275933
151.015932109958214
154.295375033126447
160.153615652889528
162.235461879965442
163.014737234530884
159.325358005123292
154.774013487941630
151.215301031596255
145.618957011814615
141.649087080555489
137.561068837604410
133.695161086784196
129.168776110789480
126.954442174623068
128.538047851174525
133.540669575116397
139.257917069379090
145.150334111384069
148.732605512937766
129.811690075421524
165.685850242889330
163.487419553855659
157.847156459507175
153.214881344621858
155.255987610836883
155.875114757054973
155.000001759765809
150.838617966168897
149.073501075474354
151.465649676362773
151.975873570598282
156.876686639802358
162.042360531126974
164.976274043721389
165.480376176292850
161.981952219193090
156.824877650754388
153.107549021249213
147.474197270732333
142.371826387369708
138.195253775680698
133.954438395351531
129.623008341032232
127.496420720708457
128.937348480338500
132.902459729500094
138.602462717759067
144.216171789691856
148.198183141471361
110.756782117318821
141.596380954153517
145.445875391265247
144.965414707663825
148.393990838244918
152.376472154671006
154.018489457231340
153.789972849934003
152.139505026171349
151.475575960480370
152.918131906891006
155.222100455764632
159.084181284968849
163.371239645382758
166.838904441224315
165.689472090093119
162.993665828842040
159.043499157966664
153.312295194959745
147.127399750128006
142.485671909605799
136.948960589161061
133.587815483773966
128.979688875534976
128.228685270037573
129.795130157637630
132.766591573639857
138.122629896085186
143.929031180568188
149.243514743544665
133.804518695784708
165.217180377204613
161.925032879931791
155.944784621552373
154.044968541549736
154.920879813212309
156.422971781237777
152.327617602931298
153.256022901876008
152.480646202976544
153.558519616438872
155.337186766926095
160.368348888730793
164.637520711743178
166.622735588631969
164.824046099021672
161.789376415367201
157.728650701425124
153.095518659705220
148.765252277329751
141.322201675476180
135.332423106758398
130.414152483506086
129.312790899235921
128.444449155216262
130.554571098744162
133.035567221071688
139.503242406059371
145.339565981710905
149.018674494171620
133.100702112365042
164.438015240626413
160.999994480230328
155.776140307145965
152.779909674904388
154.283419147784855
155.494764516164651
153.902279307424863
152.533405680538891
153.679287146521347
153.329626657021890
156.071611541123275
160.417500131055590
165.753124898589618
165.058874425594354
163.168230320587952
160.426312738735930
156.607362024029726
151.295093454849081
145.949419105407458
139.329390511800170
134.027931437067451
129.976768432863196
127.944772377655696
128.868416595579703
131.075081008859456
135.167249062262755
140.435386892342223
145.231765680910428
148.360351632671552
131.781503055658590
163.239924940551759
161.118317745163608
155.498789729446798
153.207194262634573
153.281332728354357
154.332539172492716
153.758391192008929
153.927418636733648
152.958163866896143
154.381725683818189
158.089542443870386
160.401104097637585
164.074827448489003
164.398582074527098
161.836169402495841
158.516776653508259
154.018022964911893
149.252167737927465
143.040700250299835
137.472419957141369
132.694738809583043
128.543802664367604
127.960371812698313
128.585030250638056
132.335855238184479
137.240145647154606
141.236927593587581
144.748530402561101
147.833861507461904
129.450910276711966
163.215642311852378
162.413251999845642
157.091292693729883
154.186434161976024
154.473578316481110
154.859813045603460
155.042503805185561
152.638632065025206
153.475985051064271
154.586368958279593
156.800828787178290
160.690375920845071
161.820438604747523
163.122927440133537
159.243837378422455
155.944254914938909
151.602820068431129
146.420055292389605
139.884485014757530
135.718059402102796
131.791090116157932
128.833867508787250
127.382381164271891
128.775588683422711
133.154940825537693
137.725079021412000
141.766613182113929
144.571655454801743
146.677168842363727
109.509739668151767
168.001620440173269
165.755537993052087
153.492080332251021
146.368168124044757
142.160472916662826
140.899832077808185
139.101238680380959
138.213594125276586
136.491524596391201
135.354170534705702
135.928074726860387
116.374584783391683
113.624818869630772
131.771228047264856
136.268881002733906
137.705247546117334
138.749622243933686
138.586744302878628
138.108162623914723
136.662929616812676
136.063640268251078
135.683744430979175
135.459298623094071
135.775922623674603
135.889210158681863
136.821287147223813
137.667036745338862
138.060385996962111
138.077044188889431
115.313031722059733
171.432992776128344
163.771842202009452
154.711779955038253
148.640107907223239
148.460385612903252
148.232509936463657
145.733573086742581
141.649207396345901
161.547681410004088
170.324385098766015
161.458401528680213
151.416128076592486
147.157043256501936
91.800374163783346
157.698994904238532
165.813316232571481
161.820365928927970
153.610683570965818
147.213963881039831
141.876237388859039
137.681227767602223
136.848030040583126
136.777811390976041
135.407233788756685
136.043767361014147
137.142082531355214
139.529990942661613
112.193138595195592
159.926218752308500
135.905691085437866
174.841668571456040
164.637262740666642
154.652222322613511
152.897815643989105
153.326090226917131
151.060304004869408
146.879528413345895
145.399045649912040
164.336827100313997
161.463226247117319
154.268715931732288
150.242304084172019
88.285928724782622
167.105629749308747
171.940255025935755
168.685084779466280
162.794964624374359
157.010078175057998
150.982403502716465
146.448440588018173
141.874340816531031
140.161808973912855
138.896571587338201
135.937139306846518
135.044059468826191
114.380177155526141
155.305222145512346
162.549095100362422
163.095628725760150
125.259908973926002
162.766382606115400
157.108936329095002
153.620473900358036
152.909156969607579
151.653704940428611
144.612761835675741
165.698206331793131
163.587852229155430
157.880928474186419
154.525519077363924
149.475965131155164
149.489944611159387
94.139114869235641
181.472991041865725
181.395449261688924
172.887468057140779
164.713461804014713
159.076733103540334
156.762442624791760
151.459587465231948
146.329441638980740
142.883566122800374
139.684641752893924
134.562035609188712
120.262972509352508
153.328025933420690
159.082857419275712
161.095129825861591
161.851551322256938
129.880499266414034
162.057687423214674
157.654646575941058
151.596567528632931
154.115367587165395
158.075773395479416
159.116979371717946
154.993999055631491
151.826332373010416
152.677510566008692
150.266246340264189
147.520837530847359
152.656403853584351
164.162559855324332
169.783645864446953
171.872262730585646
171.189885433332279
167.852916515152572
164.165038467263599
159.460127732104581
154.018977876155816
148.501987030314751
143.004825040146272
137.935672638177067
131.744668894164903
131.272517937290843
134.088179899701800
141.075427559941289
151.648563775039577
156.814028959792182
133.768689549824416
166.163662714437862
164.963603656882071
159.854684526341771
158.183515930016625
158.396030789924396
157.871461841571062
157.393622007994054
158.317749206814256
158.746029455365147
155.908887038710361
155.758893683126871
162.646259543357530
168.672071160265318
174.269746225425735
176.059454224589388
171.600478319259082
169.914743417994657
166.037454490006439
161.560135842453519
154.273975915546828
148.572454472708188
143.065575811484990
137.649110946936730
132.195904126183763
129.684691584608544
132.221764463585316
141.551391422433682
152.035283954395936
157.770941380076323
134.707166734520143
162.346892189874836
161.962122547507420
157.447232840237149
154.283825170903981
153.378937251118884
155.240791862288688
158.987935077654470
160.412354515383640
161.505828550360860
161.425512797157893
164.390909911842868
168.352314636604859
175.431917985321945
177.881697756474637
175.671889282959398
171.947755031606192
168.438170191123902
164.207974602254893
158.612499248610760
151.619042401815989
145.054996468168383
140.092832468297274
135.500962141324322
130.554993946219895
129.932038779731897
133.156968960481151
141.491184335518426
149.228706904879004
155.589011370927324
134.675311037615501
159.932463353286835
159.069343211304243
153.142008314599565
149.023444590502834
151.564617427532653
153.636237841215063
159.725674629401823
161.905591051536021
164.890957452457855
168.013831932850110
170.734400080784866
175.104071666426137
177.504011668732858
177.924606671685126
175.426528060756596
170.203227144831487
164.762680178983544
159.625401597665359
152.786346774538572
146.147350483213756
141.097084913196284
136.837158534118061
132.947094268117723
130.959484291567293
131.052823271528069
135.092479443951390
140.933131299782133
146.681453972327148
151.931085103627652
130.177224600940292
158.771803117018806
154.624209194578100
147.734959276077376
146.618760546674196
150.022719536418236
157.305396154686605
161.415994058357455
164.126638570126403
165.168860986787138
168.663920266392694
174.065677312592356
175.803999066803186
176.781909199793063
178.874160608971124
173.082656039598334
167.559631492056809
160.820694535426327
155.318211979779932
148.126520355276227
141.291735424523750
135.744231105039830
131.715471378878647
129.956734402918244
130.149831258579354
132.710260835692623
136.317950855827092
141.797885420962388
146.545277863297827
150.712361556323685
127.599191870211314
158.380095726257650
153.148397191882054
146.023126046793720
148.094655615752487
156.013078794650710
161.726329085281975
163.492604187442396
164.265334724518027
167.403668625958431
168.434475193325738
170.263562008404620
172.390062757515750
174.949614542970380
174.560272912040801
169.671753754663911
164.645009944620227
157.707302847559902
152.035366421726707
145.729013281665232
138.879789239312231
131.931090036927657
129.128204708003153
128.983774841964532
129.871494796198789
133.130236758394830
137.989915237191923
141.940962781462247
146.647236756226391
149.735705008619334
131.203014368630818
158.686746301754170
154.157591827607121
150.809062409872951
154.539280911653464
161.409011893796446
164.484809372620362
164.779592788716116
164.341333416960026
163.924557910259296
165.876207427235414
165.972437026754847
166.957676833998988
169.266497833805886
169.520947673644486
165.260651328813907
160.874272016903006
156.631707028583065
150.328324760385470
145.343841887712927
138.904841926109725
132.151464457497070
129.039644958292456
128.236092650011358
129.247946777955832
133.739900226993996
137.748081800492969
141.817271541074348
147.707389744175913
151.526798378887690
137.284023686368869
163.327902206995532
159.641670518822593
157.607321730434109
159.383609394551428
164.092696145303108
166.408531082956245
165.943217808278035
163.328009081525636
162.343146087081522
159.808660172736211
159.471497028198826
160.037480496768183
161.789236265087993
162.009720603861126
161.650002530234701
158.146938379330038
152.899901057438626
149.514104024126397
145.875788010208396
140.059126390113420
134.874601586819722
132.546920533282673
131.402965025050321
130.192696950310904
132.681286759519452
134.560268986858944
140.462461232144562
147.941734220728335
151.729492476843006
144.598551939056819
165.509975280159466
162.615914074056548
160.925355207874787
162.118449670064336
165.032487481337910
165.610271821138667
163.582830534807727
162.975218659830603
161.678626268853634
155.767463466589419
151.458816038724592
149.825471645883397
151.876528242046390
153.660304193383212
155.003089547638638
152.793184477162754
150.376965401808548
149.620772090078418
146.747286438396969
142.976704336997898
139.713790304007460
137.988151534731031
134.525560278351065
131.841694931308041
130.301237678488434
132.172722122462631
138.824754811316609
146.616301457863671
151.392542733816384
127.634191888860954
149.116534425041237
152.707384136381876
152.894334331245659
153.968546604130267
155.962903333486707
159.928573861015508
160.488740990663359
162.087740349974723
158.501917048276738
152.624947351488004
145.797401335568594
143.930244145516667
144.647332898819201
147.312084446114454
149.915838553279741
149.045194137715441
148.493826489629555
149.237710219026610
148.280955660056151
147.773551380318338
143.771712388492006
141.715020204240233
137.200653928632278
132.620681570567484
130.067010956611199
131.255589014396151
136.470257250332054
142.902023334976036
149.489838965783747
144.454837423373135
167.901975064638435
165.604444692750917
162.601462979509677
161.567289648592720
161.407212425857210
162.511233251454911
159.575782836489793
156.062891521473631
152.504729366937511
146.385545850088590
141.092294208799359
137.513071148703716
138.434669034696014
141.777420656078988
144.986117206044355
146.329766622640250
148.175734998456562
148.576699200915186
149.415038174494214
148.999635399546150
146.054000848993439
142.765832734949015
138.709709692387491
134.229530848952379
129.457528967611950
130.598882388126185
134.658601115407521
140.724254467413004
147.367109795018450
137.566624227070804
168.338452425736961
166.556171795867556
162.240945894746346
159.430367723709139
158.618551995034466
159.353392907360501
154.736936014272032
151.485607446629075
146.829582750031619
142.644582615269201
138.776977731006326
136.377043869834239
136.979534319602692
141.287879126901032
144.624159292989305
147.094100877916077
148.305945228706719
149.454259597756845
148.871221875073331
147.373120661312413
145.371449907146456
142.254026749146249
139.175264540661203
134.361288220109202
130.585690111706015
131.019760714785832
134.181071771347376
140.200404033167047
146.126934827746538
129.479933321020354
167.410036044707908
165.967304772176419
159.347320673518652
157.217610426997055
157.421421771408546
154.932485012637386
152.496481991822094
147.703130482533794
143.766738175043514
141.219279868136994
138.334115345348891
137.120269540267486
140.455653581429573
144.328250587322998
147.005993413011282
149.124438343593965
149.914705985731700
149.584168543600299
147.623436255042463
145.319118138677709
141.696499326764950
139.145693243396380
138.145945100933773
134.375279372084634
132.562621340104158
133.024480256765173
136.360642883634313
141.808966902699723
146.366134710927383
124.049683168220113
164.992485233566185
162.947776030411546
157.029924095488127
154.648220032101960
153.920322394031984
153.088957640389367
149.045379898048054
146.936347241944247
144.976766132126698
140.993129099088065
139.360664633832982
140.717816916761109
144.595110748391875
149.015093236371740
150.864676036388374
151.174343101554371
150.541426517866853
149.594536023588660
147.478306349397116
143.404646525451000
138.257976959583686
135.869026709032227
135.992146425907379
134.449318951725900
134.667546497388344
135.349100829650467
138.826499256446567
145.248791399665834
148.501454197708227
122.304365084568957
163.237779371397380
161.601023149073740
156.135521160277563
154.071748132706375
153.264069553680997
152.764951590393082
148.498893986630378
147.473720705170933
146.132187373244733
143.198360775384032
142.209349269606292
145.274636044921408
150.928499707955865
154.515737578619735
154.930621158464902
154.349176210343757
152.186855549151545
150.841380517664192
146.612234057643207
141.750528212449012
136.778857421109308
134.291175995081005
133.222008359384319
133.529615110789905
135.144610952497601
137.693697570106963
142.200847444209785
148.140769817360564
150.718572190194152
124.054747965054858
162.195055277818085
161.941941066685501
156.334360480454961
153.341536234863895
153.717757221845375
152.756330258318258
150.140149447148872
150.561283693939913
149.368578248623919
146.905324316227450
146.784022648697800
150.260757187548734
154.747917304042460
157.224677852394535
157.608468474348399
156.069383561501098
154.340791551126415
152.233947243611823
148.082700765238542
141.720796360927039
136.853529665973866
134.020152391415792
133.141625366070372
132.909127843001187
133.268956400438384
138.259502484015115
143.609074509702623
149.302826335736484
153.111049158043244
91.551837270759705
142.652697036211720
146.804040476876111
147.432748714579162
147.183182783472176
151.152757813076164
151.862114633224849
153.362863610702902
154.708423628554982
155.102688791999412
151.576918505324556
151.503616452271729
153.992038153220960
158.460601501626599
160.207995685073030
160.908586208912652
160.085564389846979
157.964840263547728
154.003660822314089
149.770493276626638
144.357462839382407
139.114428569575182
135.511262071228884
133.023346295939291
131.825380879402132
133.591668611144513
137.809692708339611
144.608100458617912
149.475985338912864
155.105230662373486
134.190110220946309
164.859971300288748
163.544414446825385
160.433659629228032
156.396203058705851
156.717080385370707
155.564030817001139
155.455883515335870
155.225756543829959
155.386436986950429
154.657892427586518
153.306707636834375
156.116501807541823
159.850145157208601
163.130664438569170
164.075734205009070
162.183404223297032
158.972200569262384
156.151904326554785
152.529388203967017
148.438816248679530
142.826428542509120
137.905490578066463
133.915016273170494
130.818763164644167
132.161035402884124
136.217331803409877
143.053614839396801
149.722326809062793
154.662543277668647
138.362903542204691
166.783145227770547
165.717784791532324
160.481110293720320
157.691954542179474
158.621890662100498
159.572432681102555
159.399442279926291
156.725373133671383
156.024277692862995
155.581438418050368
154.834310397036205
156.841984513320227
161.601589466419938
165.662599241837057
167.847854904912936
166.466879291738934
161.957321300075449
158.452310860661157
155.472375276217917
150.544838993296366
146.613149967675895
140.775149087019287
136.480535600666570
131.712787889125508
131.570142871113120
135.484107618270201
141.949255986684250
147.926893621744455
154.879804460929250
139.059961083778944
169.492329694041530
166.594769728199168
160.493949180897005
158.543723528755720
159.837911780632624
160.647408759652706
161.052679406617273
157.654664181762854
157.708877572367328
156.468778886950446
156.780586697730058
157.987295115777130
162.870803698328103
169.075224130281811
170.338125973339857
169.919565697241779
164.233038841782246
161.231227074134836
156.606435127579516
153.048797034705331
147.593648732283242
142.364627937780966
137.465735938312093
132.696612149448015
131.185426188193247
132.946422725419382
139.135808766635961
147.977386801319710
154.886605070535609
141.359918246365851
169.945168076362933
167.126162452021674
161.122517226969904
159.506160589569390
160.206792058334941
162.829020590726373
159.413217383901326
158.718791740708298
159.018193430825306
157.370715517767792
157.207801604581419
158.737808740078549
166.257788996358443
169.868890871069851
173.530350328417001
171.904483760368180
165.990680241175227
162.345069869319445
157.776818294711887
152.860809282306406
147.365809265111011
143.316859432328727
138.974072872673304
133.669596306038557
131.473781879089785
132.994921817413996
137.705964642518524
147.413969337428853
153.785816892982950
114.100350810777357
148.244553359038974
151.377009424631808
152.071570973825459
152.427574818054779
156.705689587444510
158.719450469575577
160.995228071286306
163.165345526887052
160.900767449472340
158.244992624803160
158.053894917472491
162.545665944746816
169.415670762551059
170.859078902348585
174.819950890604105
171.029966198342322
167.171317589832455
163.819352029142692
158.189139471539676
152.135521194750936
146.247855359652931
142.112873049326680
138.116522491695463
134.179380783478024
132.129535033391619
132.302733807593967
139.643361874027448
147.760379482405142
152.788784578261811
142.564972430362843
171.026916134026806
166.863564011720854
160.995346457631769
159.178560180246592
159.535303827071942
160.247028918389447
160.820322508787598
160.979913499591959
159.384772401508428
160.112431463834810
160.847022548496625
163.767638381097527
168.272030614937080
171.526514751200807
173.440441383512564
171.109063880875453
166.853015799311635
162.843635397308333
157.380835164752426
150.096095553511105
144.941483193571798
140.908251746577463
136.864598323760561
133.809033115262167
132.906252205318765
134.551547020136042
140.550457027518718
147.683460709222800
152.571210529302448
141.622281416925944
169.872414251991984
167.054304859294490
161.206410354948019
159.417423296881083
159.547103587796130
161.532662455697988
161.247410995956415
160.235442035310712
161.140881608502355
159.464099808402921
161.546516337045830
163.685775067083597
169.033602041476570
170.696957817140344
170.262606848305268
168.016241945142781
164.571385166981258
161.603405206305013
155.944595762105337
149.007496646137668
143.197635836894563
138.675182885490187
136.702993057495377
133.194874024164790
134.907729328244670
137.023678647909662
141.386837768633683
147.398797892484197
152.264977842043692
141.687196368742207
169.144118110091910
165.483994408295843
160.588208890535327
158.449249242314295
160.876862095755826
162.265760678994639
161.902347254285047
161.833671655761549
161.972085749670896
160.141663437965519
160.760283754202874
164.523112316614117
168.697875228258511
167.930856127316218
167.352610005356723
165.547177486408998
162.608707419068651
157.663290676030897
153.018225582052310
147.455422550667095
142.213342743318208
137.928333707338936
135.031000303661330
133.808414551782221
135.494522043773117
137.969986576087933
143.194431010726817
147.563709889024665
151.981580517780344
139.377447931191455
168.210443847696041
165.735304432825330
160.849008564458870
159.597285241391575
159.943716854871923
162.019458196199651
161.151142247847901
160.837219893832440
161.040736943164973
162.355670222053448
161.192856072354800
162.936313059934832
166.103759781565770
167.531984459392902
165.541688314423482
164.141271921646194
158.651256984732100
154.842389567123746
150.122745291011114
145.873414752237494
141.583699625376141
137.864269082450335
135.382563460395289
134.123667613129101
136.024028292845742
139.299421629173168
142.964629707256648
148.341117950046225
151.997131316150472
137.141420838187059
173.067946741937590
166.956690680452681
155.670371249203640
149.431797623803675
147.680325990845262
146.488597603309472
145.802440546947309
144.165882480317975
143.287849052478123
143.661550893703179
128.625426684993982
121.195281892567678
135.735420497079190
141.593190793499389
142.315562893689275
143.376374064494286
143.819678581642563
144.344296506419283
145.771375805571239
144.699728999655946
144.135752152910925
143.676668978571570
142.773526745902132
143.297629662103162
142.961365946374343
142.741024000687048
142.600625940360402
143.264470406975647
144.121340723190173
130.228905843801840
178.849474371164035
171.782766321019722
161.928819000944287
155.043737387078210
154.214708180259805
153.827573199820534
152.074097793288047
171.501803236847593
179.780789531548294
172.126520849453669
159.489276163385284
82.078499647721230
147.586858819562792
156.645300742829534
157.469920344955142
157.509857214303594
156.047087674235598
154.858930792310787
152.259111899132108
151.147449065870148
148.829858570284983
147.839770072987477
145.903574257692355
143.909791564582065
141.051247143450581
140.455724060973097
141.990259354526529
144.287018998632902
135.941939142245559
141.735370957751002
183.699825357645068
172.366663139203183
161.010833514060892
157.705284817052132
159.857257904724406
159.456230646612227
155.545443214400166
179.372293346485520
180.588813204773118
169.892390252459791
156.453112668134708
148.174611226579316
88.089997743071308
169.400041057025646
177.598732835136730
175.490733877014407
169.479471807348204
164.558260183962744
161.528693390448154
159.452231039046126
154.658876955678437
150.231084950210942
146.305023268384559
144.284533109788953
140.093964021446311
138.445434846675909
111.154317509974035
163.320537222102359
172.881976596531899
131.077877171696997
170.445815595063777
164.782674423900517
159.795354117816800
160.183112600969707
159.970557957033691
145.272256322183580
173.018926169900737
175.844152519800616
173.903433284890440
166.043819335020771
157.452241907565337
79.233318581673217
175.583473215066419
179.549384820721031
176.443079165528445
173.249258170028469
169.726547849731588
167.148772307997945
168.657314540340963
163.837518480380766
158.173609300072940
153.234337996067381
149.367541104549844
144.626413816188460
139.919359232043064
110.696890220848417
162.177397294304740
172.307090318830717
172.288647217512761
138.358507178239677
165.314548714950519
162.105538040170416
159.084305217685426
160.849861007665766
163.966322352704594
164.802854482827115
159.724640583273384
162.474148931782025
165.568462570339648
157.267157371683652
154.050142792328018
157.077904824500820
164.740860762376457
173.517499755539205
179.041339594520082
177.144041457969081
173.667380929870319
176.746454143224128
172.066873316206340
165.034376011034595
158.797061477435903
153.798053863492328
149.531310209034416
144.177799281947500
138.300327753009299
133.695257885678529
138.795284008181369
150.876171851255350
157.570440873348588
138.498921099174623
170.460713237358902
170.119906441518708
166.224370118271452
165.071176544181810
163.396171931999504
162.517479216025492
162.740007205063591
168.658837188361559
165.926741891113181
161.692525218583029
161.218498900123564
165.009900484536985
172.138371564735166
178.173804217576617
180.380823839323796
179.741909380183188
177.979304032092557
175.754740976452695
171.430275478255567
165.270291468614005
158.613936558717683
152.269010660987817
147.028291809380335
140.886400795356508
135.977751829296352
133.594609642684475
141.595722347363335
149.606179083714920
158.102114827561962
137.464847944339709
167.415579210887358
167.610865007785776
162.757162371297511
159.590349293957900
159.730364397796393
162.461047669809261
165.958939802770431
167.454816017625888
167.811053530884379
167.519426016098834
170.150010387239377
173.634946408746487
176.855977951918931
180.959310360662073
181.875217435899486
180.742015049957502
176.716116446129433
173.091157036907703
167.178234799741631
