0.000000000000000
10.000000000000000
6.422492077327185
28.954777090589609
37.203223299572130
45.139771497666850
52.221802516434067
56.853685600375826
62.547345910275070
73.272586293591104
81.909352435656785
88.294186172244650
94.653541951895534
102.328573195249476
110.736680823243006
118.131636881414551
124.347466589302712
127.261179220981958
132.153007724920002
139.095501708921432
141.291415532162887
141.119059782788185
145.607798331554704
151.889336559861761
156.693505529322778
161.563218149762690
166.776315492510918
169.017481828881785
180.158481351619344
188.661760735898127
140.953715615340400
90.951254539857217
98.913372897253879
106.824544766983934
113.534542029436153
120.444345187727478
132.250964861205233
147.537914877079828
150.535064879233914
136.126560855667663
144.923675968063208
166.196824882666164
174.311903828291292
169.732668651800253
160.831486917650125
154.353419783872937
154.030488687447360
159.300719289365134
160.960571391316705
157.386054879134605
155.691265002312520
158.245831593058483
161.351401823560195
164.904887638202666
164.867427301717612
165.444214664548866
165.400178325370121
172.043077358505712
181.829441646589686
188.434203891483975
142.049929593483540
91.112661529590554
95.046506327491144
104.988233277374945
119.493451940112863
131.083197738158134
141.782849844103765
147.435752066582523
134.785690162273397
134.555176372942924
150.760736723721919
166.735542935472921
167.660342299211948
161.631053407832326
156.524672903392087
153.236956348386144
155.683893328931532
159.669444887113087
159.797021352133214
156.663176656639649
157.307608826156951
159.226027406216275
163.303272412003707
162.178982497238536
161.535415944003148
161.262263104966905
165.680527391783954
174.719571638194481
182.487728041824852
190.238099788247638
144.544672979749151
97.676452138277597
102.899657522245974
117.638223554083027
133.121596501251503
140.761887524753973
140.515046255640954
131.912250895608366
127.936761834140583
140.122044406200899
155.963312447052260
163.589868672876889
163.148255864607421
157.816034166390949
154.045179173499406
149.624760238321954
152.087671216819217
155.194923619911350
154.333939425936478
156.331413627306205
157.143337349650579
160.471499128446794
159.453562684992278
157.803395299510640
157.782743122897955
160.785059303550184
166.813978325276025
174.829954570102018
182.343098431009707
191.820640414217735
151.894220932578293
113.630394078136732
118.837823107008887
133.603169115381633
140.749784678879280
140.001711925911451
132.758187883193131
126.089955979159498
131.454518054049430
145.051086254108100
156.590998626689469
160.476083774596361
157.994482821745805
152.894531533261357
148.634974230089284
147.117009268408964
148.176945453668537
149.153103108067086
151.375575590991474
154.213814877191652
156.078438402245808
156.352884781126505
156.149843403042524
155.541320469044280
155.363587099320057
157.463584252257249
165.526614065594117
172.720741367269426
182.819528497044331
190.207164460456823
162.998122649156954
127.302296924600611
129.198737880339053
139.581932231808395
141.944203105938755
137.556733285500684
129.512984882889299
126.119696056229671
133.031689227749098
142.913874195477973
146.989733183964944
149.451379715566418
147.194715264073011
147.335286515693070
145.571581975368133
146.673381738299838
147.510041509509364
148.848094396679556
150.090044025603930
150.634608578764102
151.844902602232281
154.921653253218864
155.538596083267493
155.852110598493596
157.279124214626506
160.988593512683110
165.624420895968086
172.834828386257016
179.641860739080499
187.105597800224530
168.989736507769891
122.660805909962221
134.898035317145315
146.952752662343073
145.931411678560693
136.675683500382888
127.772171012407526
129.288969774649956
135.955436065154231
139.131608002794422
132.500045370437164
132.938286374127301
137.122392818788342
141.097416448229609
145.190761327523717
149.832867783767085
153.632178069180611
156.537766640576478
156.897989603153690
155.770939132069287
156.418615561534210
155.505060160734587
156.108716502394884
160.416600821466545
165.958814992971526
172.048455500594287
175.884340606061585
177.051351762985234
180.042860146666754
187.986169610710846
166.102399287668305
123.012674774987559
137.565556568513699
145.385026503554911
139.901200565713765
127.182922019250384
127.884573334438770
137.036485207545354
153.346555680277191
139.679862088014715
119.812620205018476
119.201406643723075
123.876932323223286
132.270170179949133
140.905086810154188
149.165262763589340
156.590851465669431
163.431486397270078
169.286150479965556
168.042341654948700
164.106344484992917
162.083408499331085
161.554216411258778
166.780963140337576
170.879313197083007
177.568876919636153
177.589872490178124
177.754053451042267
184.080964379698571
188.558525823641929
160.943227715485250
128.633411569926238
136.495990241021531
134.994897185223465
123.956425203176252
122.595296917812931
133.288302062663575
153.810955039917644
154.253143358592808
132.652272764746698
121.763021941281082
121.523781729371848
125.089532764230768
129.049819617181129
136.873599063403361
145.013804399258788
154.046258679565057
162.432432129146378
168.448868836799790
169.495436757257920
170.547739521782773
170.558443650099321
171.199186479471052
174.872075057486541
175.189776717221832
174.031726333984949
172.462020206858483
176.182328999230151
182.061919343165613
183.815976518243588
164.246836198821910
133.982870960516550
131.232993716010441
123.522021715319227
119.198151505118730
126.345198755610411
140.911224304263612
150.350977905217860
143.037126781017008
132.353925079659405
130.757805848022400
132.238623968173158
133.758605543853918
135.826182853168092
137.894404366935078
143.328266843007697
150.993876573934074
159.771167686751994
165.572570884453512
165.256725246962901
168.974664479530219
173.871237393033994
175.774483471169447
177.698686956460733
174.945207701713997
171.935860393931307
170.392801830142645
174.527471232071946
176.308872303771295
180.425556364111031
174.034285855490225
134.131857783266298
125.165468518840669
121.011631121703374
123.368323740977075
131.447877476452675
137.148947785469318
138.079467472163287
133.682242962204867
132.601282139514751
138.324832825376262
142.599533638935810
146.287954345042209
145.850369860845205
144.956057264026384
146.489669998515922
150.209539783320935
157.570874256798817
162.359909936739399
166.277842975681182
167.031134081139612
173.827181258813965
176.104462670061480
175.879116214547878
174.990174935225980
172.792982082091669
169.789517948128321
171.568905376421242
173.909307100526235
178.883590662205933
178.741470857323549
129.021492092154460
117.343509661693389
117.263006285897973
122.846916375330750
131.408833606353994
132.873768201674466
130.160252631121722
129.861683246214795
134.016862991088772
144.750490181639464
154.707779594693648
159.884429336893703
158.655198702390379
154.270784555809399
149.832379533854350
150.121204265460534
154.069808194687965
157.773661304909979
163.787933463339442
167.795035819858271
172.491753915742180
174.663368042883235
174.437471888175480
173.158854723992306
171.823766462696938
169.008614332087973
170.564937743209896
172.271658032151663
176.686414705591204
172.251999221045196
116.165930233158775
110.828057489928284
118.639569311422832
126.625029292614599
128.355905172776943
123.950967025258379
123.091290035489024
128.345261263880815
139.165594696844494
149.512217376480180
160.729329443993521
169.034570459327540
171.625300931470491
166.381291116583299
157.584057134576852
151.386046268439571
150.851161327664471
152.490459782706921
155.132163237298414
163.586398985552592
169.605909273814518
171.987410330129904
171.305470372719753
171.127003712288825
170.911891157456068
169.344050861095752
167.893496854452593
167.364238152991334
174.056582860179191
163.079126998561890
105.179965880755248
109.596980626227378
120.001526444238522
126.693009120457816
122.426800897731056
121.134812360128109
125.144391058868564
135.241819040382296
143.628088113634078
148.778224827742406
162.560835417122490
172.515900167676421
174.420689423801093
172.235531135637643
164.058743760420413
157.394127786680883
155.110083941119484
154.799479638112359
154.036273843565226
153.836828062262242
155.608584217765326
160.588184657085890
165.329816154810914
170.810771214233455
171.797252654830402
170.449790152024065
166.457976404768374
167.593369679567388
173.843969628017987
145.603199112429479
98.879697123405094
107.917681765378589
116.829955789152294
119.174465655452337
117.820180856048722
122.073095556631188
137.015974329729517
150.125669958785977
144.173420524156256
146.617959240254748
157.381528680696817
167.726624040980681
170.665018434531277
169.164018969969163
165.641698715293245
164.474877688631722
166.334876545951317
165.075325344140623
153.569723126808157
145.829971081696641
146.525245494375156
151.075564097279681
161.852529144044496
168.540541082558178
172.273416186571950
171.032941633279790
171.108668407794113
173.790639819068105
174.643214642034309
129.993594826308595
98.893431684337770
107.688853839698965
113.641524516362296
116.463781837578324
118.307844928793472
129.737910301990979
146.311841286182840
149.975982054649165
144.759269694318618
147.756455722030353
155.614386295971798
163.790907203430976
166.207859212882283
167.427419149351806
166.543557555888952
170.480765786619003
173.191603496804674
168.696112277252297
158.595065948664086
149.538350331136201
147.504076008465717
150.528114550535406
157.407598350440566
164.592306981814431
169.364248238165942
171.412023231770206
176.536683579029443
178.825793029745228
177.678758683187596
127.351123367657848
105.721779267849300
113.475291749620524
116.948091008029536
119.840466787376783
123.616577413463858
132.309834555807868
142.879069837970974
145.669858843160256
147.140507850206035
148.521576609962665
155.748935527677332
160.717888850286130
164.279515480617931
166.487833140785312
168.278436965564424
171.986352962199334
174.100005242812443
172.314619639156888
164.420964440477064
157.167047818395162
154.265664411953082
153.115354197223695
156.111048230506924
160.049235238388377
167.616843046804036
174.907381680816229
178.906704395442432
181.796378885079037
184.517965930636024
133.347814296660459
115.194798419423122
118.907334170590062
121.528330240913306
122.941974915601321
125.830411198110752
132.784127418317752
138.276651429514715
143.611309322784365
146.602740438345137
148.900820916772147
155.710146498770371
159.150157556886683
161.287608540600104
164.774577727104258
167.599417685469774
171.505150665937947
174.755279238629498
174.064774099242470
171.552211932102296
165.507762638647421
161.994736070361142
158.837005294420493
158.746208962413021
160.797245729088871
165.901661975545522
173.624792478281904
179.150359588856645
185.669901529614691
189.028141431120503
146.416761603483337
123.933517534529983
122.624859346072071
125.502552625844913
126.201371216432676
126.776713894043354
129.750734461887674
133.921801117041525
138.931802396659606
145.137160233130430
152.134107464389416
155.560721136557163
159.533278147886193
162.019176523936807
164.541517285479102
167.707917240776055
170.678836421509999
173.478901960185823
174.194033067327467
173.573380751245253
171.434107192583497
169.443390105174927
165.641710031026037
162.915302184998552
161.433826647007379
163.303040619852965
170.041954559147541
177.533911033345959
185.026894637082336
191.966213564375124
164.547652838993542
125.147025961370190
126.300268008158227
129.605334961151016
127.501742157913313
125.269759142979780
125.082058751580789
129.189218236477416
137.055000103547258
146.475591755045258
150.083853809501619
156.835047243001270
161.452300122432973
163.554479180653715
163.219404859575207
166.135690218471893
167.933041804900199
172.002638830660629
173.339155902457520
174.837846610315978
174.727022148752070
172.859982794626774
171.118464155997060
167.155950681162381
164.103299147294535
164.462747121268876
167.960240430478450
173.356532897815782
179.714732150659927
192.326181681100252
177.635370150666347
123.218287073228097
126.596465542908277
126.502520125565638
126.704194040228288
121.482187072159519
122.261808069913599
131.263575195226565
143.685194424860640
145.509191941488240
145.464922913818697
154.729219317325203
160.558645484633900
162.209830159109345
160.560892955874095
160.504668629037297
164.745818390884324
170.286003785017272
173.686141368928247
170.549259111480069
169.274072591251411
169.264980693966947
169.993658364239593
169.216447930229180
168.133795168222150
167.164709076392938
166.172530747645226
168.952976168976647
177.996974021508635
189.150602080152254
181.360266899942928
117.252855961809317
119.350542399725740
122.095188064828534
120.378856846222675
119.096666362584131
125.044188288701164
140.708006123349008
147.047405284590411
139.460018100408320
141.295037642045031
151.878540036773586
157.212899161861458
157.826308685684069
156.033627957615067
157.805976162452737
162.925418019749827
169.958349054172658
170.243230114821444
164.356172275699009
162.254621863601699
164.249636275274867
168.074317163539121
169.075646782483489
168.298426291239309
166.946628943023171
165.013480026294673
170.152431078303948
177.005115924249367
183.548787735402470
176.639620404474755
112.347993731055311
113.064162917195489
118.491665727452670
119.436975178709730
121.889600970389949
130.993473336713009
142.504170456379001
142.142090324595586
137.269390852145591
139.620086565177331
148.870542128597663
153.711888765619022
154.916074196501654
153.535189805696604
154.782480682900740
160.523823799084596
166.218185729837415
166.987956627673441
162.250905303536740
158.898428295007733
160.552349394464756
164.955327028868084
168.485792082278664
167.730085815339748
167.734473074635417
167.532484634844337
172.264925759114391
175.776014482487199
180.169622007553528
171.037724154526501
110.839082205391918
110.429859708071177
117.278976176670611
121.134602136919909
124.288520591920530
131.707623232391683
139.263063785049781
141.793009001404073
137.972505432004283
140.739448493469922
146.548873701673585
151.558760138808736
154.346975036457991
152.363943065171583
152.622555592339495
156.300935260109640
161.009799148712574
162.953118764597207
160.972187447196006
157.863060923221667
159.065645844625891
162.999444888998681
165.478339150491536
166.857664002398025
169.589112733481016
171.326370523994029
173.063768038716717
175.543239340853177
180.018457004698746
165.146479476516504
112.677308200190765
112.879427391501011
119.863710195081893
122.418281598658112
125.718821201335345
131.925007918070548
136.948628038537294
137.566497798646765
137.953364582748122
139.295805603864039
144.754766675336072
150.288530714392948
151.773761531627031
150.343700591443024
151.265446410546019
153.419164190313523
157.690599013880643
159.508002908657573
160.108065065062050
157.838782076043259
159.549992269742660
161.772387836586717
165.645375615135180
167.441461577983461
169.782998732682188
173.771964403094387
175.611087401867678
178.573290688921247
180.516249188648686
161.551294011710326
113.360836290842570
115.665232263094595
122.151428500598485
125.974490868993229
127.478491415467900
129.288187009895125
131.733446906469624
135.194105758546186
137.989657198523304
141.132186661075650
146.194556887159536
150.239396703891231
151.015219409291205
150.906801573297628
150.605523529170597
151.153851794568283
153.151966093872744
156.198405684900820
158.375673762997025
161.051924823594646
162.477233748270095
162.430825289776919
165.036566511214858
167.546773864581553
173.246241939194249
174.382320733349587
178.510845780473005
178.892414510355366
182.154104383567585
161.922985896381959
114.650887879377180
118.075323733963302
127.234797422408121
128.210752039149810
126.004575864761250
126.299514196494258
130.021617358935572
136.050470124510099
139.841337788494741
140.228737708835467
145.925068642668577
152.227257661291503
152.145344162716896
152.368028462990083
150.868899642886475
151.740625577062701
153.241292083239642
155.308651707437349
159.456773005239654
161.103251144864117
163.346402794718273
165.026520104306314
167.934733301013409
170.356028686448411
174.547428797503102
178.301207350358538
176.984281383301408
180.802722979160905
185.774236262180295
162.300722773102962
114.017964574259736
118.087503510254038
123.212814853383918
123.849448842739491
122.042577764425005
124.048303326225806
133.320641314533390
141.661116460046514
137.934708052822288
137.820579606675579
144.888396089711478
150.835051450977943
151.791684446216522
152.398546098942802
154.104139884516343
153.979739501727551
158.470497525326834
160.625818679675405
159.043031681532852
159.046550157789511
162.386235018121539
166.814301943099736
170.961781562362489
175.231343816098587
177.212050746694274
176.139689161805478
177.511817190186918
182.431351993243140
183.566170000599072
161.197509299933301
112.901113853054952
113.958211617127404
118.175985877231795
118.984785016775248
119.109997831364481
126.262873625167046
139.153848658752224
140.368957859540529
135.440506826705985
136.423634436921134
144.694905828251535
151.535750867776670
153.642104384925034
153.837130420964371
155.738525203300043
160.000523924343298
165.072212172876277
164.553601378841449
160.742238128554447
158.936413657640912
163.503891778048228
169.469089325570963
173.711163531401496
175.869905110335992
176.288403384322805
175.263248233223408
179.237792559329506
181.777485419914456
181.212450849567119
153.172683028336365
112.160682135983848
113.824145083117784
116.024766802117057
118.827144029708862
123.289411644107929
128.806239101411421
136.575880145686654
138.612165318421916
135.545501276319072
139.376205525633139
147.282662921093902
152.719703884720815
156.150668911493113
156.899635087879119
159.907553804168742
163.669254699210711
168.348320380016276
167.427428259124838
163.046747556512656
161.631561821984775
165.753884149318623
169.532190840345919
174.251275565309498
175.704846668550175
175.308276258292324
175.876170719373448
176.024942486107193
178.323209858001718
181.336715381141914
170.262654307256383
91.304260192707019
93.402870443209792
102.152519101761072
106.015002537816741
110.773980097422083
123.196829270155348
141.272720996860500
153.938856874334192
152.206588943447855
153.886620671315740
163.097505357837804
174.104240537667749
183.151536039426134
188.099242823534894
188.500894301909398
188.143852054746674
185.670598441457742
182.575398158833934
169.226238914466592
160.019115642941529
153.855789908838773
154.166700905436471
155.717006624273751
159.531933549745787
162.750442893032755
162.601459262484980
167.382364706448612
174.631112122288783
179.299599784748807
175.889327282181370
91.060616114957213
94.191054801533227
103.387589257431756
112.206479819140029
122.271026109120939
139.254883976183066
150.008046332072581
149.186784184643642
147.710881369984747
158.658067356484764
175.397226709556321
190.669671615334437
195.876907776781138
192.525236394161681
189.006847892927766
189.604503079116029
189.835914073172660
185.627214164718197
174.884476598818139
167.857695459985422
166.554139793545829
168.226544864611839
170.309138561546007
171.511582004219775
171.518580084342517
172.638181427134867
176.640601079849773
182.131694609686861
183.490207381056223
173.142583926045518
90.240608724262302
95.838970409842204
108.200574898132004
120.560812926205287
133.470920266482437
141.302000284433319
142.630457175833897
141.216317928468214
145.773244904841306
161.334395410257031
177.971588826002517
187.881404914048915
186.317779734961334
181.953270716252092
178.687217292504357
177.801058822411079
176.066094991514632
174.580449159093348
171.300177391640489
170.102947989114710
169.922218108442848
171.160891013188689
172.495846653139239
170.817909162963900
171.989127696689764
174.206795917643689
178.201026425079846
183.140776201868476
186.192614423940483
173.184685716557595
101.497283140216240
107.108045709899983
121.399384841990098
133.186196429678063
136.961550466654387
137.456435426629042
135.775968412679077
138.407221158726998
148.638069153414051
164.905679352787899
175.653536325713219
178.987501041589240
175.741492884602536
170.310683190588549
166.663032705259326
164.624283586679354
163.308808880870174
162.983829689691532
165.250620813419374
166.981297971242043
168.866008153306012
169.884220229478814
166.931801155090909
166.816504681982508
168.207615409950279
171.749991149658541
176.412805477722372
181.203026209666575
186.260682422961509
178.781150494420558
115.785812536764524
119.480591685168434
132.634052878131484
138.310697210817068
137.698356102275397
133.893967691301242
136.020601432688863
140.382606683941674
152.715999989533572
162.082197008922122
166.527294510671453
166.462379481916969
163.365531663336270
160.112428998790932
156.652606966181850
155.583352965456413
156.287636288696575
156.391761835536244
158.730146254830458
163.372122315229745
165.742541168343593
165.974683128028119
166.341340329789404
165.215113880444591
164.653226548275569
168.321041870348978
174.051075721071243
179.105472106025360
185.389153916130596
187.413787368573594
122.635912765984955
130.660648961539721
143.158646091953329
143.370822296346716
137.290091546155594
132.447618018555914
132.202010069910784
141.929067193930251
144.813490027334012
144.969382147177782
148.383431330452254
150.669110410443949
154.030520620611640
155.468744841080706
156.439607996213169
158.130321380094841
160.046639184831406
159.479284645076518
159.447124682827820
160.902546959899979
161.356245325015152
164.226589410169822
168.524089712473057
169.987362838459035
174.311683088427429
176.094453538217721
174.642167926643594
178.420239546508242
186.092694991957643
183.048237125435378
128.086562080542819
137.495563647761060
145.176126374594247
144.135811336594770
135.991709714539866
130.798666327409222
141.174344292890396
149.602026681565150
137.789558886166134
124.570605188256621
127.298738259925685
134.332824680402155
143.569953967109257
150.341188770124916
158.257591185774714
164.285806544247436
171.299634052382572
173.245776389353296
170.546261230838581
164.772691895849050
161.368340946754529
164.150220896241507
168.227742057549108
173.923236603797335
179.359925489414223
180.483582112323461
181.179421471265442
186.289508567303471
188.800339593372456
175.812310391257171
132.863385090634409
138.013791019960962
142.224667893274471
137.804038076081952
131.729312279016824
137.964762989716974
150.902758679685036
152.002156060781289
129.892592355064409
117.046502661833642
116.508529838365789
124.405799313285769
133.945335084869100
142.928021010771914
154.852723468923358
165.690390477921426
175.596060959625277
180.691294512688160
179.177628809403984
175.765883498625442
172.305551989546558
171.562784655271940
172.420942532222170
175.985487177894356
175.870409916417572
176.962074675892325
179.405601309940891
183.883367099309226
187.087666555736917
173.678373588127926
138.490216201538942
138.725446392673291
137.088733353641146
131.821323688748521
132.529942905657776
142.648212954775772
149.994237404024915
144.886527337189818
129.999092984585985
121.424432275134933
121.216663424366658
123.848460867872262
132.133606029327666
140.140540820127910
147.569818308400329
157.379572593464900
168.035013423328081
175.195228905247546
177.819396096096398
179.473336274689586
179.609292867509794
180.116152401817232
178.622825338311088
176.756504816238760
173.753761017931140
173.499484270290168
176.605604028607644
177.521836597101554
179.967957457534396
180.342330704342032
141.674759223999217
136.710155172447742
132.212797399562334
130.059629464159059
133.934842776950177
140.219873019239941
143.668229690415046
137.525319401050268
131.705108590263251
129.243903056478217
130.622523080160562
135.206025997992811
136.274932734382617
140.051653283848168
143.885196085340624
152.609571314135849
159.861800359040586
167.867262552281943
173.344704117725485
175.678798481588245
180.567800433963896
181.897211401757062
182.866805989659355
179.677574343916518
176.937391741565733
171.661317237493790
169.707551215232201
172.174991490911452
176.228502577325315
187.344965638591958
140.168787550557823
129.757473394011612
126.111311637582006
127.707087817410098
130.039114399011822
133.848807155421838
135.057175834376693
132.757091945292814
131.306950590121147
138.431014772565391
145.180860051276682
149.353696786120764
148.964086867668414
145.935519433156003
144.996869975048270
147.881752289947400
154.049598373181084
162.015292864297663
168.780823920446494
174.644218358808729
179.082280263891278
182.779133278661078
182.074149002173556
180.544685106507899
176.255832313276500
170.633752743816416
167.530106492676111
169.108788174277180
173.356025439128928
188.547639448567622
129.351832610769350
120.934592177549746
120.339944033118712
123.455671775737827
126.637141511202088
128.684051348289330
128.797917777994087
130.437951741215102
135.777674177826611
145.116048853631895
154.676423163877018
161.062716287919613
161.419245317919234
154.632105099683201
148.295758291790833
145.145183784245546
148.180622302754841
153.036989723405782
161.913795440299396
171.778033122066006
177.388808451042252
179.595429640605857
180.067927855164328
177.813468533571893
174.662537771612222
169.164915335024261
165.389139051514803
165.150336226394870
171.216756546146570
180.156724551018812
114.972280965216612
110.762450397897098
116.961485732775387
118.534561880964034
122.036893653597204
123.035386696264197
129.098658206296790
135.548232402251017
141.316020597599248
147.252688259469920
159.201484543764877
167.467291621926819
169.364023257581891
163.631199814018657
155.555236524706231
151.406695351632322
149.978474802061839
152.060927569334069
155.910886506992000
161.160100643801968
166.466008426442016
168.857450999873322
172.272835479399617
172.094397610207864
170.845596224633681
167.021801319671368
162.681537436206270
163.386097310039247
168.615429434313086
166.512473219005187
104.651516617405846
104.601577089531872
112.409305339345678
118.712978820183480
119.264089679450478
125.067793305054053
135.971077320771712
145.050493782762913
142.613318526380709
145.776765987528876
157.015000581133080
167.740569150816611
170.906243379124248
169.307625132927257
162.844675100023238
161.108511207996202
159.438655660733588
157.264222062755437
151.177317178092665
149.412042121998894
152.729255392530689
157.838659559199584
164.555408150129210
168.683420773566183
169.795454944597537
167.150005626856569
164.661604507565755
167.430562176385337
168.171727724690129
150.454248212898364
100.339483137063596
105.185034846726694
113.545690732906110
117.598688541105616
121.950152776860847
130.932248848310280
144.433339385389360
149.861442863679258
146.357526526704390
148.093972945430096
158.821030103313859
166.374657550083327
169.425685277545881
170.705409512135390
168.989331605453685
167.277037205950762
169.234216682280788
162.788348282840474
154.807050249943785
147.165078312895020
146.237358436797564
151.624071665889375
157.988804908711131
164.693099686497845
168.307772785645653
167.931667146872996
171.051605813290479
172.512851335053057
171.252440314283433
139.469515784334817
104.355172564767727
111.393899480139751
116.375668227365964
121.808883132874740
126.686426702493748
136.213973345416292
146.606148013756211
149.242108682701399
149.226370372817541
150.124260351306475
158.354666304405669
165.617331755745965
168.735790125741289
169.417554353611564
171.348751984388002
171.720680074492748
170.701608924431127
167.811152062523689
159.489634357373404
152.614596019021093
148.725557556008766
149.431221837479285
153.046175195911417
159.043652160047799
165.041694780718103
171.428415166155190
174.811255775975468
178.258424912735336
177.255750179255358
138.646287573369705
113.366840892424648
118.732055357094382
124.283107752812413
127.816962437708270
129.593781126947704
135.292943147445158
144.201000494674759
148.210765629144106
149.131530728766649
150.600853931569219
156.934132667561727
163.198477345532694
166.565969617086381
169.350259622359488
170.853150035255339
171.924548318128615
171.664526837387399
170.875092972170307
165.914002194755085
159.824171035396319
155.259073235294295
153.911100358273728
154.034253285615137
156.355017719112453
162.983592990329157
170.552983274825493
176.020069318259516
180.301484442624712
182.965310399198813
148.796203561678198
121.091996124406819
124.911775902907706
129.630587408068550
130.466411579106676
129.691921234894892
134.922987466802311
140.448288241634458
144.872292871716382
148.271167618030972
151.724464560137108
156.112413440942646
161.282387829468632
165.465987437179052
168.445619988551698
171.063059538698354
173.564601590736288
174.906500270353433
172.985829549765128
169.958180067810503
166.473705638579702
163.029816588006554
160.577288436720011
157.036349024723251
158.388554965821811
160.527825278409495
167.477401514387651
174.273482913867042
182.332880871529198
188.375887781142467
163.998223784654954
127.199431888584840
127.825104016675184
134.483474587916191
132.015536025276759
130.473248130514719
131.277281602367054
136.942707806771125
142.271241155442198
146.852134482977135
149.113165219672737
156.758494680068281
162.566226138607249
165.414277366723326
166.446208236040945
169.469731941568881
171.205674606503464
173.062622191392279
174.093757457863347
172.909121812627006
173.114365971513081
169.692595505152866
166.327696931605573
162.989889953171001
161.444357517690207
161.210055687691181
164.238965909777562
170.984613847310555
180.318928297190098
190.734486307283106
178.485255817766017
128.159712192473080
130.428232780361952
132.047563559518778
128.906467156331416
127.611124895415998
128.898907992403338
136.876004928873840
145.317586853485437
146.551681720772081
146.963742593538740
156.266651746983769
162.097835168245979
163.747234331434186
163.930540311447857
165.960368916567120
168.176672325148559
171.316966348630785
172.452987845989327
172.128237373437429
170.125257039373082
171.890940235559810
169.011083065798573
167.885417249802458
165.660062280087942
164.014004836642442
163.145703442782775
166.807545746378651
177.194823003839389
188.692941362880845
188.107612526204150
124.645117272119052
122.938133575242261
126.769422178885435
126.191992301984953
124.534571116023187
130.170182641497661
140.999930157277220
146.312669535446020
141.526478440315429
143.517061711779689
152.348285788500903
159.805872042493320
161.347177302623891
159.046875508783728
160.580044454714113
165.872765892066326
169.927184884974508
171.875465872590610
167.665529385020335
164.826450488127847
166.970595660456183
168.762319515356864
169.118058495706578
169.588591986061886
165.360556634253783
162.775384334935552
166.395977857392722
175.378697818225731
182.799977671101487
187.495252840468225
119.797781145316947
118.929455364515277
123.026641841474586
123.807410193762450
124.596221871503730
132.598766355914705
142.530557757462987
144.467678783699057
139.881365383592055
141.788776974497750
149.433275964565610
157.162495005636515
157.940726213746302
157.389884662895440
158.015781457076514
163.840910399454316
167.651483225122490
168.100675121409211
164.831398932913260
161.740598756138979
164.407309327858798
166.270620566461616
168.576255830943467
169.843952665944101
166.897176382819794
164.394726897567153
167.328687076434903
172.612787981694510
178.197654520106511
184.991274185921895
117.800209344051893
114.822041477995242
121.108573652718434
123.212012835833235
125.858243183851499
131.728668680919640
141.912468445647164
144.477910826799814
140.362229958717990
140.985233904510153
148.007155140346015
155.181097201117751
155.411468866882785
155.220981500624873
154.963551596325999
159.039326109538223
164.237572952522868
165.438237177060728
163.838845363880182
162.663269477074238
161.648515512976815
164.667226065327583
168.242002102067431
168.212860186165102
168.681919863535569
166.839891689792324
168.844758072108021
172.809398469594214
177.192034912945729
181.616625494784955
116.398644653674097
115.680156903501043
121.618997441355447
125.209591398786785
126.074034770275858
132.949335427501239
140.135913765117635
142.350262159851837
140.022955149462405
141.030466151332348
147.805529473940680
153.226729570792600
154.109784747845168
154.143122150320011
152.636671306238782
155.157354369147754
158.635070564423842
161.053860064304700
162.994197506081946
161.913804238219484
161.384656684433622
163.305800556806162
166.048768119819499
168.389843180780048
170.464772861199805
169.702276405055215
171.132717572900077
173.950136842389668
176.535564757874994
178.315578065222269
116.499003137208746
117.083464752443376
123.170063941322042
126.207249851377185
128.474720842757563
133.980417084321545
138.291471053237473
141.324272600610755
139.046627823513745
139.863722576257686
147.351475826716296
153.026691453448592
154.186566156807373
151.717946764278111
150.717709971702050
151.053492560676034
154.486141608298425
157.659964435355704
161.393037934480049
162.266118164298916
162.737762478389158
163.620378905120020
166.853732785983169
168.415729780520792
172.620689636401067
173.850394141946282
174.336012146994676
174.123777154725701
178.819295434290666
176.096752806900355
116.795835032486536
118.996625751464080
125.682250011578077
129.729604814486862
129.183440020860701
132.128716690913507
135.970186636788014
141.991830264328456
138.827365214211852
139.439802040324054
147.050098397046753
152.083992107650488
152.760259288431058
152.563926141593583
149.984809493278675
150.806564411609060
151.459161825640422
155.181294105776800
159.691997546347835
163.535981182081201
163.516488024844875
166.996293835766352
168.048838023079043
172.099684495274715
174.535830146578917
176.617990696223501
174.483058908254975
177.800023868844960
180.636974472885868
175.503525915996676
116.162709538784924
117.865210102072680
125.564572785443318
126.709623623798223
126.885039114691438
129.925008776161633
139.477537829202333
142.656496691346604
138.249947382071582
136.769601368435701
145.433845516787812
150.091594391864163
152.003692974054502
151.471458111565141
150.630189618611439
152.212624365183757
154.120687800441800
156.343486518255645
157.944519485526143
161.098021993069068
164.291505344840488
166.346703159495945
171.716614029730209
175.344366495737091
175.789920926867012
177.031877416612105
175.479842419003461
178.320268162299783
180.265205508624604
168.901168074097541
115.522858484111339
116.923446172190552
121.132153772772995
123.123023478569195
123.968762037553887
130.754997865933007
141.275528265024747
142.186005457586475
137.199621132442843
136.777741898656018
142.406821793586573
150.406853207887906
152.177106393353426
153.341121079620876
154.811901656423288
157.083042669455352
159.781312827362086
160.225611788091669
159.006612135018628
159.867543019122820
164.529541747474298
169.828706565124804
174.988792882399480
176.876229740753899
177.244719296486210
175.319203097785788
177.297429335409447
181.332020925930806
179.517846543970279
165.239495673675634
114.390144639426524
116.193481118753624
121.052711286921451
122.415068358434269
125.429687712106869
131.828194116910851
139.291629838863884
139.427664485322225
135.448952910427408
136.746901948310040
145.028072551766513
151.371467361087355
154.008311926397568
155.929437899063458
157.808702818192984
161.088400631726785
163.464426902749722
164.294249673231604
161.851563480549345
160.998066048114282
167.011206387906014
169.563378937329190
176.476664594195370
177.990816516584232
175.541056614871309
176.049673150391328
176.384040361476707
177.200099229131496
178.812594839790819
162.230141181151879
114.617892979291611
116.283146568699124
121.205871182822420
124.322371040489344
127.090218517780471
130.270254725383154
136.751199935980566
139.047383699487710
136.295031398222818
139.093966437400297
146.584215700912580
154.157374201561083
157.534627070035071
159.241855124349797
160.325694747887752
162.785476789417601
166.950497724443807
167.876549417255120
164.866212557572794
163.673014532620499
166.158268623100696
170.704178339850785
174.348428473983688
176.083150214427661
176.644050457587497
173.052799732632963
174.076313896722013
177.755601475944843
177.915417086751859
178.205190837255486
94.958023840389998
89.428104464176897
96.358820375951098
105.026187889660989
118.376976684790463
136.139650226739434
148.388748659668721
149.468395931489141
150.982266830045205
158.190654726917160
168.750606365550311
182.372584564601368
186.511189469193084
189.724959676594096
195.676968100411443
193.626149285742684
186.408084810484667
173.045210332586521
158.995260038868850
152.486869172684408
149.921936234671989
151.493176089276460
156.084117831663804
158.947558551520302
159.430210767404532
162.251204948491875
167.962370104563320
173.323225200849947
175.736704486785811
179.789875930983897
94.062836775436821
95.675358187019128
109.076918254911646
121.138662650436885
133.326930618816732
141.777133890428416
145.718975900136286
148.189880677096824
152.969077441433882
163.303473317229248
178.388116600266784
191.728176395151564
196.217531020503458
194.281665612064415
188.643859072560531
181.224908833538848
173.333888661319889
165.739280035301363
163.390705929618775
162.261232363712509
164.377650951685382
166.840505242361303
167.415332500292635
167.969290282281321
167.649934219355913
168.114325633833033
171.676880049074953
176.337386225172793
181.303551722200979
183.297401795665735
96.834790006907184
101.688182753686249
118.040142151014166
129.822374329978402
138.809023948415415
142.407058064621310
145.016487397053368
148.141442377378297
153.905976144163901
164.433975188082286
178.178446114824624
184.221156383820443
184.560541330948894
180.352097614656117
173.918654836027486
166.831563177987078
162.793831231936508
160.520498157030886
159.573801278953056
162.513464595473437
167.847186277300523
169.778722303121015
168.550733806568019
168.741712622085828
167.176838081072958
168.285606694584800
171.127297571324618
175.334581643167837
180.828448155922132
188.407604435426549
103.846813408239868
114.986281564933023
132.124132055482704
142.528415133676646
141.241657324798382
141.038277189199476
142.564191894186052
149.316246512288842
154.318492302139333
160.639778943638589
167.659006491342268
171.598175493109892
172.216162154240465
168.353434856568583
165.193888313770401
162.392279214832485
159.720012810332918
157.474603979055217
159.268378182978182
162.471881760615247
165.237959273411150
167.847528451116688
170.013938562137866
169.395105952503997
168.089720549233817
171.122177711895262
170.627799618893590
175.566834556084984
182.395313723290428
195.236723295556715
115.485132150399068
127.442864976177248
142.320816788510115
142.571556235254093
138.870405102706428
136.180985995750689
145.016518548058258
158.719828070399871
155.262209332578379
143.967687309367108
146.533649120187306
153.269585036092792
157.840651898715350
161.265787616629979
163.062953964044823
165.320059058199320
168.984861437247105
168.956619962739069
166.142193340929396
161.009813051091669
159.128118267637916
161.742365432929375
167.090696696692731
173.255878147250002
177.007779416869283
175.658446247816073
176.272775584644023
181.188074144437820
184.755457791409981
188.258270517155267
124.156910770359673
134.717274271444410
142.324130340058161
141.401357707039978
136.838776391691056
140.011103613520703
159.253262217160795
168.769822912055844
145.486368959478597
125.691293575052683
125.707553696525252
136.163904620308017
146.474528361430373
153.523463203240254
161.670297584772442
172.652073999067227
178.868694247711034
181.280141274304242
173.839546166812852
165.111991095414993
160.034908416155758
162.738839787969937
167.358828376394285
176.842271910890986
178.895695409143570
178.790040913750005
180.949658540313862
187.455257866903452
189.278029166779845
178.047813567978324
132.715184858937334
138.303035430941463
142.851840387280475
138.590409515986266
137.179481937764706
150.499171356972312
169.397983099530137
159.843873020439730
134.864967622089807
117.244288605592487
116.769380781660232
124.388323613127667
135.969970705341296
148.482506426269907
161.736457187195526
172.815471131068705
181.614323100195946
186.250750486291565
183.707557616225415
176.486805745244425
172.963651008525261
169.320790887648371
170.058238932397330
175.325055111604968
174.975398581670419
176.891345809362861
180.836488895232492
185.170429188135415
187.383230022124337
178.714242912299170
140.935724857347594
144.487358938716397
145.772902330906533
145.634836876102639
147.083906397910823
154.835956728726870
160.842378868230611
148.378092056176058
130.995068089911143
117.488838441662324
115.167477365510280
118.257414641650996
127.962656481822506
138.445605484680357
152.388293677502645
163.891456531142637
175.484523482724995
182.002870841135319
181.556629822696010
181.451894501793703
178.714822999322706
177.550830294809231
174.638225273823764
173.189484802163491
173.559351604094559
174.204885874137290
176.253709287678930
177.513041341096510
181.903259517778139
186.056127598292562
149.936078773280428
147.876686513915246
148.199373490742488
146.999033694622085
144.557785421940594
147.270797947196485
146.314123283163752
141.633019496175336
130.324491538057600
121.441521063527674
120.677646311047454
121.085252561333476
125.574014710824201
131.371308252816704
142.135566654796861
152.791066129625591
163.287209367124831
173.107823509221873
177.260478695185839
180.316379433747386
181.666680877533167
182.719606094266680
181.531396835929485
181.083388416009711
175.626102101319020
173.820700942880933
170.800686537248936
173.255562096927065
176.447575533362908
197.172911000378861
151.554216530035859
145.008989131812285
143.861406873024066
139.772501880404008
135.765606591839060
136.539022714287142
136.389119077841315
133.075876935569056
130.729866946447629
128.082057400642157
132.019856839843754
133.919698740275749
133.620232142621347
132.752065445269835
135.152420594492810
142.849831233219675
151.455565417077935
160.707140606153047
168.981108262946009
177.730711403369185
184.745803296707834
189.379436086270402
188.249085733441461
183.775987117752749
179.775838180489217
173.287754147228299
167.977907085970088
166.861721904936530
173.204040701153218
203.686946567602092
137.648355517596428
132.667428995008549
133.544569066094027
130.305084764920025
128.664737293719611
127.644146618919649
128.776861727247393
131.456976094646052
133.253736111229813
135.760700831357724
142.089382038067868
147.814987035639376
146.122017441502976
143.187365934098665
139.401184233186740
140.379745150144799
144.717184229571302
151.938693722190891
161.839891471608865
173.173914237874925
180.584145406230988
187.041925505432289
188.305802054347140
189.189449757918055
181.040771759279835
172.981721877595561
163.909176031707631
162.287439182155822
167.858456707062260
192.493416305254840
119.823240354904755
119.226439715309652
120.744282113742145
119.002040624402866
118.875291118059607
121.954149747450515
133.386088853784202
143.440075854324533
138.922998812848391
137.265023932134227
145.652389814979102
154.644522107100101
158.064250085569881
155.098204698402839
150.712883100971226
150.088218235702442
152.528531639389257
155.618747176403275
157.820325518531916
159.366785997831784
165.684374950110310
172.128454532659504
176.372844297106383
179.481234692555148
177.134064193583754
171.646294714340399
164.871697939633464
164.653958064656592
165.539156305717313
178.507680282394404
107.735059123282085
105.528013669838188
110.562394176859357
112.698909102559128
117.112577268494832
128.358235742200151
145.588754127150736
149.355889126750498
141.044030986359786
139.680711443247617
150.087004775653725
159.476687067416321
163.979997871039899
163.355511444246844
160.060720094220386
161.297116252524972
161.809998921510925
159.329700008518330
152.987989855327470
148.490994144981983
150.442395075155360
157.717052427903383
165.930120929997173
171.219070011049439
170.420492001305803
166.220416406247665
165.455501649765552
165.728596284169015
163.083965068743936
160.840557174954512
104.342750127147738
103.041765669836749
110.189548382763164
115.393078158155816
124.517279025455480
135.559346417914639
149.873057927218156
151.563790163079972
146.407805409340483
147.301787373006476
156.372063328910684
164.656788064877560
168.733376331817738
168.486049406051904
167.967584642686461
167.654505722956742
166.273191938870042
161.553720352548368
152.736945323474060
147.071103608573395
145.226841851492395
149.512845092454143
156.425460005463520
162.206767484989655
165.362334819258422
166.976207172565267
169.628096701878349
168.564061269728228
167.930919400315673
148.871753156704472
107.571068100985372
111.026525437414278
117.615776791264238
124.098320212523163
130.981472196961846
139.432417249735124
149.797388970126036
152.955375243999555
151.039156839586354
151.571229582355670
159.638037081331362
166.172877041563481
171.697628859272157
171.574194545393311
169.702595059382190
167.772579072945973
165.718875421198163
160.712467121985355
152.761672239331659
147.754165258890168
145.109367510825933
145.978391370012503
149.760162954711603
155.522019076908862
161.860627752812121
165.889325138043120
169.811117894419681
172.785802176570598
172.649943086897508
149.128514297609343
114.873838125481740
118.597377986635422
127.185277775200078
131.140961346968197
134.090854020527786
140.315841250458675
147.813661584340736
153.366594923904188
152.005801549573391
153.607845804499817
160.791849163654263
166.326665848560680
169.511455954080475
171.139015057736060
171.077350417972013
167.601625499624674
166.807294820063134
160.388261737432259
155.537864056027928
151.187024726392735
148.400953221010070
146.721700061642593
146.610684569174850
151.237373709927766
158.882484544785797
165.233295700519051
170.302486642182458
174.837053626646252
178.835694843520656
158.264628295507777
121.322020367837766
126.715529279579556
133.305268727226974
134.950765391268703
136.396173793103856
139.216047357501850
144.530895507874789
150.276645666623978
153.263007339386007
153.608344267961655
158.334068303771062
164.976423595980066
169.729037911491446
170.494796391921881
172.334979605875503
171.165744008404033
168.306637757310966
163.973709880166155
160.729709764557867
158.801700938372448
154.209592146269642
152.176895443228716
150.682673653976991
151.700967988920269
157.436073118411855
164.040824983850371
168.528319733462467
176.128407371568130
184.663301273250283
169.377925448097216
123.891386084886435
131.602481458114596
137.615364285758886
136.488394070857879
132.941515662804363
135.865827978395117
142.684290482462245
152.651549597083459
152.512216450672327
148.870141543653119
154.951863710801774
161.010643904926212
165.975745243639551
166.968762304740551
170.420019785147076
170.182969509930672
172.605664385857722
170.189531843069091
166.021036917825796
161.842799996890449
159.472397266465805
157.708367796181705
155.551420135851288
156.433522076467170
159.497403389695961
160.867307981223178
166.593140315609020
176.885791432174159
186.822414525098651
179.088642448195060
123.599972834151401
130.119598424432297
135.781150870997948
130.312815817523358
128.461902900799799
134.951257115701424
148.084576390925548
156.925138658735165
146.985695417715050
142.141418023481179
149.988494995938538
158.196161295581845
162.733641059498723
162.809856683865434
165.823775010585223
171.141871250959241
177.605580479471541
175.963862892345787
167.666748548438022
160.898618155590100
160.341244293921022
162.145977662116820
162.260479610326769
163.265701467988379
161.846406137652053
160.767244227225291
165.192503826215017
175.382709594606865
183.949792147178130
186.497183629320006
122.549331017828365
127.227399850943613
127.441926316809742
125.918401088145117
127.047226341525857
135.774260447442970
151.531727055382447
152.978202715548747
143.400927818823533
140.410671153931673
149.186853429352539
155.524080985490343
159.073894841692891
161.454079204708194
164.630565790388147
172.106257672372692
177.952624136840285
175.480249588659660
168.107064752027981
163.762640320943945
162.629108037362045
166.413457021455656
168.401927300270188
167.398594794122488
164.448069553493752
161.909458627523748
166.082944002603654
172.554518093871707
180.269940519397323
189.447551103293165
121.764349691236944
122.344742416191181
126.064146542031963
126.101051313905501
129.795545405355000
137.401762789648103
148.381598200361026
149.335328814661779
143.253195220436368
140.661463983491103
148.545511686772073
154.684278565582957
157.479086036022863
159.207903798664660
161.738155623397120
167.054610003351030
172.572891438026971
172.115862120758806
167.458077666712370
164.145917723694623
163.338120214922355
167.025390900441010
168.371069731089648
167.708042198508849
166.515745847404986
163.901267095860618
166.881763918346365
169.300998403128858
175.833038553462472
190.899778942805568
124.709051396442106
121.456204361281465
125.602612469446115
127.979350860298212
129.539862041034098
135.600732029216260
145.930911696096246
148.062465635194457
143.085794676508840
142.703274512603258
147.569574975548903
153.306500455588321
156.597525434173633
156.746887275795956
157.006623189318958
161.556068215136406
165.758147478346757
168.370544313890122
166.576170013059055
163.994003540955589
164.013876766901831
165.732933630859975
168.132211091672360
168.073461372585712
168.345774130070765
167.860223106895972
167.107719411871358
169.769146793735729
175.821013673516461
195.136174189290841
122.888601138328909
122.462470199568344
128.691994973098701
129.810479547495532
130.712972250702194
135.892313979430327
145.025704687257189
145.879157913999762
144.026990248358544
143.132777933861689
147.568638163095216
153.613144458152192
154.931963455699105
154.167708211823850
154.170793871962559
154.436480685809585
159.619166026175861
162.564556127143533
163.672273679292630
164.207163101387664
164.378513564647761
164.949377294563760
167.315617213228109
168.433714852478232
169.776160628892313
167.991795985825490
167.214221937476196
169.727461854386007
173.723715069619686
192.533901544015180
122.294163215680840
121.561944804117005
129.820649150240627
131.583149786757048
131.309656141533537
136.702409594968600
142.321064887245086
147.306758135691041
142.831399422851376
140.127663961777728
146.701048397840168
153.266858082898949
154.748195029754243
153.152640065407383
150.765377920857162
151.227983649123985
152.934559392754863
157.547236520627081
161.669347361600700
163.794570525825833
164.523570961077553
164.456541672117964
167.207370718453149
169.605742620803966
172.150740268243453
171.488287699572709
169.566738226508363
172.090173330924046
175.611202775631881
191.781526880834292
118.483374860819893
120.388595340011577
129.510075477112565
131.198208896465246
130.651620128524911
134.866736930528276
142.285747863549062
150.307612323340834
141.737001018921291
137.181288447728519
143.330835971886643
150.241869555041461
151.614254024742849
150.937694928022609
148.940821699834601
148.543462097618288
152.299931852636576
155.870845184051433
158.513348966991600
160.845079826413127
163.511279194212875
165.895990055154243
167.637007053037905
172.261196505704618
175.753115377995016
175.191153764870620
170.509160863055143
174.798902868790350
177.368201284443757
187.418724250885191
114.711932052808947
117.212542164235231
125.250338521666379
125.970554195180327
128.798955941921463
136.188981108286157
150.319048598827095
150.408490678830816
138.095456087394240
133.265555572235968
138.936804925934950
146.241930966037899
149.266755240603885
150.270646743080960
149.628129459675790
151.605039301079728
155.343284434866518
156.932138627744592
156.671666261920080
156.550941263491751
160.111870230036800
166.369040043497932
172.284973613415218
174.763734497686812
177.890606661452807
175.690092710580842
177.042586307471765
176.433969667614434
175.444920206154933
178.668226676536506
113.601757310455270
115.683823341825075
121.967299642511563
125.848188002396995
130.528482513451763
139.900121380113262
150.525785974906626
146.982494774932945
135.089813284246787
130.755786192765697
138.201304059163533
146.095863884525727
149.049152852724262
151.558931046324005
152.359559318564493
155.249583935935135
158.802853832542951
158.281459709959108
156.581752520233778
157.295974283105323
160.932667688302644
170.506409645937367
172.739190906216095
177.514287833071364
177.959023793810104
178.121613314480726
179.467200948486379
176.801771493907836
176.973699382958671
174.067293288903329
114.742121184599313
117.170676428658055
121.598430919991372
125.153299063148012
129.875474546191100
137.264658316655897
144.557874920386837
145.126077989365228
136.362798434409797
133.760949267934137
140.029061205686617
146.418645117991730
151.104390463928723
153.210456272731108
154.573089379022861
158.252662150327552
161.055695558580879
161.368648163557395
160.136102974546390
160.825346305251770
163.333122118528621
171.007370707238977
176.155645930326273
177.232816203342111
179.981290537380346
179.199065923115995
178.171751055686144
176.722803772590993
176.216835907766381
169.366182869111213
116.447330852431662
118.847997346455571
122.932133370134537
127.303297950438036
129.948823173350718
134.908057051988322
142.173958830358202
142.073733469585250
138.741529391843272
136.031419373962592
142.627312723796962
150.490346396646174
153.092806964161554
155.622015067658850
157.607765900834892
159.309912605659349
163.621752729345786
163.397593895835797
163.073915627528464
161.824707372944175
165.534912837345587
170.857602284827522
175.037750593929275
178.304911374470208
177.048950093369314
177.462405453216547
173.399559001251760
176.049163784315112
175.931302892540884
166.023225852257383
117.533295451707517
121.710041836356595
127.535915641093354
129.379625065187469
130.523935879386755
132.522765249622438
137.991569658279218
141.369951983162110
139.599899939386916
139.909071977780172
146.450684553450515
154.672972845678515
157.544892539214857
159.808208301077542
159.680753360728147
161.829282764507440
163.632900878664060
164.979858148403508
164.893515254772950
165.156248141014601
165.556448975384228
170.152190450776374
172.450647510284398
175.383258850215384
175.069807516182152
172.677306125189631
170.252728633803883
172.267508435795946
178.197801302868925
180.758259879826255
98.017524935004715
90.019691161973427
99.551810279375147
116.345159603731105
129.591339791494931
138.311622562334492
142.955843176779979
148.708288403293039
154.745785798704503
165.388873379537699
176.043406560530258
185.475274813894657
190.071614699215559
194.483769767277238
193.520839656819192
180.861000716158230
168.680305917219897
155.264522554791398
147.247780437403065
144.264681646595847
147.310231682475091
151.389647398972897
154.170155747377549
155.440483141408549
158.532212823295367
160.927765908080318
164.172142604740628
168.614630234011656
175.428041376084849
187.179822959084845
103.833132932637398
99.868933861437426
114.952229436383234
129.807277126758947
137.880613498902648
143.742221659079235
147.535783857178330
153.132473517468355
158.546690141666232
169.676794294467413
177.464877073043567
184.814855123201227
184.959841208852168
179.790688341147785
174.767891934498152
164.882854554159081
157.515291279812317
152.669385339809651
151.296927626622278
153.637343614243747
158.707868901335473
163.205808739344320
166.841771185954656
166.030191905770266
164.625911604630119
166.331620183000240
166.401748687974560
170.372782711443023
174.850601483114900
191.114816316702274
92.901794125822420
104.217353089827753
132.050174362680224
144.933297964069283
144.504861850005682
141.645963174789586
144.282125032717772
152.075063901208637
164.289518499658641
166.816775373364578
165.187975152050086
169.722405707511882
173.873954596524072
174.450229325989312
171.087241075924652
168.678240467044333
166.367348214002135
162.572371411403537
158.722216913624976
158.977142481560406
161.314653945472628
162.230081356425245
165.259508215796330
166.071111200797134
170.010109185286041
172.676053641821539
170.857129378780940
170.176354076400258
176.036347595712840
195.258476825586911
101.411066247532673
123.501613194353084
146.477221380576282
147.306085722302242
139.612648629100079
134.952786651886527
146.292282211365205
176.422120405409032
181.975997620975477
148.449786235007196
142.771935455910210
150.054018745124864
158.432436983625735
164.739622121778098
168.367106887333421
172.193651731145678
178.268401566011590
183.449613957049451
179.072225050851557
166.301065733253608
159.292968134952133
157.765563896716998
164.338080173141606
171.434136871202981
176.779009279922377
178.660630127087785
174.564615980500889
176.881003459282283
187.179244495326373
182.125533670576885
110.996631696686677
130.407888170917232
141.791686732629898
134.302940981945511
126.103829545408928
136.490979694224990
172.785868385354860
209.546131014224159
162.935041132204447
130.870531967988256
130.177718519446813
134.904841030960853
146.547811035346143
155.006566553660406
163.545139712033631
172.952037311588754
183.773678711599217
188.011857754682609
185.316083594578146
177.128902146118605
170.880673377763912
168.070993241068180
171.240605327831304
175.629440693906901
180.303954509778464
175.489077382806983
173.845634602950469
184.096234669347695
186.701090666986431
172.020850925460678
121.179692335586509
131.627383658565947
131.975208124286809
128.677956354356780
130.872882705414980
160.637172261093497
200.332803795168161
187.482421504978674
147.632361901464861
129.035714740496502
121.260916622242320
127.230153242449688
134.225810309104929
145.818008925729544
157.820537813094603
165.798647783909246
179.635880646756476
183.864799350135257
185.058959710402092
181.672771166949701
181.681394216328840
178.509083911397056
180.322944481073819
177.645000259250480
174.907597128883737
173.111291427444854
180.660236136713962
183.034482365107323
183.303138847683556
176.575447607201909
131.541112633959955
134.131919488958204
136.152184857903080
140.967391621296599
153.052198125781615
177.372784111273234
185.561067604391837
166.202815854728129
141.807247405534753
127.985485171399176
118.319414327345413
121.134322136446769
130.957753952957688
139.954276863820866
149.203366566172463
163.474462876494414
174.026109172220600
179.842486505846807
179.314284304754096
178.531800191909724
183.952357801602119
181.609557627697029
181.542698491054608
176.105528770438326
175.045884560530027
177.101678047382165
177.025396517923582
175.402321383875034
178.451647386080566
185.633289338461964
145.567151460001753
147.836241518008109
151.043315584912705
156.185387241827954
161.568890691213284
166.281387754960093
165.766523144474604
150.952540618781057
135.273350786099002
124.154110113705173
121.172212078566702
118.949135275124505
123.218055323050095
127.722308828083527
141.875972968477043
154.360471698556353
162.277746692256414
169.715580982389895
172.128754003251828
173.036939379420602
176.468517619590614
181.076240145213433
182.507137042616648
180.664970517880704
178.020818809629390
176.222891766112042
172.953581434458982
174.295116794537137
174.933140772317842
199.634812426270400
153.557493363730060
148.063468411364937
153.025114919570228
158.247694862776058
152.999249310637481
145.557224517762194
137.069116089455974
129.552774091901171
125.061775825042389
122.885382582952047
125.085317101876839
127.594257877981903
128.402777503778964
130.658883985024090
134.881339932864705
142.119596506560299
150.412924311996619
157.502857840452720
163.482298246727851
170.478425443205111
181.219976308799318
189.811940756619663
188.779551023752958
188.703510160078281
182.336751830608478
176.575025421227082
172.028398634473319
165.556912245150841
169.744952261304604
207.818557701788336
138.324644246433593
145.891234837033721
157.234822265199170
154.206947254840600
140.655628146201366
128.056575261157803
121.890315546255152
122.738038655521123
125.429070754798275
126.949078605179153
134.887942635165075
142.274468574540180
141.779504999644104
139.227740984313328
136.757486894534054
140.483741592678626
143.517831280122721
146.758746291083781
152.596450460661174
168.471388310668004
182.964430710392406
194.331496356854728
198.507099153140189
195.304933592864046
188.608240353774761
179.181736878534508
167.257666314144615
157.888359098124312
161.798563717017430
200.859296726464748
122.490044928730981
130.886124492886438
136.022220747112357
131.291115024085173
122.344500487468295
119.954410199268182
131.815134750058547
150.651691039447456
141.277536569378526
128.658315696580559
133.576452316951560
143.735347138984622
148.089851874815622
148.209030698955928
147.505398617000054
149.937972491697280
155.433929560676745
158.622508730516074
155.186210953517673
154.191560156187450
161.173478172537727
170.602522287733990
181.870448472775962
186.961791441011542
185.644809726273820
177.456571622116428
167.846018520784952
166.154007768797442
161.858644360197445
175.833809644824356
107.563635773635383
109.566486642111101
112.954084892469012
111.977495062194123
114.398219931749907
127.080510138643007
155.399274328668525
168.109717593135969
146.419266736289302
135.615179435818959
142.191068266218309
150.855579271797353
154.757083180789039
157.704918970451189
157.043035783686861
161.405329691319963
168.149318269873731
164.666616920166092
155.743049885972567
149.225822445221525
151.575277045147146
158.308301678800490
170.364075219001705
172.873339974815138
172.630865455454000
165.694846864480667
166.604191232536863
165.075340177737928
162.241748971471736
159.771447752078672
104.305873333024394
105.429669013775779
108.049643257701646
112.721821038263073
122.333037111601556
141.821604968874169
162.681565292649111
161.653114460845217
152.915949975641837
147.806636677121219
153.804575496878897
159.930667870941562
163.217461267825399
164.063511657761410
164.494039136235699
167.133236283839381
169.840396992146935
161.829330414859072
154.069172626823217
147.622628207230235
146.015891505318706
152.875663656318210
156.836986779239396
159.726971886469158
159.329845811914140
162.813529965511520
168.141961084149500
166.496636247131903
165.542159538417081
151.332694091586490
107.784708639958950
110.681234102777765
116.937752548339489
121.824293466110362
131.593530199772744
143.042181575757809
158.056658109220365
160.408410399845991
158.131070107933425
156.614529465148479
161.705287210928560
167.530658201195166
170.301251180008904
169.679547264951253
169.875033858608475
169.586728156143323
166.898279641418839
160.855141790856720
152.400959208678813
145.057016062784868
143.835126803154424
145.343881497793916
147.758468217206854
151.469230014470838
158.577010747609904
163.341769166160731
167.808348050120770
169.648071530439921
171.464444010358278
156.404393657317456
116.327396350202633
117.126658083679004
126.109668760359142
129.894244936759264
137.092462890567020
145.033309541083327
153.496036136991933
158.357644973393775
158.131571457040934
159.797392259131499
164.563046083789999
169.923094049544858
172.105203399439176
171.837541773213900
169.147307310201626
166.601345099294235
163.791166813684924
156.191224738471789
149.846457090047949
144.142639880915709
143.428327610294303
142.838064241046311
143.417199938039715
146.468498264272426
153.543049012555514
159.242345438927430
166.305957516049801
171.288895047833336
174.743497926330747
162.090032624712507
120.127058520431291
123.204782256641892
135.534229970096789
141.455245497696779
141.933863395666947
141.767016439411918
146.317642110725899
152.602818526912728
157.811316561220963
160.753872235902833
163.528119151112350
168.315723380322140
172.091370324986457
170.482068695091129
169.797311535738885
165.008457551511214
159.066286188125957
154.246430657681941
147.342193938593454
146.126089368379837
147.356045525788119
145.535946488907541
144.227094089011956
146.016905254004769
150.392950173619766
158.277580169443524
164.697845611461986
169.024452794599597
177.628852837653085
175.111608576474850
119.547609580906695
132.645132497080766
140.686835807034072
142.889614791772004
139.172962077027023
136.813046490446879
142.938900007465548
157.158930251210620
161.231799482265728
154.151493890252681
156.149481507543612
164.065271327502728
168.314571256413331
166.382153448284328
165.038146548946088
165.238775042777633
162.415466044729129
161.674824072113807
154.009570538658750
147.064124911172314
146.363244069559642
146.567756923502230
147.802284152999732
152.510050818008125
157.234646822338135
159.714925743299744
161.039604813470532
166.892284981488501
180.804849404947589
182.299706719989331
114.210001286530741
130.197241414889049
136.231342837905117
133.444197396382918
129.762873004679420
133.197191899837037
151.587322590992443
171.856489516294971
155.545306059546846
140.990242296911759
147.758573592137623
156.345536795153748
157.977327937961547
160.199965576825292
163.422155607166587
168.706269847102334
177.173312386469263
174.598727359002140
159.438324297136745
148.512309135378587
146.801768237625822
151.370115766673308
156.190745896567648
161.468451035026391
163.154572240119137
160.525455213712519
161.232554570866739
171.220631274378036
177.034318856748087
179.604962407988580
113.145948277071099
120.463060859046706
124.727669115433827
124.202666983745715
124.731033352174848
139.785840722272070
165.792139325315446
169.327050543317057
148.857805231787808
140.485255577086491
144.666339572005512
150.521558234137359
154.905562696070234
158.465134846525274
163.203309782103418
172.944484803432402
182.514159492337853
179.072078920636272
165.604495744693679
158.004690538136884
155.725603660807224
160.582935763580622
164.416635217385817
166.353009530339193
164.203653496330418
161.237227653618191
166.817941777533832
171.386802571168630
173.742008958235829
180.652736281630922
114.137226466810276
119.150957391651659
124.845847487508664
125.355382589795084
131.623087885460450
146.406458314981421
160.102106281927888
160.157368234756035
151.625511341523037
142.080758328630850
144.638056815307408
150.799357665207708
154.110117829173731
157.604507851037624
162.774351392946585
171.753957751489509
178.212062343676621
178.069120265329190
171.323366771343501
164.799536835956530
162.121164920438929
162.534992125682010
166.791038186902881
166.443221353883814
165.709318127040973
167.125745658541632
168.848299823102991
170.373415002223567
172.582354472733130
182.609710367566976
120.170783735508365
121.645943417826629
127.329011766687756
129.861382067047572
134.206223634052321
143.037263941218811
155.191884139012615
159.647708076893849
151.995191234160558
144.554467195500393
146.633745328994394
150.880092180700331
153.647635740292259
156.289583351870789
160.264124317025960
166.813837889459990
172.299038145447867
174.583145312215379
171.228896252555273
166.143659946930313
162.789288428233078
163.158728687234856
164.812949987017504
166.064753063111169
169.462713671269967
167.461975906901387
169.158567664351295
171.473889992406498
173.537592993308408
187.278061400757281
127.044768064775184
124.622673612514831
130.772579116160699
133.500379552785262
137.075978201407224
141.900852289755505
150.537500820949106
154.328806651680338
150.477573604307850
146.588235812755045
147.513009448036769
149.820847206229331
153.148516184698366
154.714858807542669
156.092651803357455
161.085195938129260
165.307988551034299
167.958134514263065
167.456586476925963
165.483069034986102
164.720322092298659
164.200233095676793
165.623188007821625
166.204769007216584
168.458163401210612
168.836027399155199
168.668746597553081
172.120074283629947
173.630111379987625
193.839196212063371
123.867589153904390
127.906957644430008
138.111277817942693
138.516353634134362
137.763307929664734
139.399594567564236
145.981875394068311
152.735790943458653
151.501103681880551
145.787713800273821
147.100090233689542
151.770612341148166
153.967194192033560
153.383598442551431
153.245681024247006
154.245182011621949
157.939003504569939
160.011329895704648
161.602928043596734
166.115270793516174
167.038564386024035
164.667452130839791
165.869616566468636
167.036909320020811
169.880408862193519
170.028959388520207
167.982202827134728
167.877186170111230
175.558230577260446
193.273133404957264
122.471088788180779
130.051657085946317
137.264096459283138
139.837394590946559
132.317216740551032
135.516537523114181
145.879817869859039
159.632287366970075
153.447680925333401
139.684682306257884
143.406538082197585
148.413696473161451
150.642060700431387
149.806045938580127
149.793133299633354
150.787669407941792
155.099450374306173
156.942844534120582
128.469377548923433
156.095397996218708
167.045762841962471
173.694817808924597
174.372457001134052
177.452388932887260
178.962334184655731
176.442034992322078
170.533414414193544
174.904716179454624
178.832710579409479
195.165647844586886
112.738500994961569
118.430109093498004
126.862189329912269
128.559140276018525
127.963222200154902
137.302238031764062
161.881570982719268
118.318220954644147
102.681691326074656
111.874151104320362
131.454777954488321
149.098066473129222
158.366999576503900
164.365462435356960
165.653823142508827
170.893963306338605
175.028095878750236
146.378577135317755
158.019182358470630
157.214579837083818
160.147846683704813
164.372513597372290
168.775470727283334
170.740305004065107
178.223283500433666
179.491972816875659
180.785605266559799
181.840999153198766
178.577704706016959
180.840995614537633
107.016769953725174
110.522038767031091
118.705726100626421
123.094825125811056
132.187051024639487
148.076694622198289
127.323498239224776
101.359602401438451
99.190678526274183
112.526340689976422
129.962475480883057
144.898348238498556
154.500102986494824
160.409152435311654
166.646259573687075
171.767225562560384
168.571103333905000
156.042662367587440
157.446217923452394
153.426236483655430
156.515938806972400
164.851330015780746
169.789911429610527
175.768548273089976
177.320649795960350
185.676086479079174
188.693209846686386
184.047039855121369
178.858947107406124
168.140407163883452
105.975304232413365
110.778931050647714
120.420596341468780
130.058242682158749
137.780620075787738
126.243575460751472
102.943376525878662
97.285400349203670
105.539966034755878
117.704296297606717
130.429939160736410
140.191559293653995
151.899453148552396
159.052146308706739
164.987377381389592
133.405207033557588
161.328596303932329
168.922233901855691
158.243252794470834
147.328032571078893
149.631153735720687
158.103279783294568
166.513882361756288
174.559518030672734
182.774995965425859
192.223730694021157
190.836603950244239
185.992794872897377
179.212552437136964
158.346502901741985
108.283992149561300
115.845844499687871
126.506541060561858
133.900776378669264
141.331321509400254
112.453367478239429
101.616468817003948
103.227174610421073
109.882006149355561
118.480024516536972
127.832821458488212
139.644239881535754
150.083870900235212
158.381379671264455
163.532437605230683
132.384447754702364
155.262572233168441
168.723502093177274
165.262036467053036
153.111011551151364
150.283978828156421
157.727095065421167
167.383498810601992
175.319723973548662
183.583917784389257
186.862839190177311
190.528466049325061
189.462287217788457
184.839791362054228
153.818715349573864
111.317468489208792
119.570978190792545
133.047250875905434
138.352597161066114
114.204510655906446
103.075992349643315
103.256431829509125
109.918213746426986
116.183629028145646
122.231161396051817
130.211381972445963
139.325474127009073
150.560361491183357
132.408503478379629
136.353279701795259
146.428040921460735
156.018709542335586
159.881570457360738
155.373354550852810
150.627345728268608
150.488445542153954
158.803191740145024
169.422361729839480
177.426905520727843
185.572496455654658
189.808446303171223
192.102018228555153
190.580098306530715
190.612381065829510
156.393443764029570
115.298855752069727
128.362732380184667
141.310754603969173
142.493492242625621
141.224287504014342
111.212055799287356
103.489664195301842
105.338707166304715
111.926051661913647
114.544349950833791
127.881008270022562
162.607647875555813
138.882011502553894
129.456740754200496
133.257109674617112
143.242446261830338
154.874720626740469
165.289387176319309
167.078936354439890
161.877152022529685
154.411684129302159
156.935405792324559
161.294056848569682
172.032376954559453
177.437506223977323
182.592086662796646
184.073224487520207
185.631501990437016
191.327329657597261
170.029835643377623
98.376499749943164
100.636043804769685
111.914445614239611
120.867078695132207
127.553834377240435
136.160278017927823
144.298276376284178
153.598512289403857
162.698201067141639
170.311922163210909
181.192330598207604
190.443594578437626
193.079524720622771
190.231865491712313
180.357793559033581
169.791940438995653
156.385611300180528
148.146837417818887
148.096258434515534
151.432546592015797
154.419433570750584
155.457259176612467
158.520463010790991
159.555304908122480
160.834320171659243
161.318443605493655
163.847233096740609
171.345472192368732
173.851989480401329
191.134328504018356
98.880224405042242
93.476188542369357
118.020494022733686
137.917692963621619
149.979388487958744
150.976461391299807
149.545760903702643
152.265388243567202
161.598636984234048
171.475124301210997
172.600577231330959
111.811800890725721
119.992732863660819
129.356429842613579
135.360202801901295
141.705468420224122
145.593878320197916
147.926682070044194
143.096239464065235
145.316756191877175
152.928401483099890
158.866006944121693
160.503280960415907
162.367150994634585
164.000392148833271
169.049008053928333
174.218274499135646
174.592935470170289
173.214127610620835
190.969746825032246
79.673749654477376
117.949973281430488
144.549328795466351
155.703822332034264
149.307422626877440
138.628624075598793
141.223566380064824
160.889075818827649
195.329863174557204
182.217827569353176
119.913739679522109
137.950999253951039
148.329715844083267
155.232729273035460
157.961050807145227
159.565852609192831
158.502380903792101
152.750698171492388
161.570238153603412
170.041641198789392
169.500987053259848
164.432044008532131
160.990867644295861
164.862014190677257
173.085814481452815
177.207591027622271
113.265355527710128
177.469664609222434
107.921732814912716
219.781408568454765
97.771344224005901
130.434238971869206
145.508509483913485
140.994306282964828
124.470893503501273
121.967311919242036
151.295527553106353
211.388475820125848
90.216739591443897
94.587934441791262
116.697601934582650
136.814841280019294
149.326363655371182
159.633580263383948
165.688767547453381
170.066865825388163
172.114511277156936
171.018469821002952
206.102290176353335
196.183084777365394
181.814946395586048
165.382211235261252
160.943350770313572
163.736270249230671
169.379571441753569
170.303175616808204
167.845570480066158
180.588010101306395
187.671051884617896
168.899571139584680
107.339983777565493
124.548888534832088
124.822350968293790
114.663876654583945
111.986984049213817
140.463667667716379
199.960483366773673
220.859533309839605
101.544374525131261
100.005239053874348
111.612828966652728
129.990706759312872
145.160117859125648
157.740569495362109
165.354765461584861
172.394518927688125
171.477628828646885
140.647306420890487
194.530544782469065
198.203660141643127
191.331014791985012
182.395111986022584
178.826880559059504
177.979858462751366
172.972127187083487
164.575720052819378
173.706949685925395
181.799900586026240
181.658957600568243
176.846672674980709
112.877505999175227
117.476477673167921
116.606877097590768
117.550096310585360
134.806492487855678
174.265878523090663
198.905697862705409
113.649823742759565
98.532831857581726
101.157815924718875
115.362230373396613
132.451168111688787
150.312067013964167
158.967827848537581
166.864090525320620
167.181658243035571
162.894716748351613
158.915329929773179
195.802570351059899
196.127805893953962
187.543038526330122
182.043757630821403
174.130452883393957
166.797346405803609
161.520882710968181
171.950215043608523
177.909348582090928
176.856733699809837
179.514812699479876
187.020859615263078
117.411764669815327
121.029182621750309
127.689476083884941
139.941415226304173
154.097980469477818
165.122488367405623
117.496746800830948
94.452514756756770
95.136218651522782
101.050842021155461
118.616797856356783
138.435742660374387
151.688177364088915
162.609350329665290
161.315874004499108
160.652142502502556
125.403474941955039
179.255686983669221
191.807379100554812
189.641962010997787
177.606350764774504
172.140870595354897
161.646568594527054
164.783801637249042
168.795972732064030
172.820847805323893
175.787870852311130
175.658799606514151
177.853413668537968
206.582633295570787
152.392903082108404
175.481352347930653
135.803103318151614
127.757233754427006
127.630685787210183
125.284954755596274
107.152136192648399
94.468148569843876
95.512489623633968
102.904335869230010
120.394134501350095
137.356832940948351
148.554127557840758
155.450677768785738
136.932896254369268
156.479409155470847
125.603989052020040
150.355316559579876
166.339338155102695
176.030686898401143
180.640699658188311
186.962856473755124
189.206660119359356
191.654620592455672
189.670438908921795
185.615219552155452
183.486576679363935
178.981319950420783
177.943270555036747
127.125868416511310
184.246780916821791
140.607113496740965
144.270790433669845
143.718326732679003
134.078212356956612
110.771545680898313
96.215052111320773
94.493596448952800
102.699946386216794
113.346139556739871
123.122929000479346
134.004770040498357
146.226855587021959
135.583836162541047
155.503676718141037
163.709288534815698
124.161790500195508
142.486862014467249
154.317181404718355
166.506816310224735
180.451291634370989
191.419158328675110
195.430398039205500
196.459095172736937
193.045838869309591
186.911545065289346
180.422235137252784
171.401625366358815
162.571076289693849
140.615416047397503
166.756691737238128
138.256306278303299
137.859446590253981
129.596268723625855
117.846373271567842
104.444267709989177
95.973889456739244
102.466607150785848
114.109902764969362
115.371843173293712
123.065136561523545
137.988187150840531
145.210754694823606
162.189053255770148
161.178496833676263
119.267660262757033
143.606148928818953
167.951343484029820
168.691257171310752
159.189164565877491
166.389300031984845
178.557711272684486
193.016491512769107
198.089230067331528
198.140018736367836
191.300388336466114
181.421170231891750
154.880683517907102
180.615523104149787
130.243836191400447
160.048555957802876
130.147148394950648
121.990435276841623
111.883393969962697
106.503660161057027
104.852336443385212
101.891183226226175
113.672946037029092
111.553168664305730
122.693914120962290
149.421876487252177
121.164267993732608
147.926351044487632
157.758933756149730
159.481623157078047
125.655537622737427
174.945087280440362
194.211281865644366
172.899396733696449
156.805868496208376
158.054322037207811
164.643181200598889
177.850832470163255
186.630353293155224
191.702023306759770
186.552454830582548
204.021637844504426
206.479461364403562
181.894623181186745
105.348218884414365
171.820767259917432
119.991493043130077
110.691382286809983
108.011790012851449
109.219634872245422
127.466279354084236
157.656661436111193
169.182217778115756
176.655589226812737
178.921521643885058
171.218973767896358
117.139137786456359
145.221336107261834
159.695694053319357
172.493506811914358
164.217476697418363
158.763304931663072
151.615883897470297
153.003359077777958
159.864497312613992
168.024894762639690
174.227463829126577
179.137377609653015
180.771514518271573
178.383007333192666
170.432965989986599
233.083071768326334
216.793114556540331
186.632610021681330
192.744601534723984
121.566790485315323
116.559838215699969
113.098380490373430
117.661498603971694
127.665142093039790
139.251998208607660
150.850536439907245
162.649445245161189
174.338168891658000
173.711006267104437
165.721332445858707
136.683195534612906
157.973988653798131
168.083718293496133
176.450081006347546
161.313626265492388
148.750999084953719
143.901915966404601
144.005728610851747
147.821282046862336
152.052261292578606
158.211427007894201
161.529333697152936
161.845740045926732
163.403798698785096
166.632495829510475
238.701795606469943
229.954106224355087
95.993687344551603
185.382657111383509
119.599850490544085
121.129967665983571
122.434958445225021
121.813618455632465
128.787277006879549
142.985306201012691
157.184663535381617
165.952754975641454
169.268666553206117
172.139263668030082
173.789930933107769
173.243510035484263
176.274191253648468
177.252253265599506
167.546836089298665
164.312656240337049
162.147695797981214
156.266794097841881
147.639171306439664
142.859293613255318
142.372750033458402
146.300075154278858
148.454958169873123
151.205237035119893
154.417758963491508
161.394181013653963
165.327655190659272
202.920420257280995
132.430104363114850
184.503490352221633
122.581910247637509
123.739320488795187
129.846861814944674
135.537189413954479
142.049336612974884
145.360839811656433
149.333376680695437
156.867229290560203
165.991501503758656
173.378897223159640
176.755894977889000
176.492671093736476
170.182927802784434
164.975860974485386
160.664618866248929
158.294659447808783
154.920638940080096
149.920840923489209
143.631733444141901
138.471320196058628
141.823953621416251
143.820887076825500
144.845853695856277
146.931074514511067
151.604556863927769
158.624436174957253
164.878598948339800
168.507639128835251
172.216781263080719
180.513778948745909
111.466159174508377
130.685737589646720
145.516893707483916
145.410596177200148
142.297936423541728
138.333225783440867
140.137578690541375
151.193464583634466
166.040929394944868
168.096206238308469
169.447901450920000
173.740520964881767
172.088064465461485
166.107547844182022
158.175969180367218
157.174226634689802
153.384149701613893
148.223496025453869
143.893519908634516
142.332277582081105
144.728936409603136
145.776751733353620
148.297471954678713
150.959167332972584
154.958169220074041
161.445420023641333
162.726926574939114
161.450664770719186
172.567736574379126
185.864177985467450
109.123846071213535
130.975275097505261
146.379539385229236
142.892431531857909
130.347832633985661
127.507784746545028
138.641052831857650
167.567749508348385
168.073508364291740
155.997734489371510
161.743455538433579
167.325845634394398
163.697881340434975
159.918958639525442
154.379420754764453
157.575740953748721
164.359077649942037
166.177856305956453
150.914190659183987
140.570646488343215
142.470616940404682
147.499483417032820
154.421145485722974
159.820169770593509
163.783027223039880
165.374821426193279
160.248959896079668
165.264298294874720
172.055606242010981
192.980879889392156
183.201393100634846
121.336189356898558
112.764056046034938
109.931500565578844
109.572942280110567
123.550247629931818
161.157549190599781
181.029552427466314
159.455481436477498
149.233908946318962
152.809004781850405
158.981585670795710
158.188290935175445
154.753608344812733
156.557065456131966
164.545604975248978
177.908959650155083
175.077238065731848
157.575894240579942
145.841498603401277
149.131491009324293
156.375323142162699
164.601125139838928
170.934143147722949
171.307263747429829
167.491087721136154
167.449153474709163
172.217809865258289
170.828517996620263
86.131357718307271
82.534413869080737
184.394163458521405
111.757919474373978
91.603665181832355
97.504839738038982
128.907804195820233
152.325870571988219
149.687703827077542
147.346256142978831
150.855676018017562
152.562444605162170
152.794527106334840
148.816042914353034
139.852612930569933
161.106059443376296
170.992964313068455
175.288141604823636
167.919810043500604
158.417882044138707
160.672663586375933
166.302653245408635
173.711097366000047
179.703333325241829
181.888209242845534
179.377354216089543
179.090287975640109
175.265512783665287
172.061495012277334
188.425959424385042
72.479276045839029
88.662515222169930
188.397649947777040
118.475489038990219
106.400508035031493
114.068094408937952
131.553208437134856
140.661512531424734
145.183341750774559
150.402565678968728
152.672031441825652
154.477407485203202
151.498336188166405
149.554459662445339
151.855787585459723
140.290873046616639
143.422414881398311
147.489164707096307
163.011557168131617
164.894849998871450
167.272212107706736
171.638373216355433
177.705772170710759
180.763896682327754
182.676812283688434
181.736531648755516
180.326967270078143
176.180392570460526
208.711274945102787
214.915658269129295
88.299621620030919
199.967566966583206
114.810780749217670
99.912879198901678
97.172559947221828
157.421063750402709
106.288527180220939
85.710614959391947
91.147895565808781
118.040129182251789
146.853349575051141
159.512331138386998
137.138375131073900
147.530352887693823
156.108906031733369
158.162243186868380
160.667781365182520
159.787249431498537
159.923610921918197
144.143474403828918
179.805247351555550
205.113789188454973
216.621457574185456
217.306306475882707
213.374399824870949
201.482247157992333
115.638718603520402
178.649397066699493
222.223573109705455
216.324123422386151
107.420349790689897
134.940748369454695
112.490893567750732
118.300751576419998
135.264551502332608
92.665515932258444
81.313685557691116
88.033248448953699
106.162849651870644
134.018856944454200
150.176948075919341
108.708386626047371
130.966101173702100
146.678653039542382
160.287477055697082
166.572017283297981
169.825217836090644
171.701123041735286
172.549100096213749
169.558046923536750
199.039930240315925
212.746306569373274
215.811904179005751
208.957790979260267
197.635175110391515
150.575997915413978
197.197038227974389
214.620670517547978
224.124889201999252
214.327062426514090
119.872645151171042
104.622364214355386
121.926982118871678
134.263620639722006
93.098151253623513
78.534864906932384
82.442080086617437
99.307838037554276
123.091860586959641
150.559280740358730
101.690215300563409
111.636434079604754
126.742567681870810
143.049810120000046
156.987924229652975
165.311357087766709
171.160363669428023
175.712691236286673
153.624117550012613
186.621158892916640
201.921324829447769
205.020414783165364
203.524609421319553
194.149361016443891
154.316288105939606
193.287504123040748
197.671254608531370
230.420370383366844
233.572610958784963
220.139913983594340
117.925727720501058
112.771384823934198
129.276528244975225
110.730266330119576
83.864127530903545
81.747532998756370
88.413944295837467
110.511415730729482
138.494515009951982
110.069429344084341
102.159995968354465
110.727206180250107
125.769516423586282
140.279177231518588
154.597581700043520
163.984651348811582
171.217904717332260
176.673859444699872
163.631656929881331
193.723007823686487
201.107144842845400
200.549084616871284
194.256568850660528
189.953773984843934
165.239783426941472
193.248865148207358
195.162590077083792
234.445172938338942
232.095785355137139
109.334730481486275
109.732164059512854
110.411620282588444
138.010976017820326
91.131075835881546
82.456395977053234
85.866308560182404
104.294658694613972
136.297797614190216
113.199456539842984
102.866739020105271
106.575235584137886
115.971297775091358
127.400024877869143
142.332519908015655
156.181027857765400
165.094584524257471
171.875277575916584
153.236214179559454
196.207107742183780
196.756548230500357
182.132543992555782
173.645259127519353
172.537073167033498
185.306198994904776
209.699890715005779
208.959725326287980
200.935555513195368
122.927785434347356
195.146085648832894
203.934029875708802
115.243599525708746
157.773879012411470
96.329254658471655
88.655692494432742
93.813351232688120
113.663757181181325
137.242776099826813
108.606579099408222
102.169323172671483
106.858474856115649
111.194341042120939
118.222077408545061
132.656741464675065
142.677319610003877
158.083982911829366
163.727139259608720
136.046283601471771
181.188897466364836
187.964625107871598
170.448033884925849
154.427366850365530
150.493435649278723
186.695944210653892
223.119301961964993
228.427231714402808
219.373913072116636
199.246866345581111
157.500518792691508
211.860223373200540
210.115472674784598
154.377953872793114
81.815046342708754
92.786588476429870
108.942386296265724
122.212977813573190
134.488737499398269
150.374327176002453
103.509655032356250
102.662908649993369
105.411179491382910
110.972336463186778
119.117641143372239
131.809640989830456
144.863622504758325
156.582830915053023
114.745666916856422
148.806067334278850
173.667299200752268
178.767061911572426
168.688481334810291
153.014824875902377
185.536403878336159
231.259151359411334
245.437139247773672
236.632657512177673
215.380763003259403
142.407805693388070
209.015794266064972
224.368778765981517
208.914242058233697
140.804053601635871
88.228247638233555
99.652479482481070
118.197014548407992
130.552915704682192
140.252439229959577
105.972710104892400
97.456775540496722
101.613786399614995
109.633124884272235
114.753718535045692
125.501127859339363
137.798961649095276
148.133854752491345
122.885524431405983
137.401225863258048
154.959002314601349
167.815430248691541
170.028938107991479
157.238420242520846
142.258321241137764
213.676281572952149
231.846711490853068
230.637366703528158
214.501104971635385
121.882733597027567
192.537340108266619
218.331984765978063
216.434622502799186
201.866926168432428
156.381623799372164
96.729900535992584
153.017106837646850
131.967070878477983
125.791690298031881
126.003095491521023
105.653778231781601
97.541057576965642
102.659424862603217
107.848661137602065
117.144441379223920
127.061192268160781
161.450510059357754
141.155155744730564
135.377799589297354
142.998787077420928
144.830254712413335
162.997602496804177
171.782339671452661
169.080951331160890
192.903351835529946
214.055320363980201
213.295810328914797
206.318206935841516
125.624422962587033
191.560713261574676
216.338509598465265
217.191079751923041
206.282565072995965
194.728954242837688
67.521965000611118
91.530387205414186
162.798619008635882
130.870711947165972
120.526362529243414
116.718388507968939
122.936190622684450
103.497352382989533
102.037437233521928
201.891766969982598
156.978056667620194
153.868457141582439
158.633780968098904
161.022806066597951
148.648237542714469
162.505466719674246
172.153639112699153
177.804975212175407
178.626237021017431
158.988570239533516
192.839199740112576
200.634042875152574
199.161384979846446
121.920893275278388
182.414712699180228
205.356422871719275
210.099434710070511
205.326329619498722
192.164167780846753
181.007174762335353
173.201562626253832
162.364027582307983
116.026160893267701
106.122080588422975
119.611473923888354
157.089656201911509
144.209599776920925
143.899280511619224
150.155642892002817
159.333107941164855
172.433075252275984
186.876071965821808
189.342005856984940
169.665461387087589
181.516534003504489
148.604965759039516
130.969759258514131
128.519471505075558
137.180014942011695
148.638054116412633
161.371098179226095
168.959977847452166
172.084824220984927
173.531541415133631
174.122416827374593
170.168858734938681
168.762706143882610
170.951821525674802
185.648719667459687
161.122993286269718
80.177594254159828
50.480879120846453
84.013230852817287
125.799625660186507
157.154819312472341
116.049293519978818
100.960172253509427
100.247145510046437
115.831807723584916
140.648831909333836
168.898416944641383
165.766518918162177
150.415536637119686
141.843124102546454
144.783448162731872
153.424074949420657
155.607957771328842
151.702836178254046
175.551557482231942
192.957681329847446
205.610714160862869
216.272292897158536
218.253326264417808
204.959901317474817
186.684563326936114
155.353401407350560
209.114601205607528
220.864526689148647
212.012737141659045
191.418402129218748
87.093951493472204
81.487111802809821
128.009898513622147
149.463949897988755
145.085998805797487
91.545175913771828
76.614309773564784
83.168537936685567
102.326333071311680
142.846646538494582
156.166869577836763
119.592401823929237
132.819464185363358
142.345599372084394
152.712989986322327
159.677107222741000
166.024838491840399
153.323539121326974
176.657216221271199
192.986100041804377
234.907787790691714
244.959040823231533
222.631620119813874
191.140821767712310
175.288489459046701
133.604892653572733
219.799024465184971
234.310197061757549
224.832739783377690
203.356196534434616
85.835895769579494
100.809722462938268
132.026990070449386
146.724323567170643
80.298519308270144
63.130136237016515
67.688896552156649
94.544612782287189
137.286594442310530
150.523887769829201
103.165397689422491
116.353055330264368
130.180010438579984
142.696971106052217
155.066432145790458
163.543508474498879
168.185628551150160
171.332362461924248
155.539771758384290
182.020185551327188
240.135494002992857
251.857335941328159
234.132551732835111
209.238401470688018
108.492269938696211
223.898888584530084
236.034369098843229
229.271736174858006
212.857969950932358
98.882584927239520
128.228664877333216
116.129855468056519
157.156060224437539
67.472383776951403
55.002055674917017
66.821698217700401
107.491080614233965
172.126675458393350
103.411790320440630
93.029966533418019
105.833996072279703
113.708864984085778
129.039856629391068
146.012166764377895
157.931047326912562
167.005341476288208
167.737166209651832
147.905233134234976
219.769158358122439
202.031825646978746
236.064844878599303
238.289065505176836
221.959926188769089
122.782984128685428
212.856193236623653
222.883722472375496
217.723622622428081
209.947903697857555
156.643518462571421
230.265376916829382
142.816463017758593
97.912056725986361
142.775603057853914
60.702406207974221
65.974122738197991
98.741997251171142
149.702978854113297
166.253942974656127
105.507083452635698
97.602117585828722
103.085966378961814
114.518778918564522
129.954035695396925
146.427589460036444
157.174332881736092
163.823083217477915
133.867785127099836
135.190621740382824
176.458758195244286
215.654512411710130
223.317375160155791
217.115091047503995
204.516177312828233
226.986209441784467
256.565260997070993
258.119233115972577
235.370183229647125
181.481588198536144
231.759163706579898
198.435959789070296
90.730380963515259
107.811796246575057
150.873458930554079
88.675502962302474
87.983212344803931
108.391919456285464
117.703525950995299
117.419013010693092
107.551155446498882
96.073724289412681
101.342196033183399
115.426406235522975
131.724663807262687
146.270481546734118
156.039403424697326
159.560267314506916
166.999774785157655
169.947633609607720
198.636926527858691
214.629718203487158
219.076456896558341
210.699367442185746
214.398426829353298
245.088299043543827
242.858142331078454
220.948849065993727
194.701558852740334
179.279533116974733
197.873561369429410
188.809164159827617
106.258572985905971
117.355509311918283
135.071806021256691
103.548576127857061
97.940159031365965
97.252968945867948
94.913305630361663
103.719333865824467
103.883725231324433
97.632143846502331
100.577539867794684
115.639358829961566
133.540188053310033
146.857243704764215
156.330916907924774
149.543084422276138
166.076255973580317
181.960639370377208
196.754700471535472
207.098731080237087
204.548196819480552
197.333698619252260
210.571934662005219
223.658781617408891
217.145859717189410
203.197590246931526
209.444387460591003
204.054933958927279
177.962181804255124
204.080747838521859
130.129007276474908
134.594589416859975
103.605268364942489
103.397695870372900
104.005475349650624
103.950577826407695
106.104826236431677
103.230333675249028
92.176854695109483
98.090944967986715
108.331836133879847
122.122107681311661
137.834270676605570
170.012006320149283
168.318061865465324
165.605242474197041
177.763496239073646
185.998802542107825
195.395480892086312
198.256824617022630
196.859099946845504
205.063093133320677
212.502371560622805
209.704731720125494
200.793779528046315
194.523310620115922
204.144317146598695
180.219832383231562
188.607585005440143
188.429413604942170
137.574369459661625
116.090157566691175
100.595142937413442
102.351222399620326
103.855675306810639
105.824575050147118
111.393996044059676
95.010067935778835
172.326962390942924
180.656448946820490
113.331302126593457
193.715935884055284
155.171399955557234
168.186508553633075
165.414366920958258
169.572316340474174
171.320096867860968
176.921233783937112
188.790574509453734
185.785793618244440
216.395974143920967
217.284818045498980
208.187083471412365
200.107006852372507
172.458003867360162
203.557528876384197
206.549601029081998
208.963769219542996
205.747352322811082
182.738126171502415
145.934272940662794
112.159375021704818
116.114415830726401
118.463968278202529
113.568901485330812
111.152157057282139
119.558945822551834
149.133102414578786
170.387665386255833
172.147402014770080
176.581162955252921
174.408308372555410
153.415392493068879
162.098207477091478
160.614669015171273
164.797486881424248
166.996852623513092
175.258927348614606
178.102348974877884
212.449086133984167
219.272377816445044
209.992328292429875
135.420347989743846
190.265870958661111
201.199974642070288
198.241131582851409
218.857254680253249
248.909079513579456
224.651364695250777
184.918593171210375
200.603827904177592
111.602234373673738
105.516832921380683
106.451621031060753
110.596772186554588
115.755081482983144
132.309465924124339
149.501257239278743
162.166907066493252
180.229356486483482
186.249265640991268
176.410358149247713
150.569996341294711
163.047660046641482
161.297995900164835
154.499444786170756
158.532611860655862
150.651935855740930
141.007358770808963
136.904215489286031
142.515223515580345
149.220210762563198
157.777426103893703
164.131668840916063
167.319766717305782
166.670846073714984
169.547855398220577
252.566902577889721
122.934647684499140
161.938477625484865
166.227887279703111
116.750609161105530
118.007879618495878
117.877138503296678
122.028575211197733
130.480454141564223
146.233797740450512
160.630158400656143
169.394505914218911
176.696245500930019
183.499790081850449
179.894565968353533
172.607208691262457
162.750101494595640
157.710805892670123
160.209762111585519
164.201715495467710
164.873672501387517
154.434905042891756
141.534137142000731
137.173842401037433
139.990160536289835
144.355336310143343
147.789355941226120
154.669993747603286
160.676459020617557
164.662182610844553
166.816871428666445
170.982893690641390
173.841916760587054
178.520236364342168
193.480643135824778
154.590565755333927
113.368434062529303
101.520091626163094
207.607757513379795
169.547254346395960
155.127384425693151
148.602787522257159
157.300113549859759
170.387741813011644
182.195542346426976
184.813844664208602
177.578931888468418
166.437712542835499
161.209226874602194
161.172044812915431
158.977973772232815
148.584042663684329
137.461389213935348
130.237664202218838
128.995843756376161
132.722650529008547
140.582800641768500
146.235789845887211
112.373947863278829
165.062846208108425
188.389152544330472
191.788095505624824
83.479031897130170
167.154265554779471
91.621709609318486
108.597004574295909
129.185428283399233
137.081692317616955
135.397910489820902
131.342555103724891
191.134920357472822
128.422567513996967
116.795805924541668
131.263413717998674
141.533528212080881
146.939284747707944
161.301524051662312
171.283047576982767
182.590984228802455
190.859583715802330
193.374666656743159
193.552848974393044
194.366042196411314
194.009926461244277
190.217227441216409
181.248146942860927
162.518434647680408
182.121698921500013
179.863718665933220
176.008900141947549
171.815554426371364
169.967070094413373
173.751239398344609
172.518914096942609
195.689156119952031
140.920684142109252
141.470748351597933
139.912257473312081
128.561637846621096
123.268426101924433
141.894226005923684
128.273903458147970
134.175768921323794
126.837802225733896
123.451809177678058
134.759802329546829
151.735704192609575
161.465583015117375
165.923967313536821
168.748822319754566
177.728957494162159
190.144727031389692
200.159341097749831
193.670757363548319
185.075868722656168
137.697643825041013
186.845846136348996
196.081727099059009
189.164782655416474
179.031083081160830
169.987346227700584
166.343035472382411
133.134349702527828
84.562322173440265
65.891636473832037
165.514835710867573
104.512606301056223
91.197666525286749
91.221091311975385
128.061304278184679
109.724926927423510
125.926736907621191
122.338483543993391
111.939560221800733
126.128291581552020
149.206327812571402
161.302466947788815
165.384112155364335
133.529553942133447
164.825831811615558
193.064884352523563
207.148611555994876
191.386126258402498
169.915866200331777
114.776860895432009
186.217539192369486
202.024374456657824
204.011235732290373
195.066439913662464
185.841894185288112
177.887363317736202
173.008385659280265
160.705345254694322
73.466762723684951
87.201011162229292
159.451189692115577
100.497340045827144
88.371695521811773
96.863278605460522
85.717274217361449
106.305341377213551
123.376440592026228
122.858424619457281
123.430015120345828
133.830665180150788
145.125763099984681
150.171468376438554
154.155140259514042
165.780494601060809
177.603602750418219
189.159783703808245
191.628228216722448
179.914068604361091
173.969564934887472
111.243269411076938
178.869877283808677
199.686555646813247
203.495785819329171
201.896382378012191
195.264043083630327
185.501562980171826
151.912497601537922
180.518764538227174
77.523721458702397
160.123845513404888
103.095939239353271
156.892724974624883
124.673360377090859
135.840075555189117
124.236375869734559
121.912401013830163
118.575745477425244
109.737779289391810
121.056084069595229
136.444866296790224
150.508710673163620
152.210893542791723
163.287595862781814
168.392902897276429
186.420482259467946
185.958091915314185
180.986987543654891
170.030725388657743
133.269972619642715
171.488855695453623
180.744145160258341
185.438925885948635
188.624536870965301
190.399828540861023
185.007732886420911
172.719401453420232
216.830281766851726
210.223518938656184
101.663719515212506
91.154608023741176
79.889201322862860
86.448045286580140
98.676476643676608
134.287061922895646
112.271249437028331
110.064875760110354
106.008981397751668
117.489933496526987
135.061391045944305
151.564674964887018
157.630088798960344
149.955116524699832
162.218918710258095
170.841322002501045
184.236864125032469
176.569329986432450
168.789315189474564
166.729875647934989
168.752077766701376
218.163955557013423
236.015528460254728
240.088075191167576
229.381559821805581
209.095392943078934
133.494585556034593
228.405730538984983
231.504453241758910
215.057627729056549
95.937678209566826
85.024659603920725
97.881704367037742
111.866672312220203
136.794148777641681
125.959936994613841
103.154955122662599
101.363414810629791
106.497928522648323
115.515194996925487
134.425480795330088
146.568862526999965
147.312419631761969
142.214531036209138
140.062943545014491
142.020059569215960
149.734068960479647
153.635415518729417
174.267865908402484
163.025910187424273
211.921001666678563
229.980773903315423
231.552242799471884
221.713224290493486
207.288177593719979
194.131125930655742
149.424164308900600
244.889097607756185
236.495990028429219
214.782134843877628
83.172225199204689
90.619151447916110
112.918625732645211
124.815701023407541
111.831990386290499
112.900914364352786
90.673709705093913
91.705037086528037
100.149968127094326
120.617950472513755
110.275398682277881
123.379741900096519
137.778906314692648
148.240462637989822
156.732021226669360
161.560506765641009
166.390404707036225
169.482406618269067
144.852980450959166
188.861290121127354
206.972525238216235
212.927820552311573
213.250251808460064
208.994691256011123
202.081672651542789
134.784673792785327
197.879088555802440
241.523400612880920
232.232540119591391
175.721356762546776
99.871616888975851
102.297040740611848
122.650361145428050
119.242521203343401
86.429338300525998
76.166312287489490
84.072259128533830
103.099135351220738
131.189194222258379
94.852499509992896
101.490469552953769
114.779362694749196
126.100952564567663
143.161884517679795
156.767988069339225
159.829229445660928
167.201036762871553
153.702597575777190
181.456722707684321
195.978666545980332
204.006731581097171
208.797659195060248
208.699755262237488
204.192036097877406
159.351021974147955
193.847292027012543
200.788696495922636
224.119924003230807
148.974779865788349
226.919437579510259
130.535994879655163
111.182162048873494
164.647156298855066
90.501900635092014
74.159395928905440
76.144275764472667
87.332578272610249
112.839632784976089
147.635631000543128
98.531134744731389
103.122592051619634
113.044275202744075
125.632351061897353
142.315481644385130
151.521965916779919
161.124786410651325
169.963527318180638
173.099662107231211
190.902579767181322
201.811618561066410
209.744671064449363
211.280475246105198
209.626505183161157
166.272894933029448
207.572751886666254
215.963099603675204
210.409531940254681
197.470962929477565
232.909747076188921
216.271560721978517
135.158575371441941
114.829771437998545
113.632505161150263
74.391499095984656
70.149881262923486
75.454310873524122
99.266519321112909
127.533900395854744
98.303714020874679
96.772909238143129
106.938106317095986
114.769966689470209
124.293289651918485
142.584922517620214
155.598025034923609
164.346602339364722
171.937391705717147
182.987824265508038
194.959609016536831
203.157338762456050
205.061142440837045
207.668446885686848
155.397423198223663
207.901989049929625
217.387545513248654
210.816646392500957
200.286176609178028
239.756939903868670
232.651846496565526
143.530935134080494
129.151148515435295
127.018488541316714
76.155398780582004
77.025856846614261
84.014486355528049
102.204630255979083
122.511040198425832
96.281579177091274
96.594515256960946
101.090705883583581
106.990698450491038
116.989808292424826
131.892726345459295
145.811313165552662
155.740257345440682
171.556591546589942
172.334293597040869
183.028952080821938
193.249550645491837
199.062289736515652
202.197606896775255
201.173559004786739
193.105453584258811
225.121135794146284
228.011746545035948
216.027359340150213
230.922969113230749
234.007916359746048
209.043081220799706
179.459344259763583
148.579756964959898
102.651250625903941
73.409345949185393
76.663713987184849
91.312033698735974
112.184429421704323
135.537643253505848
96.636463879312430
96.932449637024064
99.568582181370871
106.716247249188157
119.727922969960616
133.253060710385284
146.813635717347324
108.449746379725937
129.576411565658788
162.035963903273000
184.497547417925517
190.108553953705922
195.593070954136380
195.644567443310905
208.923499612662454
239.937748588598993
239.011383329188561
221.481226932931065
200.065754912384591
229.397484370092457
223.140118175309254
189.026320499933689
213.222915274441334
78.089167591176064
91.708698833822751
110.490053543275707
92.973989767338892
97.900852794769463
111.640266245408469
127.111769355685041
140.206564756653023
101.614497154345415
99.185214547291281
106.629808409737478
118.096888327453769
179.444852258076622
145.087387949072422
136.473951861070759
164.343495350337349
178.451792893487777
182.086713413019652
183.905419593845551
143.740787866047697
184.772642516122602
226.254084532483489
232.744858184554374
224.997746650228237
205.439132351582344
219.750034806442216
220.521806580423629
159.493778942114545
217.520622621172635
189.079194135032878
76.149398397906126
97.404312821023566
123.926792666446417
104.444503963172878
104.470202729609923
107.440154314618809
116.262797600397704
126.336051685876782
144.809046552727949
158.533123220789406
160.073383319579222
162.655088085719257
171.215077406759463
134.109147436921148
158.976535130995103
170.182459450152010
175.244371287902084
169.279876869946634
161.842416391633293
154.519908168079212
200.931520781339771
215.494315520329735
216.167316127981763
203.951739343102759
215.208062168479756
214.871023246413358
207.393176769193531
181.939656557450036
201.323290098091974
218.254466496107966
91.752218010615053
161.617439890344571
112.559729556753595
107.188016230627980
105.615382412564870
107.230367116940471
113.548427821994665
129.930908577635819
157.297274902177890
155.477863654656574
156.141673364678496
161.956575221998776
165.602447542237684
159.630659103583639
167.534481700105175
172.321355788829464
170.488223878280252
169.390181635578955
166.424684630433973
151.310484599621873
200.058486572852360
205.366958052199863
213.892565438876403
227.806181172576686
225.562869369155521
212.324005392401091
149.854564250771034
209.268357206780564
213.111203949736733
211.939405520526805
165.550250538196167
116.623615554540649
98.218658417204836
111.343644616795245
203.257562404315308
138.544748091723307
128.097877406073508
126.842621591975188
132.315957566990051
144.818367631060198
193.808752028040686
178.400998893590383
186.868313726195908
160.590658604570109
164.577811320092195
134.587067307432790
138.847333950281012
152.263652198155569
161.423441655416326
171.791736263734549
208.827287004625219
204.340362893372912
198.524104109461916
192.316692510150119
186.246948918533434
181.523111396681713
152.377455136443245
202.351325981960770
210.502456925086847
150.028899584367025
74.190944232366633
72.605360263800407
119.177878104899065
150.431214729314917
156.187940548438661
114.751612907972174
99.375776448853316
100.840188080216734
123.304621178768457
159.787906819843670
161.079467048498600
148.202057796458661
155.220289403240258
142.587560050765745
164.107089677102550
150.154917470576294
162.991204885153934
165.785915816745955
177.571266052919640
181.374799242804414
206.014974014452434
224.972510528997503
224.482156887968188
211.997534154760274
202.521905497724475
204.907071204106728
166.499569591745171
213.567771097080481
212.825359166748854
173.608676373396008
48.153433948647844
102.087904420835685
136.483343785807818
211.048659388347318
135.340618619161916
90.376920703381955
80.461199386032263
93.279761294863107
130.707282195589443
138.791492414842367
140.914670721119052
122.133478541570497
129.131607511890365
140.826856374876087
150.756465025454872
158.617690258691624
145.688724811498901
159.858765495723162
167.961756144085712
191.383981293593592
233.863686469031308
241.708651848415116
226.441316580423006
206.390904220204675
135.566940961514462
218.134760768187448
224.904102570710450
216.684418989477336
203.907290244716364
234.325934145068288
117.561953176359026
118.367685383877699
126.070436743029092
146.026503549364207
74.026571381548280
67.028139292557185
72.984282720930707
109.796785048801752
123.285749838337594
133.919769215404472
104.039806801813739
113.904270916845206
127.959034523257131
140.292906804236594
151.625311026409577
161.281650354691720
125.648727758498936
141.578797761710206
131.479504473319054
202.942161509711610
232.835769886783197
232.022450953790695
218.007889358029331
204.369351223284582
125.426305702701342
211.239416910297223
215.546575776824398
208.733794251604337
196.657525804108047
108.375239486676094
95.344549804994074
89.735988665095022
99.896342742970091
164.002718610020082
66.300878894396533
72.007811144401572
102.743418520153526
136.531683510214350
128.470583763878864
102.293936783896058
102.532411744318793
114.679307937190657
130.099138403562250
137.955227084213334
150.207596384128806
158.731518673336353
136.737861034529629
189.500041647016644
164.609182579497229
218.802696255317272
229.785732907745881
229.176794843272262
219.073325206921311
190.752445769627286
255.864818484362303
270.601165630006335
262.847951211460668
265.283092016890919
240.507984981912045
137.138730771896718
51.433000918151436
73.231297119413199
153.289042191130278
56.111567566603313
50.127137471506387
72.100274884529483
118.190327041633751
128.570322669627103
94.108026081473312
94.560325248036548
108.702451339432798
115.061610967837524
128.179857431677931
142.369883995429745
111.722063929041838
160.889569634348931
173.694231768549884
111.066744335267103
181.507930389620810
210.229816809004774
221.109506646530861
218.088739864808190
210.910613766848229
256.752760434895777
265.392252212922926
249.509101639051636
220.130282628590237
252.146888457986421
206.170452145607101
168.006027156690408
101.044058280715646
105.244609242202088
126.379545453664221
76.537317846948014
82.222791677686061
97.218878552440913
103.990140020520158
100.878115771412723
95.139866671866741
99.763883681886000
107.517658442846212
116.106029355769891
128.567255730318209
142.176397886787356
127.567719693770641
152.488188654738337
167.825970713830770
170.329167086328368
194.144798307421524
207.284427873033735
208.978358150079345
201.823911897951604
228.097039886067137
243.122277921504917
240.517232481685141
215.868849115733667
230.361821255379652
208.037639360844025
186.153753508237855
219.598097083833693
130.031563323164676
112.312285919378013
69.578733048882299
74.771636921328167
80.355789152765468
90.641944024430359
100.235133264129630
117.749913073295986
93.688097046709828
94.790222601153005
103.784865257274816
216.837716335635150
132.983933250940851
161.669574078013113
162.565914114844162
160.553685748360152
120.183472810119525
180.928008376822817
196.004393204616974
203.780164364838129
201.487862688525695
213.526505719770540
223.591242086046691
217.563993764400237
203.736791891857081
190.229002532927524
186.093363444235763
209.572297556920716
186.016838285479992
200.978937623012371
134.657573097973682
127.312203693447529
110.421578058419229
108.000845215774490
104.737519908761641
102.638639597141022
104.234339311423383
118.700795499558794
139.913442412267443
95.392259664647725
106.413075972948690
216.131716130549961
162.246593544381255
164.804712200849366
162.670288746959869
153.037341918379525
168.885442432054447
177.690054356578457
186.689467241753619
191.196096767899519
190.701311403785155
222.617026884737015
222.961324538095482
215.527992012368543
206.131306797343512
179.810441234960507
191.767419368720709
197.702721643288754
202.054472815186330
193.106600565207316
124.965411869834128
88.499587907416071
100.932066756769530
108.558568045339911
108.785011502487379
106.522438042494457
112.202551605107260
134.187744479541806
168.236616329257856
167.015222672797165
221.468122203063501
140.952554412189357
163.926274516902623
172.349150345461510
165.989816521275628
155.810001175066787
132.832630597114161
172.047155446205494
185.533863809723783
188.997318947977959
189.909073638086113
230.127380108932726
196.228945326072449
201.470992097500812
201.134255935137077
162.529050535314724
211.683323066609915
242.764482737332457
230.744581552611209
192.989591916299901
186.388720109853068
97.330180193913293
96.849096917607625
105.089581513773936
104.537599749753809
108.199624694167667
121.782815957174961
149.729009959949053
107.763218033681468
137.413336544031210
208.752841353421019
132.929641244641118
158.810781462041717
164.758379912620200
134.068664058846764
132.695847781282652
146.802182322974630
163.134632100248780
184.030826026804220
134.569086855024352
185.492850289494129
96.182721669138999
148.178221750283825
166.507013379398472
176.222631170502098
176.650629585232821
240.187130544141667
259.944956688803018
232.637850741330624
110.781162980114090
210.965341751582514
91.730660805598745
99.046467802277604
112.972469658796200
118.126891073565929
123.448901312837577
133.387298073987637
114.089987312085384
128.833185687954881
121.952834295610927
130.942878370524454
158.409698827606775
134.444312039019167
95.008129206693241
94.181801767493909
104.210328068717089
128.238239938345203
147.834850412133790
155.146844631999954
156.857326882039217
152.842226609879873
157.526014182492247
157.450635061229065
162.940124924692128
169.113399138949774
173.005127981794658
178.489193412455165
231.149643890974289
228.400207001579361
207.671353215379412
174.661925170796593
189.546414609463852
92.209853264515132
149.849008918440859
122.361395124212237
114.222359620679796
120.594047203165374
156.014522500243771
81.634250357014182
74.889751948871250
116.715050535926736
215.156052930923863
112.978806473540516
79.044472612040650
88.605832293713860
111.010342982735409
130.235606522527092
155.765069225045579
168.400880753173396
178.318077720425833
177.459717823020185
172.555312539046781
169.539543242910270
171.941145217667952
135.952076045059670
135.019306983170765
252.043539945880099
247.480278560958936
225.096850610968033
198.942579774101574
109.511626590083253
84.062369352142056
98.814528866260787
112.042083460178020
119.010584903416202
136.412564437345793
169.908996516903926
86.777904617015892
69.964936039131004
91.966667213481600
135.333949688068799
224.103656127905424
162.240913598379336
131.830134237710695
132.481138833473466
143.672170677152963
161.263821887230989
182.510144506208292
197.790779381833318
212.492958644690447
216.653942179672867
215.059120181633006
203.831888764410650
158.971213120588914
172.500091390261076
170.437517059528687
169.205520781529771
172.742536130558278
204.842023026787530
194.589746566480130
152.683221619289526
200.682659698793827
101.601067674432386
166.152369352675663
137.362752686445475
140.053801622826910
142.844388561392805
76.179070183654062
72.492941337993130
95.894294024841315
189.077132942118055
144.064601511485904
140.089593361547344
144.541478457549232
157.622275466283355
167.008776463929678
89.415730516630319
154.707347283000814
207.567536692718647
207.555361221330799
203.111676022562335
164.259193340773521
215.323311810506254
214.934841628352729
200.650607457324043
183.449696409084197
171.974607452835812
167.863561206743469
167.502369193902922
170.368342821712616
50.840422410512218
75.274176679320774
107.097772214418399
186.384929381295649
101.094544686793938
161.219284424890219
78.566043060962230
98.968390828310675
91.054659679292470
137.984277831484690
125.541274583596547
134.681869027796267
156.342331902143655
168.099822727639605
175.971335099548583
130.884726306892617
162.852332218121347
178.482255820133759
202.889934594815486
187.701596625685738
162.585774884982129
114.375835100821263
205.525828250477787
225.687233176369972
222.832554521035235
211.063340808215230
193.551817481397649
178.041307263139856
162.043450068426324
207.785220343276478
47.989579068172617
88.820576009633129
149.186783847295516
88.681916110850494
81.924017829450875
137.432401822944200
87.765936930779191
111.523418980810220
139.861219922528363
119.297753261398583
114.571626483442941
128.261867550521060
155.233903669584407
170.135254946030784
148.018921981113522
160.267952948624156
169.886868821892591
190.164028891462266
191.468279247779435
165.978708860691455
147.786593572606478
145.568488107623210
205.912327066868784
218.344652578033902
213.597423291400958
202.922548444190681
189.182105313370528
175.715018643870252
200.399661232929191
144.792623945112950
85.325209775398235
100.068372906149165
131.695401429519507
149.026464832705528
127.289199712230200
73.697398768299706
83.851888017477052
123.740065868411676
131.333902951595832
117.105678882454299
121.294297782343847
139.829217618297463
158.560532217065401
142.638129408541374
153.375555751595755
162.171374650016048
171.710518842268783
189.996855073635203
174.874833548499765
158.724118985478299
123.096424042582925
198.851823235396751
217.577141558196502
220.230407893237327
215.100567197879911
208.864869258668989
196.781051269273490
185.965199922020048
197.229291290471679
210.677039916971523
96.081242484592423
142.414184142357357
102.370100693959017
104.148023807596829
118.312282767376402
88.685487941009342
100.103823562294636
112.356131117644011
112.151632351870731
118.373401241752035
134.895758939601137
154.851600300368062
138.590731875884131
156.582247318286392
160.355842127690096
169.121011711816379
187.394620957920353
166.408754836047706
155.664287393461933
148.562345281577819
193.494978846077856
202.989707599797583
207.419440776013573
208.966923442964571
210.912393979702699
203.086738979723009
176.961601011394947
233.301683344489248
232.965063919787099
209.370908522330922
57.635435478215811
64.412095504991342
87.915004267277808
106.303943760770693
137.073283135828262
95.063201800497922
90.310168511413124
94.679586553615707
105.088477229408724
124.680325657465460
152.650512675614294
126.012598538098445
153.002081725995765
163.064235892417912
169.332995334469331
182.308330442163481
153.322238888963540
147.601896572077379
150.341379636281403
183.150285189070956
215.422353555678228
231.118351993287774
235.879330515870492
228.985744640263903
212.510201572028166
201.542243199518367
234.048007970868213
252.472621169332342
236.614910813578234
210.974973372079432
55.524719047742323
66.251364711089607
91.002942769934421
137.570041325477348
93.050592122316218
85.275003868092796
90.419819803269746
101.151733823064859
119.075758380889610
140.980913379887170
160.219144030750329
127.152811165908275
135.280672807960883
141.534092238831391
149.964497787944481
157.282828207885075
173.510533515478244
156.866227427110090
154.434785608392531
191.805258218133872
213.865604060109661
221.193738155833955
221.971140103243869
218.018179926499698
208.361297635161236
130.666995434110333
250.565759888049570
251.435645188045214
233.716977744780650
179.723224778680901
74.774116777758323
96.980477371396461
115.855248930787184
124.090039793045676
81.453213206754029
73.037446228834682
75.569652644350114
94.667010734854642
118.197529007400050
151.073547508307058
119.499581961436689
116.109436495128008
131.887792202039094
146.262179880690525
154.598986720495532
158.735582744188520
149.805607434627404
146.666182433473921
170.581821901113642
198.556215905437710
206.845924977532491
212.983028437579861
211.928308233048369
206.456153425045756
153.016799288214003
245.502393661985650
250.000001274466314
232.039782975027038
133.028524758706396
222.250733517056318
92.709650870287419
101.546622137793037
141.583193363257834
82.302453997175775
73.378235720686405
75.978595810787667
87.004647227532814
113.180465527424502
141.616911051902832
160.248541954168019
103.236863950185679
118.955681347299631
130.552873288476121
142.837871603803194
151.531389560174119
157.697717231317625
162.605022218548385
167.015639961230335
190.214069121583606
199.695014411769023
206.302251606963040
207.820164420517870
202.370409737834478
161.993110244727148
205.040876542991157
210.701721421576934
207.758079005792467
199.558470058531498
246.463869022010044
227.733219904057620
137.347088011935142
209.723543427563015
121.340005707558575
72.330644229224930
62.345894286834252
70.592685872367241
86.299252087835725
113.500125373763510
95.096798970767807
91.384128305773714
107.698875729758953
122.661633627248335
130.835652868006690
145.308263887947192
154.254839293453529
159.378245172077641
164.942099932965107
184.127990480089380
195.908848608992741
203.621576825371079
205.085582677105094
201.797397399154420
195.172337121728617
206.308241396283677
224.375788104437106
224.587745340050560
212.423225502540760
242.239763014975267
238.662444470015714
125.009308618760286
139.191127019418673
143.477495822335243
106.504612685721327
79.935334845938385
80.101036914520407
86.994621829916156
105.087262145474767
87.434162141475809
93.803490757915029
97.174727947175910
106.432340410823670
120.642120854704416
131.767986400836037
142.034349355892942
154.589281353439361
106.908176560326382
166.206868437680356
181.862527407377428
196.484413295137472
205.400340262602441
206.800071693008505
199.863723461771002
195.671606177493942
226.549656234435730
227.113070626510478
212.590698369806177
196.246082831103479
224.581567127149924
211.678003261815576
166.878258293676595
135.644876900964050
131.038119857109820
89.225779830360167
89.167854690492845
81.056575554227763
86.716113316756889
102.208833421574951
94.156244886594749
96.660444677574958
96.333503276722709
105.884154028080587
120.383627776312920
131.134715475891539
145.571135062593015
130.349561635777974
133.469067642408845
110.884589256672982
176.162903485874068
194.288883610883403
198.425907480247957
196.135763321529339
190.841215913021870
198.465631727601249
228.861209457780774
229.338233913163492
212.522162430657261
237.929220376418641
230.981514560026824
217.226211168032449
218.946573695599938
62.190762942426730
71.813505753131551
99.767919200919223
105.749232894588417
92.355834714885262
97.990808523517870
107.725448373274887
135.671054425841277
108.831598160450099
101.477050687155199
108.661865837315844
119.026912358801766
184.201007185322879
138.010612081909500
112.228910144952124
154.324403248727094
175.678528435039993
185.532229951264156
194.064219309408031
197.622744789177773
192.534696962914836
211.650750779095461
239.512312382968815
236.927345505438467
216.930312986343637
234.201462884176010
229.342775259085784
210.287029952919909
220.770978905966388
186.309366477575196
67.438032568356377
91.468239783032914
90.022221392821208
80.809200590170917
85.963246531248956
96.880033933171504
119.701263304987037
91.542889841685721
96.304582533027272
115.283050642460708
148.251099091099235
180.248892813530830
129.117939361702469
117.248526473259886
153.584577480683464
170.150471816401250
176.491895604663966
132.293794816561558
168.487611795720767
172.803015684950452
201.969896624475268
227.101538138444511
223.740796299120746
209.003115422090076
235.342444225967284
233.923066300186861
218.560288286858736
219.447288179120278
205.090252307615174
221.060028475757122
91.243017340066785
102.021152374624165
126.830376871493911
101.727687898275946
103.766972452044570
109.144941271250076
105.169787649709605
84.358561869184385
92.157610687348424
118.743741438600679
185.985220633722861
133.299842249832466
124.061099139409862
145.148434155729376
156.904089057077385
165.208626266840639
151.424658000534180
172.524866755969441
182.193049832999122
168.533102938994972
203.644073480599928
207.437838756131953
201.038697722238226
189.429726293716044
228.863062508571232
214.509796233590265
221.235120311390801
211.241931945429457
204.986072147917923
210.814392123072253
96.306430629916989
177.266720983840401
112.538421070542455
114.312626239037655
116.108157217980349
116.385675802827521
162.931103360455126
126.549737150911128
108.266219258936246
123.353380121290996
129.054901193805904
147.238046309850375
139.131670416903603
158.996244650591080
165.423815886512642
168.642822767669685
194.410323146347821
175.045373156087038
159.309598639295018
147.724085439480916
154.490507689518807
154.127693981031086
166.307214230956674
196.902297843230173
194.330880596141469
231.016189883804373
221.291313290258358
224.464493559666721
226.950300937670704
208.564132616083327
164.806853135097271
98.824591572244884
95.841241708648383
204.680392583504442
150.691099746524458
104.982848867478026
189.542131567710612
161.082372341684504
146.304892714314462
139.003867703612826
162.021888075155175
172.743994850276295
167.004138366141575
165.859017711641940
159.731368321672164
155.562350685043896
156.246726721808841
165.166014441248876
171.688163777682774
171.324132377977890
181.612196342499345
176.270038452268494
169.155156164734649
164.969844387337815
177.835345106360506
152.952062854799465
215.583898229271256
220.830102230618593
127.653445836739053
174.815245593475879
64.202553385950992
101.228314671338779
151.556216977553959
185.070837601029098
112.443967069497234
94.796611084449950
93.902593411686709
102.949491303241956
125.042736881932910
156.689713126824245
155.768914919647329
159.186329081243258
162.728154977666122
159.093137710245486
149.969362724412491
149.116522823316728
153.991671947369127
160.025201390192962
166.185134987064799
229.718113144964576
215.872305379441286
192.536107798790738
167.654978265847234
161.781335109824795
196.373534252411361
233.668511943636588
233.808543256918881
219.518725071884319
220.976369273900048
234.872205561651185
106.884484869022643
130.083594465875308
127.807535520291680
154.711438154541128
133.821797116511590
86.215293132471317
78.755267183188309
93.419128913249494
120.082814961212733
125.739332784437238
136.395823670943145
128.194294429853613
131.970817525927686
142.533357647196283
165.038053150483137
140.203459711750554
140.865186134750786
149.378925512364276
167.118605150290676
232.159178902596153
235.685820397652492
220.582797409575136
195.589556497288044
179.866099612679534
173.068224238464893
220.376704127222467
222.715513677681258
211.912472806623128
253.703688267646783
127.553967302320160
138.620943584587621
78.836927246634716
78.319295944327536
88.283640536024080
149.558569729659325
73.769063965690648
80.667520758491492
111.708768238279774
118.952637053273293
101.913994300141624
104.631352779631030
115.827719828821188
128.521376630814444
185.559599335046045
139.255086303104520
74.490185937104229
168.495830300225379
203.405429010299770
181.596244155346710
220.176101219870219
232.152920878143732
231.419790129843705
212.768329791770384
189.176737682011833
197.878913408951007
231.896930542071118
230.822124315664212
263.668550637162014
235.893382629656173
154.354327023340232
60.533360838984791
68.914643948349877
81.991020258802337
114.710612175126982
62.549788722946573
69.093355948745625
101.299559489164949
125.122622800894504
113.376317161891876
105.775187113323142
128.102689232272922
118.923046816358266
180.077084604184989
162.450130657713089
96.941406001756491
148.895401814643577
173.184585432679910
169.625429547649674
170.953049691025058
220.035892549087436
232.685600130457715
236.418014741005891
209.551365303618070
245.672357833542435
255.881850400261300
245.245406558649108
215.301063542846578
204.373843883952503
241.207469226684424
179.480233009802191
100.297304964801242
87.848690798356188
126.916628526223718
68.253161958552880
74.246916618194291
90.226622003387774
100.672979272702833
98.238792355174780
103.712271040272455
122.168788093585050
141.656455363143806
164.262662906790553
120.732548624716671
190.894922297022305
132.925394069080966
152.836045798251916
166.340972749285100
157.992508843350492
198.176362218695601
214.497770837866767
219.812829241071853
207.126712184236510
223.158295713567441
251.280035322788251
251.707976072322083
227.575013545893711
202.658890862601652
187.558679261659023
194.131635511950606
223.313989200256458
122.533449353475675
131.272224491594471
73.900595138496115
74.327866812977476
81.418273695702709
91.414399979134771
97.468508331502818
106.249421370816336
121.607344194496960
137.158502893532159
158.235773789308240
112.284630434164910
201.618436089183717
159.229357392198494
156.205775413667851
158.346405859216929
149.675470619914790
143.247187277360979
194.889513427649433
204.004615848304979
198.011642429880908
178.097161403030867
221.377096530496203
239.665845785613016
236.632071802087040
216.502486074166711
169.463313437572907
223.400842396603622
202.960550119632330
214.555719655028952
124.585737463809636
152.268769016304077
96.503493141197481
96.600380287868433
92.698160925019835
88.543697883263945
93.331116096747593
105.745851298414578
125.190699395034187
147.686780986449094
127.152726901173764
149.218976431883931
165.139649979493043
161.979567991240799
157.481410451021674
155.663234865729322
117.477918750649991
115.489770252107107
213.296459207679163
196.040084867599063
179.816970164766786
174.816893509464052
226.708671048677786
225.528546214387404
217.467893562664671
174.116526860457100
224.692238003091006
201.654397316732457
209.957885240790006
205.470783515904373
144.356458064814973
150.994742998906105
96.413509687382700
90.590151791589221
89.541557575133140
89.355090622383159
99.648086299299507
117.883950867330967
98.816775565475950
110.651012539586816
141.280463655324724
158.502354036232020
174.180126324714422
179.607638810851199
173.637713872516912
123.772669609113223
114.203197439729223
119.310228417526943
174.628079803811431
170.535858721202885
175.160889235201125
184.761028388395204
225.217093037105712
208.366146965403630
151.910627393159814
166.894523076539770
210.924061293316981
239.041122841739110
233.202928661420373
206.153269825585312
133.619571130379484
94.324745653918427
101.654891225636248
106.793505868776805
107.683732875411863
107.833495050142318
94.303235863868309
85.161589417669660
97.901600703145363
131.490657213579624
130.680781968274232
141.026473075889243
164.160193034329211
172.528585019601536
124.449937408215732
122.283591503598601
133.281000715581968
151.011912892508718
153.190443080347848
194.666853099614627
189.068181657711534
194.124087617895299
82.990181442144419
192.319380366912611
178.838537630651530
203.248574242136669
249.206460848689346
258.338988280503884
227.669596160072786
146.883368137869155
174.655891154675516
128.210563886003683
144.344390523191805
108.042321337559059
104.877619405307769
111.950659572566025
106.449657662743462
111.823346686960690
135.197878547309813
143.041348083730185
121.624283055005492
147.535561836664954
165.022011947514784
120.713875375959901
110.027906265006180
125.108672378078680
145.192509639513304
154.629562002005883
150.134474766348376
158.156871596171499
172.688855634637576
169.827933006662221
175.661304577566170
184.918308556554109
209.981905162022315
251.001941418003213
261.930178997450128
165.470746166845061
215.809956138725283
210.075655831105848
116.887095639199202
98.623068565859555
121.814500587918360
126.195635312652215
151.987727018999863
117.192312727971427
161.785419957495634
125.770946174258725
113.374857169416131
120.133618008102800
146.187159340146707
178.923642945594310
152.313990431002168
132.837897477822395
140.008661841421798
153.833263890044975
172.325697279902101
178.003984142099284
180.931906839912472
182.295837042876315
176.731386889384623
174.618297535556792
173.572588325653697
168.326024257871154
167.721423687580000
170.779957042724163
177.014568704625106
219.749344477713834
222.374336401284836
209.078325064037870
151.184077376766083
89.244369943003406
104.376272669532398
123.663229061445918
130.148912837102898
171.303857430010055
116.811698678951515
99.531520357131114
93.795347807021386
109.352156158293425
146.144519573800039
144.539653258307538
123.134436290872074
125.354893995120406
146.596531708985594
162.419087889815842
176.624693446763501
191.789873608959908
197.252559095568131
190.723860060281822
178.280325173288247
186.246604851909751
198.057085112111366
193.694971530676270
182.484584543930680
173.624493868556385
172.174386704894800
179.029205237818360
192.652454538533021
184.868475807664623
158.552975967620711
90.046766387534603
194.064263330869181
104.676528460934136
161.357163580177314
126.426449980158907
121.520982086999254
76.401153140537019
77.852934892658254
105.881098398606795
165.443297340549179
137.105782912120560
143.073442221897437
152.701632573335417
160.404139773502209
168.825895119578604
176.163405709530508
78.841975401236979
175.214261681593257
207.857314363276430
159.758780384020582
204.439962317080756
217.111588680696400
212.574024604720705
199.934208012899035
187.976478343282764
181.727733011504910
182.497075432094221
169.481255680381196
198.869495959185002
70.113140849413256
58.351421610402582
88.879749915239444
111.387336146725517
168.869762228024314
112.451116665709378
111.502821232033057
111.746260563908635
111.788187934154038
127.869855197123371
138.130317681227410
156.771639586654771
175.063320316721502
184.843157247325848
179.898437525675376
100.309557202737381
152.003127835774848
176.090521598125065
168.787292824124705
168.105194851226088
137.527935881086933
214.701795042000697
230.314926668464750
233.348414098312986
226.114057989341148
212.878683146597552
194.578897248331430
175.262800763929874
236.464687876763463
235.169852690399892
49.723148152258375
77.508285595286054
105.998983572393257
192.133364386950888
169.771461708257164
71.938088883171218
62.518824714446666
78.322221221456275
113.562298405271292
111.457253405420872
113.698155874362897
146.599987019636274
177.833758214905856
186.110609251501046
129.258216370251574
146.892535006234368
157.844983664985534
169.619800779009211
181.108834603110040
145.651253492472222
168.481785637454550
217.794724751630838
226.473416390373131
222.615255507109850
210.226960890485174
195.100758548566205
180.829380033709128
219.805684023977079
253.876649991319709
143.156488655963585
89.594736124786280
95.806842008119219
134.548977089928457
89.869505723804750
134.701548013913197
69.055462216176977
77.772390563075049
115.673742637810875
118.557663662138054
98.002026792887051
114.056685019920366
154.661484675906678
172.392846266348556
153.668057632825622
157.770004008577757
159.899362637207048
170.745926355666313
184.577943785851261
156.437638370576536
134.903885167021485
164.523266931953742
212.141836134647633
218.028397998956223
218.017531560956400
210.098255579025363
199.769597450084831
185.895642898797092
209.718661722178808
194.636705752661896
203.677088227546506
99.802780676962328
115.623054290334849
87.345636642828055
135.305472477528838
70.305343581600368
73.391200699544839
106.585238859471090
121.879056425075461
113.384418071803978
114.402036282803479
131.717445302216788
156.354841596422006
163.503357268436872
167.881003515339842
163.101991420106259
165.353735340813671
191.999981786504776
171.021511986406125
155.395483560809453
149.960730632342489
197.077252005395991
206.284926552952925
209.151988837210638
211.809236547808268
209.407106752206232
204.060664692287958
176.290405310630973
229.305482430826544
216.906833993158955
202.291026510776362
79.410260739635149
81.835408375774264
148.541140964406736
131.505009083730869
85.687146462657822
88.811374373358461
100.338837106098552
105.214288610868223
110.647977907938966
129.394559918691243
148.515582637596452
166.568129236538624
162.744664398512299
166.680739604086853
166.033581473797113
194.239124917721256
159.680053004501701
151.357330056909632
146.139881829082185
181.100891070255841
211.161888251602932
217.981629336177150
216.020606458342570
212.771208055640869
205.325166523829580
155.372381457406163
178.706676814806428
247.040872539901585
237.745240740615486
211.456325621657811
75.300428270882890
99.556040549429014
115.694215410108825
149.893184539951761
91.889266727780068
85.171436292087463
89.916783569422904
99.676832633321681
111.402735122140626
135.785992189677785
160.560754019685135
131.116985335174917
155.796219019824093
168.890597375166493
171.689690557126880
179.037223911822110
148.535810978062614
142.956908891922950
182.622871221464635
213.281637766426002
226.253215082007301
233.156681552184608
227.425285497632274
214.325243973027767
202.883952772459736
167.732475950231276
239.367546686908526
251.765275073922254
236.083488074417886
138.849378356995544
72.885523301926014
91.228437864973117
150.154725415616980
82.415932304560727
79.914220918411601
89.521626672164501
105.288107512989100
112.519365734993229
121.040644304865168
143.062181055491465
114.123237169519939
138.627640913141761
128.800636725020382
187.484793739422599
195.713316717834687
152.258204543913280
140.123049401790553
139.717072736757757
170.896146980911539
204.448262299964597
217.652967220097025
222.815088010292811
217.549048466455986
205.567916251684125
174.866813892371965
239.514585388939878
248.366842746954092
237.313619922495946
156.390726002529760
171.859671649810366
95.283428591189718
104.748808418329091
128.572397277061015
83.319463322898088
85.500446174005276
91.486869339136803
101.250087889893834
112.339463161811651
132.862231152066329
54.983368494388941
126.859489972121594
153.988521998518138
130.107165451664144
145.469086411868375
179.317979512356033
141.274395090326720
135.121269675654446
138.180813522404065
179.140595455644586
202.579852085113430
210.658849119204774
207.353290008878020
202.170359596657590
194.395570171383326
235.462348538107960
250.945791535195212
187.721277797950108
217.236787206508581
209.670423977002542
200.021931913099621
105.570256209545605
111.950405851098296
116.385963164986862
78.376845504563576
69.753264253146540
76.241191898447752
92.192158747349765
77.080617972738040
79.994404592743948
82.030586096710849
115.937310268153141
117.551147597962839
131.048928567990288
142.239070933451302
150.580708383387247
129.371802225797296
136.679850286240708
155.077627783302262
178.141887921645150
204.953951038141327
212.498148753959526
207.980220741143512
197.733300890896459
172.470420333155630
217.921270864844757
219.189451417072462
209.070211873380430
202.127527132684236
256.152621556173415
176.755457674097528
125.576452990869257
203.208257285111358
110.407709461394305
78.436437078980120
80.918526667511401
89.039668795302276
112.507667750017390
110.973785273520392
93.655018807924250
103.750050746763250
133.425730389984977
120.255034133559121
182.514498700019828
143.898004716254064
125.027507907221036
132.238898306055773
154.811212428099850
169.000567848270009
187.868579035746876
204.540462955879292
206.204048132775227
196.217240885401566
188.541943157858441
211.159638965413251
232.964410426470351
228.942953474164113
240.956659731496131
246.381693063995982
238.551801588701409
184.965577489612656
119.497184915287022
110.488472305132476
147.990643019838899
92.036881849493270
109.926803721127158
114.040022455951117
111.579816582132111
91.127987007839437
96.071151575540497
110.013190030352192
110.915353046187278
187.056936957706739
160.413179019353350
132.963112249886080
127.857282024059231
142.867763971580018
79.942127691298708
160.203580095941419
191.349410487399695
209.607460924651974
205.772536664071595
195.757154525627641
207.779608493782291
228.758102202608086
222.607453214228627
210.393329990935513
251.317935516222462
248.301923935413527
233.330906774011709
211.626625702066264
97.050398871767598
66.340875449197668
86.230465820682312
107.163349903445237
97.549603682625104
125.687372480052034
92.441256833567920
93.727282888825272
98.885096881516191
108.310944894516012
132.096643757247705
166.446787546445535
166.691599330889005
134.107841662542484
130.189048470734946
128.370262933360806
169.067777381336157
185.392576831232844
189.300047652609408
199.364973151315553
191.681648941804895
220.419296772698658
241.525163014842150
235.953536907054684
217.760196041075972
244.914598194700432
243.865994248304105
236.813638693534301
236.120480300599496
212.173905692046901
55.820631837505204
79.926150114738306
103.171632955632916
91.408375316129408
94.758833542945382
134.167081019750981
94.440949925663375
85.550583329526518
86.835004093914435
103.569682768867054
132.749471647571568
179.447734637559677
128.741780288203984
120.574341195067461
138.467958137692108
159.211985052751800
171.761019026302193
138.842569070935497
168.698252576754243
180.937968348766219
141.319955399405245
163.800393207981955
229.167975686720354
212.267861074783980
177.796668337330516
226.438014022910352
224.753189219279989
241.023210240522474
226.853018243977033
178.200641957757142
88.086356556796545
101.665770575723002
176.910634618511324
154.660681807363517
117.483811189287209
112.362274382244124
121.647123464368548
82.930814600350828
88.366477803429405
109.859034901671521
180.998264547455221
129.721949168924880
127.106476275987660
139.212398883786818
153.069747232325369
160.916410858483090
169.631001983922175
166.536561902183536
179.437430213860750
173.311093076548502
181.984534444199824
120.497073797420541
208.032670704660518
173.000964408165345
197.017468976286011
189.229646418199479
233.758190722421375
225.480752013292886
202.908725380266588
217.352950057116800
99.374339017249525
118.938398994799940
100.537888826398785
142.931200156380328
103.738004362606645
100.549323603606624
106.026038054591666
126.405926667538793
142.737761271906493
146.866861827898390
147.055534886641169
168.960040166106324
144.727738826632589
160.988085899863734
165.967321571950833
170.290463681918936
164.876287044872328
158.539767530221269
157.048965259001193
161.519030369186282
186.729084014997937
131.327452029569798
207.901337739681878
205.287520193831369
199.377249610823611
196.291673182252737
192.818982065730779
224.100292318583797
229.627970412000394
213.524615194604337
110.182356464814049
93.643205559906363
110.256335472995005
117.425072419938772
118.572753912681208
119.027431434215885
89.277854396522727
97.593257264234580
109.051758810139319
124.518896629288747
140.988135153708299
121.623534723578928
164.645441248680953
175.253441842326225
175.583337467476838
180.727528157510960
165.237795936584348
164.670506484811654
176.246324805392078
180.892282659628904
181.812795175460110
163.185906239975566
201.367835253477153
202.147279963819415
195.018995993932805
188.019563970612239
229.506127233883205
254.119741985318569
237.559012221047254
206.820206990057244
150.784457867966637
85.137654464940539
110.352900762543030
160.493664809125079
105.862043109890479
96.516167897367154
102.924284265867144
170.508662232910552
151.534648350025208
172.851056189880950
178.896145134550068
167.418859767428046
160.630495399443134
158.374574933370496
161.353481829374431
164.495120330623877
167.663348913031342
175.353906576342240
176.219539561008730
158.456212496351100
171.646838778650107
181.182370688926596
180.131896710953839
164.600611926338928
145.330209727571116
211.616010956897838
222.954505373939924
133.323527452167866
175.284248676784500
191.172911072504405
76.159959257127440
187.635431199696939
184.537941847672926
115.019080400714458
109.724187780834399
92.345431841621533
149.079545321086471
141.843837876911408
171.505141084381677
179.197911033271225
145.875628643396510
149.896649732202548
163.005193309838546
167.080348628909661
160.982962147770763
152.643035816368780
147.814222864911073
155.332295308285239
219.577168612403455
203.862035451759994
190.694039222746227
179.210728691354063
168.735969711890306
171.123917626775011
222.411517617994321
228.302548255930333
223.479109443812774
204.856083495718707
190.382665879816216
199.744459904155491
139.641157157912943
131.150021919968879
77.963626105285329
61.361298685177019
70.399643231437011
137.327180645973556
97.164477832456214
113.131790737484835
129.187378073501634
101.962705706753113
105.391779944762177
138.774101207748714
163.364053176634542
170.847115655052221
163.084502946153890
147.991455462422039
136.853206004423555
122.457342630545014
207.368212776937213
203.682902621226731
234.176840272732193
219.324192199218317
206.249621711705487
168.372284386530680
215.939574143435379
213.639512400388867
207.159948207903398
211.014264334274969
218.799333796204337
209.805332651907577
82.039420797635984
49.849600683563295
63.449099007988949
81.351541416348283
117.091521636632407
75.581277256949292
92.852261789801815
122.626670494680766
107.549970229338982
94.450956836706013
114.991454248994174
139.218022722436586
164.234917878453444
170.185215546460682
156.422485319269470
84.127772089907879
169.167340560764103
193.396611200152819
183.191449248282765
219.080710833419744
215.299238470504633
209.380728628438391
198.815093198892953
190.778032859302073
261.540725008060008
234.566859753728323
210.092896654528857
215.300888996523611
239.647422696445744
146.574128058459934
55.648053419573571
60.848906111385077
77.803102129743394
103.433895088946116
72.568180643671582
83.107011425824581
102.824651511618271
95.746379970337998
94.773502969171915
104.494530221084830
131.009940802905788
155.330814795985930
170.711682885899563
163.451054085611474
110.609974297278740
143.855412723544930
161.193197768813036
165.623805846130523
191.752534420012239
220.386031323724069
227.094912508384994
228.388694175800225
243.208797535811527
254.584414331088709
256.965393925376191
231.806559492631663
246.895456517155111
222.795352675198444
226.579223134937422
181.090845037439209
100.641232343970074
88.156607312196869
102.226598054412207
66.836826838990049
64.392592742042908
75.815115200515152
85.311305892131642
90.882931879577811
102.160348830204384
121.104679809341846
140.647488640041445
164.873926074338442
171.012888912863957
144.009118552310582
139.059397816195144
145.156745023116230
156.129055917439132
149.419836823045813
180.653500889506660
206.459221992058986
207.857594531999666
199.340044279514302
234.456427960463941
238.566662984173718
222.545767680514018
202.891855768692722
165.191151632202406
244.549525037324202
205.134315872397707
225.666292077301080
116.832563986745498
157.523694209891318
83.208526089911203
80.702285591562230
81.429664995802568
85.934227923741233
87.228984415226194
100.527998048524395
117.660645919340396
112.931157023332446
126.133228036652270
155.827439097476031
184.075973226149472
178.037010290525160
155.107833417697208
150.182112000977156
91.493674668530133
109.823789776020249
122.767139027106111
135.072273855432428
190.972647764393400
183.216823074620038
183.488115526309457
192.940537495316988
90.239703180744840
207.044729093575711
238.965240843915922
214.235902855229796
227.530467839885887
219.780303650475162
141.342806793534265
98.039057336714137
114.536612189036305
189.822335522562042
75.430721653642451
61.023907399663315
73.067479794847898
103.643861527787791
77.597218499644271
85.140079877929765
120.087620392113109
160.360824609139399
202.625531773326799
182.017647745329640
167.582375849261183
118.309050200180536
120.018601654765376
130.957947477453729
135.961159973886140
143.794035680133504
189.148224442318394
197.782807991663844
203.154907993569452
207.868508679529668
157.369798110670246
226.618840365781409
176.101214675868732
228.095259742479584
234.900366021405887
218.978363850380447
85.897439843452787
98.860773380252340
175.192606514495111
88.990958934154150
77.943834177727325
83.168430348042477
113.785562093133564
85.780512859962158
87.004772333708658
113.285647448425422
154.812217198870087
166.522850442537447
163.239148679524334
165.035206507231152
141.627380855690461
132.271233021053320
132.689138980935695
143.881344234225793
151.067996658082791
157.453103679894355
163.489631407001724
192.046358932368832
204.654751197836873
207.403837138902077
211.281092962037860
211.707034075006362
227.209442733674848
246.803629185864821
237.065630564949174
137.133222691585473
117.139791090711611
119.450072640061208
130.139998229595847
129.317545859983454
143.008901885505537
105.125241632890706
84.147164288981728
96.437430753731121
119.207635768970306
133.707588281091915
139.823614498246314
145.350997911601837
159.583416753115472
161.932400773625432
162.856865712119145
169.530946169669875
179.061592925857099
193.299725037839437
190.054482322368415
180.040260853617667
172.614928575922022
144.367974241575382
183.191956868464757
190.157009925915958
193.999843445149963
228.851048467238286
253.207740766966197
245.155391660655084
178.907109903899482
210.495461266906204
110.131034113379641
80.801394638296941
106.926552464878966
121.078345255332295
137.852066511621246
120.874440312126467
104.523318729369791
120.044634470724844
129.787206618041239
119.845539858208511
121.363960879836910
210.505360482153350
126.828792695284505
131.843268915089624
143.563266883964303
164.890928112658116
180.454761406301003
190.817861297497302
194.089124392147312
183.641132819281694
180.778146681239832
187.223049643547938
181.774852337289275
219.407238486720615
251.799723559202960
259.858838727207058
106.012629666408614
195.564836021481767
225.639019105639790
213.772116647939271
90.711364930136639
89.563656805823030
109.898677719868701
121.654780922796760
144.551539029769089
104.622389667876661
111.337489838077175
136.830663880442671
142.266336167336306
129.770495978099689
148.417536129378277
130.758908156153041
121.760590697079380
138.427030233313729
158.360492257396430
177.033589504299812
185.805519929200045
196.126547557903393
193.084958017524428
180.878533008421670
176.629977475384578
190.271834813971168
232.668074754168970
158.076720352908069
181.447811892975068
183.840693341336362
185.626915844739301
200.372354313634276
213.658220592641527
203.628044398073143
137.776607763797188
83.861961460920014
106.884671026801840
170.876901271468796
85.617772661467185
65.343813345345268
169.426797535620295
93.551343012737462
81.335590095798608
103.001486008239425
139.028599503582058
115.025622284936219
121.971767002971632
139.569830754515806
164.267994953476915
180.388135186957044
234.906534996363206
225.908556852449209
81.237947460164548
191.092857224265089
221.934475529881297
201.257683184665382
212.118682373981983
207.438012185814955
195.422371951431046
185.518014749103344
179.675535968475458
231.581448491842025
213.333445077477364
197.902406821516934
126.564513298275557
105.426041895377651
70.331176215116727
77.428971049101690
92.882341628879601
139.080637588228825
76.960465842950512
175.652631206931233
93.043537553607194
95.145819994576158
112.333962384176587
134.962631550190991
156.275339993640301
178.465365420581975
190.603125950842895
193.492423726974835
104.646472001466009
166.360516139363256
190.378955116237023
174.045826376047529
191.480795989835030
228.598302137814528
238.171660170062466
234.497019247739672
212.357970542418030
195.697293761890279
238.344042860041782
175.080347882155053
232.494305751192826
202.801487930562871
80.803172230975633
67.474616468259711
91.484549656274325
108.678474145757875
191.517417789965435
68.830874073415885
54.191407089141990
60.049193215528987
98.904265815992119
118.022426149437962
123.321060740378840
150.166157167349098
178.564084046044400
187.935488748791613
201.742669453021790
117.657590722762123
147.758947037325157
165.583454428807926
159.027907272980485
174.498779876499611
225.018328712529012
237.640815551258925
240.421761491819041
229.885738841685878
209.151615383550848
189.127626835830824
181.136121229512469
206.835192734513413
228.521913621237104
227.485935138358428
65.083654249705049
83.388564338888443
103.023553455387997
152.681124261474565
56.091036145465907
47.843570540358286
61.434352105055737
99.550457482727438
122.602594933073959
102.945656672739972
121.013320045226905
155.551572832346920
174.018321463585437
193.824981916994261
136.835300502253659
139.832397699111823
152.808290371498487
157.772010561156293
164.282396399078578
146.686703375293575
217.197282144543209
237.433133480760659
241.202516216952176
240.298208550767413
225.682326020610617
204.022560959743288
193.468919630938075
244.038402639686751
245.440523454859317
140.578439468971936
90.336356177866193
177.734339923446072
101.680032782243799
131.168623129162341
60.099537636357525
58.324176464698638
80.423596132118547
110.619394456905354
100.313857129630890
106.728261927819744
140.139485661966063
161.796810621269969
179.218055419826328
178.990178565455892
168.103763552163286
163.684398556720254
169.639004230539030
158.693835880826668
135.103445878550616
163.878781660518001
201.705037766632131
210.096124003285922
211.511996631013403
209.172843353124733
203.960381961903721
197.348011290556542
237.659010803533903
251.391197423342106
203.629876222814488
205.923009040245717
103.507938001067274
128.264293938121057
141.071961351152282
65.901068383824949
63.678812664292096
81.872166351132506
102.044062811534076
110.448145336257937
113.667808189019766
122.001747424517532
143.690846020110371
168.059426376402456
153.641456114987193
160.759356046019093
158.247693404818818
163.789642108028090
168.800652173355331
140.030273887463068
173.253664680142350
215.186837280004625
226.564101609145268
236.694136880402993
239.952835703106757
235.748244438826561
227.178609217255826
237.160568076923909
187.325424293382667
236.110248072296798
234.444738189163047
206.473318065276430
76.155519491547537
102.036322299623578
119.079600708594413
69.878024548914766
63.074293866594502
73.155444837376237
86.720122488878914
102.057477040172969
118.180064122399415
134.278776765839240
156.119886651402908
140.486601280201967
160.628772835248924
168.790312124489134
169.066977854043813
176.858833954759206
138.834074295702862
132.062999426474931
182.715580786324097
201.301813075060494
216.342382392357990
222.808436214302276
227.828570678295705
225.215174320517178
214.541996868637284
198.129993617999531
236.046640241815169
253.479658567465719
237.562476930191877
210.352336929883677
83.899086012953745
105.845492023289722
110.744488492142551
67.173164850381312
63.686497406691103
71.774491703532760
83.467073188731376
100.119966222794062
121.130619226267484
142.153553132820520
118.989806810701211
137.223356727249438
161.290927470256406
175.076446801769180
184.761942495024527
143.847390927103220
135.708939693263545
134.716404382737181
180.183231868793058
200.639440326813798
213.380535101221483
224.313896926764357
224.141065413501707
216.182992861174398
210.511595265563187
219.956663362497295
254.186907995320553
253.300218727279685
231.836535167950899
176.011947266200792
72.493996442911865
96.709008850048221
104.268530252236687
70.579081860873373
70.470800317710157
75.730810263745667
89.747105131538547
105.728092272478790
87.378099517822392
117.415026086998992
115.839524923022481
148.279468407080856
172.760665932752374
203.885369987535995
173.889702641644874
140.924544673705640
134.825229724733447
138.728663695869329
170.101370487334520
200.253472950730355
212.414008541668522
218.893266069426375
217.858335927163836
209.935039411133744
218.141806784551761
251.907747420657870
250.978966318496134
236.337736584369935
237.721022769337765
234.408574492920707
65.469202069679284
206.502996049416538
98.545419402376211
74.890484994318868
71.652716518704935
81.894578477802071
114.288194010481860
68.522161646055167
113.168540133074799
92.863768333540534
89.260046890667610
140.345088419315999
179.768525656226529
172.595323627854810
142.617810694085165
138.670427943991456
144.603397843884409
158.120064981942846
169.742014287011102
196.445015670080977
199.106838376119839
201.142016149271910
196.770802206905557
229.121003391743898
253.344847026831900
158.222756311663090
214.822249149546906
259.625428052894449
201.507697452487463
208.628216686534131
116.377550888791404
101.887690857832794
114.969853045349851
85.459963953192371
118.561212775842677
106.266707936300861
78.956886269837881
73.678944720305722
81.255129587921331
83.746814188583016
110.222190262515113
158.427947231397951
186.504091558101095
165.216392334009413
138.309038106192816
139.539835504287680
126.870020490927786
196.012286482298919
205.036696637164823
203.377083276842114
203.569275275441669
203.585395305267298
196.722864206931092
196.379038691566308
227.011859980195965
227.254887365335492
212.934311949351638
255.975422793370399
248.012908690834394
193.796845558291665
111.321468902063160
105.493193636578724
89.166428272707222
146.965309540878366
82.574249387141833
71.558930923579609
105.163862686466274
93.851923449311315
78.643818806170799
88.797959990131517
123.326524912170868
159.552113755519656
166.933684821945263
144.430615703704802
148.205135202874715
146.392609327170447
185.198630280708727
80.280200898148237
174.718372904497528
200.353839964457563
182.925878902608929
189.157478405150613
192.351611914353128
244.527861270242028
242.468995116927175
225.429429942745713
252.567441408929795
262.169362324810322
228.606917011866841
210.313655422979707
81.147536972520143
107.077771379296820
73.316741612728848
79.181041739663996
166.070880504262988
97.347214744151259
80.550942749184486
79.022468848751174
84.795354267571568
112.826499156854098
144.769493627058239
159.870546206474529
167.907317778232084
143.403280667829193
166.352846415264423
176.494690412397745
134.664442446511799
182.135230051231531
191.869548144739070
147.108256985643209
166.447225662102511
189.073992677721321
197.674625663956874
233.082389308219007
171.892111142279333
224.277139920418563
253.515013429211137
251.383479451806039
228.321178754700441
205.459185458856041
71.033444073904136
63.455158071929077
87.596346905535981
154.921562577728992
102.737456680210329
72.362022573008545
70.955013591488935
80.300518983929408
98.242751229678717
125.854874377311134
142.835400068709873
138.674229954663247
112.101577208769783
163.010745248828954
160.354271492739372
137.016176328479389
165.507307711042074
178.240833034569363
184.554724625924791
183.745116365727284
171.668119085058493
222.317419332879979
223.862472641262855
194.800963463926564
193.444518472558713
194.901562739323765
249.166672737703550
250.912681884347734
230.073809235968156
177.056468804717070
77.773175198086037
90.374447315126247
210.439747549663508
153.428307566602086
82.268484389011476
63.341908479256560
68.888154619536849
85.566617398660384
106.894216290102946
130.095772351081678
158.529049730030522
114.653566088468494
154.359986859002447
144.194428738552801
157.110206023256325
161.874077439131582
168.420128350070087
188.021392798532986
190.644138816343258
176.879104012983021
164.373729178300493
212.929127742225603
230.378475943343318
226.502901118514444
214.373013723304894
198.754654755082157
192.268693290394509
229.066171102633547
208.097644218618768
194.288273533705848
89.769793365447242
124.536966846633277
104.054835150021390
108.884458329304010
165.414727808727093
107.355015549218180
104.274241893431395
98.718302962336580
131.636434265010735
131.337111035468808
131.813241939871830
142.987002342013682
132.008600061619347
165.422411902775934
165.388637576402317
165.777169529344008
168.254146321988003
162.375538716250873
159.648000650589125
162.142223153190884
155.170142296121469
212.653703043907456
221.503330758068046
213.799977084236161
206.244237480585412
197.591653522269411
192.025636344797192
153.857869510136396
213.920682898351828
223.348035602933351
95.152245671532640
79.828764620296610
101.737706097913815
116.889557074270400
115.791465094114301
76.170280400980246
76.427126535347668
83.713507925442883
104.843311784876505
114.249423676200195
129.663934829397590
139.430994402387967
163.576673087645503
172.225088580742153
173.360429415297887
179.640124004814254
161.355520325678469
158.979723491852212
164.041467997703052
160.586830078923441
157.898594807485125
206.886970795082277
213.539009133861299
207.547823827476577
201.438683029600440
195.740265636248239
189.111140831475211
236.629246211479511
241.908874453884664
219.252907378582393
93.713440541684449
83.964620707864924
104.079271247656521
114.809987634503273
104.319779305846524
77.088337879672906
78.618859112779560
98.454211640870653
108.569379855837994
115.532574316116779
124.076092396861270
136.266672532940163
158.481787062430129
170.768925954583494
178.149998615484037
159.154397237460927
159.205629725154267
163.699889185026251
168.804595783626809
143.465507331989357
193.563722504655459
203.335021350831340
205.777969452704014
200.916302683767753
195.422305234031882
191.064724573322422
229.445338443145999
253.174566436392183
234.196023984485066
154.889343763657479
141.373525024884430
177.030177477184623
98.088678269701632
107.380193204792874
123.702920157761838
155.678008648875533
126.686296976500898
124.020336709113849
207.608363102927171
193.874128963464898
163.405453098788996
142.363931207328591
141.646217130573234
144.468852805167188
149.395734927953129
160.303293794877902
168.687907757729221
164.789315454975281
173.308915942104733
175.743274997618386
172.977012167146057
185.453353452897602
191.590776003249061
145.253265083723875
177.235959574228048
126.870273292099142
169.523923026748690
181.706710271417762
182.770021810899948
187.842545430584948
185.989875593335086
171.194938917775318
148.783778740875050
96.194931395263140
84.640040241512750
88.093243011329847
210.518110107212635
164.840349591990559
156.192915150071912
128.894874106765059
118.179888982888002
146.900817440758829
170.220779052894898
181.793684623224834
176.007607176633655
162.103353047561399
151.346210440223047
208.724458715108284
162.232352223114333
203.481399133907246
206.766173664593566
148.971637157145210
184.731824117915579
195.369548991568990
187.865484547208098
206.816044118527600
205.743984055376188
217.349727596575349
229.162951242107198
206.988389151490793
171.532930474176766
80.854087034348083
60.624451300251422
69.767687158544007
84.428203457040297
138.759070990360556
105.997872206409269
116.501727743504091
110.707392090849311
95.788269902051212
111.758738117335014
140.802491171899391
170.988822624811974
181.274320254683033
169.193463838792809
111.702227840824094
98.568046458604201
181.596322554136776
200.377126933703977
192.307236824683969
220.237922865612575
230.660402752226446
214.643560304454184
89.641133846069735
197.427490562763893
220.228859646416851
203.775991967171763
216.309912736446790
204.745671967017813
152.484532846709328
76.234842031762994
57.552347112109047
72.703332550446433
134.312582030016898
84.020402182812944
90.611105909795356
107.467002853646335
108.012894473911345
103.163523874990645
123.902788561168464
147.426200843434231
169.993463559672165
182.009933892073434
180.262532198105504
178.992077792195346
113.070761896418972
167.356295459484102
184.151892044682057
184.828487107349417
215.331960000659478
218.189579496564704
215.335015675117575
204.668049544164433
243.040259227949576
117.470380028768972
238.377115830934940
239.370690436415344
219.521860491879295
227.929998637090165
231.437881475224657
60.010521121081752
70.440888133452816
139.838092676239370
80.717403290138989
80.844385138608217
87.337077868273795
90.911718355889562
95.469609736657773
110.728115660178787
136.990930207321782
164.136653633192338
123.219620280218876
216.533089401697396
190.284490214323228
129.443286310739325
146.648057715483219
159.836098422330224
127.792452026309462
144.161306857402280
152.005842793627721
155.069183441907654
213.020185252205437
193.094336041812994
107.782506457003478
141.865603392337675
165.082803799774723
194.532703364247283
249.877917200282070
251.106687971085762
188.638706290291623
98.812865712614567
172.883922376359379
104.028472662626584
205.675896205601362
75.171794635912875
68.999515033109105
77.992192523084910
102.552935075344180
122.058440995826004
100.574697445375648
119.189941482943027
146.836878625064259
163.670618800343448
166.759490742079919
152.492566541378892
151.643445935952940
62.932290369516721
116.905349333456826
140.979943298457528
154.353447284804616
181.381848765746383
146.460522579421280
216.429108978771637
215.475350936387741
155.946860024454537
190.132286344603472
194.075510188437363
192.847088245927125
209.773064648743485
234.310739177523999
57.094133234864373
69.725803144689124
96.238090537062604
199.926156209074378
71.837894716480747
62.581617098002198
82.683600410755190
88.207222959137226
75.248000798809471
93.843859529747746
121.471646337945515
137.434932638980200
194.562483647166346
177.821067337394283
170.734476752703813
83.884359716742722
104.362040912358069
120.782828217593718
141.982027319693088
151.288900763774905
172.949410482370212
183.170965785634252
195.293100147966527
192.177326610824309
225.927018001676998
225.139807412127482
219.839919397705330
221.705608584455177
239.746531594173121
230.173005884423418
52.073868687133540
84.509422944872483
111.090893488162052
117.759584823917919
112.755140560089046
170.755419594971841
84.304509116451015
70.513990392785189
87.128276348478863
108.404909004706639
122.944262974727991
175.020227962794621
164.088908139386092
167.342058257849658
166.460597613115851
174.867918563022243
179.676402926725473
183.677352138118351
191.088698934255035
195.842350816499220
194.463756537807996
123.559282424216931
209.065937062813788
215.036600154609573
210.310029807923115
206.252494790701974
209.623255546094356
237.291759571499512
232.560490008400734
160.915889598510262
90.447097520478138
82.932401951428105
98.451528023470416
110.923178071287964
114.586463595017420
84.180605680831249
70.755873069145935
80.613770764644443
101.240408381241650
110.609100234638589
155.719542857470742
144.880136140695953
154.369881740774929
157.729189240319926
147.399609373572645
170.059180353557196
184.502803754002883
196.425896530128739
203.436946001237516
201.231883010022500
191.368880861880655
139.758155042353678
193.000096222650711
197.975939299994167
199.938836841461296
218.625761849049354
237.068413966274505
236.363096652342563
231.538095165463659
228.536077618673687
115.258162325665964
75.233794145433379
97.759780028354925
116.028467282802239
88.580555761732455
72.646767341102802
78.321850788964298
92.627429489609895
106.239820222593210
137.665885453806141
121.024148814763265
144.786916205264902
168.779742103811600
128.973730446194054
155.882065285928405
171.569040917705564
183.846921553729885
194.254054436154689
199.749378066121466
195.871983520657949
187.113502472210740
161.038339074017841
183.356560649764987
187.066045505675163
237.256009269074355
246.252622778919431
238.260116499666111
254.192155171427345
248.100826507897551
227.397539617041360
94.778471458485001
77.844968531268890
105.288189024390519
118.581667158973843
91.425126689712499
75.490745482357710
80.061621971109886
149.927277138833375
79.514270426147959
96.475511441617527
153.362548947191641
133.890758254287618
117.184186186941162
138.091562677333400
158.449434408930955
168.110713189589745
181.486898947131948
186.570060516226647
193.714703663628228
189.644680092552989
187.557882032743862
188.841277427359216
222.519719134269963
247.496738287036976
248.198587485687369
100.179881017935728
202.020554407528437
263.411826550247156
247.092277062746916
223.732247733427187
107.166059219770602
94.581129183043871
111.000256600511833
121.541527638093868
200.042432070544407
131.771856556491315
77.175932685222506
70.960657201886335
112.383562158595311
106.880242705357716
117.198091368913808
119.953578020000990
126.931140216097930
145.077599242440442
158.941262800163031
167.992113746215210
175.857226139154761
182.682709038686454
247.409515624084264
180.961748763628890
172.420557941449971
226.867785141593174
173.334391704423410
195.595263008926565
196.552978571969845
191.968148035754382
188.625459515806682
233.290644234351191
228.105797392493344
214.972451880338724
130.235149469579341
82.612282424954884
125.985009373519006
76.094399530572517
68.512328898484554
196.013926741747412
91.404333209978574
84.485569474945734
89.840913428575263
135.585915513313296
100.206303782606938
114.103482072308168
134.227494740244595
156.827842747374660
165.779987432923093
209.360316893502045
186.742180419366775
105.645660836432697
181.321998375046036
208.047704256549395
212.269683831315831
215.224744594275251
224.933869486818054
219.689808752341150
208.165625797838572
193.870957263125774
239.891711603077113
237.220981067086171
200.680250656584775
225.298076993111238
97.982132705892042
85.224664239320433
77.974452509749398
90.532701905144165
135.745841977117436
91.122359240013097
176.319677318825399
97.245849228834913
77.308175462966702
88.972021222348175
116.347387418246484
144.156657565975792
170.267971214137305
182.866675930990993
159.569886320016110
150.908494032385192
129.987104946795625
169.759553233945411
185.659833215782186
190.053502823597711
222.792807253200834
238.569300021515403
237.314788161713636
225.243498768361974
206.535989658693836
191.104859640130201
196.930575707321964
238.574239475440038
235.440720108464774
172.325471329272318
78.492062475907701
77.543544574357696
98.963697076316876
178.556002146230497
74.879909075854528
62.782236425363621
66.028861236074476
88.476214162949930
116.324892585201212
127.104423606019225
140.631386895548189
168.809582561287954
185.741075974990736
162.126521964662970
155.158346716009419
136.661498980352121
154.836241846112472
169.388103372658520
153.776161104682586
208.975182506712770
227.712730854722366
241.206625276046111
237.762375083009204
230.427229166657526
207.288037305201556
190.231857180557398
211.082029609955498
238.399048406528095
219.742476359631752
140.657427667991300
102.853121524885168
95.743966065603743
144.264122461057923
67.620326876481073
57.034986685102695
63.342339616964537
81.815221099451463
108.677448788461177
117.977093618303627
122.224334441313118
147.229433636451461
170.771080080102507
150.559910685431447
146.962727237327329
164.381004790462811
157.634802150932614
161.387394672309227
130.574111679509826
150.879764489704201
207.587275655750005
224.371187971408489
236.615494401428293
238.434419540405742
225.680716277147440
207.195930966909089
173.902876624961920
205.611239431211459
174.744443931325463
221.969170542634913
168.141959275931868
95.966149726642925
186.922893464971622
134.569245334204766
71.003351720890393
60.912227707634486
70.514158506472498
92.475003803923684
104.158024028998767
112.205876726277467
125.975224969870084
152.299845613959576
165.710384101493730
152.559268510494462
177.352983237046033
159.919829729846583
158.618583750618825
170.126634284330919
143.189598445492351
161.310224920612455
207.561506317685257
215.010185431688569
217.669829553196735
210.605151754084432
204.394537273402022
199.956045024967239
239.777898438321245
217.577121788277708
199.399157800831119
206.587143985911183
206.960485095268069
90.605785950811594
145.322195990790931
70.950355408344336
65.428086150788388
73.444819217487293
88.191195500929439
100.505360878156324
110.516799175853066
120.477334942682148
135.408931149248446
147.701686783663916
160.070462420382086
174.023445559841235
169.010493666514861
165.484678704124377
186.479187235396410
145.182910322986231
161.538688861120676
194.657416968261771
205.718794688322760
211.896403228185704
211.296326476542049
209.222615633013135
209.732400750304009
255.115801094163544
214.181595520837078
236.396011500368843
237.809919291455941
233.713014619848309
213.143562524738286
97.208079955424381
107.295826412749875
84.259944420571472
50.788872550609668
48.976148462482968
61.643967449678783
76.032305201251134
95.883577328146529
114.595838916315742
134.441279181946982
110.896705093436211
148.861827832984716
159.462441410426663
167.944815005932924
197.391396528217570
150.779182661588436
133.756728468494174
162.042334592281748
189.260859701920879
196.616163825780689
199.975349270506968
194.499678305938261
193.487727729381220
199.063270482783850
239.364168292059816
219.202047034132420
232.931226468736696
247.956168868392268
235.372637186858526
139.134314988864048
172.636780501032206
110.115771146285709
59.717573125480499
60.759028728749186
68.425626935259331
80.756375560794098
95.157960463701329
109.862459981665154
102.895225961552669
92.930404469317907
134.034170029202954
145.130612612526647
165.637608209682242
123.130999260460072
135.757148923122060
144.521307185084595
127.237683400252578
189.763716850315660
211.689793074427030
218.389764243743173
218.899979907351252
215.119629793088080
210.499420370737312
203.536284125262284
210.551478334384626
232.124944954545413
246.090958602464980
237.982666827703326
227.681527369597518
236.498975070777874
130.878845461609899
88.318563407082152
60.334203669787215
60.941320760361421
72.351508384404553
87.664963567369625
102.512058687636838
81.166891861555825
81.240540125454260
119.327451347633627
125.640507406760122
156.835511708337492
127.716837059037616
127.810674562720592
163.865337774488978
133.013962646743892
128.055817248747218
131.689745980232374
177.591497436120079
198.811197551876035
210.092054327383835
203.029282075973811
201.925848793228340
203.940270736339642
241.941296528729026
246.154723705699354
230.103737090413119
255.311547425573309
250.142578299956057
226.116290418554655
114.503104276690905
89.411014162193908
74.300896864703958
77.866308925934135
171.358120128456278
89.183282943959895
70.487511428829890
129.531903771479790
83.287393208212663
108.263676063769495
121.938570093426506
123.044393862400625
127.423245394312005
137.470414062804736
162.713448403294251
146.104255395789778
146.972103811113215
152.722943191118958
183.682541701166514
204.622303344713288
114.566926743251670
181.134050397477552
229.048055053788403
241.631301539143521
155.181062877641892
233.709326248262812
262.959083380357811
261.305461342788249
237.416740788033280
212.678741211000101
110.208601059225515
117.994486733482475
96.249460496095807
79.179056599835221
144.417438332549381
79.302830384359993
69.888310171174936
76.278965611658009
94.309982851227829
103.187232036344824
112.177966742446927
116.005574044984371
126.709734091603522
139.164492444540571
159.582114633188922
175.974543930041193
139.657072533101513
188.600586479942933
207.556608462354461
152.195590046759520
210.957006066218639
147.100060631554385
146.628600529668489
201.583601712447859
199.918850051697206
181.583885235117037
261.949006028763506
260.288188360842241
238.077245010043157
212.897397094032385
90.901047859830314
110.649313893030708
105.619464840682156
70.594790392785711
70.653056229426170
80.473940151080171
73.394419139423917
78.703002854480943
98.310808531111064
105.497696780821883
113.668315398296798
123.669486778647027
133.661025238590724
121.574791283043638
144.277262929343095
173.189480898223053
188.694188344465374
134.549043832917988
193.668843923128946
201.935337809184489
196.702153890915042
183.776300243748125
200.963776578108025
219.827230938176569
219.130972357677393
208.772342150052395
202.242179958754093
258.974982828205782
237.909841945259018
213.614105739244167
104.767355504961117
59.522240834719355
73.408536384354420
93.855542981966423
229.822312856110187
83.835397378962938
71.887936755048713
79.306759505688987
94.008511686406791
105.341366190023408
116.449556746226065
127.565981749555277
114.065964088388924
156.645739076609999
163.911148211674259
124.889060594999876
158.255160772366338
176.459706228344714
179.936191041591400
208.233244387446234
148.295554943305092
226.984089952659929
243.997474779689838
239.295663274249534
221.966325929033587
202.680809341938215
188.708896806576718
252.756049697753269
237.239366157468908
214.613917755282642
69.120417684230603
75.483604821507285
95.662295845192943
147.872246570212809
107.608123145143793
85.899446850296442
77.489982447997491
80.456848715011745
92.911525765257267
106.486094604609377
119.642734770497185
124.630092985663396
139.722067843255275
171.220544861757531
142.273176808880578
149.415092821805814
159.492660331899941
168.499412871408964
190.897591702688146
179.119011336412825
157.678706463193038
221.019454219283773
231.787130867044880
226.252306825520463
211.587807235981870
198.423284520839815
189.064946662521066
251.196531962842755
234.749508225984499
178.621348673148304
82.387440403119228
92.528291102318491
126.144708934811788
102.524003847404458
93.339191674971886
67.283260760397383
67.136497662589335
81.293211250541233
96.873768900341076
103.161630049544698
108.107420170836136
124.389931193306040
163.755514316997278
161.679756267226395
156.420848391332669
155.588994348628859
163.962223248672871
183.873454609041630
173.302321697046608
172.491307177452342
175.612352474733143
199.369378994240549
230.946742190972373
231.678522094086475
221.126783188768002
207.784581820973017
198.788388171162126
173.180995383867980
205.020207976815072
229.282817418503555
96.161571988669237
105.635354219908095
93.657641363666826
104.783797791693459
148.959599767339938
83.528632525875025
76.447269649101429
87.199364516338775
107.051233803412856
116.645319714033306
127.636744129175412
163.950012035328939
158.197605772495706
174.905920757209458
164.585476930340718
160.714135321955979
170.034777287268810
165.219459421331578
167.436318605436071
169.364053061960647
163.951748685793547
217.014596342360392
223.963304351208166
217.586107295299314
211.424702613515564
203.474628131876727
196.338589532799062
226.691765747303066
234.446131217589880
222.981753549771099
88.880275392563419
79.334148225562231
101.604860745396678
119.219421046940795
74.068440906834780
65.504135959878354
78.629600861773284
98.937120999770002
112.094936757914411
120.761650687904478
128.759575085425723
136.629044683878135
174.806619971182130
168.263930774394993
164.428921659820617
173.631176639272809
159.646268686119186
158.402402418783055
160.415215575383229
151.909129508297212
202.684377914491364
215.535213478730441
218.194941694898461
214.821616242845550
210.243872073592854
204.793626742900415
231.748312182835946
249.320502105403335
235.874870039451963
214.416378711124054
77.505526553895734
88.732358956727623
113.145494852827369
92.414957438272367
69.220338095460434
67.657492614492853
78.891053781861402
98.305593506087888
113.399788083734791
104.637378411130314
122.749294737308631
149.670372443524400
158.581574195104793
166.752562866306732
173.526283433750962
154.077974366237157
154.787613677959143
155.626883485029310
160.286161859111957
167.292174690750642
202.184818063373314
213.337747672023227
213.137772393892249
209.287375669432635
202.719717266959151
207.088862229530775
248.048999243926147
247.636558927287865
227.457934978847902
155.793346647851251
175.035636665161206
155.049554191200599
101.771200382507786
108.619092237552621
158.077451352593528
123.436330364582219
116.192317765781155
125.434227353445365
221.583053997792888
176.623521713397082
136.811306945272975
130.980713698377002
137.317971542235910
142.232129864398644
146.173863331871388
157.537847990914400
179.825829047731929
181.069272394377379
171.574025395151608
160.488041932736593
178.923516418566663
186.259474095933825
121.403062218849541
161.010226218982581
179.738582321227767
179.797916787098586
177.423882690707870
175.312562144172858
176.440369702658359
176.289950943746959
153.361235808228543
119.107904816115649
101.048532413016233
82.219039911875385
83.937760796664335
94.570530969625324
237.334941966225870
171.619217846344583
135.555975214129347
111.222688875925598
115.866490410896688
143.801637328785546
171.613914196814477
184.485973357788993
182.041691947898784
170.886316734374191
191.027246508193002
130.085212214051211
181.792684275505366
194.933397520111583
192.794177185024694
169.668643477138318
198.225940304145581
132.151549357363336
131.527128093541876
212.561056959672072
227.563474360267264
219.935869849083389
206.022520566728844
187.074151584991341
157.098233050297409
85.571863883742765
71.604164050538571
80.771796613537475
152.221360027098115
106.448251283647039
107.161450130471366
114.107280638149007
112.315845539546530
113.888522411576190
133.864305730475849
161.308501290451261
184.744900603709596
192.072744400077170
184.665599117683144
136.688484366612755
121.356457366989616
173.704909722865580
192.318215730427823
182.162798742696737
215.785978832279284
217.444636252179123
77.248678502006641
185.408183415796628
197.098987886183323
199.293843903897454
199.720078633708056
198.867149355364745
191.432317703390993
148.828751170843816
78.694119164530107
66.797866770539969
81.286341225280637
154.373263157599041
98.862530508423148
98.756473491113582
104.167935011319187
104.366369538429879
111.513157499689981
127.838154217185661
153.677324008842845
176.921753316951396
193.039292307130722
147.357446581095843
187.906636334709759
119.935648094955113
151.926523851894302
172.349147078365661
122.896467028156138
142.255584378422128
154.495745363325824
161.094306493618319
165.960529897672870
172.095041930783538
182.944581535982877
188.347806067124083
190.814427704735863
191.392439969874033
220.839687385795287
199.026641641751581
92.891629245639550
83.690037457344360
180.233587122857728
106.877999689074969
104.341420619233816
103.151642813998365
100.529230825461156
109.918956127244769
125.977257674016187
93.066927272091093
104.158828197846390
118.483634439835996
131.082892388944430
138.430710712889265
152.203489941054670
145.324638186676481
152.280385872848484
49.755027906231234
109.588023230229780
147.903384146289795
158.799438677151585
164.547353023404128
172.389176694588713
182.551221014172711
187.252973468974432
189.633596841519079
191.081255612322309
237.483048494558119
189.072606058537644
215.247184248789608
95.716410282833706
164.738402655967633
176.945497019813331
106.990814964754804
93.702049887291651
198.735641921368654
111.739355753498870
92.347214888486775
84.673153133842646
94.135067700834725
109.841922316715213
125.562005347392457
126.790153647176354
185.148978383676337
152.381099479075800
146.504495522073000
56.697113911851318
99.771396520936378
138.794855713398107
158.603618605424714
175.091808623055812
185.979903675908133
193.118135782789864
194.970979333771680
116.298257853740040
240.574784808837421
249.758991893587080
239.808162371283260
217.242323116138778
238.926159623174215
69.561188449183120
61.636593960880930
84.625484474838629
100.358465232886374
102.756199918120188
190.034540480223995
83.203045737757677
75.399302905441260
84.391837422602407
103.261887987983386
114.900836054901589
122.046038493385169
204.475060360971838
168.261561998809867
155.884425179782141
152.443100061640507
172.187021917836660
181.078300210824409
187.453096425951372
190.862200116859725
194.063922295364989
193.437877724304201
130.917228458755005
235.729094761192897
242.549860854768212
234.690109641011617
222.155037763143582
222.345028982538309
240.438958977456025
232.899152546372989
65.397344516634888
74.903547962812709
93.791725048100716
103.983011148877210
106.086116271190889
105.764170630067440
76.285308462479932
78.864681789729119
90.779236499874770
100.939694284006421
110.282148710446634
190.670120836675949
154.625643168626567
151.562005601976381
139.331260729772652
174.087413516705681
191.025342837687049
202.870740565374803
208.655489135652118
209.861570659630900
199.023599112197303
113.970877054910616
203.175466448156357
212.134055283503670
207.791610829752699
205.664482690767954
216.621756364370327
242.639380390817621
236.606761235407021
186.792675602458161
115.324774928912262
80.964000677451622
96.106399602115545
109.216677831071905
114.497042742614866
86.190233980198130
73.738310693609861
76.474543224675017
93.677073694622052
104.390662327886915
166.438778582352427
136.865654892341524
144.383583658721818
124.586612786239726
154.529138262054943
174.917147605250676
185.192990524892082
198.308961387491109
201.211930164124510
200.272815442108538
186.178458904323435
137.098268512264383
190.613951072170920
196.877600183145887
213.333397391411950
239.920603105138696
243.813369121759877
232.232912931147212
233.307172875627430
239.754313081674752
107.942892200161708
74.172224666039966
96.114621131915399
112.516857999513931
168.493606663208283
76.552349177573120
73.152766792188515
74.948227178804700
162.677502750598336
99.849198175394889
120.535435193718087
147.076947427944845
135.144237793768298
139.620333109511847
161.079828362664671
173.994632458585585
182.215629785175906
191.968517550341744
195.816934656317727
192.565804446565551
172.397604091561163
183.354905006509938
179.474862234101323
222.662634281277974
243.418733178562576
239.912094489223875
106.689485797760867
223.191833649461415
244.971164450459241
237.063880882441254
99.800471284282096
97.761429688652555
115.701374081145559
122.287755776293793
163.890244878917230
127.721822701351840
142.639233104768522
77.573923203424783
74.567985006035599
103.974989505274337
113.615258365057855
124.618429764307407
131.723378148598357
150.087798836653747
161.710580729600082
168.347834270283528
172.369211089141345
180.644756533004028
178.469337072632072
229.999939783950651
172.373629000928361
195.472165025366763
235.542648416201530
241.932025781973636
134.824053288929008
197.201396597938441
208.782140756041400
203.436274138370720
231.069882926969029
225.657148725067259
119.457762504794545
89.951640933466678
108.522859459409631
145.996618661620033
124.242919410928096
80.536585455341339
71.763668916653373
83.054146859221902
91.152527986603275
105.937788046139445
110.455171289911007
117.969272417123150
142.039695371609866
156.841716089786161
162.336660932126705
163.968605082969958
217.683112445514212
198.622212581356536
123.265038162628869
190.358177232577930
215.694875371638091
220.951336908545443
197.334926888366226
206.393099478159741
202.258245989313679
198.956579990065592
224.101508750283983
235.203248083674850
226.968127207649246
194.484838392032486
144.493558338900982
114.000545245621367
113.617333223384549
83.641798622561339
79.065174617233382
193.870672452702593
116.988789472887788
86.119476223299856
92.451324355897228
120.718982677369553
105.080631526018337
129.381419794745710
155.715007677333887
167.805347315141915
168.986395323994628
167.896680150326659
125.705639337264046
163.340529089196508
185.794778209310607
195.191226521047724
220.475205906578282
237.801299780437517
239.829419515275731
228.409239941904389
211.030356071643951
192.110188443087139
221.874555593698858
215.670469890520110
215.124158038426629
176.202080013151914
120.133055258084767
78.939601082321190
87.286817653427718
99.412081994379264
119.766516289460526
163.293495507173986
81.548374247785404
72.521155334204622
81.891468770665085
104.260591326068607
127.340651461913325
149.897895721425755
167.699734081687438
169.140977267709729
173.708871906066975
132.417614644942915
148.112087739358060
163.352952599663809
174.417054118341554
190.837595166184826
220.867956929741467
240.090457715767229
242.791082869713705
238.050251082285115
214.740672944166931
172.205318867343408
147.275014311555992
217.458064341256375
219.502481974300508
223.951555536989133
82.372746849340061
84.188143830223439
99.336903621052485
149.417048314994247
81.244267901751314
62.932806326915909
70.660397078812153
90.447922330752135
111.890172754795003
125.034095973761922
144.917942806731787
159.672789231690700
168.653445715816360
169.725700988244114
147.718404256387430
143.551280313206632
151.826356390151687
163.830491067076451
206.063660793589833
201.384701126398284
224.254783050831833
231.970607700738555
227.331328466768781
211.786193334810946
155.079079023665543
206.989832503407001
211.572624865850173
195.530855906891759
231.014895259258481
146.499366136474009
103.615824028607094
93.477975349071187
139.499489420919218
76.764251229791654
66.177892243017496
73.362864281594426
87.984529387191657
104.859436540654912
118.996217824270602
134.572978853811009
150.935597683598075
160.160954784609089
159.505559944091118
172.454296224194337
153.303721269921141
150.906223181138614
146.480258012241848
202.246416724247609
212.138171825169707
213.396831862926206
221.388846660314158
216.357800828892266
204.550049091963729
189.828087231082179
146.200466744541501
214.181922753046592
225.450978417057399
224.712427239900506
195.635349767549570
208.237723473220001
102.945027475060073
150.382346373496091
82.890112278734051
73.753878484206737
77.654804143583988
90.766340743522761
102.113180646354181
113.836748009417875
127.832610853534149
141.694512785377441
154.694491418074136
156.123767534752432
173.069576419471503
157.998212070505133
154.078440761830251
156.423098511878862
142.656588421630431
202.963354160352367
201.940858492925145
197.960307408614653
230.513544645324032
213.253030920495291
196.733144333108896
184.059338777612595
135.750514799537825
231.922774648611806
213.468656249009740
228.728742496696270
231.741201634080966
213.210992116985324
162.039077043116436
81.325876604562069
74.159660726292529
80.450916634825546
91.528356801432835
101.990048801059643
110.988052173431470
120.713961524906040
133.540225374465905
144.766420387430031
158.382023248507863
156.579678798592056
160.012079867979651
164.522945808114400
167.268440247722197
122.045711689938798
194.084603271276194
179.452201139094058
177.462267256653860
173.520555726562804
227.341928094331479
214.119881038777521
194.734450773231345
244.640637763297292
227.431036326349499
209.995007700304257
226.006148851253840
245.526544467628469
233.735034023402307
212.960954737022689
140.315590436803376
56.301802886433933
53.559071196910381
64.695077091145535
81.664177405787754
94.519000876589800
104.329968448588033
117.563031597412333
104.813073820692665
106.496348353096806
143.885617929486727
143.356046937736721
160.773868239261958
170.078783273237519
142.045161394293729
141.517484403565334
199.124016129309155
176.663943609756700
164.747030664449966
158.890787365924723
208.253575179631355
194.828582047933367
97.451683525184450
242.304443066751219
219.916995200006426
208.808306720072324
242.995042515494504
244.161916651142036
229.762389654280639
148.971611804248255
105.997071387702050
62.238990327294900
70.695236606387311
87.438028333535058
98.860709558871122
104.883213574747970
113.359717074188438
85.491809382360060
86.538189634578643
141.122251493668330
124.325959235659184
148.119221393031154
166.655402714829734
134.767555486215059
140.522165201058840
119.886817607682886
121.294256094717142
127.571693759606504
140.182849000533196
153.376640225983664
184.460250294767178
179.705329031882570
191.560334899574173
74.685822829561545
207.165734354461563
240.895505927545969
240.007664859827941
220.401885626475348
250.136748053805320
239.820239453545696
116.237378186647945
78.412362003714094
93.328319827670811
106.319467442597855
111.330015084388947
159.121835538441758
82.104198661438019
73.224451963520821
121.442823240192880
100.871161438158410
127.106776857178488
127.811117874669620
127.889224626851700
135.641305247292422
142.349736569389023
123.425809279623849
139.624340530361650
152.106959469773926
162.291623457949612
167.360525078268580
192.001061820767859
150.061746899556567
170.808600468077401
219.148315634998596
238.508857060959599
234.605783758287771
249.313516910820624
263.107766848229403
250.624627628863919
224.931612078205603
172.957051255664538
111.929099249354380
105.070199857197096
108.119644242401407
85.422431825240949
150.387823016552886
81.807335804161042
72.665137907997604
85.719817068354303
100.281179132934923
109.870552873810297
120.833162992661869
128.381844738667070
134.212681271456830
120.925095330821392
150.095707266091040
171.344844464858738
168.448631822469935
189.147998594600892
185.553863073247015
152.755582323291407
210.255873246797535
223.698100723774985
167.770113414150387
157.346344465803782
256.533283562045426
260.254275228139818
245.661402020510451
225.666592032439411
209.377172070904578
104.443169216660579
101.654293767549660
114.969872030568268
126.699868001341358
81.053948883323613
75.343849839826916
82.476653038838890
81.504648846889182
89.014456650056701
102.624138673552039
107.470078953114438
120.604204109036360
130.203426275330912
149.720962815730417
163.224543647223044
166.562265532191276
182.470487862181130
190.617717504000268
147.018938144129493
195.962240513781722
204.173956769211372
157.680654505896570
172.876726556734411
216.394003820367402
219.894079997910069
210.390517526694737
205.875506949756300
203.234491409246601
236.468028853122405
218.774703225730519
104.305080602082739
108.308473810634524
73.367749103836928
77.322755148942221
87.817572168120122
237.245133963276572
86.658514743259261
79.313621801564125
85.841703738879048
103.645257519256859
110.132251383549786
119.836006370367272
118.638338650912814
140.897098683155917
165.402924844139562
173.553087639541104
133.962375578906347
167.838806462540589
183.346041855731954
183.117228301135782
190.749717676711725
186.512065121627018
180.322425136544126
234.130807255786749
239.313583554578429
226.331716002183327
208.859401805703811
196.704179525797770
236.902596716368180
219.052005847251621
91.869612287956386
69.839308273507257
84.716592667811852
152.548579883379091
110.731240181707932
90.191750743589338
69.519384966364427
76.919729687495291
89.522727937283051
101.642359119495211
114.245996938568197
116.983260481171044
125.940482749552970
162.664003742257393
161.387448074940750
150.812401618129684
162.820874533449484
174.197275793676738
205.190319489344461
190.376314468131085
188.996489622635551
157.845547209238362
222.947693134042964
234.574200016686234
228.111204741757575
216.696594218366528
203.009356817777388
196.216135157282622
194.768393037990279
203.752930176615905
68.790842067967290
82.373499070274974
145.613801476914432
108.450157268241540
107.897607163110280
85.373262798425358
75.510164169280102
81.458014001407193
90.684543403296829
105.050027995889053
123.195219037575811
119.322620088905978
152.279957672808877
148.268019918437375
158.532862713391239
157.360340346767259
162.951436226713952
192.646000207682732
181.490258012244567
181.761484581991340
119.140123911251038
198.561964312256066
212.839860662826027
214.334454686511094
211.651701993444021
210.318603684983287
205.843641439026356
201.492992172562879
227.286667599851285
174.424300404363635
87.593611253170877
128.903097281432906
101.356519185609201
109.206564934527407
113.475592726919956
83.869328809883442
74.443081451762907
121.067766107905399
95.021664427070988
99.206216156372534
114.143056695559835
139.780170104474536
137.120496422737375
176.097979982676691
163.318634977938586
160.344997276808954
179.044298161285212
166.697076213960827
166.450906617164833
171.212172714246378
143.454072615949514
203.742723562552044
213.533633611759370
213.077662751634762
209.278029383586500
204.798865466197782
200.877880483723857
163.006426525837128
210.068413116892430
231.039802109109161
116.265245156746175
108.666872151401961
97.412633594815077
107.106813464193067
124.821920379174486
80.589947529949470
73.291633851822738
84.659253870672870
101.629880023754055
116.056989458513470
139.549093358176009
137.636396024859494
166.622668913683043
155.081207469668755
154.856059861092689
172.809319692569971
160.258248338885181
159.117802252394824
161.397267400804424
164.996492536988285
173.635392370682041
216.167431280729716
224.428534375407082
220.823071134746499
212.819305255011784
207.890908393430408
198.077931500411012
225.647047272443785
237.330348304409881
226.482558879584531
80.088627667852322
74.443264246371598
98.543949352013385
108.550153178925555
72.890835412757724
70.534564721374309
80.912913396424358
99.149497839172369
113.363620064283012
126.211572513426745
125.322893847898442
155.104914630343217
154.902750046116950
161.168068258355220
177.247937122938822
160.122566923529888
157.583206773315965
161.472319148828035
163.894079823644518
167.428989833510485
207.371542111979352
217.660141417659645
217.393176561859605
211.038505757241097
206.985872616602535
201.595911778054557
229.807810167511406
247.159193210782291
236.516184073305709
143.658270422468291
79.352693848156406
90.490384623280022
115.329880819217891
102.764424095302218
78.054215424167808
76.708623219282686
92.560042048693902
108.121214840349523
107.124972404780024
110.973288054639426
136.875728176969631
138.896251699555421
154.793941964709546
200.143989930932975
167.273183521184450
156.594119129614569
154.719553759103690
159.864940692066483
165.645018400329491
167.442577642759062
203.912512899464929
213.201623327252150
214.853522171277831
211.439199209656238
203.249581299703152
220.460233432644600
243.188021712387268
237.498556794351373
181.855353474655203
228.312099076811876
166.332787087279343
97.195227285271571
106.759504768551750
157.603024890648044
121.832325633660020
114.549821855181634
120.442462939595842
222.868906656709498
168.954054841727469
128.553046805651746
113.730657433544110
120.436773611934825
131.336214450785178
140.202991914982960
154.558989015470019
123.447869214268508
119.785870083851194
123.099332241062996
148.555666269221859
168.254327536375314
179.779019024698670
183.802494441402075
145.555862504490108
169.894883804398972
167.777351318444460
142.374978369894791
159.944756153370861
173.288006095789314
177.255131336727260
174.782693163971373
160.319155260874567
111.315561220132849
86.204752493959560
91.220275338627104
102.559318315327431
212.664231144000865
157.944144847511893
134.851692064760982
123.806262175776311
118.991711590741517
132.287445785625238
156.812031502781082
179.673601482565346
192.656302000754863
193.662340831841846
156.673802111855679
120.119141446611593
158.362534344254215
180.940513536158932
190.377887281587761
114.299024539441305
100.968898462503233
162.737674573589402
178.620028754904581
187.313446207763519
191.563732106164480
194.586703395060084
192.799142557335358
187.462845464107858
180.249016824794268
100.710537996137646
75.655608137287672
89.068849917621563
104.707694548987234
164.091676878566687
114.741000964866203
108.157760639020978
112.012418955224845
113.462620665557381
119.644909747939423
139.447382641205024
165.651186887867510
190.132810240335942
143.105753583377520
147.644225113798342
118.164584657869938
139.025143032487080
160.989016061821928
175.016401911048746
101.771245374869224
140.605488604688503
154.612226185632665
165.905246278596309
170.181645431226030
180.103973587775613
188.513850367909470
192.504397060655492
192.923117895181463
188.095322132694463
126.215270600132058
85.045922065643538
80.075666732220427
158.424534521380252
108.404231501263808
107.496436959615295
111.379714369416320
112.759685989395152
112.528552560425723
122.763624880186654
135.638541444679589
158.935147779122275
109.855208644433645
128.222280425200154
136.894439666326775
138.098537358496458
142.321306242342388
154.993948980818061
98.679436142267818
113.246425979167824
133.130559592518750
148.256408955091558
153.158047230144177
162.445950278522332
171.785678904995933
181.595642782598674
187.642766681526894
189.630012973646444
185.876772227759261
222.740866414653141
208.799596848062436
94.154895640304929
151.903096131137517
109.946996795408495
114.248054337569897
186.187908513394461
118.373411128870970
101.210725957215232
204.121093407345597
78.995815374123836
91.248462796111909
107.960553771274874
118.037615989986378
126.807500498648523
178.251361964773110
153.308071999488334
150.791297161704364
80.533507332852466
92.181616463333313
114.637914704169845
138.175568318439616
155.542686587302057
166.805353084549580
178.820456230448997
186.092428905606397
193.335654654546261
123.806186109919224
245.587245617160107
188.616630264496337
218.995091740697490
241.287956052953803
149.292091489440168
73.062090211138212
66.959756817432563
75.395260619149894
86.190451427923719
94.568014600578437
98.997116128250568
111.914261839404077
86.616881301328277
99.571272196106776
109.788725645627707
117.597899087229678
195.303377530951536
163.785971866068905
155.470010897754577
155.209255406256773
133.045674094167651
181.937836589068979
204.165462201749847
215.807135265800412
224.926630585050816
229.338224452450561
231.000443350600023
121.714628239191853
238.931808527094887
248.452433103634746
236.005470870351019
220.047959199767149
243.523408597913374
239.902985078453526
80.415826540094443
65.664430150813018
76.561540552588610
87.662562773906487
93.638441390687120
99.088485069813487
107.015009811231721
82.433853062503658
91.880854933365114
99.562645674669170
109.185964655779912
189.879809908037686
151.364740186695371
148.408126034393007
150.922000794730195
151.570156300487753
168.805208207228844
179.953289695667422
190.574897630072229
200.316512554473405
211.126412298383286
216.705654760721188
115.081235294494846
221.291614245710321
228.549230568269166
219.516027162170332
211.551881537693731
239.641137424699650
237.987249764076807
225.198488704664214
95.620282402966438
76.429622734251581
88.044599519632357
97.307835683269332
103.675126199246776
108.970831021357114
78.445265888884933
81.417388831482555
88.814233829269114
102.435286517752502
187.079058131115119
138.942546512702876
143.566854196359316
148.603606980544328
162.618300158333028
167.413575410093244
174.074685963743519
181.970839093116552
189.830094699234394
198.531959982194451
208.274432093171981
118.769733372938418
192.551508222448831
202.678978186547255
202.982380743364502
207.160744037508465
237.074600862164971
240.830224584518106
199.042834301411460
233.171038227478789
128.547215250436295
83.983396603066382
94.452181074333453
108.632400663887921
114.190151063607260
194.753320196343282
128.160705971548339
81.358771281171869
89.881975784697843
160.257556861753926
116.329648002719054
129.499165739761025
119.447931269320307
130.791580188187936
165.233256891669214
165.507890814295706
169.550182506086259
177.469257956733543
184.156581507751895
191.908995674481474
199.216276826586409
138.719187395429685
180.354961646918809
188.131000689586472
227.238516983756824
237.584843508227266
231.205594434224054
119.945379592788328
197.424648763695615
235.198808822439645
106.114462744009330
188.371011465726951
109.954134055810812
171.957063138954311
131.917537637536498
109.055423997694845
78.501031248221324
154.980449287111725
91.521188216095240
94.963014791044827
122.706388795580011
128.372428368256095
146.145258587329579
145.372514228842363
156.168510907301396
163.314181414990344
171.177598415994993
174.533986958242423
183.449264324047590
187.771594473169017
164.566359390390744
189.509961287458736
213.015607065261804
237.135235862217655
237.805652557011456
222.201040881443220
150.566364782159553
200.796327889558086
235.454847689966186
235.765774636730782
54.543067896364050
60.541676425969769
158.937988337823526
136.246889141027140
156.865552380183061
142.599415450638020
86.984854936262053
77.351770556368038
80.580641743469698
101.190179320802244
117.472272539386083
132.440211820264267
136.174859456211976
149.199068979802888
160.077239695407826
161.808458235445244
166.393231388771596
171.585391861783251
218.478216267992821
200.979332652115716
170.803527335209509
219.456691501353987
233.235041130592862
177.174042387152355
199.695497216910326
205.687372933294569
118.238468159345246
225.457426854841458
212.762208441385155
226.052715320772961
100.060565975745121
111.569943383378813
138.715505211684757
112.388671831745128
81.814004608414734
73.084619545106449
205.082709869058931
78.158993356666159
86.845135043040031
111.328369545244456
129.382869629577129
128.654513819476506
145.146832418535837
155.452304111395904
158.493816310372239
159.133739100613496
185.748790275713532
188.039030311058042
150.119066115860448
195.202401482361751
211.976717956693051
229.247616001420937
234.078382130493196
227.701297181363316
212.562883761882404
174.859218691658896
225.992284651299087
211.546721966239858
215.031247097871386
162.973718102365069
115.661220804654249
111.675312798922235
83.447726635515380
84.296465087705201
89.578976658721857
148.254754384440560
107.719598699995771
81.942112352201192
151.655941247769704
100.485149576672740
110.635607347197336
137.319898648626577
160.973141232456300
171.061090998660148
153.185452591877379
161.419867405785055
133.566250899762366
161.802824687174564
181.250962736571466
110.995309947795477
237.940303429432788
243.566992333129775
237.989791902597744
222.014491917794032
199.801215536321109
199.779963593750182
217.431418185993152
216.888666311602861
206.120423226427420
167.700273998448750
104.750116310676617
80.697896076799339
88.377673591377004
93.194823494499346
77.918624767952991
143.886648132849359
91.301603840499894
81.471170017793838
88.099790205248226
102.663311309639127
125.483314437362381
149.992812024691375
164.385639604092063
170.517322982235640
169.275931919327917
143.281407723168030
155.493532766292901
167.870390452918457
166.316023909272531
199.971103118346775
235.743777005010571
237.174348656363065
228.767022122958679
209.242764998257570
231.444987101831828
235.484624899715982
224.783845798622735
197.264947039784175
215.488966370815774
220.660630065203321
81.927136807718881
88.456698434536577
147.449267499353965
82.419478915446390
68.826565766203402
73.220845224482005
85.175182223906774
99.598566232770807
114.417145344023140
123.016904087994860
137.871680356786953
105.705000421905609
182.405825788391326
169.776546494313891
151.756228535378881
150.587340189219589
158.247408605392650
176.908724685505348
198.981142993897237
213.590747275101450
228.658512851140614
217.292847002377499
203.559484113603020
186.121534672183259
229.888041280749292
224.432303636422205
208.932169970697430
227.608356499894114
237.311869849808772
141.110750711429858
105.332724118586384
130.794534820893517
74.325550841896174
64.686673575304070
69.304822390310150
81.188246818263650
92.722416800023282
106.500145092874675
117.117129974919706
127.504655053874430
139.703575083937437
100.276391852869068
167.649452873821758
177.589751995020691
158.195659856306321
153.662428856249988
165.867729129603816
187.155443123386107
201.921398017585886
214.619699204992401
227.707544740548087
212.313081919591639
193.135154981030183
239.087069690904457
234.832202493969532
219.193417717168586
204.528814908321863
226.716767930553345
196.731249101459468
211.683558637788934
143.512703211054884
105.454166848724910
63.554598445948585
57.621716042729730
65.822804800762185
76.308606885265249
91.160034701697313
104.978131734401984
119.452511003666885
132.245742064162243
144.393856599099394
163.838104447078507
178.131073798470482
162.556806675189222
157.042197294634406
161.640427990731382
175.756403208275145
187.579175730968984
199.778980428636459
215.361711879978060
202.985482300745360
189.281088467628592
84.958579285469085
238.804749794358031
238.443817089726736
229.453953490853053
215.841713261753767
222.865358546631683
230.880784482896956
218.437731821981174
140.743870660645143
80.603118291286236
80.083970852985260
89.270388310881970
96.719235879722561
101.801287399249134
108.902351403890293
117.505701655066503
127.830586246848412
98.148409919697968
104.592241450482405
167.637312732707045
157.259353232256586
156.800590584309958
128.341982746167503
176.139277146758388
180.099122024663814
185.524782969994163
195.463293078811290
196.650278518448573
184.943316882278936
176.071767873595462
244.798166623125326
248.421638816111113
241.215998726487214
231.879954538082188
217.475186003786803
234.885057345353999
229.684247995071701
131.997363818639855
120.867804857255933
62.249324199242807
61.776277835951873
74.483169265376418
85.573815736121645
96.691820626949209
106.268932221340009
112.664678550768656
96.455060826613817
105.652305226144051
159.181213683526380
142.735387931842183
153.316366070814126
143.681664282791019
139.015213105470536
141.591208766859069
183.069445022149864
179.284741703960123
180.950839474275710
198.584661064010703
101.058175261148278
173.333221561514506
237.201111801494051
189.427637503645201
226.487626429307539
214.417775680955117
233.575964965083529
231.430609317620707
228.974033211230619
227.325670918919684
99.903724753104513
70.721329796155217
83.290203003439004
96.837982841173641
104.147893686788464
109.400232976866235
82.975897633948009
70.937592993130778
151.826104128032966
103.890936735132058
121.661131448957121
147.059235435281465
140.212350845689372
141.106635787800599
142.045521794465429
135.471216820192012
137.467627904810740
147.343098026147402
156.765600900693812
163.948836523510778
165.504864676617387
219.607658114070034
132.428934991758382
191.572860627520811
233.046649190749633
235.412103182800138
222.158751526578186
250.733219650303170
246.704069262186437
227.363109451348578
118.276239795146893
83.466298365932545
98.240249945195870
109.749897961841612
168.444078329934001
86.390215047507752
68.186103519673878
141.929251587519730
95.530037352858130
107.398265122345123
116.776418255149423
124.050244112602059
135.752700263802950
139.612995394254995
145.126079359585759
140.230681812080860
155.864288627586774
167.469094917018253
174.477605586989938
197.799242980243378
164.517583235219263
170.197225830199841
220.345635823173154
234.098424809408925
230.109045591527178
234.141229028342025
258.659656446661131
258.020299764477159
240.788415351536912
221.496114300316634
82.454954237313558
83.829038805594280
110.462352612093525
114.918501149385463
152.551873316145077
89.352460436535338
76.338314977021497
199.697365490157608
81.660560381199844
99.915790617441573
111.612810242617442
123.523466665922257
132.027380393541108
140.034099477510466
153.760882583489774
163.430008419062318
171.507911985729265
184.804212277583417
185.849965290165528
150.037944730186211
197.447583096152300
209.122631526851137
206.755412913835443
187.084020237550732
242.151809198961530
175.100246453567024
206.574313258623675
210.720105563388017
207.765986608243935
210.391650326205593
138.122577886246802
88.191517435022234
126.695271171903471
85.192935384553522
78.543145894270353
86.622044342757448
115.981548811981455
84.349430427675145
84.376514017319238
99.186427657649702
110.252159076744320
123.994762818135769
134.255437989897757
159.988300520067071
163.733713198001396
180.158750956097066
184.453368881879584
141.711610470126089
175.523430386939850
188.817381526913721
189.622010828323226
158.750043077154004
221.978630688412750
187.082029624440395
233.369417776095503
247.824709265319171
244.156994657467919
234.421398119554482
224.344256993765669
221.180354710675346
80.864367622226737
103.275856193863234
81.635002867703733
84.042033961507599
206.512572444447187
133.115688148334272
86.172458726486127
78.701417810158219
85.017757400000193
99.547507279061833
110.320152912639216
123.926094115550711
123.720883386867456
137.346207029969747
172.933105625044504
173.334979774781203
156.710330631541012
169.891507463112191
179.539279006418496
191.828601158435447
191.650039597207524
228.144235795244867
130.104759443322735
215.170763245242085
231.567724275903117
231.821906567410224
224.819572229227049
216.081523133686375
210.172363399027290
128.058503911912993
88.823347301079394
74.448419983421502
87.885560145523414
158.459067305191013
115.972447121429909
91.240600335421249
73.741882287616932
72.561743604955296
87.899673583261674
100.191236858465942
121.385757354107227
123.295338814561489
128.449723830161446
163.357782324649293
160.465143983257349
158.678651374620301
159.284490412158618
166.250334125051211
194.504421880165012
184.816352020953445
184.015043741033878
145.369166537577797
206.920585049500630
223.198668629451731
226.331133563217293
221.938457098619068
215.736252981499490
207.956778667244976
226.166909356812909
170.425220575524662
83.445242685264986
87.863642174839669
143.993431356896849
110.451165736636739
107.344382213902691
85.185435125631102
73.168612666377840
73.172919287967702
89.765427785272777
124.567880387618303
102.242413604555679
113.430702896937333
150.188497157923848
147.398029104490718
179.734981652813502
157.775792545397650
153.894708958838976
191.446640073485582
180.147843693363512
177.809206661618134
164.381261828492200
166.266709314433342
211.071456839663483
220.991522527349048
220.416715019323817
214.274138303514292
208.170143417807395
215.657522315819563
204.720253328454419
234.357982667078545
101.475788979977281
114.990176498868564
92.425894802920439
102.477930942457121
203.650909366494488
114.898492830341311
118.950138124095787
87.700929407920455
88.587852940251665
101.610182339633980
115.458822088418145
139.224415214173632
133.335458950822613
184.968355856171684
154.018692615328661
148.357776078074124
180.354916726759200
168.458699420642404
164.724958143148257
166.053612639077613
170.401632310777501
213.333055625139707
222.696608781474851
218.391666064734352
213.245897729885257
208.665662279971457
205.456960056181003
179.789107560591987
224.661380566618789
230.918877033573949
97.432900522544898
82.740344069553487
102.984000787247624
122.485708529666994
77.473321977267815
68.431052123856745
74.651437340289789
91.318911925655797
110.618988844971341
119.988373756868953
145.455880947383662
133.738607206830437
176.169899270524439
154.899674663370121
151.411034969479886
179.044647466152952
165.139376821174181
158.863924519758655
159.317785455468538
157.152955618059167
205.122160693109748
217.497543184612965
218.688726767857077
215.939660919147713
212.394402293871764
210.333999004501152
199.517838754398156
232.743121386544260
239.122681220070120
227.386544419529855
80.806480079105896
93.322396878380744
147.286335787536501
81.275078310307435
64.518627987480812
66.233820959532963
78.706638652401622
94.171706584116237
111.171425135006970
133.603193740472022
121.918056499918478
161.403676993205579
148.769645817050332
151.958752775429900
184.130450874594544
164.474074581935923
159.601652470903446
159.374406503492281
160.602402393968873
186.021805629122440
213.677583359611930
221.820499771243988
223.401122769219455
217.552180428162927
212.834957722408802
95.822690796224649
228.117920552524936
241.139738195277005
235.796158138653993
130.204697943199591
82.436437483733513
108.329552880892436
118.097382395636174
85.233515052977225
83.847583584936530
92.162875097058119
106.716975008295179
109.292285588411119
98.542767194392169
179.834949165298497
147.794317462111906
136.335557318448878
145.803872194413145
206.155634936822537
164.959729932792811
145.266074775032251
142.515393155934817
147.209723899551534
139.184798925018129
188.000736011509133
208.304509420882653
215.589456911902914
215.316314793301729
211.358375338732827
196.452103213274256
235.584236634754461
238.868941420527563
230.485337532283722
156.245493350420134
210.717648512315890
175.001153085793021
147.522051157541966
160.413197753471024
122.214893881254795
114.002117332993464
117.067364131023879
192.618654282018042
150.693891822611164
127.387261670105175
118.253947788500525
121.761501419166692
130.435279274925591
138.909379774594868
150.884462523208583
168.025318078180220
164.279747709636638
166.168723700850563
142.082266412564138
160.078324431665067
172.917995493020555
179.304718153823643
159.951013802273877
168.645252374147589
168.043258598066785
166.585858981931125
167.508540383737540
170.458916446701380
172.829618589193728
171.920841296618960
174.146409809122076
175.742756190354669
104.650251478725693
91.552450775414982
99.575330157012360
186.023691910822379
151.698338224347026
140.025971321429779
140.095312180910526
135.934803898938526
137.412795003723630
146.569837192448830
163.651087879881231
181.596724683534745
193.813145945539873
164.895547641484484
174.737122189267524
130.325712439673850
155.142063761417944
175.038415770072163
125.154012389294508
141.717436574493718
155.200990361065209
162.491653530261203
166.314117875648606
174.017417395090632
180.586469422186639
183.037354374844881
180.891384811159980
180.438587599614834
115.961385397519336
94.579199243587851
80.525546570841755
94.668773506647156
156.801689376374128
119.128298535023561
109.289719452762881
110.952657915347132
114.939400851010021
120.123823048432797
135.228675997043354
150.990472611877976
173.304897929501180
130.808409282124018
134.749632041834133
138.454201039250279
127.263667846289138
144.799542583036526
161.527139219601963
108.393553926231803
128.600164332280627
148.633504786401431
160.886239494816749
167.107783601322240
174.009750904168840
177.939311178418194
184.025957041739332
187.282159789406478
182.080618271811659
205.747006954803567
220.554213279600930
76.494228230470753
83.965863842423175
158.683476875816581
119.136888660954810
110.548689343964497
172.884028156723474
124.797201448193007
113.572305178171860
188.135784994775321
146.799547935427114
100.761615528851621
117.822626867893774
130.107543786374237
130.049645249018738
148.234327469340684
144.987102984040291
149.419747434627027
81.883663827211066
109.062953063886908
143.837484998763330
162.910548171964422
172.696132412101122
182.035473165687307
189.774798286712240
194.997041451233486
195.609825000034704
190.991655971363627
237.483125271975695
188.376845925069006
199.053008614084263
87.960626382448723
136.894060935570963
120.106968227089510
91.050122802839596
85.988026248568602
99.141979123393810
95.993686034317705
102.641240824380802
78.807825182185027
101.162918585505508
112.745395677287135
117.569640524659150
125.133595429658740
189.361364781244617
152.015972043726862
147.485114070355166
84.904862717424820
140.805928491562440
183.333992046394371
203.310575925428623
214.196984573665304
226.470145213176039
231.315504837769538
236.517716849659990
121.641083574130434
245.019963152490277
263.643938504772507
254.225277670604385
217.716056911269533
242.376210237119494
102.343743996190653
65.963854713822940
55.600440621335380
101.695031822228216
91.921143527320297
91.728914689335397
96.886547215706827
112.961422406671076
88.495655885582210
102.255102483883960
111.549632098669903
114.044407286664025
194.879158209200625
151.196170220403275
143.027236359579291
110.730964625621482
149.835937163230795
169.462288098884244
183.411779075991603
191.805337618989995
206.089344953212219
215.513673269067226
220.990670236328270
138.479970911015812
235.308703082095917
245.718974176048846
236.269225466465713
229.097583125777930
245.919021538115430
240.162393906515206
57.975500699051935
51.064169222251394
69.765309220986893
114.674178523364589
90.582623584985640
93.258910169372783
101.734208424179641
67.317745415747154
82.710881653173146
100.898619926790673
115.061743200159242
190.650346372440083
141.060522115426636
136.222971565318744
133.580412512494803
165.418708796135775
178.135927507132806
189.685640091018399
193.035994925307534
204.233024590083829
210.614456395581811
215.341188561243086
150.310328281660418
214.501767890723812
226.184968468720541
220.678693735166945
226.007893961401237
244.161550772607939
240.857237313498985
173.191126853582659
52.275510620703301
125.522871806777829
91.544908712317309
95.064208258603486
99.062972829303959
152.261005194113238
107.435109021823678
82.938967265639249
87.997019074105282
101.126236152682196
182.958513125993051
123.831516741565025
126.107047284048193
150.511991628516597
161.209836979592296
163.866882653709354
175.824966726929290
183.209323695200993
192.521124991298677
198.140364357831231
206.812084116868164
208.139412207627743
145.561457050560307
199.165551126903210
210.364732640050647
223.491150046240108
238.553833094131249
234.993053784459562
191.951748192155094
220.558867631390058
68.325883992570795
125.562221875960148
188.176924785823985
131.335915619829166
120.041696680930073
151.019344789614678
115.207830723139736
118.630223887941625
177.465940860982698
103.123873744221399
108.581956384649061
122.101299181627354
146.829215273747877
146.956088669470006
151.778793712660359
161.206150739919678
171.138604771672988
180.396712742968134
188.503122562135360
192.576254217458143
198.469482542420963
162.204942826310116
186.319855761389107
213.785684023761434
233.824690521436082
233.088313128883840
224.308491857383160
108.803057132907412
113.962717112556263
174.463873510112961
87.971611816688309
96.649837844568438
113.407433250280974
120.775296085217917
112.751640484641456
100.210113483864930
107.204016550862775
154.761342970822028
97.828055838673151
98.586723559174288
113.437525367713931
129.500124131232639
140.557380125452454
143.574571154447057
152.764364196511224
162.524165246380505
169.504952631206351
175.164082780442413
180.858166263662042
229.424237476886901
141.062919639712874
191.818775792565191
226.873922168014218
237.283653646407203
231.233815768061135
207.490294360753865
140.555484742757301
225.811360937122629
180.640966990358322
229.407105786498164
89.875966360059167
98.563242954741071
110.754762505874083
130.591384965528476
140.999375993383666
86.848963405877456
73.996179359944847
75.933409782986061
84.732659865966355
96.780462754519363
117.109049661078643
138.978811859517577
136.844893586577768
148.709332667908740
156.561651137295939
160.205828898109957
164.641665228908067
207.655037055755685
204.326323796794100
166.505170384845457
201.847032662432014
217.058066384881158
214.621537788941879
221.783528767163830
224.687577560072896
164.541772288542290
212.082487624194812
225.970327091864817
230.250274980121446
166.915747456535371
124.634601573878086
109.560262538917215
112.128004098618703
82.453639332930308
75.789690875111020
172.568407234041075
135.324215021739121
77.310839790941131
91.314039044084666
164.080888315895095
110.128425984139611
126.167603316496155
148.705111864521058
151.071349469238726
176.514062975667116
170.902261227529294
174.704231099881184
154.397172206322495
185.357496684409625
195.518175267211546
130.086858012226088
218.871169596073287
218.107773386919661
214.312345575859950
209.389087448397845
191.932120486569517
218.562942413281888
221.136964881794540
206.804193980039202
181.934665081423930
127.967703571126890
79.817397733135934
84.485475033351250
95.791409842825971
105.355110660318644
99.362692394884405
81.703067818780752
147.656816246535186
93.747264741830548
90.559534654531944
112.000300349932331
130.412860840662972
127.825758995250538
133.676729672436011
168.347097584164288
145.174547277548015
157.187915388915854
171.321004993502555
177.359906235564921
172.943761417588036
186.648988915640871
219.640152091553432
215.068141458433843
207.262199147055924
233.262082224958760
238.435351106225312
230.129848674307851
218.180698366667315
227.653357626724755
225.394709941631675
85.052728776309834
82.222583887697894
95.573822375977869
95.900322517432926
112.152649982978915
84.140715220819644
78.713797376809538
81.828141669993045
96.479777262656881
116.303255154211314
114.292303896166459
120.819472214172563
123.235797106814971
131.682769861713837
133.162595527185147
152.016363838709566
157.139193692773972
164.987122933917135
183.241890752344602
196.807852834352161
214.611158306178481
209.094490269091921
201.638027576104690
191.533765430792897
237.179272693934251
240.242626344496216
226.232817438250947
209.311225086178808
235.340305804879961
136.238870356512933
106.388039590804979
98.145685934454107
95.014596488792066
69.983735680981809
65.244321672540224
71.164653551721557
84.638207388158918
99.385780699240939
117.559402315667725
131.384149380923873
144.475729671836007
122.678286652356292
127.155619196148237
130.993929619186048
130.461823415700309
152.661948179970096
148.359210022614263
170.832640300522058
189.837514286245209
202.833078645121418
209.416548442750525
210.735620070967315
198.673234967415169
228.901367649673801
241.714012533162872
235.704914908827675
222.526472488666116
173.161384044389820
191.896682625506060
213.230848169636488
115.989351277499452
114.339228121271489
68.663697355605720
61.803467510250329
67.256646140289675
77.369044889008904
90.010849077775177
104.358872229309583
119.174616474762345
130.300445719085388
139.519477170947511
123.518182037496516
164.137055881275330
181.915119481334017
148.957267432778906
136.791743080413255
160.830064552206665
180.167536207791187
196.597721962813239
207.366702641644963
208.170885748437456
195.489572598190648
230.535157321679435
236.835247707688893
234.247690250535214
223.737412814685655
208.860070009314313
189.430390341079942
215.979439305070287
214.795889528580801
137.727679694500750
78.368939059865454
76.169210555459571
83.027127046250371
88.725398381949447
94.934392483429093
102.523635430063734
109.589374929294635
120.226423045052016
130.354314322762576
107.532052422757488
114.705404330341352
185.215833682141295
154.521107430497779
142.204364270962628
153.717474048146755
169.446646268789664
184.114259283646561
195.607846565304669
200.594794438985389
187.305467066870335
85.441614302519852
240.995290749141560
243.198194116051440
233.556459705923459
220.395771060602641
176.896671271450543
224.283030799697542
227.989085475622232
218.083260009053021
130.067847411426214
85.457575045291350
86.397718533696946
92.763927378559515
97.627730402768819
101.351903214762714
108.018354096710411
116.192446999964318
124.082023107794612
102.116266090353335
122.514415723467181
177.759067337915070
150.275763167422298
145.056899910232914
150.394540603919864
161.929010857732465
174.223203753615905
183.301579574392605
193.531579851485020
177.900677715930300
111.324628385162612
237.417938181317083
237.244418826304013
231.967405373592158
221.042634231461079
202.150527238981141
214.576339908654518
234.046124521938196
230.268594981514241
137.812686824769116
126.309768833036884
75.855703549059598
79.463887755006226
90.000121585040077
97.569030134716556
103.385824454405537
98.618729997716130
80.558847817167333
81.903205689844214
173.035243455419959
119.580416264158075
131.065453516929836
148.030098439551892
147.568163266200315
152.758803951215867
144.945399558983809
173.773500442143728
136.709055923201277
152.192289440255479
162.366042353350224
166.035544211962844
229.123097697953654
222.902971091621367
211.222601560640641
191.907001968585462
231.395633591870279
234.957815182271673
224.464326463897038
221.424324248550590
224.584236697807512
120.625460213856783
81.477761178507876
88.895726550782413
99.495078398279531
105.822627361616981
91.454423797531760
70.756340098397885
72.127506908400875
160.447141701198376
106.809094910923022
119.663818611121286
127.900679708724539
136.561773203091633
142.536354840395376
150.677307764882016
160.675368587468967
158.913655932832370
161.084352396920622
160.741682305744916
160.721769120528535
229.473645187709224
214.816002933556547
120.754359789174828
199.887737555513922
233.466261061680513
235.536099408463656
235.417632187475476
251.507722867552303
242.731585437231161
225.062244319721941
100.842141417982347
86.006981702112611
99.176732678373412
192.930775669121545
94.639149521182532
190.739117048795606
148.596932383218416
92.442844043233990
85.949350269593680
101.105068834374507
117.981151524575026
127.277986995086621
141.813217599250976
146.343390744264497
153.060888484370963
146.825004367922247
162.149294839118596
171.942606954600649
198.847543825004266
172.788867264303633
181.310729094580637
173.707267878915786
214.832721386468222
224.743463150440789
210.965213849433212
249.340352038908350
259.055114775394088
194.866999107443291
226.217556327588170
232.812018014188226
83.635341202337131
107.067709983591641
142.897310719850339
148.541843856970189
93.958976347861224
80.554185471020617
83.275514429634555
130.181932672150765
114.653474884904881
94.126099676963889
112.548151926050380
123.288433956525239
137.128800370827804
145.260049372971196
154.528516211391832
184.981425404070535
186.407035434154125
188.996878753450517
141.132857624789239
175.722153602783919
190.870351833296752
169.223161759552823
207.219952733120607
240.343864775973429
203.819729534348141
239.817789307599810
249.232318019591702
246.405907101699228
237.925037606532953
230.141582464019791
72.152818900712063
134.917739804167354
107.604717032878114
83.012369865956344
78.370180274931343
92.207113870187044
80.057243137480953
86.288658980635290
84.787222259720579
98.591949409545364
109.943727845941623
125.592022774131436
136.504535424881794
136.120080050283207
174.508984287664902
172.926519893949802
157.544649235447764
169.107902069490223
177.210751413481461
180.689073707362809
191.311712528218266
224.625275707028550
236.962642398308134
201.411085576095047
241.384007739534525
255.766661720979585
255.275523825172428
243.618764862201999
233.315591616827703
228.194715405844818
119.353392920695796
76.966711978329215
81.051245169757792
91.853698345690745
209.542674742313864
139.134556700629162
88.041855988264757
77.901156984593626
83.648634926320511
101.518843783323007
114.163533235354976
130.641432162466856
134.746484139643826
165.158785783145504
162.740130424144269
166.237351537817375
159.349252817440572
161.411827286851889
200.455165336534549
187.734965978165064
225.386514499296254
228.787879153518418
134.189316724902227
206.713548199705031
228.414011793634074
231.331956608177705
226.003033873360010
218.995069322505401
213.469522553133316
123.413190564534673
73.334855683197532
72.322944603574513
147.110785230740987
113.894301707118046
107.542105032398908
88.087555445570217
70.849437045199522
74.172368696218513
88.254830772310484
104.202609563270471
136.165562282256047
119.157142102485579
155.142354569226711
153.042814042891564
175.819880564989489
160.506594502877874
160.643413567912461
191.170186366426435
177.053941824152702
170.480545090154351
121.220848504469785
141.270744639438590
200.551150210777166
217.832304061007932
221.829441265690690
219.896157899432126
215.088132934224461
209.932942308908594
225.667590761607272
158.906704768649661
83.890207375053890
92.062216610771031
143.310903413761594
115.577629308043527
111.226112811451614
97.610236277352271
79.950960135745873
81.240727203895560
93.914471621531618
118.632725312251551
106.271538455496085
122.482005139976025
152.164651334521182
187.653165681992192
154.761843630548839
151.289434420697802
185.965515497223407
173.456092824354926
168.245338131880345
168.218067240015074
156.858323989277068
162.771238742677781
205.826283810412519
218.559986525569798
219.973030893924886
215.812257327296493
212.313408041533165
198.584681017204218
200.092897843512958
231.466362910860028
103.499727497108637
119.165692327201498
99.937828225581526
107.442403549986665
188.810111149152135
115.589699634912648
108.436776121551844
91.090429354322438
91.399495986097321
102.167960999369114
120.346763995010036
161.311506980915368
181.821946461704840
151.388551964844311
145.543333089006410
175.788277853700151
165.367344987760418
160.052303386682780
158.605101885800480
174.482478051498930
166.291428223246243
206.741604159700216
218.351549589834491
218.304349154746035
213.799806841048166
209.480270431692929
213.895251503274096
223.375636032562284
237.463697858594173
232.018522821813860
99.492783333019617
86.961234659313860
104.663914552952562
170.581544588906013
87.483605545191807
72.799879134122207
73.773668314822132
85.780118430081615
100.382079535999765
114.229545802004466
151.306271380047036
167.668267282656160
142.874458546144155
144.643986882338027
146.676298032110310
177.511992956455828
163.964434089747328
158.411074746237460
185.526777593830559
199.295949547501721
186.640430638230043
213.756462789300997
216.951737126119497
213.571852625569250
209.774687605882662
205.620980660193680
228.732742594442470
243.393068239875845
238.296940857436255
138.741838419412858
90.357617784347582
80.076572314699334
96.491877075546199
111.659192204284651
94.740454807958258
84.901266698088023
89.938974932191186
103.575393173614415
124.139713244944545
109.446420938938857
152.736309572774303
130.810763677786753
138.159086856048731
142.370845511866293
198.145361656131229
159.458299026014032
186.406509414919071
127.508921399016188
189.862468366631674
190.200172683344817
235.081140080830835
241.688869224505510
242.430486490100975
235.819474238607455
226.830753765958661
221.208171617988512
239.476094579128358
233.756174422607472
222.507029055017085
184.294567714853770
63.438044016796695
70.875586020993680
93.845366077463524
97.087472778966927
81.230946073125210
83.345901430807004
97.907447920908723
105.347494142691559
141.832002438747594
153.892971096624564
119.662513613835159
130.087235199654572
143.007060673346501
102.876586854320749
143.529653155312417
150.403154786733040
158.463866266654065
179.306009280500973
182.247047232373632
183.886247308967569
184.701143793071026
235.706358894805589
229.641659036087276
219.311153629087727
209.756033448450694
237.677840190350793
237.715723617406240
165.161998343426433
222.635083465947275
186.112111970363884
167.584014410455950
154.585084344571897
165.649514987199382
122.247563825281759
110.355369458958108
185.003097118078244
146.751772488555105
127.843282775418004
125.412266019954785
128.647642641303719
134.642203462390370
143.284202332141376
151.447759900178170
138.678511528185339
142.104448357284724
188.298876220986756
169.105654062436713
141.679292004988611
156.967947057862062
168.908249562894355
163.451917322520444
164.204569387645535
164.817362540391684
164.946826001514495
165.339891997590797
166.987276717068823
167.901979659274588
168.368916697474702
169.826109295855787
170.615009244666965
116.392181138495914
86.154215441294014
91.301127163920142
105.824229234119883
155.782880673880982
126.768013748610130
116.401655114249110
115.527786931095179
121.965590121041970
133.484551174690097
149.020365699683765
116.691759394956620
125.554239133387000
138.462864117642681
183.784862725054893
134.025379761956941
141.366852703887588
153.121582935588862
161.624611001506963
89.852577440447590
130.554086206741630
168.002586613454895
183.344539835625142
193.561410365548369
196.412534164161855
196.515375418953141
192.943610608615870
188.780302018632710
184.445948111317847
124.970805199328609
79.571376108146794
77.446009995046907
100.344573594740467
142.352433540700275
113.969374410759457
105.934306390364526
162.399611385590077
154.348877701028130
98.048990710175232
164.887100409238343
135.389344202872337
138.477335537064647
158.252502494409100
113.945298657593440
155.163293726730728
144.843249058141140
147.755116383773100
150.617907759267524
89.955117363099447
147.397047842684316
181.025839277477218
192.065001014356028
196.124878442273513
200.103460257108679
201.628301419573205
202.356581042316009
200.969217166563226
197.268975313231550
209.238597378553379
169.823109209696327
85.683639549264740
85.742083429642165
130.539424445065322
115.123254509489300
82.931263896784088
101.259007508554802
76.125641062730267
76.733096138657288
85.561659484345583
99.942713466451153
127.545274743747029
110.310582458042035
107.414051637887951
187.033801611838555
157.661697443353631
144.840906660495648
148.790572439364382
92.704845439855404
145.572851256916323
178.999953637811672
186.680457837672577
197.109372414209815
204.713730522046660
211.197458993337222
213.852844977025313
210.851635583765471
158.341950855932851
225.014966619790044
202.345184050433005
232.875950676451367
88.400529504166400
126.252974410048409
66.113733805643790
58.593012590716356
118.095509164948481
91.336346249724286
87.498042941974532
100.873497137133398
109.571067272545946
113.459743809413325
102.033958751814026
107.978554231412943
116.410021683448434
191.010734995456346
147.014119986475833
137.419916780740749
115.764116399607360
161.734875994165151
184.409981875572697
191.512668190353878
201.626458328102899
214.403932946812205
220.648372660558039
222.717411053713960
145.792190804411547
240.787940355852982
248.667305625564381
242.030496383836407
250.000136210390707
235.975764782109081
74.742049349784125
48.587878872747481
57.270283623342948
115.343108299481031
87.924999499746093
82.910132785166780
91.998046026901420
91.964261883920727
165.812285247807779
93.136436014415324
102.276682072229846
117.451035744292597
191.211521838842884
141.694406701165633
132.368994227187159
144.547003042674220
175.170342323961904
189.703234424711241
195.922590366154168
205.150565556037634
214.329214155748645
221.646632424076387
221.742059796687613
157.463298059855873
229.056734893307748
238.166992067085573
247.458030925445229
259.850140375533726
247.544968093887263
230.852231143774361
49.276030008795686
55.285263831409679
112.728204074019672
92.509607306303863
88.180899688702127
93.886135751794441
111.280305755925042
91.204768958088266
91.456638087185326
107.556020658300952
106.136871731473320
193.431599412830991
131.534189895924072
128.806377039046595
119.393096020371303
164.165547097666604
173.086403846651706
181.238701215144744
193.336810468091869
204.236609895109183
213.388174225800640
216.414410550307082
145.189897652910560
205.540405599410150
216.391019655259868
226.361420830105772
250.189041708575417
252.023710012061457
237.634142673860538
148.166863404625332
53.610987173696458
127.766932812707836
100.161026249440852
158.937773945404132
119.141803909057728
128.761379585948191
100.529171666158334
103.091780648277876
111.695219966935298
192.149046404250043
111.950487162621386
115.836703061931232
123.793371464835403
141.247861818180894
160.733901867070813
160.039604984446186
169.025999554143993
178.560545781036524
190.830126926383969
198.879147638363975
204.278672892152883
152.697860571215870
183.777448781255998
195.448207554176719
217.219039028111609
238.780320134085287
239.464698826303021
232.033284389498021
157.894027147832560
215.514200092558383
95.111078142899544
133.187426440730292
120.133788710695669
120.617391665222542
73.709639378133119
75.045952045432145
86.490368975020004
100.692472898866299
173.229219269402961
107.551489571982913
105.389505428766086
136.709265408360352
136.616822591127089
156.352475379203895
150.041444437190734
158.240046508442248
167.169606348092259
176.868522199723600
186.546378100724155
193.436348212901152
197.203880030401592
115.630413413448721
176.203669794090189
221.216805784299822
234.007523051091766
231.176348669948283
176.802560830462681
231.569251079548877
246.811559144592081
242.546704892402147
101.098892028302544
99.578221236630625
114.403507744973012
77.151227231372559
79.798997639848835
85.506013678816814
146.998001726103752
91.712913598137348
95.975141028828602
101.945030080086553
116.936849506386380
131.556732913765302
148.961015745417768
141.306855954889272
149.180099171670179
155.202004664250921
167.549510000282879
175.816094266908209
184.438578450273667
209.109020051418042
182.421057003594910
210.658306360339878
220.589496795215894
152.048676987321954
179.651545738924852
197.948617502914686
179.800457630935540
230.391657483715164
240.974801666431745
244.105055465748364
113.325124840835514
109.865515671419061
122.592076699635101
134.383741392813732
81.641960403642486
68.197837972752879
132.025805107295554
83.424740233417637
85.639230429596012
95.541568676329703
122.062556543882437
149.971729787911300
129.205167225350124
146.229719700010378
156.757045193367588
158.481945203734313
160.741724985194452
190.956751284262282
175.496375075141941
199.217483065112560
200.552779937722164
141.989748229848743
234.985346907007340
226.168754932943727
214.881846236710544
167.185023877884504
219.966149407872365
230.878792865795276
230.550648459542515
226.290170151885263
131.361824356850889
120.840416717218517
81.011800382318242
77.323602364966888
80.316933826144833
118.109279983521006
82.683432399816013
79.075699794248678
93.612015634207296
139.721955650338487
99.315018492683095
121.079390146681618
138.968845979914278
148.340997019988038
151.067985075037143
155.204587484179143
153.849486364979271
180.619669289221065
187.489212631397550
182.239214244093404
187.941312649189854
184.576826967059503
222.561288784587077
212.875841300166513
192.515455234392334
236.823354714042154
244.678305089014259
236.894841290599572
223.599343386059445
216.778840388447293
103.845798938348310
74.439875635089493
81.424927229612848
94.199363421268288
110.053695475409910
95.644218492216268
124.890281670462883
98.357109363313782
95.710906774527231
110.472143542982707
103.342045484503203
122.971232047781683
137.382703456022284
142.705290092370802
150.578528283915233
150.192865976118696
165.632988019821568
173.623797082014590
198.134614141410680
206.609208425100519
199.350586813111619
190.381946103328374
201.939391665016075
195.427044465398126
230.412908081378248
249.809946869890155
248.878531245337740
233.295124640397347
251.873398255421193
149.980268912332804
78.262455606361939
78.458177381134831
104.030120865327234
93.766930813502299
76.637763191701495
72.143152924263433
80.716967986457306
92.551969256692033
85.240438961464179
95.399885258181797
113.467879905410626
122.246572923123679
132.888345189358972
144.391844475361808
145.709618934775563
144.107273645729975
159.726897841132768
184.063166753284435
201.820218879638901
207.345180870943722
202.239869473152538
208.712192863252426
200.864299448745101
224.225655698441813
241.897966726669608
241.973826970487153
229.948624397214104
252.964016808894655
239.657406540294033
134.128629623515252
100.496705860601594
98.884150895959436
67.955271467287474
67.279530348463823
77.037134991415584
91.797944262557394
102.753479121863606
115.089928353113550
86.929011105883433
96.201177345623748
111.267834224360797
125.315902171068331
133.793550314939807
141.216761623429846
141.748630836795598
151.801116375943423
168.137044939759988
182.819879342956824
193.827686842766639
194.418956799904151
198.405756186240524
194.140084683821925
225.950501895307980
233.724830712317100
232.811656428223500
224.106629575351604
244.289488956571631
241.002945761334416
198.908264574049127
217.196200392562417
118.390719338384713
85.161465218882938
68.704845882321393
73.649247907724273
83.114233476176707
94.200336553789626
105.099878221606147
113.733368220623660
88.793152209522376
98.218979431276949
110.149121955468303
123.386525755925177
131.433273977749110
134.262991845465308
156.618968820202838
163.631213254503677
172.324828623672573
179.799152892597846
186.377346890227841
188.936183869855114
183.013942380205606
185.952934901464118
233.294867768273349
226.950507529024122
217.347183099619997
208.822281050552021
212.782300293039640
225.386279556229539
226.849218896022762
216.539616615016143
116.871039844117519
70.922762441430905
74.873293547478440
87.275673800856012
96.129193392959735
100.924197745053178
107.551717827930872
116.463220499302736
127.989359576867813
100.807107865422125
110.368307929020830
195.985165758898574
149.856314255037603
139.144715836076017
134.144080069431368
166.494753498354527
171.551275346846580
177.405981260255032
183.507861243588650
190.199797437277709
96.416387275752427
236.922885911256060
234.257106716195665
225.899017447716346
215.636158922737280
215.897904168073069
218.271055854794042
233.018677573118850
227.635985046028594
144.395707640842943
142.617484691142266
81.266690334984375
80.938802693602298
88.378845717597429
94.833221253793653
99.279015103176704
108.362729391096678
127.326687128791718
103.607436510373901
94.925602534972057
172.134115552574372
133.716514775128502
135.059707978828641
136.819158478373453
161.203805124735140
158.361292989037935
165.367435232578515
149.561081700508083
154.054740131439644
154.260676082128271
154.855153889241677
230.950897111733184
221.853221433703595
212.146784402714616
216.273795954249550
213.943801919527829
231.242096292356905
227.514202763051117
212.795839271784416
197.614681792086856
136.445479308833484
81.734816218825188
84.101909903458136
92.152884736306490
99.940112804922151
105.939842260776103
99.842773022893724
84.961471810286696
92.763322379100259
171.614190440794630
123.024990009840508
129.255730749903364
161.690884016598062
143.041678973611454
144.694491886783368
148.300737427150040
171.141025961066703
169.185987169301029
161.856154685256428
153.471684072324081
222.993609382349206
211.429366080765305
204.854796227033887
100.412335933245956
207.649409004680820
235.242218426652073
235.748691501529635
230.109941463576632
235.109764396692526
144.966700249068680
114.988911980055335
86.940386791590157
95.609952763345575
105.356234608727817
112.207013201972941
148.153832569263841
106.343711343878894
161.805923681191246
93.493962438307065
95.682514374830276
120.296520357461787
171.559798185155444
150.901972672114397
151.508274128421306
150.336534900097490
157.203583403333653
157.965442605631921
161.957321849974903
161.469613303886860
160.875838890712998
165.291263541800561
173.509111105223923
185.532936475545512
221.946129528597453
229.493334003144923
233.723099758684043
251.601871065594707
246.195119836905377
177.820485494361037
233.296378747743262
114.682101891837831
86.654201078648470
135.679284333906395
108.214721378674071
96.937040269796086
152.748444889374412
89.310501211298813
78.924854579975019
136.223990435073318
116.563794989715731
108.520576192073634
120.145450278255254
133.117285690783348
142.432176121082762
147.728587145297382
162.308626014092056
197.851200566824048
207.155955907734381
211.036239496813636
158.366183628748502
192.792328176437337
206.474997601466157
207.891379300055007
226.049795778225416
249.126015788447091
190.351545582478138
233.415134479676141
245.631005017502844
242.933809515302869
235.379614984275747
82.870978267801178
120.941070395416119
103.512344726550538
133.014122662466889
87.331419136961046
77.974749781868866
91.107093239904430
97.329570293750280
105.107097124672919
94.865795862678212
105.167627252746172
124.743565023421041
137.367603328121874
142.560172218417677
162.809664699833206
171.827513687320248
182.928976853932141
162.089059250931626
179.584806060706171
188.523742467697843
189.287610538549870
159.997096471780679
234.088969092984826
240.491909998982067
208.483952858594080
242.195987439081989
248.590961903754902
243.942189087354393
233.955442011172067
228.318268827249312
109.194203809892500
119.210150307292835
85.080323431108880
81.423476679090101
204.392412507038955
142.520514982240968
123.738600999672485
92.721910701475736
89.014528496218261
94.009300767673423
114.077851443771635
126.832166698934884
134.104040824710182
134.189524896636442
159.822418929410730
170.203405392856723
171.092339476567048
171.927303263139322
173.086317793637249
195.384734133391362
193.345535422915646
232.869033657638880
226.227947607405326
138.535899680052410
213.921555321736804
232.602705767899067
231.124026606357461
223.389144869257478
215.435378157906428
212.885207773070363
93.546692022274513
73.819770532587938
85.117444276246658
155.808256944380588
118.307109640922377
105.800599979388124
88.679923322538741
77.481065808062212
84.225918010704945
102.296174504429871
119.348579667103124
136.586414870162912
121.153522033198428
150.495725413095670
159.502973050985332
178.112104633003980
165.596781586511781
165.138871810915674
198.940560883933500
192.155702953128383
228.764248047405943
212.351776668108187
131.978291805558854
201.561981816567652
222.132644579206669
227.756634158297913
225.402066767560711
218.482755134701620
213.899708107997185
119.810744604385562
67.888611663097578
77.288039184486266
147.036419795358768
113.035072001834322
107.608877204273711
86.330882541603202
72.064250450390119
77.628437655397576
93.774026307552020
110.195736906400725
137.286865453524996
112.619056746281387
145.504120188864817
149.244682272343766
179.836884598431368
161.933148189180770
164.340786375105154
186.800854581465074
183.594944270247709
174.516710362824028
178.082320359226173
138.867140031844087
195.319544714258285
214.455733697852679
221.150137291764906
221.720153811649908
219.102713430112544
208.564768133659726
194.352778889728171
147.208001526320828
84.677873964380069
130.904845564993849
105.004654365986624
106.921924217502209
160.726667155432295
106.983731300451012
105.690468600161495
139.559730298272711
95.261370210904701
91.700355195190184
103.162871826307679
154.463241601119989
140.606770653873070
185.191244329762156
154.176383265009520
149.676511434891864
177.931281277599652
172.106467253263276
169.783026711896895
204.619328690375653
159.482763207495509
196.811106385866282
210.756961910066622
213.867917115877958
213.153972233187801
212.199277052481932
209.656626279353418
221.326672777133126
207.335693316461658
230.451810952806710
114.171784521177187
97.228005750101005
144.577680263994097
76.361748958930150
152.414250492551844
94.281906936929744
81.734318560193643
85.909847299816605
96.469967778680598
106.201326678061804
145.991483181995051
125.847552749396741
174.215430624382122
144.762854175916146
139.505168803722455
174.582242494881257
164.499091045989985
162.777332307539069
159.834275826573219
189.309956607770829
182.633932850334787
213.828318020000040
224.919050393848750
228.867302042322393
225.841508836040248
218.779853341886565
223.236584183742821
235.033041848212918
242.922991969222693
236.449752450933801
98.597562946935412
83.243280540631417
85.807991307059595
98.002504070432664
73.625322696683668
70.918668621951554
77.790829491394760
92.169533045572805
103.441733432944574
137.002731927277836
114.815128788475732
164.933848742051282
136.592906316770296
135.893845272540233
177.634836795880318
165.126660830326756
163.235731372179544
159.796176088421504
194.630387088496946
196.501811508386140
197.721285550518843
191.431017095175491
227.415586343966282
222.560037892898691
219.134583742694645
216.965651601575871
231.492253254073603
246.186756949477342
238.039006861493078
170.329239484408220
86.258027637353450
78.521522260852322
95.850166983869386
111.421840439666767
71.773170939029285
75.959498328659237
85.213711762841712
97.933210126705163
108.040137544287205
119.522448958774007
153.812243050491503
126.254108326621932
131.205617285551028
150.078824718848608
156.893110312998175
117.287661791662359
133.483974374791785
169.840742482115246
199.832394053031265
203.110136940793836
198.133312357136390
190.429055227714315
232.635341391239479
219.026449613102443
113.331160406690231
224.297101827010380
238.158898799913629
234.948638574216460
189.523186881249160
229.075912277905502
90.771295309611190
86.443579577636626
103.339208394750784
115.197989591699027
97.452076299323465
90.618178828725178
89.576045283310179
99.040560848845885
151.582697087112336
102.184165474946440
110.261959286711601
116.960291132381570
131.724095198839620
141.520641106639573
147.465053114619195
148.482386323798067
172.624299430462941
187.409073235021879
200.146243146908290
199.972251934434496
198.136559137562756
190.565845293492600
208.251750629777973
197.899513552890056
229.930187991452442
235.775197495682534
225.111635841173182
195.542150246621361
234.741558508065822
178.088155014759536
169.493271684764636
165.933384271580508
117.098839991428392
102.601260081098928
153.812840529389206
115.046646633476513
104.982860746481151
107.866157120807259
118.282310768162219
133.408619165411665
149.866060374791573
166.712010553261962
140.343836935108214
181.627959558690151
165.101074524935257
153.157585438806763
144.498647834747118
151.905338372855880
161.278663587039773
167.347634960191442
145.063653063898499
158.537969435024308
168.562191214334689
174.067515016685888
172.858627117222085
168.244227005501301
164.643265450484535
162.972235063400262
164.017332374023937
146.860412375879520
94.057987866069922
74.869726417017375
90.051275489853097
153.271366584533325
121.542565224764232
113.166026226404853
113.750490452720072
121.524861846123045
157.151792049360438
119.718920340463725
109.591510387407880
170.433683311261973
144.031238002801075
147.489394855759684
151.945517256328799
146.332370356086585
155.541838598770255
159.256225629607684
95.864194372978872
127.708112775427054
163.963796752520068
184.296878167702459
192.299145537815576
195.777365129334839
196.090150262707681
192.874688479456580
189.200468319140782
184.509776890306512
209.442103472216331
227.270491496946050
53.415530522032498
79.665735945806688
132.954204360384949
111.606727445413242
109.309888061744772
112.132465646631076
175.110842979771974
99.857343538342832
125.688201639723886
115.032822807688518
113.019728742450610
126.914779659829662
132.703822588333054
128.063366837750664
160.859083850696862
154.792236685732234
155.824568695999375
105.224724060559168
133.293616497815009
163.352602018610213
170.189181406350741
175.303436697235753
185.060229539033912
191.948892228681075
194.987729268486987
196.385707999926808
195.214818424055636
235.736267679399901
161.174914827450039
145.459083872063019
76.777121858491455
123.242505982158193
76.740770304186043
63.310190130196091
68.408478287976635
113.653688308024016
92.430474993562655
100.113290846393696
116.783530256068573
118.298503097787986
156.399210655914715
109.352754717292015
108.799758834053506
179.873525982009369
151.209633733536663
144.726225816781749
149.629884795252650
113.437315561321086
163.129783984885194
185.407631069411877
201.841455686507032
216.813355252740564
226.581106273211901
227.974602423145228
224.423778432862946
135.159017799146170
235.972434794523224
244.446377708879311
213.610473797772528
225.891757356967673
100.452089437591951
56.745525350039685
51.350221668078859
61.689719355073407
132.867874071984346
93.850165388524829
94.266164068905411
109.268858657897169
155.177810991392164
83.340354245771991
93.195483087444416
118.043151563933421
174.608165710298493
141.249868058775888
134.795347302369180
116.162915225762973
151.820501549987483
175.602329327137909
181.341618171046406
186.613106024596618
200.513678840880516
215.832768036147172
219.078401580926709
222.836698618836522
158.037548727426639
235.082559986977742
240.014022737597230
247.178387358771261
252.773823181306398
230.122914265846248
58.300911498196385
48.838393103889530
64.170978157369404
126.375309179727992
89.657536147938515
89.060146043255756
98.428647408051489
123.559309744757726
89.966328346001333
100.322549414774684
114.015325632712788
176.063935751139354
130.707785007863748
130.651938265450497
135.713991228810301
154.813888051648490
175.744093048515140
187.850906868688412
193.260906580037101
206.760064770341330
214.777013342163343
221.949043976609403
223.258957031416429
154.269631811062226
217.602857750645853
226.262882520605046
238.863723689792948
257.626330254919708
244.745039778556418
124.174429520884772
50.730717629347325
63.131524237447024
133.234941318328424
106.307248767996569
98.122162564920558
97.384284943759894
96.067120987766558
87.739306026676189
96.288189430672901
108.438754056755442
169.623836170736752
122.350544790187328
125.269502088200881
132.001375995922388
135.201524976201824
160.330567895166354
172.153737989202625
179.237474384356773
191.667009959109578
201.210790408837283
208.808955152793430
213.786044970628780
192.914311330448299
232.284301288812799
248.366154924010459
231.375841277316681
247.402265905183953
241.773513197847933
125.947608335758531
224.539142188068013
64.230648303851851
77.038006083885961
65.373191600402421
70.425150388163587
85.326684102470352
169.858953773689620
110.475355071021511
108.455780348432725
112.886000575294858
163.605150701218605
110.278750594039479
115.111468007487247
140.578967651570053
131.580139476268698
154.566883351346348
159.250773885869791
170.046735525727001
180.937534667666171
188.240432545958328
194.751876936883093
201.387734037029247
103.414270350109248
154.924862067526391
241.865492381366437
227.824510679328426
235.320929165043509
229.971373354556079
148.573170808369554
234.153221948091272
244.086940463978237
155.112266185223660
105.481913435709956
110.861290605156270
117.738289496228276
117.573489940195913
92.961980682306091
92.909738933925624
158.774759656624695
96.166313995930679
96.144504914602152
89.791701470287890
130.018874553523574
146.025565988261263
124.064382626060933
141.678648118478037
152.290975516702900
156.642133578485016
160.554684205063921
180.866458093741443
186.243925565316886
199.815291710415977
196.200660198126656
214.290680904764656
222.918329045211777
221.034089387996573
208.350573690152601
149.207088504329562
228.678661534842092
242.007894407074815
242.513712610669188
107.992471271065867
99.200058795592298
116.285513494835044
122.988164941023456
97.152003138381446
137.371648642751637
83.300235198369478
73.289452062563655
109.357663881160875
88.906223797254214
116.945393810899247
148.822962206279584
142.841265344996316
150.793934087108681
160.731281046534207
164.909392632205652
167.408988193438546
178.014267167869036
180.288927529940707
170.049966974780034
209.416677929454465
211.183788515361130
163.727432768477428
217.191811738813044
230.530461965890538
146.562686368409516
218.328021233914285
233.569939843016073
231.223665945164356
227.080078060026807
125.310668545471188
108.071649234163232
129.774578158597024
83.815986335074172
71.354776082092485
130.594738123667327
108.250001018060559
98.385065232399370
97.006418159650337
105.076510703694808
96.767597952238191
117.398608275649110
136.062834889593489
151.266868731746712
156.955243547199814
163.573485676489923
163.775162570940267
166.129899835562838
194.018159627815493
199.662708984487125
199.139045083538747
198.443273337199514
218.572753509436097
220.787381411983745
177.833200014130483
228.256705690450985
241.476034343678123
238.671868978878081
223.074231951088422
224.771076564214695
128.360333825564794
95.500294384816939
73.790874228232028
74.893842326042943
99.026397805835160
86.663300431788642
89.550308320118461
93.281372269834023
152.890627056547856
88.592717815084256
100.284088887562305
120.987296813354561
137.710474729876267
150.617350835943768
156.949520100242239
163.002302096631325
169.084753524394358
185.166043729632804
188.640959365183392
194.467955482318274
202.014081047751347
199.509682748017781
204.666486693562376
205.314269966903481
209.020887909813126
239.815353028808516
241.701213079839590
229.281482817453650
258.615945007393748
259.768899922957587
84.379829885356784
69.933195797058048
83.143020382772690
93.188281390155069
82.312617157365281
123.407170120059391
96.050153345558385
89.142136930363321
97.640735776601446
87.834332662644471
99.619380491636122
119.643949845665702
137.648694455272903
145.200805769961562
153.220646337024164
156.967954866446036
170.554870778281412
176.912916489996491
188.252262208459001
201.649624896424484
202.510278427309288
206.684631058464447
201.193326364124374
227.613312799012618
245.816019791742605
249.777984592489958
233.512149196348844
210.896759933703208
265.180718158832178
128.555990413571777
88.587877687089446
91.289919618320894
91.799177039851799
72.816406909106703
71.127883870978110
81.082473957092702
95.126255195717022
109.710090134705013
95.400934830791073
93.614737377575608
105.949844734991032
122.851223353982249
132.680044378541339
143.618562677688459
148.614997276868309
158.357822804381556
152.761002468284772
178.604249314769788
187.626913582070472
195.646743383308348
193.888774197458929
187.826342858778020
216.282173389717826
240.468156033827199
244.969444057811216
240.549019658453574
222.753294219281287
258.944614651131985
241.126815086539068
185.633268295584060
98.214438127084449
93.249447917195297
67.600250623605547
71.656351218596996
84.902056193779416
95.821482567294609
106.745773228047895
94.120942821134136
86.207683119377378
96.369074725825087
110.276703215720673
120.915033466146838
132.540787067140798
141.378051406614645
146.387681169353641
148.205969652269573
176.121153213614207
180.476639056791015
188.656087960451430
189.816180673160972
175.204089234439891
176.788548625482520
228.763064369567587
234.587075705628592
233.172706139171908
220.983167596857982
248.388721939012612
198.932508774965640
206.588353814619410
213.523608211021553
109.542087512149209
70.907783579837002
79.279385727901087
93.930983427777136
103.507144398979804
107.111528707444833
109.558883746639097
91.642090311446907
89.465689823654841
95.426678247630846
110.612216389248331
121.952985139944786
132.103553500414705
133.890338859483364
155.614462035514435
172.406652557600239
167.890911105619836
172.447831856248968
183.944903788593876
190.177383936673920
116.720209982235190
225.436077215094286
228.842747417919099
224.994694468165477
217.036695893884655
208.619682781066615
238.421037683438271
229.706678194045679
231.752668532358825
221.730644231604231
123.279220336575563
80.170235200284750
87.502571771672237
98.536331733178727
102.734328375156096
104.333649573295375
109.092393124888559
87.741138388855745
92.557046570784792
100.019640928861335
113.268561443481929
119.163683246130006
181.218124525471410
138.934510159828221
172.326568402135678
156.722121993728905
159.970811031026329
169.346770038474432
180.851391798428040
139.909553924174674
220.949015269449944
227.328399126870863
228.827373800701707
226.021894785451053
216.287830338927279
215.059779545245704
224.503859650290963
241.618945154740629
233.531319823534375
149.777635380832919
114.511103464040275
75.784456846725419
78.414192302642121
87.066794859007871
95.311154538341071
101.245391460782145
113.590855810596167
108.093325365066676
91.738062014441496
141.506963505181346
177.944983954856752
129.391531913168279
124.929566001825464
170.526337724208389
147.627819082708896
150.529545615787242
161.266966897304059
172.674601856684887
163.500297124514162
151.541441567992820
219.311307100298052
213.966466223240900
210.357328369119102
208.559941200348021
204.432386739061940
230.693042264740654
242.025032103299651
230.657633371749455
214.406553153303349
170.431809992488581
114.041190873809200
69.515556694577143
74.101541029169994
84.341016707245970
94.441050809938659
145.116852983015832
96.179618486548904
175.820426157379529
171.899027534142334
107.076061450761330
114.517236413335510
128.890295586583761
168.442333792228538
167.832140086327456
150.855211413947472
140.708355131014571
182.400000572282352
174.576629313039064
161.955395091039406
216.924242997729749
211.059872437286344
103.008108772332463
163.196503181363767
208.694672078281826
229.220154931736687
231.439377945350827
219.318139536124733
231.808504199299904
230.345302517357595
187.946847413036437
121.095035773842469
91.116335370209470
99.183129643987655
106.922949078464512
117.408569383101494
84.259855107781604
172.756745795417601
90.582032806647533
83.383486227805889
153.191997210734996
125.725815636742482
140.403998030379029
136.637597889671525
139.926612929493530
143.938029509701948
159.846552634191625
166.220624876301372
171.106171046089315
171.712516409560976
168.579244114627841
167.153536160138003
196.061667288518663
217.915495136764406
222.162344410798454
216.565791036237982
250.263160704619793
254.631532137960079
223.956559537835346
255.899269431649401
257.132911227330681
90.437303836131079
83.390153490316649
137.011258683070707
96.378757049621584
138.402288326158100
82.122424439065867
73.192719664920560
90.305667082784765
109.231616055864237
114.688608119409452
108.305962183802023
119.534122259068724
135.117156056158109
143.506618070022540
160.187770487243739
164.772437112310143
177.283569123529958
189.270533471794948
161.389739697462943
191.887799348396072
203.757583474427378
200.797633934567330
219.762000671434066
241.771406878915172
249.435283148071392
219.418463231031097
251.443575018568026
261.613710466893508
255.170987435999677
243.715587432369205
217.296049014662799
121.210700585420284
115.545200286559222
81.021717991651116
75.206951665905521
72.782065030117963
79.858413531056499
95.574043721288902
107.473554560332047
95.753774618911066
107.511148155501942
126.550381674222621
141.020095665123705
156.811296537271630
164.379065665973400
174.804570108960746
181.877269157922342
176.273629393214634
184.953937784011373
187.791513041444603
164.522165731805956
231.499100614052111
237.863191060292422
193.059632741570795
241.733656871669893
256.137098496377916
260.242449192923516
251.488680739053507
233.900744183989929
225.876343618815838
121.757752865436160
72.819997166762889
80.432698704405851
92.984240813659170
227.364867368069355
147.788266338672173
106.394627630761704
82.932900731165887
81.381928852347386
93.056774203446253
122.086645948135242
130.901860891612046
136.622309905269219
146.719883700685529
161.816281384392227
182.831473925756541
169.235358763054307
169.794776052654186
171.931209103929262
192.251109645179667
231.877657171206693
223.843980354961047
212.229554802490213
151.225692914747896
213.810824058461264
234.430763976038975
236.973024029489466
229.883307735611680
223.371505400688875
98.446108238197127
73.939625082414025
73.661421988673453
89.725924832287461
163.688523500559057
119.541767492708345
128.558876495726423
93.908399081884426
100.888362802692129
120.243863259130691
128.187409542074306
122.028025439944130
136.760410322275931
133.635791404692071
151.176396687803589
185.505111877545062
162.730828731427664
165.245725115478166
175.238852346531246
191.657026044071756
186.019076110250467
222.704469882199390
111.832515299777228
156.040671813228784
207.109008421127470
225.491216818934163
231.032876835172459
228.067691575177548
219.851876651042346
132.698307509917129
141.341050489972332
76.994834554802424
83.199520781341107
151.586606077230499
112.476658389596096
119.715729182869211
80.679274242111717
74.860259169398745
93.936288777068796
107.496322833548874
145.791271463598775
98.823258424383809
107.160228153825187
145.049576360833754
188.582068056394206
152.262449889928547
150.037833458025744
161.730138240110762
181.061096039862861
176.523071903001807
150.711582649489515
162.367696169862086
159.849372519172050
203.333057154667614
219.877771246976920
226.588504135248741
226.221807510351596
221.125213904656874
177.401233361287609
198.449588224303142
219.094047383554539
98.336976384927013
135.886080601851830
135.344251967261044
112.738493163383552
108.832327570041144
64.706991008094050
73.614029486508542
127.296062563218712
98.168804108899749
99.723925420355016
108.489069934653401
138.324226836002595
182.099665500976585
143.891556295343946
140.105753523509122
149.467997591228965
171.124325235050492
165.078332398825012
163.461257528183779
171.118811103317626
178.674971776206576
213.123848269228773
227.011087785841141
231.309226304245016
232.359617927958595
227.062430031626548
175.588804818657223
228.582833676306223
232.067480716470754
222.587831254239148
115.798630301551114
74.865601288920246
77.514527626324053
90.528413712993142
102.566872954712409
88.543918810103335
81.001771685066643
88.054996422858594
99.811228619944359
110.813335278130324
147.760138579313008
126.487269805398626
167.211902836597886
138.801995150730562
136.374096148398763
152.554227401193174
164.113770716146121
159.839392597033964
170.217036845691126
184.490259005640752
192.040462512682211
200.927153121036412
199.693057956230859
223.260952653338109
222.454064612095749
202.353462350304994
240.975710695793481
252.297904592260295
242.072805460254358
224.925895958072005
81.076534577792046
67.096068550548296
79.524081987961083
97.487943483986911
71.330580107228656
70.957384699929008
78.945329627382790
92.966867474571771
109.104754980561481
137.622885034107583
170.322340710629760
125.625213398558103
128.700749958662129
143.954866266127624
152.288186209550247
153.906301610974651
160.610227980817029
184.073999250146329
193.152439598381847
209.363056979600969
214.191401804302217
208.740468112079725
200.293656782464552
219.890402470440620
202.889894552712008
221.532965901040228
245.931227388840455
245.767973447881559
231.055128711967882
168.785698176324729
77.565978156886956
75.969596479936428
96.162998282856236
110.581886285850089
68.803757562307993
77.803166002182493
87.637251829821338
99.494985541020043
112.604595803117675
152.036601721530701
106.846299017194752
120.956491043121389
134.066578148005078
146.559143250449921
151.975942291836560
153.941556750785793
156.638390166656649
154.356480384472235
198.535273737676448
211.232681630707305
211.688517230605981
205.409676995426253
194.949792655147434
191.714552286930598
218.231278545494263
242.131354046073966
240.796660351129219
228.429426234060656
192.356781983249078
145.393227783960526
73.725129639266655
80.796860097304489
101.291059036502105
81.783524232270025
81.423806605961985
88.564697199836019
100.540559597338628
114.659524738419265
142.918552164659758
103.049932663460851
105.175967968618977
120.899877554822382
138.684606649056974
147.188727204059433
155.949673658259002
159.288636324807499
158.075139292153267
175.794306732852249
196.788829853294317
208.994869083250308
209.140101150945299
201.965931866285644
193.574453626447621
215.766338667978744
235.015415628273757
235.020186957889166
191.538443587071470
233.860128537016294
238.632226107261971
183.176459312825983
170.253284668819077
115.894865116765459
98.323112949303891
102.352954405844841
169.435833363475552
117.992265512507572
101.792950306538984
100.916487177499235
111.387186839117589
126.999223301423129
176.827075228969818
145.415327578625693
190.274012462418568
160.357202870078652
146.570257744677093
145.646228977505643
148.380012790746946
152.296883429832150
160.624788562752116
160.082654297186849
165.159182974891422
167.840230623318035
162.182381246043064
157.256177255741903
156.501533155374148
158.359024906378949
161.983409812589770
166.997951379010999
138.832830493701948
190.839656059879076
64.814191197283705
63.784568202059774
93.593985641613443
166.724522462600078
123.062205316222844
112.241464313804315
109.936140620567954
157.143261204237973
117.979160648673030
172.426944243653367
137.040977234523666
126.645510352538054
136.021309841153965
150.078954085008661
163.411570619350584
152.929841148175854
156.538587510599001
155.606930146855973
116.943347582354477
158.139791832096563
184.085517338918976
184.178253819481029
185.408713529478035
186.221076759010799
189.568062778861133
190.447414523154890
190.398216199385587
186.052606195515381
228.553022424621105
136.708515581211543
67.370230840663140
72.010958278958114
146.471177798756287
117.286633052789711
64.066706724113274
154.685859867151493
99.072104210715779
90.355528097544749
102.158007093010724
114.765950194472168
121.176257123830666
166.672100761656594
156.757856462936985
180.034365553475226
154.281413768391275
150.201144119468154
151.082688332708358
101.792625086985794
143.930548579543085
167.380704397775389
169.362526088106392
180.856185999230547
194.218676982695627
203.472933079647532
207.601952974344044
208.694004895200521
202.193243092424098
136.287891958892601
202.201447113183576
215.056569055689010
72.651891899079331
135.022841940695230
57.883277695535924
53.019273730468981
110.618388867181210
81.684923747214683
86.250787598231511
105.712242161673430
120.494350835959963
118.140013296726337
138.940866472856385
106.646053903988417
122.868799671175509
173.349790861970433
148.032726788781360
142.040281990254272
119.382106123685304
132.652974344417743
167.931857049277284
178.407646805602184
188.707290790280155
202.510178045107779
214.900076856800240
222.049458613570181
225.254026279317429
138.584948569666153
224.006187679670774
247.825745743992343
246.018301028871434
218.687472754716509
107.579222495710582
53.444707051928759
51.404581621199156
136.765108245931174
89.339872532530308
81.260079985943321
95.131125436097406
107.758029349752746
132.930079818038507
75.952976175855255
102.198537414798807
128.273847581950861
175.743372211877187
137.411352400987539
136.647404994575680
147.680753299804280
157.924365727099570
182.021845288832083
183.318949692812538
189.806256884321783
198.483170336094048
207.403893171283528
216.558228907408619
221.330899910035839
93.098572902856930
156.469130532560541
223.686087659467319
261.093260039944084
248.770933085060193
221.499824003780930
55.131549809032862
53.368714908590846
126.280259818978777
93.028814320781009
162.697948729364128
110.562763081070159
142.576835854395171
108.917848000257734
75.776995179304990
94.810561696053696
119.803669819434674
171.299972764476792
128.573913896658780
132.896330374440652
160.674689835543631
146.642895383344609
170.031396236943408
185.489858282209553
198.754894979631501
204.793931578412469
213.430815842298443
218.327467537293330
221.231348129715059
150.453874975754019
188.431924564627195
198.308790513498252
250.745523261873473
260.341248432932730
244.722502884092364
121.240194293881018
54.500042144121664
141.450619630173975
103.948012351355601
85.230228765477591
80.860984784643932
90.306687132559006
166.711965840983396
101.042155943088019
98.493932750199392
116.038355594772796
156.536140711229621
119.153347312343755
127.072713745410738
165.654927848139806
148.179870042952132
156.892576139030837
170.415328717505218
182.886458723286012
193.964567418294820
200.984587997531492
208.024309443206846
211.409030929183814
216.097699473870478
216.921790552799450
167.730726430149616
241.939162583406016
250.446386771877599
242.132908639378059
159.474076223834373
239.979321124871490
80.319963160744081
92.358482739173880
91.498794425827924
105.912403506962633
116.070683118736468
88.768679916113371
79.347879157777754
83.551538811240590
100.458217275105824
147.908526860526081
110.349039920499848
99.737483365135802
143.390515350781783
142.295797665139560
146.988334714507204
148.507652608483625
149.066296064376530
152.554299832981854
192.506346822745741
196.528444704256998
201.283077184636568
206.929256563051979
210.572792066156723
225.737821619956861
239.514504908821266
237.937371043240859
184.345873697396115
169.126930654560368
240.448481849996853
245.130117578603546
92.652249314514776
92.015648919177593
114.306592216887594
126.322453239207050
123.151239181865563
92.548688263571336
89.859156174246479
89.740823668848364
114.741462408175835
119.378133702031676
106.596921053185014
131.665688265704887
150.801028182460840
147.646348638643474
152.903976731913957
157.679587249506966
162.589437955749730
164.634535854703358
165.339653818490916
187.556709711471370
191.741372326228145
196.555424158104302
196.494584512730398
217.357961905826357
227.156873088578521
230.753647333971855
133.883072556264949
226.288466910622304
242.047674272553820
238.729301671440481
108.039752782637152
102.097603891284976
122.199860417033406
125.481328297456244
157.765026379719416
87.296046670324159
103.339960454761211
89.374632818988573
82.722326436309658
104.135825844542779
106.988768232195383
122.861044461613631
136.291910273600024
151.301206706707575
158.871381098371842
167.591045521696913
171.278037747343092
176.078806797789696
176.293474761071650
206.785666952677417
214.630160738850208
185.318707743753691
194.435810970408426
223.925771213680576
224.696981470869019
139.703870172738704
220.350653099766191
240.560288626060839
233.605553584312133
209.360432913431623
114.504753962955760
136.656146773181774
76.810656149124114
72.020629338067877
72.887648610812988
106.053256696469930
91.662556663500766
92.588873002350653
96.856779249102289
100.937860093151144
97.706616890972256
114.922131363550278
132.210227367357987
146.950792712902512
159.423137664153046
166.867256917021507
171.835316055910397
178.008930083162909
202.155283648633400
194.483711123611386
192.278930629370365
199.337176822718504
214.630019125296428
216.280766881246819
209.100856887644028
241.168203801544166
250.691255143368664
240.030445672980818
220.283135121562083
263.557911167638963
91.099617968107992
63.809148564430018
71.788450819551230
108.042427061500149
81.590113003562564
98.124863606019602
99.569811226994659
183.679224906570624
112.108250680201266
95.216608669074120
99.465992072196798
113.346134531001056
133.996018820096481
147.308770831074497
154.749061832869245
164.453346973949465
169.428092644172523
172.316035552697201
177.565404205520679
191.537173168426250
196.261822056450200
196.530941127348058
201.368580504910341
219.046601540517941
248.925101852696571
262.238951478366289
258.615654626427840
235.460153809036342
271.995060886692841
148.662777996671650
60.469635902588976
70.726821516927885
91.043652707028528
92.061252827794164
108.633900044465676
87.942709825196701
88.380535263017137
110.433283407255658
91.674312430661843
95.291448673283682
106.413829808622779
116.382066143066368
134.789273833592887
147.515049315092966
154.912149635254650
161.987960830021876
167.008958277022316
180.840606348662504
190.792197869074869
194.759811654085922
194.615875528321340
191.999350998603916
213.833722785374903
242.383997897211600
252.235124862207471
249.371431131119522
231.814022290169305
266.952041349609715
256.623426156340201
141.711340048899785
81.576941828503763
92.566438278673360
80.021978476202207
68.800385150027722
76.186686619455529
91.538630211221786
105.996490604487661
104.380443002729493
91.043721135166749
97.865506775659796
105.242031212276075
121.043517951459478
134.644004924552064
144.815129854984889
151.108741568373944
160.314762231446480
184.323471519411498
183.002712536151790
184.644399489784007
187.638063767484766
186.866439376871284
170.527689458459122
230.841265933717352
240.457164441349960
232.141839451089851
222.595760161200104
252.443209253204571
251.013456117945481
200.806924280703129
216.789077720224441
101.586405075659442
83.406507062269213
67.408042227730604
77.966379677032677
90.400473474280034
103.354796313211821
102.275495300487307
88.538430187749782
90.243525346013953
100.301811874145997
112.516843430725146
122.442132888286835
133.410485915550026
141.912955699017260
151.967845763676934
151.520606595016233
188.531635517868210
183.610701133067835
182.080767882143135
182.210104097632779
176.294333106357755
220.731175160254168
227.154753549996030
221.981724822339004
212.468185268682532
205.227908092422922
235.776157383407110
224.866235754228285
226.394249312818317
216.940628038648697
99.535103017082136
69.554732798484238
84.174388943920690
99.683419992384444
108.065049729007598
109.291493110016489
94.479959179985997
85.899315012852895
91.642402684272511
106.474198958876769
109.556835463069405
121.642730961920989
131.220451937794650
141.680471238115445
160.059982151655163
188.886836267015326
176.312361743994757
173.863046131025499
175.920085043972563
137.834744659344835
211.981618992308597
223.644978698942992
224.637689658756415
220.191153583676851
228.241776785976072
228.015916899764022
237.725001136903330
243.236322955882486
235.429202403080893
217.683991309547196
102.720215776836326
73.511609400930539
85.628659303013734
97.899630909585383
102.840952249209693
104.682633974252823
89.405722015606315
89.723895512157924
97.198668418344468
102.253079250158777
108.348548630593314
185.448623151698342
142.857953757268803
132.233397728049368
183.519587411719755
162.431542087273499
162.916499367800100
169.310566075218674
167.072759717822862
212.695141366358826
214.607145231047241
211.566623763447694
209.637401452756592
206.139196067235446
218.768253093643011
214.920820188798331
239.345358284941369
243.611639576473863
227.250669324644036
159.924240324774786
91.937536946170326
68.157088589049650
78.007471172011037
90.335335467283002
97.048464710104199
106.056420108059584
160.184620602546943
100.543112690165060
203.259034151630459
168.108379096261530
120.353380484529396
128.867799837550024
135.555899333934008
187.620175891001111
162.808590339017996
137.501979219488732
178.733726812552902
178.645984218201079
164.847771158469385
217.981619272996539
213.173690338746638
208.339278825264842
204.967783521905233
212.254237385473118
214.033492148010623
235.205054604438601
238.945027168244820
162.270971601904563
205.433888075634457
232.775012267038335
87.978274127903404
64.177258520280517
73.051443983832101
87.210157708687333
101.559693054381555
145.922407764015560
128.952438755753292
98.624304847501037
129.335664796189747
102.127475989613245
120.419636882376949
164.459186173385518
172.250231603348595
139.283203338838575
134.853538660680016
139.469752576206901
184.366539752232029
173.864990135132160
162.032950410215307
209.741635837517578
119.437065362019950
143.504890722489108
161.696768259982832
223.989341822002302
233.884125013956975
230.486166468466962
221.318098442064695
230.746048271347831
230.505584175506840
121.261377940389309
128.652181486391783
92.910787657168143
95.818154449770404
125.988236834476268
87.890444054631146
85.225080012753679
102.172132524379975
125.857896243390570
133.689776264245126
131.122679270633739
162.435621630631118
127.527661026508952
132.264934098030039
141.626642516501903
155.567510742492004
156.129082779088179
169.680319866418444
180.108288369252818
184.168302331576285
179.258497431998734
170.470799770867927
165.624802790386440
191.801280605470708
233.341749166583213
249.151074346876385
248.639273112443732
189.965080181545801
226.890565046014672
241.025906076706832
244.781030096246354
99.675492336675660
137.648127712173022
116.090295398720428
179.937446064281431
93.177835385736216
72.273825300622306
80.127103872506424
94.781276160156693
107.596913536900189
119.655733652777769
108.009574791215869
121.842860351138370
142.377931652556214
156.087520915973528
142.417350189938134
207.271365215709437
204.919488041452041
192.448058060644911
176.227715309749300
200.921583330403593
175.060556960637484
173.887615489576149
237.790984160403269
240.691855264678168
188.568459129837095
239.786988412566757
256.204772220943028
254.131567915074640
247.013667986789500
141.001213177324701
193.390097761671740
116.501328300510608
74.855314920881909
73.603918990834856
224.658348652963809
127.478682794232242
112.436374644572808
117.092246122234968
89.341371058750951
89.542278698305950
116.007524187640087
137.940340201191958
139.482611989944132
123.624900883799128
187.841683082884828
185.030752304850154
179.115508043426928
181.912160575953493
187.792094239540120
204.196419702556739
190.608634529827924
231.073200366605619
221.934346618857035
210.667104364439695
204.571187381079653
234.285190336830965
242.233425469328722
237.725970836582690
226.447790997690049
224.299096626405287
84.972252676895152
65.308939615340464
82.475405654983263
182.854039872505467
133.623212727874005
117.088801646161670
95.450115909881902
75.199135159563056
80.517644531981816
105.705767441492014
121.232354749192609
136.249443601243684
135.313154071057454
159.204291774243501
184.623683843570490
167.652606462426576
169.756221168301948
178.879812985997035
201.111230108864333
190.453955077536790
223.156661755052937
211.383392906162584
128.250231529773231
189.706923472816527
212.117041894955833
218.534185704653510
218.418748421195573
214.454856990852591
212.252383082839060
125.934151771318767
62.066664932052348
77.734127404442916
164.492843372449101
119.808428804417545
106.035510232955872
100.697548188516279
78.155573738495590
83.096743429440636
96.737488496286630
97.616251417946785
150.589142419972490
113.123458612161087
151.713329231031480
154.330270099272326
177.324140452755614
164.103147463825479
172.251582459735772
191.328475679813437
183.587851244059920
178.474857258627566
165.182353994252367
137.297976482589860
183.483854840451642
204.087799613930258
211.754354709393994
215.254771068078128
215.003120341159047
210.518127507614111
209.104783030240014
143.704125090544835
81.847258741049657
151.198356017025702
112.393384818358598
109.193891563677397
78.203755124059725
180.208788937035536
120.713952029361863
88.952510597924160
139.762052068482660
101.262360140935627
109.589879157034744
134.820343487340153
138.309507254694722
177.312469784034192
149.946108563897980
152.747732211370987
175.849328099714796
166.174972312060532
160.694303229901806
170.338555566334719
152.937531025393696
179.521159314526159
154.518346482897186
206.078966030381679
222.672523096270766
229.132634110019012
225.361750232622398
167.751953217512948
206.631674325676357
221.384334431169464
118.002650670203792
112.477643029834184
75.267137207850055
74.110952562213285
83.855883566747210
94.935644940557992
109.727672128783937
89.222978622814438
91.526102238866017
106.641037951943105
144.914859855089503
125.457840822942373
170.515589336539932
137.001809485691354
135.275834647578620
172.550888522055686
163.391635971650373
161.021846399203184
169.835445035776729
175.677382297041078
210.082472288766610
217.349181460899501
213.030053736189330
209.523877258882067
230.927517697223038
234.326284591496005
207.281391055919556
245.313966905547886
242.184473422415039
228.376066385921888
110.199602685826278
75.588640573824520
68.069443065957458
77.341741249447324
91.522246076924645
82.797355434453763
80.001424556858439
87.083330257030354
104.748837068750021
117.533968679076509
138.088359671289766
162.376359325185490
129.937721880441018
107.586987964000713
144.094460954829827
154.026932767816049
158.500400441026073
159.874789053593673
192.610305755523882
212.949266297815285
225.010630148775022
221.665809157499780
211.879047991132126
199.193461790203173
212.611851781499468
215.754178152158772
240.850750405078458
250.768883196320019
239.642835077896592
168.241146509385715
81.228516019316132
68.441081740067759
82.934644624078814
102.204381607315355
72.016708352089978
70.060065598485096
78.366344582962370
96.595975434094825
111.376707420122813
120.588747159766186
143.057862749020416
113.657876888629104
135.705655054072935
149.547632434585182
155.602450599156555
161.070114483126616
162.248447336537595
159.449204297213157
158.320558496346564
213.573814687019592
218.494754152305802
210.384361523047687
200.776349033326397
215.218031082642199
104.726098261601138
236.961324135107873
244.291904106369230
238.135522305914321
220.763993398221032
192.956735592571874
75.334737037119879
76.321148087109819
98.443386181111919
113.682388539917980
102.358581783530440
83.495758968423928
84.248641676755597
92.068647461758616
109.590679199459530
144.887828885773160
96.214664540391311
118.916551336900241
136.010513782469729
153.203892976004738
158.365486964743525
165.314043817119909
167.087944353618951
168.084996125299995
168.837931419609902
209.540980185067724
203.567205280669782
196.555618119418568
190.100513075516403
166.401016343867923
229.960982639610535
245.023980911329403
241.904743342526302
188.730367333099821
238.972782711719503
204.191654913883042
79.023878320536355
87.922556128081254
108.876043085818949
227.379270123461197
96.418865772113435
82.977819655154292
84.021094171392818
97.429675999992625
93.401242880954854
95.063482629884021
99.111325404231678
117.888340765133719
132.596950340336207
148.296874082620150
159.907168287124108
162.876286883583361
169.350267907471732
172.788731678239174
199.963531710153291
201.720480671273691
202.037999901945113
195.376621028127317
217.218914938694070
166.034913703541577
166.240560164501005
228.695777191670601
243.611738221710880
243.390989624689070
226.366078752913467
252.497270486483103
166.632499083033053
106.898920148041825
93.052515847873437
131.638489282855573
107.402492558802749
108.854001095618401
118.131146425806293
126.552471911463556
174.489443631285155
142.904845231892438
135.211291585106892
184.159643532645333
144.597684223147922
129.470068249350703
128.809648961605262
154.232197094120636
156.566242973635184
159.900490703676326
151.386031392486757
155.810102643209916
162.312228409017791
166.127354539525783
161.462151009534949
155.655394738370489
156.615423688870521
159.111718574787290
165.431666104995998
172.186821138543394
153.254691109030688
131.855937158888082
73.441857112792690
68.731283492488672
170.775736531333195
124.444453412632924
121.317357655561239
122.820051235752373
118.338537039724613
165.604558719050175
134.305794729327431
134.048061827898891
127.111753014464952
128.421512786119877
141.346725189348234
149.831653485661718
179.233494696302898
159.635184256323555
153.873088970771505
114.762133514885491
141.435335673572752
169.052704957295077
173.530704240178977
167.654114437468280
169.451844190058893
176.213748351817856
183.605038729496300
191.563722563864133
192.319193054036077
203.234364283316978
125.110078393714346
157.025269151017625
62.158631306198345
150.092623066687025
112.129768800608730
120.284228391608607
61.702854454515119
109.334930023753643
83.767480404405148
87.638025663281255
103.737454017826451
115.242936128280462
123.045106766462865
142.295069516676364
121.981212946274141
179.490121109981317
151.038257799721748
145.041402068585512
113.036943384559493
128.441918085350778
165.701704448966154
173.260796493088606
174.288998828092559
178.820583819594049
188.253540964012132
201.432707520150757
208.641550901199878
208.633635152860023
118.660268881296361
194.526617349319338
220.818806876303256
215.281795969192046
74.459472822202343
146.621502975629880
51.175338463358656
54.278854109705662
149.284206898925561
98.039032724736742
95.648239138871745
110.290002042820504
118.029312780383506
123.767931084008836
93.533599668239731
122.873674078911776
163.549298971505920
141.206106724458294
140.247219852361866
146.129368640797622
132.468040783761580
172.064148623284041
180.390511663834957
189.242832574025215
192.670109467422662
197.027591800492928
203.492055453287861
210.653352345608283
213.569908230311910
167.995673615915734
154.679088936801890
255.720583224146282
249.799324247611679
220.711502061043177
117.147031777720741
47.028217678882214
52.282269346908862
116.120964911382714
79.840739611778957
85.349616569042354
180.246845228726954
105.661284609676514
107.392597334825055
84.481244015183364
115.634711656623267
160.771179651665705
135.945561252377075
140.476585158007651
143.285613349080734
149.026096078064484
154.016410226343226
178.616965919763373
185.170451444776972
192.005872533668423
200.046991434543202
203.094605738843597
206.229297901234901
198.623081447325461
237.282775664919825
166.676957313281918
254.808597692356358
267.251823616640934
247.751195349744876
221.180743008711090
50.634319474960080
54.086649784625109
120.452297962547391
112.913819152994961
78.145785029254100
70.022909691938267
85.958102846506762
96.649138860227566
81.344290066618612
104.966970457828921
154.349080772958246
124.682354340233076
134.911672201839224
140.865403072125133
131.460412108567311
148.276990538596607
170.742660432689320
188.879623494311147
200.213456793150442
206.728175833547652
209.031666093615854
211.206957221527546
208.800064827896165
238.725310913266327
241.944482265699975
237.393895498631252
261.567266869339960
263.711556238362618
242.193232665133223
169.908222375784931
57.460451582893597
111.702123508336371
86.980983564396709
80.571983888047924
94.686340402166920
113.772121275565709
85.431095199445821
79.936560091584099
94.745689255135375
114.407976867836851
142.124337455187174
125.743139067076982
126.615351718648597
154.876855450021594
141.426806599683800
150.793882242428538
151.225883507552169
151.848244501249667
152.029612686412463
209.385763542522653
211.649702494729695
208.511990506732388
226.499488819501778
223.017594134433580
215.679812675964996
252.407774583766923
252.357866419684569
160.257499311298375
250.852180934054900
251.803468901709266
108.669880889509145
110.644566652282407
106.523766565368447
122.803039582284498
128.149690298632095
78.557107855791372
71.037250978418541
82.552587330090731
96.756291578524369
137.178221783887466
88.793088301563046
126.843453544903610
142.507892805611021
152.380157874561235
158.640811107343268
164.978689699672060
164.764102441351326
168.294152430832128
170.464437758977169
169.937221002092940
197.486257285220546
212.179003063991843
212.202995511592633
209.134769330945687
146.304084590130515
205.865063529041151
146.145883941367543
231.112358330230279
244.630374106922773
239.686707294217655
109.005950041455037
102.549563416820575
127.153754099497590
134.705670142516510
127.750783439474461
83.293142866344184
78.395306334134062
84.989434774863795
114.004207005853175
105.633448038647032
98.322253259006828
117.587713388105954
139.098238298342096
149.296655173276974
157.943009879852411
167.132338896327980
172.541380005298919
180.042085366508616
187.597010816407817
184.656389844559726
201.955157935925740
202.466803898093048
201.065008762450702
202.442890292370606
220.278578149306242
117.248997853158556
214.952418391953472
234.132275894839495
235.718128282327882
227.502388100563223
122.055075700593903
110.093293514623213
127.830044666329798
155.026749240609377
86.228938121748428
74.727191530163253
75.430303394557740
103.292197574000141
101.919281053454398
106.393060145448260
101.263318667522640
116.292928356818862
127.452053110764808
143.001113639290821
153.159348110272049
162.966768516460661
174.759003165900339
188.084387091601656
189.041180055806961
196.724293779079403
204.987535675991239
205.994732077243640
204.655345432775789
214.330626563500033
217.699923927365688
166.668359183096669
232.158813022306447
251.699882045431877
238.478018250631408
166.045389758178231
146.874550924057047
62.849293067060984
72.145909030262828
88.068434068614977
83.336937784350596
71.217639103587331
100.593456401219839
85.562444822521911
118.117688681231186
100.086232934322908
111.533210864888218
117.012920435558328
124.152940379985708
140.060850346518691
151.184096649193009
165.320070597394647
176.314988949653809
177.189791181953495
171.897016059366223
196.650847589132667
200.564246722657799
199.084864256885055
198.412174947922779
210.918320150990837
237.624526785141143
256.669083147171477
264.651166796029486
250.701835697797179
240.077901331871971
233.771995521964641
56.591538786507172
62.043950590586320
81.518892219595955
80.831820303615018
71.097971555208630
112.723677579554163
179.854110025404623
107.674881177243265
96.189184861802744
106.446872434903526
108.504271215500907
115.234747183331791
129.864676029958758
142.376527666133455
154.760993096841389
167.337208845179219
170.620534676080297
171.701779056992677
188.175059785294536
199.619644019909174
201.950747127195740
198.161909180392996
201.897744874923632
233.201239227493602
254.660561010325068
257.099932661996036
244.817220471275789
218.829382799767416
256.165148372194608
149.523740240590428
70.368923775661926
86.993445515219406
90.726542365657124
75.058626248662151
75.467184761223365
86.530660413657785
93.518922172132235
88.077170042499063
100.540442770790904
107.097148533223958
112.744031463532508
117.331411471662960
132.724500141126128
145.784194231898312
155.247727948095530
160.413982297304102
168.408574935127007
185.444407882157066
192.860525573915055
194.525977890965834
193.262576066635376
190.755777945973193
215.861802372553541
243.594568645080614
250.404127587245512
242.495014726489387
255.052802646918053
255.749270109685000
206.511576574088082
226.104151145765996
100.635536418963000
67.926430745861609
58.797133716454198
71.456573769685733
91.523604403872255
88.518378815837778
81.031434538990709
87.594333311884185
99.328882237530195
107.113112914133779
116.844879226553545
121.809846148178721
132.098835612795085
143.152114171194484
153.644483116287859
164.550359550487741
191.293439353035637
185.107121935626452
185.994969080272085
184.546881329273901
181.835818342433043
165.150577993605907
229.096540144326923
228.460967519444040
219.913050717189435
210.232205572839888
237.230461767203707
228.538172550877164
234.118654512925531
221.097576156697585
119.726294458332575
64.853020034027509
76.904161281660549
95.337698635030108
107.004401247406335
85.918837140942514
83.329008906810571
86.689361558248464
98.707939237770148
112.502970449834891
117.072863194068134
118.582261014339778
133.464179258034562
146.041125841936093
159.177456427623611
193.343218206469174
182.285858319496299
183.685746039806105
186.926663217309425
186.317089558812597
201.318566947071218
220.619768625350162
223.524807479525123
218.386009354029511
208.559913672481599
219.503137210074669
222.340325218592454
227.125933196770518
223.357635085262302
215.637259142342600
78.822518226826077
69.743040800647918
88.837226021087673
105.479323734372016
111.601566465499673
84.092395139427865
79.262623514650684
85.148591477387214
102.418014301874152
109.734226267439681
110.550542529261179
119.999255601470935
138.872162472054754
177.513689786693448
145.253178742706382
190.623279259732271
176.540327888654616
177.717850371542568
180.786637209372486
149.597587379100247
215.596439391886776
217.754704234392676
213.353920639840453
207.870800456146981
221.490028005259859
221.495416817046078
238.004871382713816
245.526942483967247
235.515032195300819
133.399222755845670
82.900449907088017
71.889310794586905
87.513252672839357
101.835690108558595
105.869808233953449
83.153385251461046
77.615424144892160
90.950421548035834
103.639722810220547
105.127758292587004
116.828995388687133
166.956536391430376
139.307133596199293
194.894230627091048
158.424437948404432
154.544948243828202
167.744828574042089
177.849138683922718
175.754408811801682
216.117593135949761
216.949764466486386
210.772117635271968
204.482099126129924
220.932516995345452
219.492652757723022
225.273119915539894
239.126950899251995
234.361789118033983
180.821077173041942
192.577518525377798
76.151854462362138
67.310351253639723
82.551866421449063
97.085458093058321
102.694659010505376
111.870628854006924
143.064044237578685
202.065426434812025
132.204995882839796
141.341790497470896
121.182833727092770
129.789370580676803
186.677899945454499
153.277208604898050
156.291258203382569
129.242082269150359
181.802118380111438
182.130383209575882
211.182966579312904
209.627431066068823
207.327897384300314
225.211101854942797
221.518390185180522
213.612444444953013
177.786490403454138
229.108995651897317
229.394376697816654
231.948936511992144
232.890856681992204
233.568631816123855
82.374150414715771
63.860267631489492
73.731282453275341
89.708600559937949
113.893875594417409
82.827562106710531
76.482596893332399
94.194376012591221
115.720044035452474
125.913009463245629
128.379903381260362
132.481480139101194
163.256300767580512
134.585591234745010
134.761350349206623
178.302539223070511
171.930567031026158
171.838386902951783
166.823262925608446
156.220085301090904
145.745918683039093
144.316299802108205
153.040599039918703
218.044479977266946
241.189712026725715
248.398405305064927
240.229119786149852
250.442891099759123
181.228883284326258
98.018937641221612
118.460613070605461
194.832241464821522
105.535109637839938
75.576402833819216
74.093398171219235
89.163564440447146
111.107973807237443
129.459593700587135
133.604643383631128
155.070556101786224
116.124709853273458
120.929449278348073
133.474610542453263
145.122891469856711
129.722496154992740
155.161086338722328
173.549196629930464
188.315944281802103
195.120337797411423
193.308346455846248
183.881352635049609
171.694618386963953
229.643873772990617
245.663638766187887
245.370569318490880
232.662768797176653
230.842552735247295
255.418230121280772
256.036399968260241
150.813222950847603
107.339956882482042
97.647821063212291
187.397985176284493
96.764294064829770
107.177737864124666
112.832220874191023
120.258348458665012
126.056122707203130
111.922003648150422
93.328509099581240
109.594519138734796
130.158473089048471
143.636795958738020
126.277103622267418
162.297673366681465
156.120190088138656
159.284894960447673
182.449205783867086
199.362436887109624
206.399708676072692
189.073386644319896
226.046296619884572
237.483758421164623
233.600821345790337
237.280510897197615
259.800359901991385
266.802826268966555
261.100586588901706
150.235447045717706
234.713433333685657
116.326804954256971
61.048912711779025
73.697134346956830
91.881479805266054
143.057846173416010
120.335472952643030
115.930256533780423
94.417929559017011
83.556432543331567
96.867961982060734
124.846178121607053
128.670407306834193
105.862349969656776
145.774161143939011
149.453427920844291
181.546917773614268
177.552670954181707
184.968111213510184
200.918443691885102
186.796823667374014
174.656441503837925
220.719615470816507
213.531901412571358
240.397997155005470
258.525434433134933
261.124839486997871
253.622291900651362
170.285030042800884
241.140031432717365
113.613097053482363
59.967731619045992
64.655720089359335
88.141346216925328
232.202757862541262
128.953554095531331
105.181081136636948
150.213815470502766
105.864564467078637
119.650316926783006
116.835031983574197
105.768649316374592
138.020291532596048
137.022735891184084
136.441446639214831
174.976842285309914
166.942980894214969
173.880520477136713
194.598211891833984
192.433108140340892
182.235597201890471
169.968805766045307
169.839207067818563
172.638562026562795
186.604109380212719
192.381616092918534
200.139846804063808
203.666773252960326
207.237068409217699
159.509469459898867
162.589734614140696
68.574323807287286
84.185890282028126
180.452833962936296
115.455907225217118
102.382064527112803
164.709440992095409
119.001424660330301
84.197314381212450
102.082126490121979
144.198963617833641
106.742462101378365
116.886428990222782
133.330772443797969
174.662747481814705
154.199062540821842
157.432296532265980
170.345290259141080
183.644977564916246
171.224081427780391
202.441069599471490
153.083247386888360
144.193312875505796
167.046548574198255
201.470555890660847
230.617453141224701
234.944090592215474
193.365210767613576
203.072341582556845
206.529181501338769
222.126568239366122
93.158754290795741
137.192553397836662
102.554730942792276
87.049234062912447
82.316638237779102
89.524429284962650
101.859506757051150
127.941484022875088
94.355833032261614
102.183945977905807
118.610762635382002
129.010671576411852
168.729247320183276
144.328301000805766
148.233784702400328
156.199878454588742
171.352834366380335
133.123248874713454
149.625450332123762
183.644050358914029
189.154592143605839
225.513182226574486
235.220356204348150
232.719335690191457
228.677894744547103
220.243968452380955
203.307619544902536
232.602007053821296
238.784548309068157
223.370394702983560
78.074497042917400
77.560540828794217
75.283645204783483
68.701364852169206
75.676530108742838
92.490205438549893
93.682369167932762
87.381243278112350
95.093619318512921
111.722736511507520
123.862296565000079
131.534649923735230
164.041699376838523
98.178497264370151
144.511911641103978
161.819356814004436
162.761583841819430
157.768624674997113
153.348841107777645
151.479682827691903
210.863578551932619
229.846413146768356
234.394857363524096
229.744894344413154
219.568461658597613
219.983787714041796
248.180551389298046
255.762868181108786
242.826013686743210
222.189496003979002
73.391263146735866
79.381465403411809
68.557799721809218
75.935668929229962
91.125717384501257
79.983621899087225
77.846977228220737
86.821935402526549
104.798582771446036
120.229002862348722
127.174778365809587
154.403930652575582
113.209105815100671
150.901119986175559
169.295197554664469
174.579208449414949
178.096450576425184
178.140389652724451
173.844497181842229
166.976084709508939
222.483004069832674
227.390599325660162
219.420694502691447
209.155819259773978
103.477105285496165
182.398919431495642
251.090020076634488
251.751318939291878
237.872458608430492
163.946535757510134
82.919014572089310
68.396067792282281
86.833665623484848
104.128740439557930
202.818917540471688
122.392645462206531
85.962552554953859
80.147209458454768
98.303011621822733
121.338537322617853
71.112419986859379
111.761151488986854
128.549503977514348
147.249372553440054
158.640304429185619
169.259507825680686
172.579441315142276
176.710578558737780
176.926284068191364
174.698953765425244
217.334046204096012
208.628416523424733
198.680483274635094
193.471051931834296
185.892475640397095
246.310949789816618
251.102951393874690
241.381980652983003
196.598220264713120
235.138503999529888
80.824245398009708
82.598151867251289
104.737441937373603
136.626791513933824
114.207383676535429
96.057137368042888
77.954152449579638
85.032087532924010
102.112663744763736
113.164067082703440
98.624054683017249
110.391624636980737
126.997669011590176
146.650053670589415
160.340911314366792
168.660367715554912
173.597467397219418
179.275612310296964
185.189253575406951
206.165649420164925
207.715219403900591
205.757873528042154
198.991934172851870
196.325991324695394
148.362081885403683
230.264530910546341
246.014812108073897
246.384696878670013
233.743204801691718
204.598428324706958
105.492544773825529
109.525057028357253
111.692997477469902
103.393625223495889
95.223889161939269
76.750087048251956
74.736660651477081
107.342284061296994
106.419233997402628
98.831069204479519
106.484653845324743
114.880454388805688
131.979655105698612
146.318492590465240
156.237353226240543
165.659605218531510
168.666640879671206
176.004608287929557
173.801035994829249
205.442789798275385
202.222985385896465
195.850087521877811
189.641385341033441
188.818783812710052
201.755352718408517
239.788092640818718
249.532073238940370
241.976784971624028
225.191691606303863
238.222222340215922
171.214855088269303
101.114303512117800
124.336474701760181
100.891212087395516
110.438493215826725
120.549174281517423
128.250577047156696
165.479167515060368
140.759009373858959
139.823249141780622
177.710502541068450
143.942367335687209
119.575717527810866
109.930786986395802
166.302669656736924
162.041039834964408
160.487293974504610
124.160781636171350
144.076894633066047
156.119342831494009
164.176612237622351
160.388688677437131
148.965401428722458
144.408697826634210
149.558217835392639
161.148792725772239
172.820832177142051
130.434997800726819
180.150998147399633
127.869070315631461
69.903357832257697
63.458800443615516
171.971713874612306
121.055748545456538
118.567824337508867
99.622131400943999
146.545385576863282
115.674785293707842
116.089818063194372
129.928538196450177
134.175144243243722
130.310086748346009
147.911906756147744
175.307983607623385
164.084266179886242
157.528962850371869
154.268056994749600
125.824607868184430
161.974694406412397
186.387157576262894
184.145899426633434
175.431966933907262
170.823228302028269
172.335301578054612
180.112667183736306
188.670025320659761
191.836615092393828
128.090298795686834
201.617798337552756
208.142502234358119
58.421825082320765
161.129413841551099
114.944870125804513
52.951589198057604
56.876450411300169
85.101861334570586
73.690553845146127
81.381742600779148
101.802146025302562
120.922583146902497
123.409518071893615
120.074160972565721
158.723534260264017
155.935788872339600
153.367331236640240
150.309826922563872
147.670389620235255
134.576078313039744
169.340784609771475
176.575104676533073
177.357102764674380
178.345989373878638
181.062280315797892
188.372377934415454
199.955539647354158
187.911159222170511
226.174464396077980
256.283888171452872
248.419845075548324
218.523868158165186
120.059556135663811
53.874556318842110
45.071669735515059
83.558032033326342
56.594902097994975
56.105014800130391
69.505917174614154
176.396042654956545
111.445608445442645
98.885797705764773
106.001669549831490
141.901024496276989
162.066235886017211
145.482424435214710
143.757199383521964
158.927978986790038
143.408507287967524
172.734115671257342
187.042628122506926
193.272519111780383
197.833321933412378
200.399576755344583
199.209865655557621
201.682565735488765
231.240259936832047
245.056626383970467
245.041585373496162
271.326073867815808
253.581269690234791
218.524305043379456
49.203179233483127
43.844690376941870
65.858467410242312
53.122127319511321
134.921733752416174
80.319992506089903
69.787127608966429
92.474636578480954
85.293770376731757
87.238223155963908
124.164959977177176
146.920040934307963
139.159628282659895
141.795093764746042
171.139703575757039
137.849578775699285
163.851279687187969
177.459264488853051
194.350364202495996
206.836456705973518
213.336315949439495
210.795021134749049
207.991113318674451
237.646528103557444
250.332319701694558
247.606988664514347
266.622818041822654
268.790137192867860
249.821925837911863
116.273849259408848
45.009192323865932
66.517257831084763
57.109335530081140
81.958385065377286
62.311677089988592
67.245239282782535
95.107000853565566
176.384365574275279
87.995874160354873
100.411171891134813
132.174535220354386
138.426819675205337
136.674615573923234
151.345186077091029
150.677655458919048
145.491429794548111
153.861978732746678
156.754108400339049
154.209716426887724
155.785978867171906
154.073925896938590
212.446648508737297
228.618813933142405
240.561740110420146
235.223277431540282
256.217708278891394
261.318548143605028
249.758191978133624
135.325155944927332
249.300577304869137
69.594329198858503
113.094599356841911
89.220901363179465
101.564182151006705
117.833575377059617
125.310378801048330
96.823546002835769
72.106569171386525
81.040918812866977
138.285855107409219
117.496004804307802
122.578896024284091
109.724990252506046
152.604072152097132
168.192145984736641
177.343136190910400
184.154765270336441
189.691772586579390
192.257856729442665
190.554068732458745
183.436475209728513
213.996569640712380
222.120217249467714
217.255992824502812
211.786099837989013
112.706984918495834
222.775820809154368
137.721774683652797
239.385842329176995
246.074944153816944
115.124040810054765
90.777770197323434
115.553224423909853
132.506802752498118
131.952681676940813
99.007902202302034
78.528273523666542
83.480841686997110
104.605307645572410
111.160563523481713
97.287818320494793
103.782514289760257
122.248803829836845
145.060600482806791
157.133446920104603
168.083362284439914
174.939654359158880
184.225370661707132
193.666856625719163
198.220653040818462
154.530028599943250
209.691334306142977
212.626524027869038
211.885663809750099
209.518462216708286
220.955292650608499
129.910930226117046
222.270276119261041
240.893376183370208
239.325549090894583
114.237154212223729
107.108590121067721
131.886624371099259
138.660874527423005
95.220457119014796
85.970752326889254
83.815293457071476
88.066628426515734
96.518436836866641
128.566623527348582
99.599498852926857
113.938552026313886
131.778135146695121
143.527618615364105
150.904438799228160
161.105235884789408
167.461914323445114
178.696529112369092
189.608806694109603
181.586542410030233
202.066487437136630
214.502788148911463
216.501083988045593
212.326034705742472
210.092986462974011
136.233762473031248
219.375519547403599
242.937996277925777
238.153596412597835
150.583673586866695
114.252684079081533
160.663789274677129
90.799765302434153
95.656401211699404
81.070052195714254
73.727561977172229
88.014504240194498
89.751795756116465
123.188743880964196
97.846314375698213
107.730449243059525
125.481319641279015
131.361210951056421
140.405693698205567
146.798861075435269
157.893681545699195
169.731467313108482
182.674281545711978
180.692477923756741
193.536288728548925
208.671360963356165
209.225112982371712
205.807924526893714
201.947591877805053
214.662356583453999
246.948432004209565
257.212480864273061
249.299159874693004
226.940503049623601
194.548494273332437
68.288798409132085
61.291321777007568
84.248113521950842
87.715820073337468
75.638087228583572
91.498038044980774
90.085262133739008
101.569030297641405
92.010271407072707
103.527294394113881
118.748033050680647
127.396403902003826
128.222894314222174
133.986311039010104
147.495355108691399
160.148696038106351
173.342334408716908
173.965062868553872
178.117246166949997
198.878431760159600
203.557795695988347
198.685146259476824
197.297507725871242
187.528874714903395
246.383839612150609
264.226701739060104
266.792181296344324
245.782007728107089
237.348381202186602
163.684518695175342
61.551515836689831
87.189106483696065
84.760529058393942
75.528805543739665
97.071364631128318
181.015944902231894
87.622716123587153
82.588319050699752
94.585309719878481
107.800734967320494
123.671429619510022
123.610346442267144
126.747062391501089
137.530955962741189
154.031633690194411
165.254283519205984
171.699243478908357
175.601037096816782
191.198699183289136
202.265674465255245
202.476752273237878
196.911631115255602
190.674544577643218
238.388608265853321
254.510027475534145
255.013318371196732
238.860383380583613
238.363437470355450
218.074814508674137
230.517616398504600
98.024503562587171
107.360847637107511
86.075024827186212
78.015692320988535
83.358719770146621
83.037699715183578
74.862452626649429
83.208388950006778
99.057877322522359
113.785676991311874
124.337989211353701
122.458781247171459
128.209457874272942
140.678092761700555
151.585532741005892
162.794824285660752
171.908223373551692
189.604593165512767
192.258029128486328
193.505069686807815
189.051196741929232
186.997668202728732
224.420007772111092
239.554400943804580
237.386599367145209
223.069387765921732
226.276167634917812
226.408893408987097
214.466371035415705
225.159235711878466
106.107162021063203
59.175019205265514
64.371477390392613
83.634214936748990
100.824490179218003
78.376966647985341
79.374909219733894
86.393679426269216
102.891598137371645
116.942630872124440
120.493840619824937
123.027655794216969
129.463488910494931
141.688841038875495
157.592400803211461
165.844062728661100
198.466489455511976
186.019434714139777
185.388736642587276
181.361384018579571
184.496338621405357
211.677143343329988
225.333319223579622
220.428081341508147
209.931746670542253
230.029015548710930
230.265847905366968
225.290066806273444
232.744789235356677
222.801554374611214
67.099885256092151
61.394542072382947
82.415665417840472
101.842623715801267
80.306864367988297
73.578520259777832
76.265987597390975
89.927643211352191
107.146407476475616
121.805292174996737
118.607910979548848
123.869347004137865
134.266457128551906
147.074509416986132
180.030365311352000
201.247973774157316
180.999476980192952
177.950513095874015
176.388913045284738
153.444639164189738
208.524017330870151
215.604315049025331
210.579986493518788
203.475462332158372
198.457572174651034
214.638182998882968
240.625117820829246
245.935121580184386
236.418914977519137
222.057034705620595
62.627759158564345
72.542938091717019
97.253831255083469
112.141888342978916
76.518686180448029
70.323264390164653
75.163550988762466
87.219493267153013
108.103708038122051
115.233134769563634
118.711302824515514
126.165340569667677
139.676079927941288
172.816929560473596
197.890472216255120
169.333822464845440
167.229902284684329
172.707336116310699
172.035536903882644
201.686171070494339
217.964301735126583
219.555176389442522
213.065819560489558
210.304339210485637
215.546114983330710
212.804488166353224
237.173563686930635
246.710443469156985
235.468383347864631
212.297924077934908
64.571366099823962
75.897358844829327
97.404594037313160
108.506240475574856
111.925363133837266
77.601086643467951
76.856205268157268
88.314853512959161
99.212407195635791
109.697833330859865
120.186525617762641
157.473451444999370
193.237697750307461
150.752662026676433
147.919155783695345
157.852229227706914
169.870674038522509
181.305632005228432
206.995338662297200
212.504802837531571
210.602705942242608
204.841530791814932
199.465689043217822
222.339287717281735
215.047994324701165
144.181276995564104
237.795017363630876
194.959263354680331
233.687967700134891
234.022631792066932
71.003854393990309
64.869531038183482
82.260106758935677
97.963441629630353
106.234999359327844
167.797844429022291
196.915760093714709
126.145119484404461
122.629495614020996
129.319034729421617
136.165598934557067
144.885214741979382
149.809717950026993
131.964471825589726
133.738064607100114
145.676483213916327
182.532848028954675
191.893162325965193
203.553650703716016
209.980713713639204
209.449693836440275
224.240428273699365
221.342668300410054
100.560766145139837
222.301107196023679
238.706635769163881
236.016085402351393
176.367506298312605
216.512788439434530
83.717296500676454
97.670267081439761
84.524310205000063
95.978254924399138
110.017985967921049
126.293277559501917
95.265237026005053
100.544095802326879
124.216349566182174
130.596876273547394
124.491897360983302
133.228235364558827
159.142650052090971
136.882943426629623
136.665145431685460
150.092333005405834
159.202343923632156
163.367241426395395
199.970355487388105
165.122176518474191
165.841027834598947
162.126007380449636
158.688494315655873
160.455373228103355
234.939597152277372
240.296719623462764
233.097302912552237
156.941317830798994
227.355971835829735
135.281797191608462
215.076857621739236
177.293871044646323
106.700788273470934
130.141323179651749
94.266584605849843
98.393895774678484
109.851105621583372
123.063640556861429
127.372840277258760
126.716147015818621
124.177646071583752
114.004676570830085
121.966431344505892
134.978972055895383
143.391742134816241
153.718300892793962
146.164872468032911
170.370951919515591
186.042685232885361
197.835077339872441
200.291227236961703
192.550883699997314
175.976914402895915
236.072030685173615
232.638065318097517
221.819090612085120
242.157223945852223
252.565045897446595
120.569215338005705
218.528604788101603
223.041673173048366
185.777865925780617
94.895311769215084
99.979273971432931
158.374683567705517
124.613679421330318
116.658112907411095
113.861112481795686
118.094813183064090
103.678156175580611
103.286408029026262
118.140225077266379
129.039470534493915
120.720146388563137
141.555778094214332
140.942671595551474
168.844911833922993
179.861093430512085
192.906041441496683
205.969211050618412
205.025804815865172
189.754560465804957
226.183700016942566
222.242051451305002
211.739292987735496
244.683209890879311
247.680790958696690
125.869717605153554
215.098953111825153
224.571601655595941
222.785832839919749
58.915219328149917
76.110072074669560
96.531335742150119
177.850939708895055
122.308178497731745
216.090044838632195
99.004947256507222
77.456823483745268
89.389367681623398
146.114246890640061
110.273790968519123
102.677524574632557
142.008218212538054
140.489394443557188
164.551032072984043
169.146888162147377
179.443825411192250
188.550855074804872
200.666238582628239
190.135067016539068
210.392909904399403
189.681156870718439
186.131035002617438
209.601216138347581
206.242765935199685
204.720873718070948
175.378926561406843
236.350120551197222
243.677527525628904
181.875057751806139
65.679703475669982
86.335713842129394
177.525101965852514
97.959846013134339
83.993051376115517
83.342565857564381
157.540095318758944
99.044817909720535
130.961332873943519
108.051007085423294
98.992732971525982
142.712197899109185
132.526151762271212
162.882460862681000
157.437086846387359
162.660797505465013
172.844883116417520
187.549526118312201
179.551157770579891
166.923308504368549
227.422707363599358
199.961053258114873
156.738968530595542
219.648920989249746
239.966731227672341
244.652749299714259
241.139348733874385
230.728769625716239
208.849129907995746
231.496386286024574
92.192582409233651
83.989906707519040
65.792093468783946
74.603554915133984
98.227980646250714
81.818708765975742
81.876810049968569
97.928729820245849
106.352999576280482
131.021308907115525
108.231186418964285
123.528817821464443
132.980931631210808
169.682525052087840
153.386047084695491
157.733661740495592
180.187309064319152
175.215125880197718
166.195955739781454
223.789552979748663
187.931586219413219
180.667658911551342
227.074073426309184
242.090913704875049
243.502328719999127
237.865153164407104
226.890882331665409
233.972924581885792
241.612044266317582
228.708157556591971
119.476271057328333
69.216854463818180
85.028339695565435
66.101183020542308
69.345654480456204
79.454200225475304
97.700659762228071
124.898101335694008
91.224547718301437
100.302610506866927
121.378648244521315
136.807602809497865
161.127603491059119
146.397202705433415
149.410561709265039
96.390592216979343
147.587631563170419
157.124949042314626
157.127035982388321
154.326736437994839
178.214614806713769
221.435949849549843
235.418791166511568
237.148164487334952
232.664737161311734
220.625738351063092
130.747925394564959
234.991184323957413
236.729762441944843
226.202267884541754
73.355276056420493
83.553045524747489
62.171597056898833
67.817599409413447
80.216916725344916
97.442648832925585
129.937666815287940
84.925451958833477
83.029615032061130
107.698957031291712
134.635202205217382
151.349667822949414
100.447767962191435
151.687938551204979
167.992922995832316
174.516379069485168
177.874587363444789
176.571988704421187
171.855843620424764
163.124517034857035
203.844773512561630
226.604905545491391
233.282352032158201
228.095156774298061
215.391584378769124
180.470259608866741
248.529331015201308
256.042256126379129
243.426818479053054
221.726538952875131
87.381602571323143
57.556711021482784
67.243250102919831
87.392308293425344
100.560904613831852
111.159916445669353
78.096101943185118
75.155352796162290
92.414557549886723
123.341979444970264
63.064996229606606
105.691420568213246
132.186472453355520
146.996036749076865
159.333940420062447
170.622788532895470
175.176684167607419
176.812137552283559
173.333777010202567
167.510754765212283
167.186836997692353
225.233197588234532
217.073840483836989
206.948262298683517
184.217180171511444
195.076919342982194
253.118960641808002
256.151126092494792
240.859084303180481
157.433203395148951
76.109944997332633
69.080638811347285
89.508439374713475
106.001732045744163
206.988983592632167
110.648997868787177
81.271507588884660
81.260006534382470
101.729017031181371
99.866496042131757
95.121333877165455
100.838164097952742
117.663708476001233
144.941547479120686
159.341898875392303
170.751472048009191
178.467068529157558
183.280593662049654
189.105002788526065
188.907172998369504
216.577755339092988
207.682251326872176
198.368016822504501
208.114696214903205
200.816647699056858
135.783441636296885
224.828376746510486
242.240318586899406
237.931274818056011
210.712872307057069
107.430217895766447
102.936970891232903
119.818729092373545
149.419905769319826
105.175444005655706
74.797917637671262
73.487967926774843
90.935939867528987
131.481914547896849
103.689146329809347
99.937897521808083
110.943759064339474
126.752616727248039
144.511815170763128
157.639268773608961
167.524371985832772
174.085647950087974
178.795280377330300
183.441056478383075
209.943349609403583
202.027590464305973
192.789155211289824
208.159876524575225
195.311943889890983
166.337368162112256
227.882042830186208
240.263038919575393
238.892118036546663
234.610540920254977
241.493298649093191
106.364763298151829
115.077347492096280
139.565140726855702
114.964745456297379
89.327573312660704
76.988325688067150
80.387759097085052
110.531825321301483
104.400789597679875
97.440925323973133
106.498972732180803
123.328805141487777
131.046504320598302
141.155214149293585
157.235320933692378
162.043455726731935
172.008401499706935
177.108113035108659
172.857040842137451
204.052569014538960
187.931237902474408
179.802335810100146
191.858942450526399
181.777901380223170
199.397488777603371
233.965165996904659
241.531834679288096
231.370846594740158
233.551964491930704
236.532526555742493
174.565152850238064
127.436362594101084
97.113965524719532
109.577124390729736
119.981335300338287
126.678828891054110
165.459158036951067
136.823331942646291
135.742646148892334
165.069618003962546
139.299617275840859
114.220614198155744
103.669945686008376
169.528762432328477
164.621550568562554
167.499529553393756
132.940149873085346
146.861001075157958
153.408037726891081
160.664194500733117
159.274211279239523
148.650253062617764
140.795054146703535
141.362370545647565
153.211377030358648
166.813479270780249
175.891280715739867
146.615092172844982
143.663563844842628
184.644934019397141
77.573318833092941
167.950103048979258
114.917374955767684
117.327433403853121
63.912875041802380
93.915230927275502
124.306407348955830
100.459533835771936
106.910571180926411
122.508940776865387
123.131150679950622
147.951926925976380
153.362823006134249
170.087364084412883
171.016126726728857
159.417663535196169
150.461529795404999
139.874529722451797
170.903706170182375
181.385238046465929
178.297800980879373
169.485769473465609
168.408376470782486
171.744972703256366
179.490831885422352
187.987630680908694
190.855451641433206
241.367811566709861
235.664461288874378
215.222464135933251
73.807653026776208
164.646181926111780
96.259387880629788
52.069740419695762
89.783326947524202
63.579641275727326
64.897759225913106
81.360135779075364
170.811185700522600
125.691601302780541
103.393459855432766
133.783783261805098
150.155034375306002
156.224479811743663
151.943680856293355
174.080541028745756
130.204678212969327
160.019584012912162
171.734970733751084
175.522773982385502
183.387859156005533
188.279182292066139
190.773391535267791
192.319193729111419
198.752413676562867
95.245259754043900
208.733451740277900
264.059859075446411
251.700992442407340
222.884519889777010
126.011939452457568
42.038119291215992
47.078476905635512
64.320422951661769
51.623318215652176
160.389916982564017
94.015083620530788
81.115171423406309
113.859789496007949
90.262462673673141
115.600244828505211
142.921848270859897
156.441799765555515
149.295059014118152
90.554383129780547
146.802499538334871
166.464036848429771
176.103180020016339
182.187294009002386
193.741962363121729
198.330750957281140
202.406000318142333
194.350995464062237
193.327650671153776
217.605557545679517
242.207899336170186
242.075167567357369
269.524581882480788
251.194302059816380
221.810253599466193
42.173924462868655
47.514490594242972
57.526014331383891
105.177779539951942
68.648992866009621
59.932884361737791
71.492804016916651
108.886358873579340
74.925889387547386
92.750579992084724
121.941411248139758
132.266414856575437
158.155159240458431
144.543597545499807
172.477543150614537
141.596483704390607
154.533710373453346
164.587479934765128
161.255061050521363
162.880433653056230
162.879344490357511
218.258713662948679
206.184135029172353
233.054759837638073
248.104015608714178
245.895612945445180
263.409232804033422
269.316086448073975
250.853910899954116
133.539617335222431
49.451188401589206
61.904891758091821
106.188966669504538
85.474740748107251
91.258212672481761
107.615302642802050
125.083884907867116
79.513430963588931
80.389110517020342
99.605518086427111
121.143635352011700
122.384660404823222
148.732938136727796
128.100961610049950
167.780281656707160
178.277742524090797
182.386172971889408
189.783582070726169
192.512899532188158
188.323089201239725
179.937708278598336
212.672517038020260
225.904731830700882
238.076222142195803
234.103060023440463
224.092917207893834
89.590616242226119
226.369619343241595
142.807461711207935
247.311426897089689
109.708617943901089
124.569905768445992
98.232389636603358
110.201467067318717
120.179722346689715
122.536721863338300
87.732233134335374
81.165781566341877
91.334339035150407
109.529726905351481
124.237859619440115
84.182693095555507
121.868499536666803
144.548598320879933
161.757227865254578
171.678734539248978
178.977698234174426
186.744421664055665
193.079360360002909
191.318435643519251
184.019485685847002
206.793569451630106
224.566976985323123
228.715163752970255
220.454104850305299
213.184242380294904
213.717511117835272
128.652063482238987
228.286839875590431
243.104916077243928
131.404234063094464
97.247639178948248
119.458610939369066
134.515183283433885
177.003880501007359
90.211749680028916
79.203569453173785
83.854677272103075
100.882793838343545
104.024452134291010
114.462517631098677
106.471927635848331
122.572224269748673
144.107689839075903
158.100674811696251
166.302292951304253
174.405900616025889
183.472783562420034
193.790221008057273
193.024489700231527
187.539740048648468
216.276172972435802
225.369107304291987
222.952647527337092
216.117186783043991
218.411107946945208
154.104013582161286
222.356383844472248
242.393888256492119
237.066435943753447
222.468205745956112
94.717465947447067
187.668766173874928
114.950320252954896
88.168426398469194
76.387724442650295
95.244485930839716
84.690361056926790
130.459990779837966
101.468377918000300
104.429258659336597
114.670095937717718
131.799264367944374
144.095819998617600
147.428804618740486
158.949854321978279
165.958381345634990
175.969453176081856
181.668786233219407
180.595876713295866
207.779164825124468
219.155607844559484
219.319059391633743
215.097390672030883
211.218723086270643
191.042389581698046
241.221555663646569
257.781607546587111
247.763402513582719
135.776148425264921
56.181970349771291
88.653005119187895
130.348544025802084
86.928173575646468
72.270771594340275
88.600952461612351
80.317174297355052
109.436008271279945
98.149202350644984
99.350857646021183
113.119304861822172
126.317642019385175
133.823421567885759
138.475258865006282
146.361674708951625
155.377426012633094
169.320250947994964
176.383279058508435
180.871899536609220
198.545209867631144
210.397267571027271
209.931623253839462
205.711022547927911
203.967553887993233
231.095920585521270
253.804504542345796
263.213245172114057
251.218122669181014
229.660959076362360
163.767236113382296
70.411128239940481
112.908706955699316
87.953122866085451
76.746423987001421
86.110539091097039
80.538322110765336
90.016663390729519
85.948320823946901
90.384160452984901
102.407788049859221
121.805743837744558
129.759661663991977
128.648111012815207
134.176963189507262
147.407277273439036
157.889120605810859
171.800543945314445
174.369234968595265
180.320712984030592
202.349385846016560
204.383804828131360
198.206643412177328
200.090897131990744
227.961774845256969
247.677101612322787
253.892433436530979
243.205334109981436
253.693158744344714
218.467443850666029
233.578612489722900
99.843492076281919
83.893585309307639
133.641678762647473
107.855555225187473
102.065116304354206
101.848470341920361
85.419773150651352
81.232509401970304
92.271990460349315
109.525382828350416
124.873835412205210
128.737735994536905
128.785851242768956
137.490926131273255
150.677482263251648
163.305338028589631
173.123782177999686
177.778928675211716
198.073576427511654
195.822571948601677
190.400832736041650
180.561958974824677
221.651744357571431
240.996815123685252
239.237809476716365
229.043853587544049
215.458143169155022
230.126559773650399
236.947633334471021
234.917749878650170
127.244620845140105
61.088387910985233
60.672148187440101
72.737286260661918
87.757235941819999
81.607452277913467
74.185688705175849
81.814486473151604
96.736268210223244
118.984474072645327
124.647656827820910
128.257217688318292
130.148644181031926
137.601416785681835
151.560492038779074
164.176449966413685
170.065967505290388
197.548209950495760
194.104051076671709
191.602276348563919
183.121062388990424
158.437100552433066
224.866432533264117
233.662219113911931
229.023757083349409
216.599335141441543
218.370400775083453
230.792039225395541
243.546687298659066
231.333903579828188
69.363224135190578
57.465355377335442
73.755488914535150
91.613034900194862
101.288663849713615
80.870430237986298
76.022130037238085
82.433382825223575
100.599578746244873
119.942838416747577
121.016417199511125
125.522196177623300
134.450810251838334
142.828419477903282
152.629243670485039
195.314504823769568
181.646426730523785
184.074835540395725
187.409085646747769
184.431050341068499
177.761970828929634
209.801800133726772
222.968089356604082
220.616121788379530
211.084805357898006
204.653477224687038
212.177360004275585
250.638864628206846
240.815251720122916
225.992101128390573
64.919673989002874
60.754190384522943
81.202634588208568
98.332018092423027
81.258373052113242
70.511308250417059
72.919433537752397
91.817634198828458
102.872114995325603
117.366180971198517
124.674428941615531
128.289137314718971
138.108564272152620
145.343161502814354
183.347247334398503
194.621963809505274
180.294680400248637
176.741076319200289
177.899082259483095
187.255463305746929
212.655634840957305
218.313475467045976
214.421020632124112
203.322458505473577
212.461011049444608
216.907725992717729
238.387622748869120
246.454311938993982
238.004397874953014
206.322576160888218
58.788127185113524
70.204717169929893
93.688346043044405
88.517692622254458
69.787745208735359
67.422838492083230
77.509139961125584
93.404657466185341
113.082566435797105
120.652375181331308
128.694513225314267
131.721333834982943
172.851146071186861
194.129470076252375
162.098140292830180
159.522808530924635
168.720586873730298
167.355051342472791
196.154110823845429
213.297813018946755
218.713957072132843
212.515287676883190
203.460984281619119
215.152048343010847
215.327504622269601
147.848523672912364
176.762390077680266
220.311054956705192
237.026845115635041
114.312839134647646
75.174467489015854
99.774049323552291
116.040409728216815
117.330901453645453
87.757342203683592
81.074627616196764
93.658305716102817
113.298169800976922
133.490333514672415
184.593287867127202
131.271515882530139
139.615226032379383
152.326507862744648
158.575858263852524
123.731039973307276
138.873407599372939
157.889043355008909
165.336468713099862
214.714418546168957
213.948274609283089
210.186356110046091
218.448826546400369
218.116816345378908
211.690851406906546
213.450375857224515
236.950047787867504
240.261862841635690
220.274633091414842
242.085515912490308
162.417033803463937
65.949606817544790
89.335072586560543
108.619428542960875
117.287568601334172
119.811663501621865
112.089983270614766
166.266401816946683
97.177768988289671
83.713380513203475
100.425847112113246
129.266607614346213
151.639479755365187
151.806103053477329
143.875479438632738
141.739287233467763
160.473428342044684
204.739061896494235
195.902005105515286
198.835347416276534
201.503673328343979
225.529672817502501
220.285399560590832
204.370868545473058
230.059643733105077
239.003990437485811
233.850492853973492
231.682759341684090
241.715818076461886
80.758138068137271
198.251451930162801
67.047331191822948
65.340850545850515
84.370188094990240
172.055963954874358
117.158579873138720
107.818139286278068
117.946434200674517
125.717038612024780
126.684923665012619
132.760822842951740
127.261826200267677
134.885738834465144
142.913326203555698
141.434423637441313
161.572855515226678
162.020133525115170
200.043313140427500
172.856372356939829
173.734593133177043
222.258536119857240
216.258462074960136
199.768888361628342
234.416827353961679
234.606116756099652
223.935099910007580
232.755580688615055
168.789297418092161
125.732733767137603
210.193349482518300
214.330593363250927
160.939596555623041
95.788368938063812
153.665204682491009
110.951589593087419
112.475787376274013
116.581293349127094
119.321688745419550
123.195266073496583
106.570657026558507
96.525175452542840
116.878789382903989
136.142068168180430
137.844167846681586
141.168512441466902
133.082970587742921
167.772493406128660
184.717028139646800
179.126141129662557
167.942619245501731
158.979424683697005
151.705989259755626
147.031483582688452
229.463589578236849
212.413389294462831
222.595538089940419
226.572427109106172
116.211459404683865
210.893394711384872
220.932131756390959
176.050150217568699
66.502434695006343
86.234028868553423
164.594001235184635
122.884159340074035
114.565479987017653
110.014374651364420
110.620753324443541
90.215161021273104
80.772142394669615
100.529376416418657
127.931651814200904
191.669996726909858
138.176596415251510
129.051881486488554
175.746988814340227
175.394594538637421
182.979347326892878
193.629539975510454
199.973505244988985
199.561464701729932
181.935905317717669
221.548209901765517
223.279237000545123
217.509702288132445
233.303335528004084
123.276392752950869
196.270467539322027
212.650290225887176
214.531827233458102
229.344656058790235
76.423083071202626
101.014586975265516
178.577485081444053
125.081793776377083
109.389046101039867
225.466829763862904
85.256158270301270
76.717023764587765
128.706018045802779
102.861208963993619
111.293997457343991
129.777257893602865
129.077371407417672
157.054468806567797
159.439987872518145
167.238309593379910
174.886092630731724
188.530207302213853
196.849454512052034
186.362697133141893
216.134195728759551
222.392047330285919
211.220515607794312
205.503366537040733
146.372696747015794
200.465555148591619
212.121687118352668
216.640771521437330
215.685765190759525
239.532386920283926
96.245107600041649
165.739126049147615
147.949302942724842
84.634274625906542
135.339363043372117
89.276865734190494
78.822051205121284
85.017394952620236
131.235857355786209
145.570751877340513
104.605985646481045
120.326924873641914
135.011137363586698
170.095517503574030
158.261912547890574
160.816108977899034
174.057408166890582
181.533766607578286
175.190821141898027
174.600201808261858
210.685335003597402
176.519764130289133
169.978899748478540
213.633172248716932
222.415586178568645
219.192586904527218
216.464132583274164
98.483220900442845
225.717568192581723
232.802646854802703
118.658959649890505
83.235586079176045
67.922143384378970
78.797508942533909
66.706348629533096
70.987972499851494
84.085896124193582
102.746105196918506
117.653588995743263
99.351217788473704
115.622735164781602
132.544905785404012
154.116427363513992
149.504863382457216
152.696016053901388
134.624266948533716
160.138398722544878
182.909887444067522
198.607688314913702
194.181345162502737
173.826579452428973
194.762766920249533
235.288913326641875
242.972351182564864
237.848725076342419
223.484449186366163
161.029890781113636
230.384756599287499
239.187796730723932
230.187387094749340
66.393657981810321
65.191878404804754
72.272760604800069
59.930827812731948
64.708169799759403
80.404419665060871
142.339097099479119
109.653224234199143
85.521327982287019
101.980658530566814
129.456377714167473
146.557298393012132
160.153843757276292
132.143935012793690
153.882584090476257
166.558927614115277
179.637215214276694
193.277878142681516
197.285221921782266
181.724434731765598
164.199091910766072
223.728983016024415
238.023151599796336
239.084651189910687
223.757615479519444
199.723369237170971
209.335348421495979
254.102188880480043
245.842486628953708
227.126069862530102
68.421277044442718
71.869782081664297
61.545700352108497
72.856928177334382
85.536914155981123
118.933729184282157
109.949475306597165
101.583415541658482
87.816419357127472
106.618057106167882
135.251663323184971
92.712776969887386
120.622975813215461
144.255908461203376
159.274368545504274
169.351174820268312
182.341469042775515
190.454780337439445
188.395919972188040
175.799230903176095
161.423314268897798
229.186678190234886
225.611308196918742
213.278555140033404
221.658021095015471
216.130402826751265
204.977938275331354
253.699876283163064
243.095693737199667
149.412852053742029
85.124843727215492
71.476679841803147
90.176969926652561
106.212740749303350
93.556905777176326
97.544279939500328
117.218925959029946
82.216647602537847
88.118830898557235
113.465403131831948
90.807872781013444
101.528232932323732
125.318363849541981
146.603749305504664
160.737116479770009
173.146785510116018
184.290081376687738
188.384958153293724
189.236291468551940
178.967095910355937
169.112340987928405
214.793972256953623
201.681377453350677
191.301040008198243
218.205624890010938
207.648059526517386
150.848673461895288
227.885974658171051
241.202635511022407
231.206495080648210
117.988217852961370
97.511875218333287
115.470328701601858
93.740651662239998
127.357352652491528
81.441774284753436
74.605149540243929
84.489525322752982
128.619724849412847
99.241107531781012
94.533160525505991
108.897225010877307
129.349358786387768
145.029817682786273
159.804167086293944
172.447028859909437
180.715994875882444
186.271903253101840
187.257456786602859
184.849290039252935
212.811562977716619
205.782374271951880
195.327521920787916
200.472859488229659
194.554567884723070
170.924486440479427
228.927866843567926
243.885976344706734
234.013010899356516
172.813973777638921
113.998966556655233
111.034897954744636
126.249070298484412
112.457196508070751
96.884919289557345
78.624189244301505
78.640714951741842
108.859262076985360
102.587347678464837
103.812611179170645
111.965104054094724
120.057133531626079
133.275153316227886
145.577635375058918
157.825035628182292
165.557357793472107
174.188313596627353
177.817532143779488
180.861079030210419
208.567045916175061
202.374741779098287
191.234050918851580
207.680862133569548
195.037547399857147
184.339476099452469
229.263178137547754
241.086342428524915
238.933596602187691
209.423785635477145
236.357900351112249
123.059827611877893
118.095699769520209
106.409854762636172
95.054398172822417
76.112746987446172
77.192985246760870
84.973866337760171
83.520541290198082
94.545963417383533
110.419882061892324
118.635907794580234
123.681993498024468
136.513849768728790
144.893699263533335
156.943344634203413
165.465532544868609
172.941394882229361
178.007817243216323
206.987583776222465
196.648734333179704
186.470814380548688
207.019798597212116
191.562226893759998
201.389275015853627
232.203864565307015
242.965423111610164
238.956833220870379
221.640098480787572
245.422763008464017
233.840504958050275
172.381688759746112
134.944492779091092
107.997246898857966
114.433605973406983
118.624229084789491
173.619828558548988
132.757943699900181
123.435806564036199
150.464435032459875
134.412197160104625
121.390810190734285
109.590096671660291
161.164368357954004
161.607574496382767
169.043838360843580
129.865740224041446
154.038551742345902
155.336247585156684
159.994017624544313
146.381013543158673
156.962859291266739
151.108435071635796
145.131935481674674
149.267814555192132
159.423323855062137
170.054261748572259
175.090285085980611
158.708941794687320
192.544351988659088
200.105118325120486
155.965836194472018
102.120798961729747
111.080169906042869
89.848616553848245
73.139460820813767
115.818576150719750
88.469813364915552
89.549882216914980
107.448783405774961
124.068936831851147
144.965843129172185
136.781870419671748
156.932251873301652
172.684906718387822
167.178246867618213
147.656963814725316
140.796179157552814
162.590944463714749
173.064237026983818
172.173510390709680
169.372768961527782
165.045157701600402
169.681233321639382
174.785871204777379
180.588141170717790
185.644937479472958
106.508605523883134
249.585757049611658
241.918026078398526
174.794574027705181
132.825380566121822
101.743382393710988
47.520830349557841
58.484981137063386
69.478784616485370
60.688800769075542
187.749798799744212
119.362493794034037
111.009794845582732
103.783502128912275
113.491007515695856
135.290652374772066
154.275483948741169
154.542010452592649
161.473213024406562
158.956477573953265
152.706678285198223
173.834834847247549
178.981847483712357
181.685091868904550
186.779591914568357
183.529570540992466
184.755018976498150
180.189712046520327
185.790169322424077
194.928086601560182
239.949554780907846
254.286811185700657
234.305419019637583
90.080488419749159
114.734566329247386
41.460178253723342
89.839912086327047
77.088931182073409
108.104099972600125
79.208053682582403
74.830305270939760
92.699729988835784
90.739328925532675
95.976176957052118
116.991921237739618
125.088264684535176
135.774165838278321
147.424910472132922
178.260637946974498
138.699083018736872
165.769607399764794
177.099090639923332
155.785385707502229
173.782717120674192
162.386277288202734
202.250201146897666
199.121072022993559
185.943073310065387
240.539919655230591
255.332399367195364
254.082595092397639
238.180153169992110
198.670662766292111
244.071735120018275
41.904033839007468
57.471119376095444
118.373595856361220
75.518902167748308
62.071334730311733
66.765647558208585
89.930627306107155
89.309048702924528
84.265475560592989
99.957535626680013
108.575138442303171
122.244531409708259
131.782269700715744
143.910596554218273
146.431085925644510
160.790331863025642
185.650909118857186
195.525888256173459
195.396815908822873
183.157599742291069
164.800591737701069
150.543882481548309
194.009546733842882
241.520108407180032
253.477392736164347
250.237488223248249
235.045756835172654
230.971284440687924
114.024940756906233
129.368062101373198
56.743288670411829
111.285145621502437
107.181077205149563
97.203351002290191
105.791105175542484
115.987977543217141
178.471360008911518
137.259463684959741
84.757736108875719
87.722666798245015
120.502043609671404
129.936754905205248
66.601236202022960
134.901357179088933
168.013329386507422
180.867004437385503
190.019227153218253
199.972485507942423
203.389019119662493
199.084892461777002
185.169777691733088
169.296191191018352
223.072266138275410
241.960765084240762
241.949672654011010
230.425863444924545
207.809314165063739
137.356249817245640
236.797917117289387
241.680709593659401
222.959366744576585
148.146230674180714
115.087018619528379
122.092798713580038
122.344814813740726
115.920079064446440
104.762672602375844
79.779504335658658
85.725169632861125
121.553529065284096
106.305661604047316
94.597934518982484
113.900669960015804
133.529205028835861
153.307234997409239
167.891441590899888
179.264210601257417
188.401121613460958
195.973320479987137
195.624321556927271
189.494276355392145
208.474799799985306
226.480310212902623
228.694545761885990
218.918909765903834
223.832274782443392
172.584372967459501
144.119536994851359
224.035829939840568
240.563856334388731
90.760247681147533
89.532119540762650
170.132149117481219
137.605193986949672
102.127850391073721
92.011555794092004
78.151671140989009
109.536122967575068
101.581453347731468
147.628056518992196
103.550517464156982
114.158308524466548
131.348179903514193
141.085327437488786
153.408860360907113
162.431868622109022
170.611044908800523
175.709118534991006
182.571029033595863
186.341328736785300
205.533901984628841
218.475426333690081
218.489612095655332
210.103542609722922
203.804068744834353
205.856080881556522
177.704747942035340
232.358453448324184
242.829697940885808
149.662739546847575
83.966870922867898
104.946736416508742
173.242059371373841
93.986651622276710
76.012551323370289
77.271665665806239
104.711043277168329
87.987148445906357
111.056425866602751
101.390787729035594
113.933774609418634
129.100030145726350
137.610214386602991
144.424685493370532
145.673721825437411
154.201645759108743
159.969887692047848
170.944547270106057
179.569672796750524
180.480248231335167
215.232647387126519
220.903209580884663
217.239168315543282
209.715669554338291
181.206467561224656
196.247950379608170
238.948264841871350
246.331507301472811
211.209982412855453
236.141512469670147
103.499241066861060
161.441188646811099
117.539462154017173
85.625679513970937
84.471665616621323
99.784038892295584
88.495234064376760
92.557042369458671
92.533989838476018
101.527443883793865
119.765979587730982
135.497086964445941
139.321975108692129
139.853723204767391
143.585849217626645
154.049462641672761
165.995563636275165
177.225992520961398
181.517563161811353
205.969226535874043
214.093064519902697
211.935957050051343
203.803618668807246
190.167461103856738
181.084830545891066
229.757599538320989
242.157962252705488
233.227957897588738
241.446438925728444
233.209516629180570
129.480385222845911
109.080381804718826
91.233583621176763
140.766864139846405
114.174551355878549
106.122171287836622
79.323768576166344
77.793983132313286
90.578004551361985
104.033039794522637
127.480246212477226
137.457939011384184
134.818005112734056
134.986785677864049
142.845149043410601
154.923928168153708
172.040645384525902
178.328487231843070
179.141788266329939
203.061900730003487
202.934094858276637
196.550928171039942
186.303315864136749
216.576219866890995
240.553014205489035
246.521795169049312
237.299638322200394
246.156261218258635
249.036240337633330
235.347270930422241
98.125680989529855
185.015594098568670
63.295415586200804
73.426438306238921
86.181028326976985
80.750217851789174
72.407653870257292
77.855253678228195
93.356310430274561
113.820360469834682
131.055264859376223
135.492196252946968
132.915537203819156
137.201851643313091
147.025620065534639
159.032839699716391
170.227985809849059
177.540596482295228
194.964478310847170
199.175821242054951
198.120754734831138
189.973973518036104
211.989200889616598
234.371038389397654
235.451664836081306
226.186348493772130
148.181742899352059
260.483166512998196
247.152660260340554
228.471777420972614
107.547583952973596
58.416942667485259
66.556128588272031
82.227300667184409
78.782785922800699
70.074116800276585
67.914042800967948
79.560240266785044
100.772974913916471
123.706058148587289
131.342078288706887
132.670808087347439
133.869767378378356
140.433249753202603
147.710387288753907
160.755131893498458
189.679646628687777
185.550608759697383
191.124868539877696
193.680536057081440
188.678913196661455
203.280226508302292
223.004960713120454
223.145394007252833
211.514838570077643
200.678886721468530
213.309880770133844
253.354594361255465
240.965595055017900
144.743265659761022
83.623904674026036
98.929230122238323
100.741676048080365
109.173669648091703
72.745221577008024
65.242218829291104
69.713515630957886
87.037526357286353
104.139323775888172
121.086441872900480
128.671388285188243
136.112125712271251
139.815428130048957
146.158621956721447
151.438215095501675
191.708609263291095
181.320198815382383
184.450739323055643
188.650629159869510
185.609036416325068
188.833156068509368
216.358955852002453
224.174092994117245
216.489962512336831
203.591068439148103
216.232839635084360
225.555620640543736
163.489968606129395
231.338853999571569
232.798570853043827
123.202606757730450
94.341906043066189
109.129932806461213
82.840743641332921
67.801721361208962
67.863048772733023
76.213118328836174
92.511901832873093
109.215286402161155
121.499466344712118
131.100700351053661
138.591180147318880
140.846508292330299
150.029804997003254
189.516496135992526
172.607476928122310
173.881625234998751
180.682709555676695
162.628242933699937
195.696835337519246
215.664690609468806
222.227351089164529
216.813528831608465
204.258744932130725
221.488664954393698
172.078282406435420
222.031862677741884
196.792323742948383
219.518209989268087
92.621250245626712
84.122381506407578
98.577048773754129
118.527952571820094
128.355546415029892
92.578296800462340
86.093419286582204
94.329605567166467
109.596792794977972
126.365172733880428
132.368219319152246
136.996822739664054
173.978972290060085
151.048702679493431
153.879506903599435
159.014690541034184
169.493774476689197
160.814699229068708
166.493860596258486
199.705010342975839
214.020319863453437
221.434769309740489
216.225343321527362
205.600147922738188
211.877148520549952
215.897296731483920
191.532743412570937
216.820960036446252
236.025578292835860
149.312082577597778
205.975441648711922
114.178609072941697
110.222736585854108
114.361257610276354
116.638028044314865
139.861878810382507
95.921459888977381
96.148496504021054
111.364713588791545
173.182677422415992
107.209310067810947
114.093471442275700
141.389937514046267
159.860650845539965
164.972343662479119
205.862973101010908
171.196657875547032
151.531834985573681
197.944760740377291
206.320834686231478
212.762459937556173
211.791385139356862
216.561974172320362
221.769809526573113
163.248090785934920
211.278263136414296
231.737741437431339
187.506152974007136
239.727858059175020
233.564142380906958
170.570489688110342
151.738673923271676
86.433799864803092
96.119874003827363
108.360680419799820
114.670440296562134
152.686534066871673
98.601101264282576
83.311296906343586
87.412375479243352
106.709944533106523
135.994076872648321
153.851880736036463
195.734329865630428
136.538126478600987
125.081173968775417
158.652699712837801
183.495946565355325
203.683923685454403
198.532166719714894
115.823786520487857
224.062416981803437
215.396400727741479
199.018236566757281
224.673348754560607
225.068447474122934
218.011696832391976
206.137856785612058
92.121767636538081
185.074600919187219
180.416850123967151
79.117024934379174
91.459351592276775
183.500816199942847
115.892612907825637
102.264705717200428
105.074602586029869
112.718232992011934
118.075902739729671
124.818581693166024
138.766922867399273
173.005332320600559
136.605689969644970
130.834299360119843
186.487215749207280
171.523922482613784
175.459845375814439
184.052097669285416
142.884424037790495
168.219644335662736
226.856834932388438
167.440502987025042
169.931591133413235
230.693237794583297
226.480574941821999
215.451232053731900
159.912262035799159
225.861829135145058
120.300041303739164
227.084081264997735
249.290175588757563
80.518560481633216
106.539846624593451
139.417071576209196
96.787861332557924
92.242206529517560
94.718641849745438
99.901201578283676
110.593121426390411
131.411698895072647
104.162862938444022
110.365715684950544
122.944798332070889
118.002430276041039
159.312345484933644
162.784673318840106
170.321371270474629
157.693433569010864
177.716535988836711
191.611421184545975
197.465682387798779
186.720146257577028
224.279637276429810
224.677466450242036
207.421707871000280
224.217724639980247
240.076406729997927
119.833952122105927
192.362773299446246
229.498714798352296
243.494591272711290
94.148089813601658
160.941372919041527
107.654874889650728
104.395249769923623
106.018532980187416
106.304725734878318
111.513001690376143
103.065088424723882
91.439700190323322
135.412406507138144
142.221998643397029
97.320179112216380
127.240312338030378
171.311640437965565
162.517891344435839
164.934446732407309
180.597382793619801
183.961068013523175
190.357204536569128
183.815875751829850
167.125884777713964
203.295171359205710
210.802567562625853
148.813406422980734
174.369247821330248
181.026097789637134
182.937256825451755
190.232030611593558
234.201487656306654
238.828136358523665
174.846994208721441
108.138786589650948
116.639112564009579
120.613599421167919
117.251370559871404
102.606614347190742
127.809158663396559
93.084061590163358
92.267954070369854
124.988227014524711
90.169445598847744
139.245805040213696
158.443186271942295
154.598243727831374
154.816326201925449
173.416928612713491
175.051781291163422
182.701589537786390
184.928175464982303
174.747678627217056
225.174031948079346
204.061611977595533
158.120228231636617
178.805446183282385
177.957531998559375
176.313322069550452
182.442527492612783
251.367817902233838
248.774333224114343
237.311335122648217
149.837078955096075
103.901971714267958
190.916613451250157
113.360207430965346
95.977589141833917
75.221952858884151
77.016463780598912
90.028020104376452
113.263421248905644
157.669904311886000
109.777897992779415
135.007950840360479
155.050876594216845
150.307352675208847
148.327069030073545
170.822425912851315
168.403240812723595
161.843765420044633
191.403286511188753
203.027179045675155
193.976666658108428
176.746639993726006
183.475964903478712
203.296448105813141
202.740554036224182
198.142522415673767
198.332150210416529
253.956612894558248
245.998264763934912
228.423119220199311
141.654725381909714
86.322241252288876
76.972265498750431
73.252434808269598
63.904263764834951
71.324022645292160
83.680740067635369
142.007241310603973
96.926925257638104
124.417212423484671
117.954654617148691
135.846677036518059
146.484100949807868
124.117456794810849
152.029243030592141
166.162948874110270
176.484129391667267
192.070861424157215
204.699780985508824
205.034782793035902
188.776443939954476
170.165512711448827
202.206926705179569
218.389095464791922
219.005397149129237
208.161240853798631
147.481850085859577
253.680850423080585
243.447161432825396
112.797109216368938
66.936677317435382
111.496042327130269
86.646719362771961
93.602147848755124
101.067668490870304
107.396580339276866
127.506221798588911
103.081424771396584
104.237402529174247
103.155018093329460
124.152857970651297
138.432124586243617
108.484889604286153
136.749184286577446
154.738513331976208
166.849351822841726
178.761454771209173
193.102989448308108
202.503411202015315
198.145298065349522
182.432725409579604
168.152495825462296
234.668730517430021
236.805500028287497
220.970366425216980
211.595950181485591
216.185350419030073
137.732411968435088
227.213729747395860
232.380091074633896
128.626906457652495
92.378446398127153
104.618387591003611
113.437802011643001
116.825641563040364
115.895307322551133
112.481003599284691
91.778197332616656
93.529123804742369
112.238114134514518
115.594674563612102
102.156178425534591
116.529162395999279
140.055912620876256
156.777791264209242
168.279708497361014
180.821051324075000
192.906464994383043
199.839663656402479
195.814514634806130
185.020120240659878
224.804975793689152
229.321538082122203
214.993326212224417
229.482322179766214
222.157126850122040
140.932538044179466
217.116563557383131
227.679407699108538
221.213797056507161
132.185795875192468
100.662733931035888
111.236037555481204
120.180763614596955
95.918653354181373
100.731574134036578
88.127512884855861
90.160945245593780
139.297762074829024
102.896971514856418
101.462533134352270
113.457834348366134
131.358510785865860
148.982434712200444
160.829612292851664
168.646872859505720
176.620176487647825
183.946152858889747
185.178928168539869
184.612329130711089
179.985852063604995
218.648106551631912
207.132625837972967
229.725847932568058
220.129961467211189
147.763815730775178
211.448237751680864
225.783397855438636
223.614953947143874
218.387511005666624
135.798359064241737
106.768649587486848
117.921466983481139
92.184573679648608
97.265981510681385
85.646414797025642
89.821396497533058
106.713621521011476
112.175701290916734
98.352062436091572
101.490600773737867
114.791882703247055
136.213826750258875
152.502220253077212
161.725131803096701
170.071005588058171
178.836060269960228
184.971998784045695
188.602625369558950
189.935336258823412
205.061215483663489
197.256225574276129
232.493039470217184
215.908705861988608
151.546992816835171
211.813991550563514
229.939268505025865
226.688516332418914
219.486534958146137
154.232081109916038
166.341218681440182
83.295076903728400
123.971453314629059
74.339685208356840
70.243929414521403
78.766211831840820
94.912374992681549
90.923400183836279
96.707876900982441
105.895974912592280
110.576157382361259
124.521502453681038
139.333873162126196
149.038948707809510
155.994965279241853
162.799377267716778
171.680510386459332
179.501001879903242
185.458407467984330
202.709797017923222
187.797340831741764
174.258557833493853
214.808035614351951
206.475048089778625
241.830790825702877
253.579211888766508
249.195002921657164
232.161732149475483
220.244057275649055
170.460393582747628
78.563108246582530
126.184149336476267
114.253734298440961
80.661487105630130
85.090046198887052
81.491398610558520
75.581632142043915
86.387917513287078
95.330952640088213
107.271629509912742
119.997518540715589
132.380868397868738
138.980231097175022
146.161221157333699
154.956891115196385
162.395109925112052
171.537702318055409
178.199033339130466
211.618680156291731
192.478536241585800
167.432974966542474
209.228820655636213
185.465713295676181
230.698629189932888
246.806078975485946
244.999107981084222
233.440929841586239
205.905518872074396
237.726202186822945
228.853337726567474
156.834939138575862
101.888016437462028
102.988158159684559
112.161064861400405
169.106740786830670
126.350615062534985
140.783517344703029
121.946302012262734
122.532655598951621
128.412617009785265
125.738718297585422
183.032661632556966
159.579796102955356
141.011413527254319
134.323547738636819
134.976939517022998
134.781485108988733
147.169968467851362
144.545234259333654
154.831238446600452
149.744680781447130
143.310002997844293
142.989070566005040
150.474310465155895
157.164951258034080
162.653356203026192
144.817496249988722
189.267421851020003
129.531605492050858
188.411344700322672
152.600633592448418
93.146652006970314
123.374698648198247
96.487176847247980
90.511410966131962
72.016158743574906
74.291368696925389
92.803514384402860
174.661297678999631
137.151088931130033
136.028461850174551
149.901184765348830
147.327860755456101
144.622115030409248
148.048623763883768
158.527256261516101
151.747738228861238
177.300513736165840
183.923700785248485
183.719130362678982
180.497237312832823
179.012964179576358
179.458236097408616
177.523122245159811
174.491759727864803
142.314509005474065
211.736987703576347
230.058581356507034
224.674211477884000
213.632489814261874
123.014498958517351
139.431969442054651
49.481138715093124
58.593255334033103
54.575102617538590
66.680064106960785
131.780977042519083
89.989356237780896
88.310786811885393
113.200871321952420
114.847634658156537
128.660506879101149
136.770819896487836
148.873766637181973
161.644845903091749
145.261648680476128
170.449359080965849
181.797903271421745
184.402827356701039
190.660334717949581
130.770678804829913
195.069660529844953
192.952155784951088
184.260131250335945
164.716238354400332
224.422588844243137
240.088485776070570
240.581095955480947
102.150920249430470
208.302511338843118
53.214973026678265
44.035684262631918
118.374215338016654
95.285078485836735
109.078878480642032
71.621967110384418
66.486600030615762
80.559910261539812
97.975278669846873
94.260844806441526
108.347729672453340
118.491671268541467
134.986398594792632
120.576296156478037
133.983334473603321
115.911514643844242
165.753896719842942
180.381306408622436
185.758251279551445
183.216310760386932
168.115694707099465
150.379252554404928
201.967530979447531
210.578984864320375
242.275539632521202
249.132140334295514
238.095187889223325
224.996080759477991
200.133895816062989
135.101667240837543
42.597273807774286
172.712012196002547
96.658783826980610
61.859816109120857
60.929971494968740
70.422399582916057
92.532187337342549
176.182421313162052
132.235979893829466
87.563371373700036
96.208456476665788
126.282036433493602
134.022484357450679
104.388528232141283
163.755666004396602
181.907975824869823
190.507503330991881
200.424439350292914
207.949731400057715
202.925732810334466
184.568009634369417
166.930613412830638
193.810452785442692
237.056915943631964
249.323436970146190
241.832996679569817
226.197199809703818
241.731775540394864
96.036899760942035
232.715929031855381
86.600760502263682
81.438816809666349
148.509012358230137
113.418118267801532
111.868916092241960
109.739424586171481
124.061405956733438
80.509392074601607
76.242381704322383
111.500785530603920
124.444609583127004
70.365742606965767
99.472911096600114
136.810298259450917
158.119739597094878
172.396624249890920
184.567472975347243
192.787474876239685
198.566015667811115
193.868413334783014
184.701802470519482
173.738235537631368
218.702576048034075
238.882654737982364
238.372821861775776
225.061602428649053
231.138411297436903
161.135770580895979
226.588780434033225
160.711492103918175
93.024887618836487
99.143629291259387
152.655406957019693
121.804321574415710
107.884822182501765
92.622369958216822
74.421490154405973
75.304157797037547
118.288834081689529
96.894485689016705
126.446363530580044
100.927138788907811
117.045533682303670
139.742910494454577
156.938142075680389
169.649676820269718
176.780956181352281
184.058598371642148
191.496638915519611
195.169446386401347
192.716833629953584
207.709483007388599
226.573895151745944
228.265545943085669
217.169438172832201
216.265037221465604
168.475501863333932
211.805471769620169
190.325269303906282
246.964079282902446
116.503578091764382
116.042387696788211
139.981623280637621
108.515157684765029
85.110424629473243
73.328934098943904
100.544198443176697
94.326210132206882
141.969312768532319
97.915442973123660
105.987802301599487
116.477793606403623
138.395880470708619
145.173410775925561
151.941141679340376
157.684158742794295
163.225051804847539
172.334038138220080
182.849581049676942
187.273356388873452
188.569158252897552
221.318947464921337
220.169369352308365
210.622957705433919
203.738027416258433
189.222320832846378
217.357343278674080
219.345934790544050
202.324872768010493
231.977175366689181
116.534356511225951
142.573341595594940
115.567621214999775
85.464767727291374
80.003291300667826
82.307072322791214
85.736056161309122
102.468770373070939
92.926091034175187
99.457971494220686
116.184270980805309
127.932692349543601
139.731770032008512
142.734736324139874
145.341309867770633
155.237564286776632
161.671221925531199
175.812207332384048
185.048854211828768
188.101879528814237
219.508711334287767
214.664707606579071
201.583122236005522
191.336517120911424
119.226814193932569
182.979878411552676
216.724007754390584
236.602804464292547
242.825710570075387
232.267065493400764
138.789321985677276
140.583632235821341
136.504927754226543
92.198490548502662
147.599848406682071
89.949559172868703
80.308360152741258
82.624649540288118
87.522769859963716
108.208224822401917
120.435676464744716
136.263186499974466
138.063403114011237
138.689449473481346
142.143607958726193
153.356791689130063
167.788541809268168
177.963765566752500
185.481810379544214
212.652507719611634
215.787706235985354
208.002299022267408
197.278638055040062
207.801549469159625
183.184985373449592
214.637101681249590
220.623843264386551
243.811815576703339
244.205410295134158
232.821312378223013
150.933933402650808
160.606454841719312
86.662254046455189
87.177514389090064
95.120580955942643
76.008605489535753
68.442837085628739
78.528309830843170
91.069207389217368
111.690962877970833
128.713582756237429
133.598772865526087
134.726409068940228
138.680369940769765
143.484588987534721
155.118347632336139
170.120343904704754
177.081198465363968
198.932274381418665
199.608182974834222
200.480580221204775
191.644744244910783
198.789761707283986
170.670562699153322
204.939101430345573
216.855067712298762
216.670771712161070
256.312264390878227
245.386366272604192
120.253532959357415
135.462047956243282
118.695132851910245
123.021805716736651
116.710462055987733
73.060939239495099
66.886379052212263
65.761968558692431
79.237349609043576
98.632688233284583
115.692455172211396
132.050576151314829
135.801016364714656
136.495073867895854
137.890900960562078
146.576359447438080
156.008391986143238
167.435201610381029
193.681113607457860
191.184524547458494
192.285049026600632
187.427484036832652
145.809854534775468
198.809333375714516
222.945770685715615
226.402520004573745
217.858714054512461
131.003051393570246
237.698978188701801
226.524213060077955
184.936304549536914
83.755335437483737
116.465770395242586
110.393182531965508
111.933618473770878
75.613602387392902
65.999790631469438
71.662531546763404
84.352346431654809
101.630525311240120
117.893058004561311
130.482030689587020
137.725091116630352
138.614458657869989
142.657872265701855
150.368156656943995
159.164900941943642
197.001804729755747
184.388503097965838
183.235212060738576
180.274955784306911
176.006548941028456
195.346323247463715
220.694105127265345
221.964198209819045
211.449266516627858
192.019224012797366
229.191377995585356
148.363925437904868
221.630189950207040
230.951989460199002
139.799612279528901
107.419039885269385
110.096902738454162
79.385024464949396
65.837365288615686
66.070946874705399
74.087165568004849
90.380646482884487
106.634687175808949
120.282480714413381
131.907052830572582
137.137749942385653
141.731573427273332
146.059279179373220
150.298167532367216
197.297030428047492
178.870536911075334
174.229731443428136
174.101661911038946
198.435387902646028
198.920401117700663
219.232698931158239
219.205833975889846
205.684861902478872
212.272311943349109
233.492576161163470
163.157746562236866
211.748425702004766
218.441478594539660
84.559810073054706
131.111623431307379
90.539099022912907
142.008326332723726
135.565118478382573
96.868672306783168
87.521363637211067
93.279599441169097
102.060684564672840
116.543931017995646
124.802091052205355
135.614934060286487
146.595218634198005
159.487696673886603
196.575713266469677
166.637920430201376
160.905522258974941
166.114593489834448
172.862530890756346
181.007346484398681
209.594125292873514
217.711968076833557
214.914888704584655
202.770871326691520
214.974282464089811
231.090548753260748
195.311763470443793
216.147325781789505
206.923845559926377
150.142840988836298
199.216102847554367
52.800174683054053
163.218544837485524
151.702194975522815
151.686027870933003
96.300501224700668
84.569941592745778
89.693591004861801
105.698196437257764
121.374058569113856
129.133600991828075
140.900348887328477
179.395669931666816
153.509901644737539
151.812139379928567
155.974117199488603
155.035375975141818
135.411877952164957
195.640045907695338
207.956619720006927
214.005855795561843
211.191980349891878
200.335924827286988
218.682084564866614
224.150943229803516
216.788342036941003
210.289970477860436
234.568957883082561
233.057597177926937
243.510390089585002
149.933166109332461
89.894460565672176
74.350960644828334
125.849786011743689
122.361905959224345
83.814041539334994
78.885759242097095
186.646993568157427
125.551459841296435
112.630068129042257
118.861340744239953
140.367451269871083
160.709286930980170
169.368865991070919
186.109319305374555
143.856831416833728
165.170402795689284
178.711105675378974
208.855162532068590
203.278054271379176
201.682211028762481
212.797068144092179
222.657076379258655
217.317593657804537
203.428176523028014
221.526812381964987
232.485010362408218
230.828957175636077
237.296900879668272
103.203603134404872
176.289751646150307
64.870539387159852
88.737814279448060
120.959749460007515
115.946835317604751
154.841649614254322
105.284471957566808
95.018656847068272
95.700080214080018
103.497723673183344
116.384045973204110
140.554592596656477
143.508094661770031
146.041423452636877
141.819092017075604
159.832918537416134
164.867100921574121
173.655719689682257
200.919060755776741
184.981887850542080
220.955314594464141
221.655007711083101
187.607949400323662
193.698624697438873
225.010386158419010
225.430422528840381
230.325860344512108
162.730646024990108
151.990198420069817
178.952255670802771
227.858359878200702
87.137428655699054
89.154599842145302
141.170169909576799
89.702962729229455
83.987507100759160
87.954462464104751
99.805183842934184
112.922350164122903
126.853908147350452
106.142506332135255
118.386666698779266
135.211855294645602
183.919408061037018
175.229495554542780
167.699387421994857
165.701725616383044
98.947380289136973
207.112654495219829
156.815218883675527
189.971530515040854
200.815154777163116
194.445779734483438
226.273350619297617
218.930855398723281
228.297500833053533
148.206147454948109
190.117109309279243
197.652139656555960
234.937785420519276
239.486701804730643
115.177129613396971
167.834274230090500
102.014005700968085
95.325886058518776
100.115994265335985
105.255506912975790
112.894587073246342
102.173225278591332
85.440467423136553
100.753378167667904
124.112599450360648
125.481445249084004
151.102081237547623
156.554856016556499
157.220264687537849
159.689733254120313
166.361340389479722
181.211963045455548
196.247083009349979
201.173696552633260
190.799121137678242
173.801262167886875
219.680792500285719
222.261575768501018
155.200038651872660
179.850156560656870
187.364799207338677
237.739001079675717
245.761605981999253
240.530942745464301
161.631315942579278
92.576888464915328
97.096379407720775
106.731897476339995
113.365813485717766
116.172422673483410
93.629369286032571
78.481801132509474
127.716339603243071
116.193380216503002
114.722979986255638
121.394051221450823
163.256008421589002
159.383240691269037
153.329683513235750
160.166126967076366
176.714342814261983
188.726668320018405
195.153080719736494
192.921968580501300
180.760732906049697
216.132318360953263
204.098592151930234
160.412180673798161
174.388913365903534
172.959638134713458
176.076536086390604
253.760617562429189
246.679498220856175
232.318974982125496
150.942059017648091
94.845984557126570
101.712651908115831
112.467413700052390
214.971781521079265
121.937870088205344
87.508161620251158
83.819475522424398
97.857553636069710
128.759416279729408
131.151893653075973
140.712569487607254
147.560064527121028
152.130725556464597
159.624551097792988
165.946294566030474
172.223816256925829
179.525858748914288
184.488847433105775
166.597412446568086
192.269371075754947
195.597172925568202
177.826604646708546
189.042934833593421
184.095522065637340
176.318353634184604
247.367751462455345
254.517773524592457
242.318723710000057
205.600120038766761
118.154512319510957
92.105032868147305
131.229213690666683
92.785718484377483
72.687310067780246
68.535387469650459
75.647225381222228
94.064357622823309
164.811231493135068
96.778727484860966
116.378685896775650
125.870618473454442
156.809105272297643
161.371675147656646
154.593185779044546
143.586349751060624
170.886245976688400
187.640545725643562
202.196075515906841
206.527622504831129
198.458912738980246
181.933540232185351
196.010085040472205
201.791072185526502
191.641486199474571
181.581526613006247
182.117457901655314
236.740206185417208
225.413079490785890
88.634703188616044
139.375317017341985
102.890893739163062
125.411510677617500
100.229798257248859
99.429124818995462
103.024160240963312
111.739715467138353
132.451094950628402
114.524787954375995
101.822977290270515
117.014792897260236
137.636165383851790
146.763049666505282
122.813571786708792
155.428279396613902
168.882553960939276
179.707894251517928
192.271058121512198
202.835268025009867
202.921566006891595
187.225718286599317
171.072606033188549
203.494281528080307
217.292580260712896
213.731784802859266
200.613086766158148
227.557304371973828
235.567616410988933
139.434871746736150
224.493491980426342
89.624320883394859
138.466394990178003
103.383206650133900
102.239328703181556
105.803648539429901
118.759747056902228
106.431916493616541
111.998506976327292
99.693743139929950
105.920004546488613
115.639444086994899
100.784190148822745
114.469704790901289
138.822717597174289
155.406380800949933
168.470207390652774
180.113001894445603
192.840196687713728
198.956533910269599
195.730901092295852
183.046621238475296
169.458273029214837
227.273141661552017
230.928675605726198
214.696738363448787
236.232282266110957
232.286188013512572
153.962293748147715
220.576009249082517
228.725322539165347
136.054257601833115
99.391459866227677
109.355930123074870
116.587370463359633
116.663701727081047
95.998070646170248
92.228598645704821
90.742883868475360
103.082589516609403
140.103034874570938
101.094060780474607
102.096354944221645
120.794081058363361
143.675106819857092
159.015379368286318
171.413713182788257
181.463532699687249
190.157272966540603
195.097812630303196
192.250497048043883
184.352694074200286
220.273118137449160
228.710965930004249
214.394653067126114
230.338923214314576
226.727276169721051
140.095062205113521
204.190200568853072
218.351554668467315
220.148614623844509
168.666330578715645
83.284771829717400
171.922248726269203
119.742732984383267
108.019151467771934
109.346829589587884
90.969001256063322
101.730042392789528
125.211376485153920
105.439371465632121
102.494776325486484
114.496021600420306
133.315706426804269
148.376803335632047
160.109519561671107
168.292245313266790
175.440989634401973
179.372510487105245
185.711667807810727
185.661996062087297
183.428821813433245
216.530516521448675
206.404296891078957
229.532194661294909
219.321540185523872
176.258128593116737
217.942726420102588
226.786022765661698
222.858856133386411
137.567426025418428
62.566621910111508
74.719398127040080
128.073601240418668
107.507857550301139
80.935548610105087
83.058780235986859
92.191989717608379
107.102925735763449
102.834254298890187
101.916303941128547
110.707075350497362
121.584222369119928
139.116599057803370
149.410998941682323
159.789103510699334
165.783444928779829
172.449574405303935
179.617279584712264
188.554613631169303
190.061890663822396
206.090490817680887
198.729926784004704
229.869746128060086
216.191577380470221
219.286509821832396
243.333200326758998
246.759773832557073
234.759877656530307
190.766854803992601
160.343205080378510
83.315291618474859
101.912699922293655
136.668213895270867
74.150505958713595
81.809029493417611
91.254163414840889
87.646573694903793
88.860577144795215
95.137396416325544
106.212297649531962
116.353107028025988
128.497862518609082
142.637834502552096
147.531680981594207
154.390585477126848
161.842524179120318
171.495502489197520
179.623628361837632
185.375823810901238
204.040818970782595
188.512322813716594
229.100361699088467
209.515086789453903
188.704500078388747
237.707004021288924
242.116875779402164
233.517898819808039
218.515763605165489
206.420855819308201
237.553306637401022
110.151960720323018
114.726852378921762
109.672567052308935
85.612972778957655
90.680512543002621
77.758994177122133
76.557198755895342
81.419157763330247
96.749506603079993
108.688802039286543
122.198014423087642
133.079318709849588
139.322299490089591
147.632511007619001
152.509288798437211
161.977811478678916
171.900429539009735
178.951118766144418
204.340114603320757
178.946349667302343
171.184947758188770
220.537490917005471
197.799599185086663
230.639467017780703
239.978878084987343
233.288413184652825
218.701807464116087
179.044426657430989
230.700964523062680
231.545103088495296
153.574968827688792
108.386869910361042
103.584801884304625
112.717689584995881
165.661084306239417
134.254109448577367
114.889112126941043
117.382866073864335
124.602245840616376
128.801142560965303
151.777990554536359
174.460457650458210
129.357108975092274
125.247374176528623
126.576279131503611
143.445568051530415
136.854156283179293
152.672449350359557
160.559771634656329
157.900273580448328
150.275451105659386
143.348469502775856
145.887050923143676
149.286145644396299
154.266558731772136
151.180163238218881
186.470447735992593
137.228733632331767
188.777588306413008
198.661851249169501
136.710008070233073
72.469728575576653
156.203603840979099
63.347931503027368
74.328652397694071
70.374165417949641
79.782819321131143
97.809955579585861
175.435656031905040
133.886620254478004
124.436444593850013
134.079213914312646
130.441746448962192
132.673347517330029
147.759162509189025
139.020227661534022
177.199967185177286
193.781757170238222
199.177410747714873
198.636367376830208
192.656366092132089
186.558419522171363
181.600429449568026
168.701454177390275
162.087180676491670
173.960763862943736
218.691964695137358
226.077334402664633
220.418004945750681
210.780539126808321
111.490780209017458
48.243361386283269
54.541620771988264
54.130270206816419
156.692366027633767
90.324698937040125
78.331845948087818
83.190711900873055
101.270658810691728
106.066679765557154
117.530575118473848
123.554962856403876
131.577200833208906
152.339723095397488
114.367759289195675
160.000692068404362
176.733312142144882
183.593319616748829
123.684240524486270
167.067396173515220
170.738196235942041
161.995818371948388
188.759626874441437
154.387092324667606
223.654591875894710
242.133959269783958
240.418815881089870
228.568198357670695
216.477818539947691
90.588223801865652
173.049950599295840
165.705833447215610
95.149740961986481
84.557108207810899
62.953404013126075
63.830315112098376
75.989612522433447
98.553190027522760
95.189975155781553
104.034632517397640
106.981122403368346
117.710524027473639
123.077718731137963
123.861777209910016
150.705570611330643
149.729180898064158
186.387875847859959
197.998135430140906
204.621336508263141
201.722069756410832
189.332171732262509
172.340820295607415
179.567122606641078
177.247179598982171
216.467893716945468
223.239074685865489
222.703707259552289
182.209748926946247
241.821594523360375
98.658334151995263
80.369220417069556
76.236527429553945
94.062610482198963
124.452988394452831
99.792195730785508
101.305332583608390
159.144635778355052
92.285397765010629
93.433059326399004
97.343559349610786
120.499538601199234
116.242077114130836
76.031975941826047
118.995411985297366
160.377598972592722
178.189345110174116
184.399368070833020
193.472140908736606
199.082964013309777
197.227594722192293
185.274929447673969
175.249195751791149
203.538424186299835
234.292154389192717
238.415348532176552
226.266403985539000
211.940400219650542
162.289606436196266
229.604292096858700
233.973642750931845
51.267524791550571
70.563617356673859
158.603458551944186
107.825481794174749
101.355598426927244
99.262814379046034
89.887423663682668
84.438580170927125
89.455562488658614
112.197366510720940
116.876721241567267
102.474144307277555
107.027071511495720
134.309944920577550
156.093751191179621
170.978542250616016
182.237997380184680
188.350877264011672
195.958902825189227
197.765049889321659
194.074037900444466
190.380939406015102
218.724140368489088
238.198898866728598
237.696227190773584
219.279941709294036
221.622951731998114
170.627120649213964
214.378037693139049
154.197119021341194
96.157636412332977
106.962795030766429
133.272710820675599
100.763218860170525
113.577814542388538
89.630235960274959
79.415163681473359
102.763222407282129
113.234655032374008
150.909347796259340
104.165429362590373
106.649069588925954
122.265657353779119
137.757113415168931
155.060705222879164
164.509822908207553
171.048711553124434
180.509654563857396
190.133270011534961
196.018265852445097
198.750668026015319
209.344542741428484
229.103942953840829
230.332504623010351
216.200857601247662
212.236868061135482
201.440704221121905
223.246007825755157
185.413918916255710
237.908225579622069
124.548941620231631
124.528694840866621
100.995553431819530
99.866108159684046
87.184508238157434
76.545624323237021
101.060896243882183
117.344011505780472
98.421246778784507
103.819045303038749
112.287954334814373
124.292653363969706
133.598576926722785
141.960952144811273
148.538865932831669
152.594999204096894
162.603939729792415
173.260601332968520
183.826560476215008
191.964082491508407
194.045890135306877
224.600212787982116
222.206266487631126
212.397510750917405
205.230230737891929
193.541502027510575
217.865794781523562
218.185507055647577
235.728415798199791
232.994577885204421
112.239362035185223
102.033889190667693
96.365144247947910
90.509121605223498
82.401568462108159
100.155487143226125
90.289157148548526
84.220949522262472
93.790610641279926
110.505730842660256
120.226213371289987
126.799546170145973
134.861843865061019
141.864258217677730
144.407750874176458
154.749198927146693
166.072418501510128
176.486664576826627
185.100950087268615
191.679453097759733
217.556101210053839
215.883144741797452
201.746277742413326
189.937057731155051
178.474384051932248
209.267422734633215
213.516662295171841
248.841926999937129
244.347094845803383
230.742279476799183
128.331911659856530
121.506149432593020
147.215992318539207
128.569863318871967
106.409875118273106
100.214871082844923
79.144680994496170
84.776614229642774
95.780653394910985
107.754906255649843
122.632757572332423
130.963843972333223
134.561609620973627
139.104503428104920
146.833384687494345
156.126512307867017
168.745178023747087
178.692534091411886
185.176146869569919
208.442802822572304
210.880918830477071
206.784619244463670
195.697048890410542
164.037103182796329
195.648223877424698
206.085432966508108
241.517100845432992
245.956784509798894
238.482855263947954
226.412682312697598
119.624822703039584
111.991393816852550
70.979974314843531
78.825966246820940
91.039592736138587
76.143212293737449
76.262168597292458
83.367716708345455
95.546408180784056
111.944185016514581
121.963402270035203
131.107655551891753
135.087289912094832
139.803676897517107
146.320144690253954
156.758421833141142
166.680291800676429
174.826981118214036
196.347305236781125
201.086031665636938
198.650186978103250
192.990365780711130
186.346531429924312
209.487143251540999
212.534486035491767
229.354444520110178
243.436752499336706
243.861819848728203
102.440685097348762
214.814273806256352
90.738687027896134
136.508085440286521
117.428077194190692
113.266519274146532
81.114274775585898
71.705891524061613
70.950335351770136
80.783593047313815
99.099153197850654
115.836573143435857
126.677477558976136
131.641311809633891
136.290710422130246
141.396376217158803
147.715172831594657
155.207863636536388
165.341045929644935
193.198858503562121
190.523550818974968
191.078044097346719
188.621155398049979
191.145843017746159
211.654447444489790
207.839598892132699
196.386298107473124
132.701651772546711
200.084271885392610
150.725830664168001
216.232843867780616
227.785093128270091
148.953775315825681
117.695683885106604
114.941997463726381
115.650857675185122
75.577980167513218
69.004910451345964
72.953697648237451
83.347610026216444
98.289423769490696
114.431697227592949
128.154869627887251
137.864936515033207
143.174004204923534
145.798794645153777
150.526002591036075
157.938941022438797
194.299912162854241
184.053451557940889
181.767096101481968
181.195579857718116
190.196917294903528
213.565610162284088
213.575446546832325
200.063830116257861
192.923025771147110
225.086873674587991
226.635428146070353
143.922570880305159
205.735617311646735
83.718988355662759
131.951261577640821
73.172074634530560
80.043433849020943
147.913439427926818
99.320835139600987
90.053434181161805
89.973527423347335
101.044411923740583
106.676743037177147
116.976791999774093
130.827596919700056
144.679822116806520
156.006587802809776
161.339557398654108
194.238997923956447
175.418528017511733
170.929003153961673
173.973774177191046
178.742251043119182
201.150720660027503
212.585613885027669
212.655050227233914
201.091805570106089
205.157924096751657
232.149285881315308
228.212530585665263
195.554998329108003
215.738316495068204
224.710731323656006
125.629493902688480
56.130291839248940
164.764419277184061
101.677456858446604
133.607818768467098
91.277873119950044
80.602001179332518
81.461352034317883
95.696894710514798
108.611587040932577
119.443444775790198
132.167475007385207
147.792757485188048
184.181420961681937
165.903142306385092
159.290639120322083
163.650348201662979
124.288707519499553
168.360774730124064
207.511777093835235
210.100174735583778
204.639016623298403
195.308414711992157
182.871578552828169
225.821398069281855
221.304215009517065
222.836782859517712
219.584482284759105
239.881174083652610
250.706627519379992
145.534606053372841
86.076985402777098
74.867077378223854
89.260077764822270
128.070592008762048
85.627835772951528
76.213319828770750
80.029879856166900
98.527804277850109
114.141594547834018
172.961479750478873
137.264532817026122
141.060474088903959
155.843043307039579
165.048007441443730
131.814415223974720
152.326356586259749
168.033544210756844
177.251107542441105
217.180030870581504
208.132792835277485
199.904271420160967
216.029780282397553
225.009237919631516
215.213806714133852
217.347059847081027
223.341238296647418
227.080885280252232
243.748991364556048
171.453358980896667
203.260381864069814
62.357444055594840
78.124731289968679
166.842059797274288
129.508156105680655
89.070682908981837
84.432352951479004
157.829019382903795
107.802165734102445
96.007891293274511
104.070475113301143
130.979271851075652
157.547053244756370
138.438158655252153
139.162079811702284
157.066120324795520
161.385866464126053
166.846098789030236
203.654768430491231
188.617285565637047
207.536879251323569
221.466937814719245
221.390030336195707
208.016009217210495
204.974657491292021
228.713134984418673
212.466637515245537
222.731356221281629
223.017508749257161
119.344256400096526
179.319576147604835
68.370825220860240
92.198061964509591
104.259681362328678
158.964289524015584
100.315097251683866
86.232264933811493
86.843730836514453
99.081539455858945
114.078244941183343
133.607637353739278
127.701402809043870
135.375462371906309
140.942939994746780
152.432066436278205
150.230110858530992
155.515552927937165
190.762803518569740
103.109034263185080
211.115091776107818
214.593091637204054
209.853300196028812
208.186253812681002
198.901795704213981
225.540576408363052
227.359346030453565
228.613610024901845
159.859125514073895
198.267960259841004
171.419538672945436
222.971550732273158
99.528002563075034
88.113165082017645
136.799388067704427
86.458645226939169
78.960468772807488
84.344486120950307
95.839548232222029
114.819794486272826
107.056456796838717
100.567342368414288
119.141199036872607
132.869166942844998
160.540837751085462
158.848777383414188
159.045925518563763
158.847186887250018
148.273434034020880
204.549909717920116
193.786159440589699
203.332637170631131
206.021874203164316
194.898612396149815
221.225210871677035
229.496247132376965
151.415872858744223
168.882373354996901
194.445667838339801
227.317471192304993
243.893599563991529
239.400549197593023
77.753076996337285
131.137170534137510
83.576209801103687
82.157611201098291
91.016079600367320
102.117040993297024
111.432829460473471
82.252871990154546
79.737403925104033
101.588061095589410
122.044026832813401
210.762424517497436
163.975262339782347
160.971956924184667
156.264429788287941
150.895796120140204
173.288877901963019
187.103136277620820
194.088285432309192
193.073964236355380
186.672454801261324
174.122240795768334
221.911955288143531
178.491813802433796
190.228895600628704
186.640139608127839
238.224802801395413
251.071638363028171
243.990645307946465
230.592763548363166
132.602354399741955
81.274687248238180
87.745382589106256
101.799469143807357
111.699674317581014
100.337650309520043
78.381897584436459
144.469309426579798
111.112910050084224
115.198466444213565
146.333213009368109
147.329511626292231
151.523872360172845
154.305794861407833
151.898305953098060
172.094901756153774
184.068727557857414
190.342143468001211
193.461455041289128
193.458393628466013
185.816874952338424
212.892569182307739
186.362862531866199
189.204238901030777
178.330887964690163
169.379170148625008
244.595505173292906
251.339722570882628
238.802114106293629
206.214415168270904
117.577279347797472
83.703335992509025
95.918117179993402
214.835907494132869
92.707630875646416
117.285949393818072
90.043770050525069
85.352056971507068
96.609414280973780
140.349765023799449
123.903516569239144
134.133126739434573
148.288219511680353
143.292898743842159
161.060079221107912
168.136559301704551
173.260579394786049
146.189476605212889
177.506408496349877
190.782160712674568
192.175015435428890
187.700074780219296
180.999854992049393
182.341424279430584
178.990593209330058
173.435356437691013
242.901709637224172
238.235229329466222
236.973379363922902
246.863751392276356
107.500314199542601
137.170469591050278
97.783459351851889
94.823516608996670
80.034340422493528
78.977383029660430
84.536409582508782
98.619716730986099
137.068683120044369
116.245903336321362
105.090573523819089
122.274632252247343
142.166709368758887
153.389186933434416
132.858171903718244
165.238624251871101
180.131860879091363
193.369985375143870
203.956526241603115
209.731545217099892
207.287242305713534
193.022567898897051
209.696189503596429
212.112494763746639
195.721351787011031
180.583056309691131
236.542406349102123
251.514604314706446
82.407544253318378
202.608244283421811
85.312782306928199
157.582447887782251
110.348700416482814
105.661626531632308
107.153187712853764
109.351139335636788
118.232391921315212
107.225498359036649
108.062080928796519
101.543958763268677
114.824212567876003
135.118746720121521
111.188104807344359
134.738727558181665
154.799616870787048
168.308769004620956
178.011182910151888
189.801433970654557
200.253434932479621
202.660659652788809
193.674441475736899
177.079688514450709
227.499000434784449
224.505763515169406
205.385323452836360
232.561090027818238
243.517160302563070
231.648043026465757
139.100091097254051
211.296861535851036
78.340710366050985
142.017614969138947
108.514623807346922
106.754381849793347
107.871160530355866
99.222619260446777
97.430961543479867
97.555759556519732
94.995790821245663
109.075782743034765
129.275944221278507
105.983053004706377
117.805828518702299
140.441569250457206
157.924158213436101
169.233455155251136
179.235261711892235
191.534842690016148
199.333283677060734
196.989865051157750
185.425526333078892
221.579976543588060
224.803383138841411
211.778199445611875
226.912010461802595
236.107802004857888
225.774593598767552
152.445289936214550
209.218629688256470
220.238603756306787
164.186130503196665
83.050604901095312
84.102901777202121
93.723952165331980
93.971629879968731
98.097796058396042
91.865198478929400
92.141542947673400
105.269721932576147
134.488140440123772
105.290683162187719
110.972009776823199
128.350368631905354
148.032205178230072
162.736380996460667
168.244949297957277
175.859128365018790
183.954381308378601
185.859807801233217
183.940813690465916
175.639911274626996
217.468539486123859
205.451031733831854
189.513435490378981
229.047114237599885
220.764145168277935
233.092873926585014
248.068833231743724
240.953081508785090
227.339035387940442
61.032290953162118
62.509381003507485
83.960860339532601
92.294236740452106
97.972688940547201
85.612279945249313
89.554253045799840
122.602254674462714
105.084813018323814
101.243109569292542
104.499958702481024
118.615983071201640
139.597987499952609
153.622767972937595
160.167559329101721
164.438378944328690
169.829698325458935
177.658227132672664
183.547968555246996
182.391924135611305
214.051162937784795
211.035127743492239
195.048786971354048
228.468368939055097
217.689910196724270
219.524721776057675
244.097160055340964
245.873828115849022
234.466470779883338
140.625343349425407
81.851797097045718
96.881645912464734
89.464691930383680
93.904572482975169
84.422575364822578
91.093664120835882
100.158490572092290
100.944324900257612
99.758999734147082
102.585422537324533
112.948642868226443
125.501313474630081
145.691239525731703
153.483429306137992
158.997818614073566
163.169572467967754
169.047606971451927
177.261134455422336
179.952918603744081
184.804849406267834
204.884616082892421
193.792769846539898
228.357617619547170
212.304179593255128
215.377557213424154
239.575370694133426
240.800688728624664
230.421819466741596
198.939843927202048
232.748113965664913
118.998236210245494
115.238640421552390
105.242940308669176
77.665637100122467
84.739704399616642
87.523945062749050
80.625294226605490
85.247613822950171
94.239183387531199
104.048962089109551
120.058493267448284
132.559393108656934
142.807261840823912
148.545088754893015
155.234218065220375
161.297197490156407
168.737046810164543
177.349408371203879
183.645368230149160
199.539088035754048
186.881443935764423
226.295726552954164
206.770045790971864
213.870401067619298
236.675032343903410
235.657650559786646
223.053649432041368
146.458445566938622
205.651696018404266
227.234974341399408
119.614016891499901
133.577766010107325
81.385446078715461
88.502304942571499
83.210481988492702
73.651304250241665
72.620368156674417
84.607915198444090
98.177419494542008
111.553144714930866
122.510340929309265
135.984549699652518
141.157661755825444
146.135602723310569
150.429745716906808
159.152098220236041
166.896590118383415
175.789673858669204
197.364850117266968
179.443464806281952
221.345868218021963
199.033875003987106
211.061352579117596
232.646429787341731
232.859750524441353
217.197958310634135
191.726439730061514
224.955108741044057
237.697225777407141
230.197921557452133
144.982115148753309
104.732226279011229
171.978761074077852
117.648063920890749
107.794205796239240
123.629623170428317
109.822736266436152
109.606621573282808
172.838166193533766
174.317799332167340
140.764527094186377
121.880573731482528
115.049661336876454
112.350641945897806
151.613334912549305
131.496120687102689
142.692392154854645
149.719947620789782
153.548134580060236
149.722069232387014
144.941847951849184
144.693938578097260
148.696798013487239
154.661432901940969
164.096165152312295
133.018681225267017
121.742115082964190
178.463665594105720
200.857199608483683
201.855879121960839
140.576473966629834
143.118369379558487
58.530574947393660
84.497543152250103
75.031754484598977
82.387240942588647
96.752036144729985
133.205287836980290
109.810194842887356
107.918399881155565
120.832870094182979
115.890968019119867
115.438812782558983
126.435369592196921
118.912103769276456
159.817223098642103
186.659020588591829
193.790025282776099
194.236376180435684
188.197820975297930
125.368693683164466
177.515945625478253
184.692831431292944
182.122082856993302
157.724934365143099
206.199786936462743
219.761382866489669
216.794927423198487
210.748022497109929
204.518314821294695
144.790665729490570
49.169071013929681
152.005031629092144
57.690020235448372
115.546791849032445
109.117723253607636
85.372216401345298
85.557104508460654
150.451386119377730
109.341633548957901
112.936461133825233
115.480170490554912
128.198952332532542
99.630158556695960
143.602915056926037
176.123615326199968
73.096847232697058
150.415811953202422
178.713131782275724
187.613244453444963
181.096387160447534
171.072886856160522
165.340139197258566
146.261954318925376
203.133685087702531
221.239036187607894
219.876607966595486
214.092947370725938
91.237948177731667
201.871588782814570
44.986049629610505
74.866057118036920
65.975559534753302
78.102422759766171
81.820956206621162
72.245186209241240
79.200140528745749
115.542858824741430
96.809744110170797
100.307833646659901
106.187933936481102
130.918145394096229
114.725986473496093
84.058844892328921
140.412995866938502
178.356025153644197
195.273996900866393
204.021912348647220
210.925703928439987
213.346976354639310
206.318250500918850
193.424725765592825
181.894561575777999
230.674550148122108
238.483769686523203
234.647852402005014
215.112457907479552
229.036851061694961
109.007251021115252
205.652446836563769
59.224088261895261
52.738576894524087
73.084717101670478
137.951646760493844
97.195931367529255
89.684377596871130
87.470750555359970
85.511668958116076
89.880377379663912
94.539119219440565
117.517852572101518
102.361286252564099
97.866794091590492
118.984557438151754
144.939420712450499
167.338713778038027
179.641964124320737
186.478543531672130
195.619479316192496
202.801055062034550
196.631076685490228
188.890776349014970
214.548285082112784
239.736149437229699
241.847783397205092
224.962810637561972
200.326007355291495
204.320529539259383
223.962378461134364
136.996795302142374
91.467333120390606
90.127431408615649
116.269328762223964
84.667502558463411
81.445092058508152
86.186988996352653
78.540195819469318
83.471670304816513
114.606836071012523
113.351561866728971
147.533850569388363
110.452242906986669
115.908425913473650
136.402374870599743
156.339557636438400
167.649252250545146
173.772152410654797
184.810514331761652
197.644894513733817
201.118148406547505
198.310956117019089
188.762712336037566
229.569026245046246
239.105142500674958
233.218903394104160
212.914641654315290
207.449276974387146
225.913543358130369
185.146998825150348
234.723382987393677
123.650095952588202
108.057100939648265
82.915690564376732
87.551749546178058
84.175559620091263
72.072759406087570
75.612660028031996
102.215203322724420
137.043883865245363
108.482776272675196
107.238456476071264
114.862378147129633
131.646182782602835
144.968055513617657
152.432806994490392
157.900116520576347
163.924865398716662
175.447039714855180
184.202022607808374
190.353784871503024
